downloaded_at,source_name,source_url,fashion_mnist_class,image_url,filename,width,height,sha256,status,message
2026-04-22T13:48:14.732742+00:00,Zara tops,https://www.zara.com/us/en/woman-tops-l1322.html?v1=2419940&regionGroupId=13,T-shirt/top,,,,,,skipped,robots_unavailable
2026-04-22T13:48:14.733731+00:00,Urban Outfitters tops,https://www.urbanoutfitters.com/womens-tops,T-shirt/top,,,,,,skipped,robots_unavailable
2026-04-22T13:48:14.734807+00:00,Meshki tops,https://www.meshki.com.au/collections/tops,T-shirt/top,,,,,,skipped,robots_unavailable
2026-04-22T13:48:14.735742+00:00,Hollister tops,https://www.hollisterco.com/shop/us/womens-tops,T-shirt/top,,,,,,skipped,robots_unavailable
2026-04-22T13:48:14.736481+00:00,Brandy Melville tops page 4,https://us.brandymelville.com/collections/clothing-tops?page=4,T-shirt/top,,,,,,skipped,robots_unavailable
2026-04-22T13:48:14.737345+00:00,Aritzia dresses,https://www.aritzia.com/us/en/clothing/dresses?lastViewed=72,Dress,,,,,,skipped,robots_unavailable
2026-04-22T13:49:07.073730+00:00,Zara tops,https://www.zara.com/us/en/woman-tops-l1322.html?v1=2419940&regionGroupId=13,T-shirt/top,"https://www.zara.com/us/en/width=device-width, initial-scale=1, shrink-to-fit=no",,,,,skipped,image_fetch_failed:HTTPError
2026-04-22T13:49:08.588370+00:00,Zara tops,https://www.zara.com/us/en/woman-tops-l1322.html?v1=2419940&regionGroupId=13,T-shirt/top,https://www.zara.com/us/en/5; URL='/us/en/woman-tops-l1322.html?v1=2419940&regionGroupId=13&bm-verify=AAQAAAAN______0oKRp3CB7NcbPX-BwZNWT3wNwgBuGsfWir28jARF6Bz_4Bj8IU8YN6GmYZXKXjE47VDBtwzkA8YU6goy4LrnMjgmVUN3nBycaogmYeto9b3y8kSzV4r0ay5yCnroE5kz9rXKWNv5ZHuXpCFO6RxrWpbOKp8gFcfB-OmyyW5QoPxoe0oramheCmf65z93xa1pwSfCbev-q0jjjuplLUQm6tWJu45s8626uRwvJbcLWEpXeuhMOLEN9DHgeeEtdpPI9_4SQ1cUS06PpaC7mcQezKzM-7RutJUFY-1xTg-uStVBa5N1S8eNeJDMKtgrtb',,,,,skipped,image_fetch_failed:HTTPError
2026-04-22T13:49:15.598991+00:00,Urban Outfitters tops,https://www.urbanoutfitters.com/womens-tops,T-shirt/top,https://www.urbanoutfitters.com/notranslate,,,,,skipped,image_fetch_failed:HTTPError
2026-04-22T13:49:17.318997+00:00,Urban Outfitters tops,https://www.urbanoutfitters.com/womens-tops,T-shirt/top,"https://www.urbanoutfitters.com/width=device-width, initial-scale=1",,,,,skipped,image_fetch_failed:HTTPError
2026-04-22T13:49:19.003742+00:00,Urban Outfitters tops,https://www.urbanoutfitters.com/womens-tops,T-shirt/top,"https://www.urbanoutfitters.com/Women's Tops, Blouses, T-shirts & More",,,,,skipped,image_fetch_failed:HTTPError
2026-04-22T13:49:21.755476+00:00,Urban Outfitters tops,https://www.urbanoutfitters.com/womens-tops,T-shirt/top,https://www.urbanoutfitters.com/604800,,,,,skipped,image_fetch_failed:HTTPError
2026-04-22T13:49:23.434787+00:00,Urban Outfitters tops,https://www.urbanoutfitters.com/womens-tops,T-shirt/top,"https://www.urbanoutfitters.com/app-id=358821736,affiliate-data=ct=utm_medium=APP&utm_source=SMARTBANNER&utm_campaign=womens-tops&utm_content=4222026&pt=105840812,app-arguments=urbanout:/category/womens-tops?utm_medium=APP&utm_source=SMARTBANNER&utm_campaign=womens-tops&utm_content=4222026&pt=105840812",,,,,skipped,image_fetch_failed:HTTPError
2026-04-22T13:49:25.812125+00:00,Urban Outfitters tops,https://www.urbanoutfitters.com/womens-tops,T-shirt/top,https://www.urbanoutfitters.com/en-US,,,,,skipped,image_fetch_failed:HTTPError
2026-04-22T13:49:27.482892+00:00,Urban Outfitters tops,https://www.urbanoutfitters.com/womens-tops,T-shirt/top,https://www.urbanoutfitters.com/Urban Outfitters,,,,,skipped,image_fetch_failed:HTTPError
2026-04-22T13:49:30.272275+00:00,Urban Outfitters tops,https://www.urbanoutfitters.com/womens-tops,T-shirt/top,https://www.urbanoutfitters.com/womens-tops,,,,,skipped,non_image_content_type:text/html; charset=utf-8
2026-04-22T13:49:34.157521+00:00,Urban Outfitters tops,https://www.urbanoutfitters.com/womens-tops,T-shirt/top,https://www.urbanoutfitters.com/618264918228548,,,,,skipped,image_fetch_failed:HTTPError
2026-04-22T13:49:35.847095+00:00,Urban Outfitters tops,https://www.urbanoutfitters.com/womens-tops,T-shirt/top,"https://www.urbanoutfitters.com/1,424,490,020,837,530",,,,,skipped,image_fetch_failed:HTTPError
2026-04-22T13:49:37.517810+00:00,Urban Outfitters tops,https://www.urbanoutfitters.com/womens-tops,T-shirt/top,"https://www.urbanoutfitters.com/Shop women’s tops at Urban Outfitters. Discover cute tops, shirts, & blouses for women in styles, perfect for everyday casual or going-out wear.",,,,,skipped,image_fetch_failed:HTTPError
2026-04-22T13:49:39.597246+00:00,Urban Outfitters tops,https://www.urbanoutfitters.com/womens-tops,T-shirt/top,https://images.urbndata.com/is/image/UrbanOutfitters/100815091_010_b,,,,,skipped,robots_unavailable
2026-04-22T13:49:40.264958+00:00,Urban Outfitters tops,https://www.urbanoutfitters.com/womens-tops,T-shirt/top,https://images.ctfassets.net/q602vtcuu3w3/5Kn3hosoikXHaQhOx4GikS/85a65a5048a108b332ae5aac4c44c009/SITE_LOGO_2025.svg,,,,,skipped,robots_unavailable
2026-04-22T13:49:40.265063+00:00,Urban Outfitters tops,https://www.urbanoutfitters.com/womens-tops,T-shirt/top,https://images.urbndata.com/is/image/UrbanOutfitters/100815091_010_b?$medium$&fit=constrain&fmt=webp&hei=1046&qlt=80&wid=698,,,,,skipped,robots_unavailable
2026-04-22T13:49:40.265106+00:00,Urban Outfitters tops,https://www.urbanoutfitters.com/womens-tops,T-shirt/top,https://images.urbndata.com/is/image/UrbanOutfitters/100815091_010_b?$medium$&fit=constrain&fmt=webp&hei=523&qlt=80&wid=349,,,,,skipped,robots_unavailable
2026-04-22T13:49:40.265126+00:00,Urban Outfitters tops,https://www.urbanoutfitters.com/womens-tops,T-shirt/top,https://images.urbndata.com/is/image/UrbanOutfitters/100815091_010_b?$medium$&qlt=80&fit=constrain,,,,,skipped,robots_unavailable
2026-04-22T13:49:40.265159+00:00,Urban Outfitters tops,https://www.urbanoutfitters.com/womens-tops,T-shirt/top,https://images.urbndata.com/is/image/UrbanOutfitters/100815091_010_b?$medium$&fit=constrain&hei=1046&qlt=80&wid=698,,,,,skipped,robots_unavailable
2026-04-22T13:49:40.265188+00:00,Urban Outfitters tops,https://www.urbanoutfitters.com/womens-tops,T-shirt/top,https://images.urbndata.com/is/image/UrbanOutfitters/100815091_010_b?$medium$&fit=constrain&hei=523&qlt=80&wid=349,,,,,skipped,robots_unavailable
2026-04-22T13:49:40.265218+00:00,Urban Outfitters tops,https://www.urbanoutfitters.com/womens-tops,T-shirt/top,https://images.urbndata.com/is/image/UrbanOutfitters/100815091_237_s?fit=constrain&hei=56&qlt=75,,,,,skipped,robots_unavailable
2026-04-22T13:49:40.265246+00:00,Urban Outfitters tops,https://www.urbanoutfitters.com/womens-tops,T-shirt/top,https://images.urbndata.com/is/image/UrbanOutfitters/100815091_010_s?fit=constrain&hei=56&qlt=75,,,,,skipped,robots_unavailable
2026-04-22T13:49:40.265274+00:00,Urban Outfitters tops,https://www.urbanoutfitters.com/womens-tops,T-shirt/top,https://images.urbndata.com/is/image/UrbanOutfitters/100815091_020_s?fit=constrain&hei=56&qlt=75,,,,,skipped,robots_unavailable
2026-04-22T13:49:40.265302+00:00,Urban Outfitters tops,https://www.urbanoutfitters.com/womens-tops,T-shirt/top,https://images.urbndata.com/is/image/UrbanOutfitters/100815091_069_s?fit=constrain&hei=56&qlt=75,,,,,skipped,robots_unavailable
2026-04-22T13:49:40.265333+00:00,Urban Outfitters tops,https://www.urbanoutfitters.com/womens-tops,T-shirt/top,https://images.urbndata.com/is/image/UrbanOutfitters/100815091_102_s?fit=constrain&hei=56&qlt=75,,,,,skipped,robots_unavailable
2026-04-22T13:49:40.265390+00:00,Urban Outfitters tops,https://www.urbanoutfitters.com/womens-tops,T-shirt/top,https://images.urbndata.com/is/image/UrbanOutfitters/96451505_020_b?$medium$&fit=constrain&fmt=webp&hei=1046&qlt=80&wid=698,,,,,skipped,robots_unavailable
2026-04-22T13:49:40.265425+00:00,Urban Outfitters tops,https://www.urbanoutfitters.com/womens-tops,T-shirt/top,https://images.urbndata.com/is/image/UrbanOutfitters/96451505_020_b?$medium$&fit=constrain&fmt=webp&hei=523&qlt=80&wid=349,,,,,skipped,robots_unavailable
2026-04-22T13:49:40.265440+00:00,Urban Outfitters tops,https://www.urbanoutfitters.com/womens-tops,T-shirt/top,https://images.urbndata.com/is/image/UrbanOutfitters/96451505_020_b?$medium$&qlt=80&fit=constrain,,,,,skipped,robots_unavailable
2026-04-22T13:49:40.265470+00:00,Urban Outfitters tops,https://www.urbanoutfitters.com/womens-tops,T-shirt/top,https://images.urbndata.com/is/image/UrbanOutfitters/96451505_020_b?$medium$&fit=constrain&hei=1046&qlt=80&wid=698,,,,,skipped,robots_unavailable
2026-04-22T13:49:40.265517+00:00,Urban Outfitters tops,https://www.urbanoutfitters.com/womens-tops,T-shirt/top,https://images.urbndata.com/is/image/UrbanOutfitters/96451505_020_b?$medium$&fit=constrain&hei=523&qlt=80&wid=349,,,,,skipped,robots_unavailable
2026-04-22T13:49:40.265548+00:00,Urban Outfitters tops,https://www.urbanoutfitters.com/womens-tops,T-shirt/top,https://images.urbndata.com/is/image/UrbanOutfitters/96451505_020_s?fit=constrain&hei=56&qlt=75,,,,,skipped,robots_unavailable
2026-04-22T13:49:40.265578+00:00,Urban Outfitters tops,https://www.urbanoutfitters.com/womens-tops,T-shirt/top,https://images.urbndata.com/is/image/UrbanOutfitters/96451505_263_s?fit=constrain&hei=56&qlt=75,,,,,skipped,robots_unavailable
2026-04-22T13:49:40.265607+00:00,Urban Outfitters tops,https://www.urbanoutfitters.com/womens-tops,T-shirt/top,https://images.urbndata.com/is/image/UrbanOutfitters/96451505_266_s?fit=constrain&hei=56&qlt=75,,,,,skipped,robots_unavailable
2026-04-22T13:49:40.265659+00:00,Urban Outfitters tops,https://www.urbanoutfitters.com/womens-tops,T-shirt/top,https://images.urbndata.com/is/image/UrbanOutfitters/96451505_616_s?fit=constrain&hei=56&qlt=75,,,,,skipped,robots_unavailable
2026-04-22T13:49:40.265691+00:00,Urban Outfitters tops,https://www.urbanoutfitters.com/womens-tops,T-shirt/top,https://images.urbndata.com/is/image/UrbanOutfitters/96451505_613_s?fit=constrain&hei=56&qlt=75,,,,,skipped,robots_unavailable
2026-04-22T13:49:40.265724+00:00,Urban Outfitters tops,https://www.urbanoutfitters.com/womens-tops,T-shirt/top,https://images.urbndata.com/is/image/UrbanOutfitters/96451505_236_s?fit=constrain&hei=56&qlt=75,,,,,skipped,robots_unavailable
2026-04-22T13:49:40.265755+00:00,Urban Outfitters tops,https://www.urbanoutfitters.com/womens-tops,T-shirt/top,https://images.urbndata.com/is/image/UrbanOutfitters/96451505_009_s?fit=constrain&hei=56&qlt=75,,,,,skipped,robots_unavailable
2026-04-22T13:49:40.265784+00:00,Urban Outfitters tops,https://www.urbanoutfitters.com/womens-tops,T-shirt/top,https://images.urbndata.com/is/image/UrbanOutfitters/106834278_040_b?$medium$&fit=constrain&fmt=webp&hei=1046&qlt=80&wid=698,,,,,skipped,robots_unavailable
2026-04-22T13:49:40.265813+00:00,Urban Outfitters tops,https://www.urbanoutfitters.com/womens-tops,T-shirt/top,https://images.urbndata.com/is/image/UrbanOutfitters/106834278_040_b?$medium$&fit=constrain&fmt=webp&hei=523&qlt=80&wid=349,,,,,skipped,robots_unavailable
2026-04-22T13:49:40.265829+00:00,Urban Outfitters tops,https://www.urbanoutfitters.com/womens-tops,T-shirt/top,https://images.urbndata.com/is/image/UrbanOutfitters/106834278_040_b?$medium$&qlt=80&fit=constrain,,,,,skipped,robots_unavailable
2026-04-22T13:49:40.265857+00:00,Urban Outfitters tops,https://www.urbanoutfitters.com/womens-tops,T-shirt/top,https://images.urbndata.com/is/image/UrbanOutfitters/106834278_040_b?$medium$&fit=constrain&hei=1046&qlt=80&wid=698,,,,,skipped,robots_unavailable
2026-04-22T13:49:40.265888+00:00,Urban Outfitters tops,https://www.urbanoutfitters.com/womens-tops,T-shirt/top,https://images.urbndata.com/is/image/UrbanOutfitters/106834278_040_b?$medium$&fit=constrain&hei=523&qlt=80&wid=349,,,,,skipped,robots_unavailable
2026-04-22T13:49:40.265918+00:00,Urban Outfitters tops,https://www.urbanoutfitters.com/womens-tops,T-shirt/top,https://images.urbndata.com/is/image/UrbanOutfitters/106834278_040_s?fit=constrain&hei=56&qlt=75,,,,,skipped,robots_unavailable
2026-04-22T13:49:40.265947+00:00,Urban Outfitters tops,https://www.urbanoutfitters.com/womens-tops,T-shirt/top,https://images.urbndata.com/is/image/UrbanOutfitters/106834278_010_s?fit=constrain&hei=56&qlt=75,,,,,skipped,robots_unavailable
2026-04-22T13:49:40.265977+00:00,Urban Outfitters tops,https://www.urbanoutfitters.com/womens-tops,T-shirt/top,https://images.urbndata.com/is/image/UrbanOutfitters/106834278_049_s?fit=constrain&hei=56&qlt=75,,,,,skipped,robots_unavailable
2026-04-22T13:49:40.266005+00:00,Urban Outfitters tops,https://www.urbanoutfitters.com/womens-tops,T-shirt/top,https://images.urbndata.com/is/image/UrbanOutfitters/106834278_066_s?fit=constrain&hei=56&qlt=75,,,,,skipped,robots_unavailable
2026-04-22T13:49:40.266034+00:00,Urban Outfitters tops,https://www.urbanoutfitters.com/womens-tops,T-shirt/top,https://images.urbndata.com/is/image/UrbanOutfitters/106834278_070_s?fit=constrain&hei=56&qlt=75,,,,,skipped,robots_unavailable
2026-04-22T13:49:40.266062+00:00,Urban Outfitters tops,https://www.urbanoutfitters.com/womens-tops,T-shirt/top,https://images.urbndata.com/is/image/UrbanOutfitters/104345723_001_b?$medium$&fit=constrain&fmt=webp&hei=1046&qlt=80&wid=698,,,,,skipped,robots_unavailable
2026-04-22T13:49:40.266091+00:00,Urban Outfitters tops,https://www.urbanoutfitters.com/womens-tops,T-shirt/top,https://images.urbndata.com/is/image/UrbanOutfitters/104345723_001_b?$medium$&fit=constrain&fmt=webp&hei=523&qlt=80&wid=349,,,,,skipped,robots_unavailable
2026-04-22T13:49:40.266119+00:00,Urban Outfitters tops,https://www.urbanoutfitters.com/womens-tops,T-shirt/top,https://images.urbndata.com/is/image/UrbanOutfitters/104345723_001_b?$medium$&qlt=80&fit=constrain,,,,,skipped,robots_unavailable
2026-04-22T13:49:40.266148+00:00,Urban Outfitters tops,https://www.urbanoutfitters.com/womens-tops,T-shirt/top,https://images.urbndata.com/is/image/UrbanOutfitters/104345723_001_b?$medium$&fit=constrain&hei=1046&qlt=80&wid=698,,,,,skipped,robots_unavailable
2026-04-22T13:49:40.266177+00:00,Urban Outfitters tops,https://www.urbanoutfitters.com/womens-tops,T-shirt/top,https://images.urbndata.com/is/image/UrbanOutfitters/104345723_001_b?$medium$&fit=constrain&hei=523&qlt=80&wid=349,,,,,skipped,robots_unavailable
2026-04-22T13:49:40.266206+00:00,Urban Outfitters tops,https://www.urbanoutfitters.com/womens-tops,T-shirt/top,https://images.urbndata.com/is/image/UrbanOutfitters/104345723_001_s?fit=constrain&hei=56&qlt=75,,,,,skipped,robots_unavailable
2026-04-22T13:49:40.266234+00:00,Urban Outfitters tops,https://www.urbanoutfitters.com/womens-tops,T-shirt/top,https://images.urbndata.com/is/image/UrbanOutfitters/104345723_010_s?fit=constrain&hei=56&qlt=75,,,,,skipped,robots_unavailable
2026-04-22T13:49:40.266399+00:00,Urban Outfitters tops,https://www.urbanoutfitters.com/womens-tops,T-shirt/top,https://images.urbndata.com/is/image/UrbanOutfitters/104345723_072_s?fit=constrain&hei=56&qlt=75,,,,,skipped,robots_unavailable
2026-04-22T13:49:40.266439+00:00,Urban Outfitters tops,https://www.urbanoutfitters.com/womens-tops,T-shirt/top,https://images.urbndata.com/is/image/UrbanOutfitters/104345723_066_s?fit=constrain&hei=56&qlt=75,,,,,skipped,robots_unavailable
2026-04-22T13:49:40.266476+00:00,Urban Outfitters tops,https://www.urbanoutfitters.com/womens-tops,T-shirt/top,https://images.urbndata.com/is/image/UrbanOutfitters/104345723_040_s?fit=constrain&hei=56&qlt=75,,,,,skipped,robots_unavailable
2026-04-22T13:49:40.266496+00:00,Urban Outfitters tops,https://www.urbanoutfitters.com/womens-tops,T-shirt/top,https://images.urbndata.com/is/image/UrbanOutfitters/104345723_030_s?fit=constrain&hei=56&qlt=75,,,,,skipped,robots_unavailable
2026-04-22T13:49:42.013326+00:00,Urban Outfitters tops,https://www.urbanoutfitters.com/womens-tops,T-shirt/top,http://instagram.com/urbanoutfitters,,,,,skipped,blocked_by_robots
2026-04-22T13:49:42.695073+00:00,Urban Outfitters tops,https://www.urbanoutfitters.com/womens-tops,T-shirt/top,https://www.facebook.com/urbanoutfitters,,,,,skipped,blocked_by_robots
2026-04-22T13:49:45.273644+00:00,Urban Outfitters tops,https://www.urbanoutfitters.com/womens-tops,T-shirt/top,https://www.tiktok.com/@urbanoutfitters,,,,,skipped,non_image_content_type:text/html; charset=utf-8
2026-04-22T13:49:49.245395+00:00,Urban Outfitters tops,https://www.urbanoutfitters.com/womens-tops,T-shirt/top,http://www.pinterest.com/urbanoutfitters/,,,,,skipped,non_image_content_type:text/html; charset=utf-8
2026-04-22T13:49:52.811944+00:00,Urban Outfitters tops,https://www.urbanoutfitters.com/womens-tops,T-shirt/top,http://www.youtube.com/user/uotv,,,,,skipped,non_image_content_type:text/html; charset=utf-8
2026-04-22T13:49:56.588295+00:00,Urban Outfitters tops,https://www.urbanoutfitters.com/womens-tops,T-shirt/top,https://play.spotify.com/user/urbanoutfitters,,,,,skipped,non_image_content_type:text/html; charset=utf-8
2026-04-22T13:49:57.592800+00:00,Urban Outfitters tops,https://www.urbanoutfitters.com/womens-tops,T-shirt/top,https://images.urbndata.com/is/image/UrbanOutfitters/107540833_080_b?$medium$&qlt=80&fit=constrain,,,,,skipped,robots_unavailable
2026-04-22T13:49:57.592860+00:00,Urban Outfitters tops,https://www.urbanoutfitters.com/womens-tops,T-shirt/top,https://images.urbndata.com/is/image/UrbanOutfitters/106558364_010_b2?$medium$&qlt=80&fit=constrain,,,,,skipped,robots_unavailable
2026-04-22T13:49:57.592882+00:00,Urban Outfitters tops,https://www.urbanoutfitters.com/womens-tops,T-shirt/top,https://images.urbndata.com/is/image/UrbanOutfitters/107467003_270_b?$medium$&qlt=80&fit=constrain,,,,,skipped,robots_unavailable
2026-04-22T13:49:57.592902+00:00,Urban Outfitters tops,https://www.urbanoutfitters.com/womens-tops,T-shirt/top,https://images.urbndata.com/is/image/UrbanOutfitters/104760566_009_b2?$medium$&qlt=80&fit=constrain,,,,,skipped,robots_unavailable
2026-04-22T13:49:57.592919+00:00,Urban Outfitters tops,https://www.urbanoutfitters.com/womens-tops,T-shirt/top,https://images.urbndata.com/is/image/UrbanOutfitters/96195722_010_b?$medium$&qlt=80&fit=constrain,,,,,skipped,robots_unavailable
2026-04-22T13:49:57.592955+00:00,Urban Outfitters tops,https://www.urbanoutfitters.com/womens-tops,T-shirt/top,https://images.urbndata.com/is/image/UrbanOutfitters/102270691_011_b?$medium$&qlt=80&fit=constrain,,,,,skipped,robots_unavailable
2026-04-22T13:49:57.592983+00:00,Urban Outfitters tops,https://www.urbanoutfitters.com/womens-tops,T-shirt/top,https://images.urbndata.com/is/image/UrbanOutfitters/89374631_433_b?$medium$&qlt=80&fit=constrain,,,,,skipped,robots_unavailable
2026-04-22T13:49:57.593000+00:00,Urban Outfitters tops,https://www.urbanoutfitters.com/womens-tops,T-shirt/top,https://images.urbndata.com/is/image/UrbanOutfitters/104959424_050_b2?$medium$&qlt=80&fit=constrain,,,,,skipped,robots_unavailable
2026-04-22T13:49:57.593017+00:00,Urban Outfitters tops,https://www.urbanoutfitters.com/womens-tops,T-shirt/top,https://images.urbndata.com/is/image/UrbanOutfitters/104854922_001_b?$medium$&qlt=80&fit=constrain,,,,,skipped,robots_unavailable
2026-04-22T13:49:57.593054+00:00,Urban Outfitters tops,https://www.urbanoutfitters.com/womens-tops,T-shirt/top,https://images.urbndata.com/is/image/UrbanOutfitters/106663735_050_b?$medium$&qlt=80&fit=constrain,,,,,skipped,robots_unavailable
2026-04-22T13:49:57.593074+00:00,Urban Outfitters tops,https://www.urbanoutfitters.com/womens-tops,T-shirt/top,https://images.urbndata.com/is/image/UrbanOutfitters/104735501_052_b?$medium$&qlt=80&fit=constrain,,,,,skipped,robots_unavailable
2026-04-22T13:49:57.593100+00:00,Urban Outfitters tops,https://www.urbanoutfitters.com/womens-tops,T-shirt/top,https://images.urbndata.com/is/image/UrbanOutfitters/100826585_237_b?$medium$&qlt=80&fit=constrain,,,,,skipped,robots_unavailable
2026-04-22T13:49:57.593125+00:00,Urban Outfitters tops,https://www.urbanoutfitters.com/womens-tops,T-shirt/top,https://images.urbndata.com/is/image/UrbanOutfitters/103716718_040_b?$medium$&qlt=80&fit=constrain,,,,,skipped,robots_unavailable
2026-04-22T13:49:57.593145+00:00,Urban Outfitters tops,https://www.urbanoutfitters.com/womens-tops,T-shirt/top,https://images.urbndata.com/is/image/UrbanOutfitters/107007502_072_b?$medium$&qlt=80&fit=constrain,,,,,skipped,robots_unavailable
2026-04-22T13:49:57.593161+00:00,Urban Outfitters tops,https://www.urbanoutfitters.com/womens-tops,T-shirt/top,https://images.urbndata.com/is/image/UrbanOutfitters/101507341_066_b?$medium$&qlt=80&fit=constrain,,,,,skipped,robots_unavailable
2026-04-22T13:49:57.593178+00:00,Urban Outfitters tops,https://www.urbanoutfitters.com/womens-tops,T-shirt/top,https://images.urbndata.com/is/image/UrbanOutfitters/96651559_609_b?$medium$&qlt=80&fit=constrain,,,,,skipped,robots_unavailable
2026-04-22T13:49:57.593194+00:00,Urban Outfitters tops,https://www.urbanoutfitters.com/womens-tops,T-shirt/top,https://images.urbndata.com/is/image/UrbanOutfitters/100815091_237_b3?$medium$&qlt=80&fit=constrain,,,,,skipped,robots_unavailable
2026-04-22T13:49:57.593210+00:00,Urban Outfitters tops,https://www.urbanoutfitters.com/womens-tops,T-shirt/top,https://images.urbndata.com/is/image/UrbanOutfitters/87910832_429_b?$medium$&qlt=80&fit=constrain,,,,,skipped,robots_unavailable
2026-04-22T13:49:57.593226+00:00,Urban Outfitters tops,https://www.urbanoutfitters.com/womens-tops,T-shirt/top,https://images.urbndata.com/is/image/UrbanOutfitters/100826585_018_b2?$medium$&qlt=80&fit=constrain,,,,,skipped,robots_unavailable
2026-04-22T13:49:57.593262+00:00,Urban Outfitters tops,https://www.urbanoutfitters.com/womens-tops,T-shirt/top,https://images.urbndata.com/is/image/UrbanOutfitters/106864077_038_b?$medium$&qlt=80&fit=constrain,,,,,skipped,robots_unavailable
2026-04-22T13:49:57.593287+00:00,Urban Outfitters tops,https://www.urbanoutfitters.com/womens-tops,T-shirt/top,https://images.urbndata.com/is/image/UrbanOutfitters/87910832_111_b?$medium$&qlt=80&fit=constrain,,,,,skipped,robots_unavailable
2026-04-22T13:49:57.593303+00:00,Urban Outfitters tops,https://www.urbanoutfitters.com/womens-tops,T-shirt/top,https://images.urbndata.com/is/image/UrbanOutfitters/103716718_010_b2?$medium$&qlt=80&fit=constrain,,,,,skipped,robots_unavailable
2026-04-22T13:49:57.593333+00:00,Urban Outfitters tops,https://www.urbanoutfitters.com/womens-tops,T-shirt/top,https://images.urbndata.com/is/image/UrbanOutfitters/104735501_066_b?$medium$&qlt=80&fit=constrain,,,,,skipped,robots_unavailable
2026-04-22T13:49:57.593350+00:00,Urban Outfitters tops,https://www.urbanoutfitters.com/womens-tops,T-shirt/top,https://images.urbndata.com/is/image/UrbanOutfitters/96451505_613_b?$medium$&qlt=80&fit=constrain,,,,,skipped,robots_unavailable
2026-04-22T13:49:57.593366+00:00,Urban Outfitters tops,https://www.urbanoutfitters.com/womens-tops,T-shirt/top,https://images.urbndata.com/is/image/UrbanOutfitters/102270691_613_b?$medium$&qlt=80&fit=constrain,,,,,skipped,robots_unavailable
2026-04-22T13:49:57.593388+00:00,Urban Outfitters tops,https://www.urbanoutfitters.com/womens-tops,T-shirt/top,https://images.urbndata.com/is/image/UrbanOutfitters/104541230_012_b3?$medium$&qlt=80&fit=constrain,,,,,skipped,robots_unavailable
2026-04-22T13:49:57.593404+00:00,Urban Outfitters tops,https://www.urbanoutfitters.com/womens-tops,T-shirt/top,https://images.urbndata.com/is/image/UrbanOutfitters/104343132_072_b3?$medium$&qlt=80&fit=constrain,,,,,skipped,robots_unavailable
2026-04-22T13:49:57.593420+00:00,Urban Outfitters tops,https://www.urbanoutfitters.com/womens-tops,T-shirt/top,https://images.urbndata.com/is/image/UrbanOutfitters/104760566_031_b2?$medium$&qlt=80&fit=constrain,,,,,skipped,robots_unavailable
2026-04-22T13:49:57.593437+00:00,Urban Outfitters tops,https://www.urbanoutfitters.com/womens-tops,T-shirt/top,https://images.urbndata.com/is/image/UrbanOutfitters/89374631_018_b?$medium$&qlt=80&fit=constrain,,,,,skipped,robots_unavailable
2026-04-22T13:49:57.593454+00:00,Urban Outfitters tops,https://www.urbanoutfitters.com/womens-tops,T-shirt/top,https://images.urbndata.com/is/image/UrbanOutfitters/101507341_001_b?$medium$&qlt=80&fit=constrain,,,,,skipped,robots_unavailable
2026-04-22T13:49:57.593470+00:00,Urban Outfitters tops,https://www.urbanoutfitters.com/womens-tops,T-shirt/top,https://images.urbndata.com/is/image/UrbanOutfitters/106834278_049_b?$medium$&qlt=80&fit=constrain,,,,,skipped,robots_unavailable
2026-04-22T13:49:57.593485+00:00,Urban Outfitters tops,https://www.urbanoutfitters.com/womens-tops,T-shirt/top,https://images.urbndata.com/is/image/UrbanOutfitters/102270691_616_b?$medium$&qlt=80&fit=constrain,,,,,skipped,robots_unavailable
2026-04-22T13:49:57.593501+00:00,Urban Outfitters tops,https://www.urbanoutfitters.com/womens-tops,T-shirt/top,https://images.urbndata.com/is/image/UrbanOutfitters/96451505_385_b?$medium$&qlt=80&fit=constrain,,,,,skipped,robots_unavailable
2026-04-22T13:49:57.593517+00:00,Urban Outfitters tops,https://www.urbanoutfitters.com/womens-tops,T-shirt/top,https://images.urbndata.com/is/image/UrbanOutfitters/88383021_012_b?$medium$&qlt=80&fit=constrain,,,,,skipped,robots_unavailable
2026-04-22T13:49:57.593533+00:00,Urban Outfitters tops,https://www.urbanoutfitters.com/womens-tops,T-shirt/top,https://images.urbndata.com/is/image/UrbanOutfitters/92094747_012_b?$medium$&qlt=80&fit=constrain,,,,,skipped,robots_unavailable
2026-04-22T13:49:57.593549+00:00,Urban Outfitters tops,https://www.urbanoutfitters.com/womens-tops,T-shirt/top,https://images.urbndata.com/is/image/UrbanOutfitters/100256221_012_b?$medium$&qlt=80&fit=constrain,,,,,skipped,robots_unavailable
2026-04-22T13:49:57.593568+00:00,Urban Outfitters tops,https://www.urbanoutfitters.com/womens-tops,T-shirt/top,https://images.urbndata.com/is/image/UrbanOutfitters/90573718_879_b?$medium$&qlt=80&fit=constrain,,,,,skipped,robots_unavailable
2026-04-22T13:49:57.593583+00:00,Urban Outfitters tops,https://www.urbanoutfitters.com/womens-tops,T-shirt/top,https://images.urbndata.com/is/image/UrbanOutfitters/105252969_435_b?$medium$&qlt=80&fit=constrain,,,,,skipped,robots_unavailable
2026-04-22T13:49:57.593609+00:00,Urban Outfitters tops,https://www.urbanoutfitters.com/womens-tops,T-shirt/top,https://images.urbndata.com/is/image/UrbanOutfitters/103920377_055_b2?$medium$&qlt=80&fit=constrain,,,,,skipped,robots_unavailable
2026-04-22T13:49:57.593631+00:00,Urban Outfitters tops,https://www.urbanoutfitters.com/womens-tops,T-shirt/top,https://images.urbndata.com/is/image/UrbanOutfitters/104737044_068_b?$medium$&qlt=80&fit=constrain,,,,,skipped,robots_unavailable
2026-04-22T13:49:57.593647+00:00,Urban Outfitters tops,https://www.urbanoutfitters.com/womens-tops,T-shirt/top,https://images.urbndata.com/is/image/UrbanOutfitters/105262901_038_b?$medium$&qlt=80&fit=constrain,,,,,skipped,robots_unavailable
2026-04-22T13:49:57.593663+00:00,Urban Outfitters tops,https://www.urbanoutfitters.com/womens-tops,T-shirt/top,https://images.urbndata.com/is/image/UrbanOutfitters/94373735_001_f?$medium$&qlt=80&fit=constrain,,,,,skipped,robots_unavailable
2026-04-22T13:49:57.593703+00:00,Urban Outfitters tops,https://www.urbanoutfitters.com/womens-tops,T-shirt/top,https://images.urbndata.com/is/image/UrbanOutfitters/106605181_052_b?$medium$&qlt=80&fit=constrain,,,,,skipped,robots_unavailable
2026-04-22T13:49:57.593719+00:00,Urban Outfitters tops,https://www.urbanoutfitters.com/womens-tops,T-shirt/top,https://images.urbndata.com/is/image/UrbanOutfitters/105234637_018_b?$medium$&qlt=80&fit=constrain,,,,,skipped,robots_unavailable
2026-04-22T13:49:57.593744+00:00,Urban Outfitters tops,https://www.urbanoutfitters.com/womens-tops,T-shirt/top,https://images.urbndata.com/is/image/UrbanOutfitters/94325602_004_b?$medium$&qlt=80&fit=constrain,,,,,skipped,robots_unavailable
2026-04-22T13:49:57.593780+00:00,Urban Outfitters tops,https://www.urbanoutfitters.com/womens-tops,T-shirt/top,https://images.urbndata.com/is/image/UrbanOutfitters/100819317_061_b?$medium$&qlt=80&fit=constrain,,,,,skipped,robots_unavailable
2026-04-22T13:49:57.593810+00:00,Urban Outfitters tops,https://www.urbanoutfitters.com/womens-tops,T-shirt/top,https://images.urbndata.com/is/image/UrbanOutfitters/105137087_010_b?$medium$&qlt=80&fit=constrain,,,,,skipped,robots_unavailable
2026-04-22T13:49:57.593826+00:00,Urban Outfitters tops,https://www.urbanoutfitters.com/womens-tops,T-shirt/top,https://images.urbndata.com/is/image/UrbanOutfitters/93824498_034_b?$medium$&qlt=80&fit=constrain,,,,,skipped,robots_unavailable
2026-04-22T13:49:57.593842+00:00,Urban Outfitters tops,https://www.urbanoutfitters.com/womens-tops,T-shirt/top,https://images.urbndata.com/is/image/UrbanOutfitters/107133068_001_b?$medium$&qlt=80&fit=constrain,,,,,skipped,robots_unavailable
2026-04-22T13:49:57.593865+00:00,Urban Outfitters tops,https://www.urbanoutfitters.com/womens-tops,T-shirt/top,https://images.urbndata.com/is/image/UrbanOutfitters/104758115_079_b?$medium$&qlt=80&fit=constrain,,,,,skipped,robots_unavailable
2026-04-22T13:49:57.593882+00:00,Urban Outfitters tops,https://www.urbanoutfitters.com/womens-tops,T-shirt/top,https://images.urbndata.com/is/image/UrbanOutfitters/107179657_030_b?$medium$&qlt=80&fit=constrain,,,,,skipped,robots_unavailable
2026-04-22T13:49:57.593898+00:00,Urban Outfitters tops,https://www.urbanoutfitters.com/womens-tops,T-shirt/top,https://images.urbndata.com/is/image/UrbanOutfitters/104809546_018_b?$medium$&qlt=80&fit=constrain,,,,,skipped,robots_unavailable
2026-04-22T13:49:57.593921+00:00,Urban Outfitters tops,https://www.urbanoutfitters.com/womens-tops,T-shirt/top,https://images.urbndata.com/is/image/UrbanOutfitters/94615556_063_b?$medium$&qlt=80&fit=constrain,,,,,skipped,robots_unavailable
2026-04-22T13:49:57.593987+00:00,Urban Outfitters tops,https://www.urbanoutfitters.com/womens-tops,T-shirt/top,https://images.urbndata.com/is/image/UrbanOutfitters/95923553_616_b?$medium$&qlt=80&fit=constrain,,,,,skipped,robots_unavailable
2026-04-22T13:49:57.594006+00:00,Urban Outfitters tops,https://www.urbanoutfitters.com/womens-tops,T-shirt/top,https://images.urbndata.com/is/image/UrbanOutfitters/103953063_410_b?$medium$&qlt=80&fit=constrain,,,,,skipped,robots_unavailable
2026-04-22T13:49:57.594022+00:00,Urban Outfitters tops,https://www.urbanoutfitters.com/womens-tops,T-shirt/top,https://images.urbndata.com/is/image/UrbanOutfitters/104747019_035_b?$medium$&qlt=80&fit=constrain,,,,,skipped,robots_unavailable
2026-04-22T13:49:57.594038+00:00,Urban Outfitters tops,https://www.urbanoutfitters.com/womens-tops,T-shirt/top,https://images.urbndata.com/is/image/UrbanOutfitters/106751829_001_b?$medium$&qlt=80&fit=constrain,,,,,skipped,robots_unavailable
2026-04-22T13:49:57.594062+00:00,Urban Outfitters tops,https://www.urbanoutfitters.com/womens-tops,T-shirt/top,https://images.urbndata.com/is/image/UrbanOutfitters/100815091_020_b?$medium$&qlt=80&fit=constrain,,,,,skipped,robots_unavailable
2026-04-22T13:49:57.594078+00:00,Urban Outfitters tops,https://www.urbanoutfitters.com/womens-tops,T-shirt/top,https://images.urbndata.com/is/image/UrbanOutfitters/103712659_010_b?$medium$&qlt=80&fit=constrain,,,,,skipped,robots_unavailable
2026-04-22T13:49:57.594094+00:00,Urban Outfitters tops,https://www.urbanoutfitters.com/womens-tops,T-shirt/top,https://images.urbndata.com/is/image/UrbanOutfitters/101848232_026_m?$medium$&qlt=80&fit=constrain,,,,,skipped,robots_unavailable
2026-04-22T13:49:57.594110+00:00,Urban Outfitters tops,https://www.urbanoutfitters.com/womens-tops,T-shirt/top,https://images.urbndata.com/is/image/UrbanOutfitters/96326715_001_b?$medium$&qlt=80&fit=constrain,,,,,skipped,robots_unavailable
2026-04-22T13:49:57.594125+00:00,Urban Outfitters tops,https://www.urbanoutfitters.com/womens-tops,T-shirt/top,https://images.urbndata.com/is/image/UrbanOutfitters/104759824_010_b?$medium$&qlt=80&fit=constrain,,,,,skipped,robots_unavailable
2026-04-22T13:49:57.594140+00:00,Urban Outfitters tops,https://www.urbanoutfitters.com/womens-tops,T-shirt/top,https://images.urbndata.com/is/image/UrbanOutfitters/104376876_049_m?$medium$&qlt=80&fit=constrain,,,,,skipped,robots_unavailable
2026-04-22T13:49:57.594156+00:00,Urban Outfitters tops,https://www.urbanoutfitters.com/womens-tops,T-shirt/top,https://images.urbndata.com/is/image/UrbanOutfitters/105229538_0004_m?$medium$&qlt=80&fit=constrain,,,,,skipped,robots_unavailable
2026-04-22T13:49:57.594173+00:00,Urban Outfitters tops,https://www.urbanoutfitters.com/womens-tops,T-shirt/top,https://images.urbndata.com/is/image/UrbanOutfitters/105712087_065_m?$medium$&qlt=80&fit=constrain,,,,,skipped,robots_unavailable
2026-04-22T13:49:57.594202+00:00,Urban Outfitters tops,https://www.urbanoutfitters.com/womens-tops,T-shirt/top,https://images.urbndata.com/is/image/UrbanOutfitters/104747431_010_b?$medium$&qlt=80&fit=constrain,,,,,skipped,robots_unavailable
2026-04-22T13:49:57.594218+00:00,Urban Outfitters tops,https://www.urbanoutfitters.com/womens-tops,T-shirt/top,https://images.urbndata.com/is/image/UrbanOutfitters/104557533_236_b?$medium$&qlt=80&fit=constrain,,,,,skipped,robots_unavailable
2026-04-22T13:49:57.594246+00:00,Urban Outfitters tops,https://www.urbanoutfitters.com/womens-tops,T-shirt/top,https://images.urbndata.com/is/image/UrbanOutfitters/104871710_051_b?$medium$&qlt=80&fit=constrain,,,,,skipped,robots_unavailable
2026-04-22T13:50:03.954728+00:00,Meshki tops,https://www.meshki.com.au/collections/tops,T-shirt/top,https://www.meshki.com.au/collections/0b7a9c9f-b6f7-4f4f-a43b-12b9e521a554,,,,,skipped,image_fetch_failed:HTTPError
2026-04-22T13:50:06.356507+00:00,Meshki tops,https://www.meshki.com.au/collections/tops,T-shirt/top,https://www.meshki.com.au/collections/IE=edge,,,,,skipped,image_fetch_failed:HTTPError
2026-04-22T13:50:08.688446+00:00,Meshki tops,https://www.meshki.com.au/collections/tops,T-shirt/top,"https://www.meshki.com.au/collections/width=device-width,initial-scale=1",,,,,skipped,image_fetch_failed:HTTPError
2026-04-22T13:50:11.021243+00:00,Meshki tops,https://www.meshki.com.au/collections/tops,T-shirt/top,https://www.meshki.com.au/collections/Shop our range of Women's Tops online at MESHKI Australia. Discover the latest styles of Women's Tops with FREE shipping over $100.,,,,,skipped,image_fetch_failed:HTTPError
2026-04-22T13:50:13.579042+00:00,Meshki tops,https://www.meshki.com.au/collections/tops,T-shirt/top,https://www.meshki.com.au/collections/MESHKI,,,,,skipped,image_fetch_failed:HTTPError
2026-04-22T13:50:16.049712+00:00,Meshki tops,https://www.meshki.com.au/collections/tops,T-shirt/top,https://www.meshki.com.au/collections/tops,,,,,skipped,non_image_content_type:text/html; charset=utf-8
2026-04-22T13:50:18.499849+00:00,Meshki tops,https://www.meshki.com.au/collections/tops,T-shirt/top,https://www.meshki.com.au/collections/Women's Tops - Shop Online,,,,,skipped,image_fetch_failed:HTTPError
2026-04-22T13:50:20.730796+00:00,Meshki tops,https://www.meshki.com.au/collections/tops,T-shirt/top,https://www.meshki.com.au/collections/website,,,,,skipped,image_fetch_failed:HTTPError
2026-04-22T13:50:25.892070+00:00,Meshki tops,https://www.meshki.com.au/collections/tops,T-shirt/top,http://www.meshki.com.au/cdn/shop/files/logo_e758efd9-1f29-4415-a923-8357be8d0f54.svg?height=628&pad_color=fafaef&v=1723653631&width=1200,,,,,skipped,unreadable_image
2026-04-22T13:50:27.424284+00:00,Meshki tops,https://www.meshki.com.au/collections/tops,T-shirt/top,https://www.meshki.com.au/cdn/shop/files/logo_e758efd9-1f29-4415-a923-8357be8d0f54.svg?height=628&pad_color=fafaef&v=1723653631&width=1200,,,,,skipped,unreadable_image
2026-04-22T13:50:29.621246+00:00,Meshki tops,https://www.meshki.com.au/collections/tops,T-shirt/top,https://www.meshki.com.au/collections/1200,,,,,skipped,image_fetch_failed:HTTPError
2026-04-22T13:50:31.829080+00:00,Meshki tops,https://www.meshki.com.au/collections/tops,T-shirt/top,https://www.meshki.com.au/collections/628,,,,,skipped,image_fetch_failed:HTTPError
2026-04-22T13:50:34.174114+00:00,Meshki tops,https://www.meshki.com.au/collections/tops,T-shirt/top,https://www.meshki.com.au/collections/summary_large_image,,,,,skipped,image_fetch_failed:HTTPError
2026-04-22T13:50:36.457119+00:00,Meshki tops,https://www.meshki.com.au/collections/tops,T-shirt/top,https://www.meshki.com.au/collections/AzfjUPmqrhtbVIPzqEonHfR1VePsiIsaKRiyqwo3GFU,,,,,skipped,image_fetch_failed:HTTPError
2026-04-22T13:50:38.185586+00:00,Meshki tops,https://www.meshki.com.au/collections/tops,T-shirt/top,https://www.meshki.com.au/3396517/digital_wallets/dialog,,,,,skipped,non_image_content_type:text/html; charset=utf-8
2026-04-22T13:50:40.530828+00:00,Meshki tops,https://www.meshki.com.au/collections/tops,T-shirt/top,https://www.meshki.com.au/collections/701c6fba5c96071761092e7382e65735,,,,,skipped,image_fetch_failed:HTTPError
2026-04-22T13:50:42.482529+00:00,Meshki tops,https://www.meshki.com.au/collections/tops,T-shirt/top,https://www.meshki.com.au/cdn/shop/files/AU_NEW_ARRIVALS.jpg?v=1776727326&width=444,/Users/ashley/Desktop/python/CS156-Machine-Learning/final/data/retail_images/raw/t_shirt_top/meshki_tops_274ca1e49734.jpg,444,666,bad631e24052049d5f24717ce1e108960a817d77cfe3046841f7b46f9e0d89ea,downloaded,ok
2026-04-22T13:50:44.473154+00:00,Meshki tops,https://www.meshki.com.au/collections/tops,T-shirt/top,https://www.meshki.com.au/cdn/shop/files/AU_NEW_ARRIVALS_444x.jpg?v=1776727326,/Users/ashley/Desktop/python/CS156-Machine-Learning/final/data/retail_images/raw/t_shirt_top/meshki_tops_92a43b15b412.jpg,444,666,bad631e24052049d5f24717ce1e108960a817d77cfe3046841f7b46f9e0d89ea,downloaded,ok
2026-04-22T13:50:46.693618+00:00,Meshki tops,https://www.meshki.com.au/collections/tops,T-shirt/top,https://www.meshki.com.au/cdn/shop/files/AU_NEW_ARRIVALS_888x.jpg?v=1776727326,/Users/ashley/Desktop/python/CS156-Machine-Learning/final/data/retail_images/raw/t_shirt_top/meshki_tops_1bf86b472775.jpg,888,1332,6bd6dcc50e0274b4e2629d2e627294b5db2d610d9e817a1087e82f78ebd6b815,downloaded,ok
2026-04-22T13:50:48.643879+00:00,Meshki tops,https://www.meshki.com.au/collections/tops,T-shirt/top,https://www.meshki.com.au/cdn/shop/files/AU_BACK_BY_DEMAND.jpg?v=1776727360&width=444,/Users/ashley/Desktop/python/CS156-Machine-Learning/final/data/retail_images/raw/t_shirt_top/meshki_tops_f33d352143da.jpg,444,666,eaa2716d2f8fa5b9579a17691e6dff61e9eaf2e2c16bace4b3ef54e55e6842d5,downloaded,ok
2026-04-22T13:50:50.597868+00:00,Meshki tops,https://www.meshki.com.au/collections/tops,T-shirt/top,https://www.meshki.com.au/cdn/shop/files/AU_BACK_BY_DEMAND_444x.jpg?v=1776727360,/Users/ashley/Desktop/python/CS156-Machine-Learning/final/data/retail_images/raw/t_shirt_top/meshki_tops_e55cd166c2c1.jpg,444,666,eaa2716d2f8fa5b9579a17691e6dff61e9eaf2e2c16bace4b3ef54e55e6842d5,downloaded,ok
2026-04-22T13:50:52.770986+00:00,Meshki tops,https://www.meshki.com.au/collections/tops,T-shirt/top,https://www.meshki.com.au/cdn/shop/files/AU_BACK_BY_DEMAND_888x.jpg?v=1776727360,/Users/ashley/Desktop/python/CS156-Machine-Learning/final/data/retail_images/raw/t_shirt_top/meshki_tops_1872fe235c54.jpg,888,1332,40a9679be35c3b32f41c24e83434974258b94616a566cc2988a3dccddf466ab6,downloaded,ok
2026-04-22T13:50:54.657400+00:00,Meshki tops,https://www.meshki.com.au/collections/tops,T-shirt/top,https://www.meshki.com.au/cdn/shop/files/AU_NEW_KNITWEAR.jpg?v=1776727380&width=444,/Users/ashley/Desktop/python/CS156-Machine-Learning/final/data/retail_images/raw/t_shirt_top/meshki_tops_1a198fa8aca5.jpg,444,666,c71b15879df93bcb100062a9acd20d14f83e63db6370600ae086df5a10a3cf9c,downloaded,ok
2026-04-22T13:50:56.545197+00:00,Meshki tops,https://www.meshki.com.au/collections/tops,T-shirt/top,https://www.meshki.com.au/cdn/shop/files/AU_NEW_KNITWEAR_444x.jpg?v=1776727380,/Users/ashley/Desktop/python/CS156-Machine-Learning/final/data/retail_images/raw/t_shirt_top/meshki_tops_39c328d564e8.jpg,444,666,c71b15879df93bcb100062a9acd20d14f83e63db6370600ae086df5a10a3cf9c,downloaded,ok
2026-04-22T13:50:58.714558+00:00,Meshki tops,https://www.meshki.com.au/collections/tops,T-shirt/top,https://www.meshki.com.au/cdn/shop/files/AU_NEW_KNITWEAR_888x.jpg?v=1776727380,/Users/ashley/Desktop/python/CS156-Machine-Learning/final/data/retail_images/raw/t_shirt_top/meshki_tops_f210def26beb.jpg,888,1332,209c01afe90f65117bb3dcfb437028b36d44056a6f6925e6e6bb42f7b8ff6112,downloaded,ok
2026-04-22T13:51:00.551303+00:00,Meshki tops,https://www.meshki.com.au/collections/tops,T-shirt/top,https://www.meshki.com.au/cdn/shop/files/AU_WEDDING_GUEST.jpg?v=1776727417&width=444,/Users/ashley/Desktop/python/CS156-Machine-Learning/final/data/retail_images/raw/t_shirt_top/meshki_tops_3e76f04d29cc.jpg,444,666,5a8e1a7a317efc576a8c8e281f425f0be56f89ad6ed3b3386359773b0f3adb10,downloaded,ok
2026-04-22T13:51:02.404341+00:00,Meshki tops,https://www.meshki.com.au/collections/tops,T-shirt/top,https://www.meshki.com.au/cdn/shop/files/AU_WEDDING_GUEST_444x.jpg?v=1776727417,/Users/ashley/Desktop/python/CS156-Machine-Learning/final/data/retail_images/raw/t_shirt_top/meshki_tops_1efc45489fde.jpg,444,666,5a8e1a7a317efc576a8c8e281f425f0be56f89ad6ed3b3386359773b0f3adb10,downloaded,ok
2026-04-22T13:51:04.480462+00:00,Meshki tops,https://www.meshki.com.au/collections/tops,T-shirt/top,https://www.meshki.com.au/cdn/shop/files/AU_WEDDING_GUEST_888x.jpg?v=1776727417,/Users/ashley/Desktop/python/CS156-Machine-Learning/final/data/retail_images/raw/t_shirt_top/meshki_tops_73dfa64b582e.jpg,888,1332,b5b028fca1a46cc7ab0bc9de9373c2614eb0b21356c85659e8b130dedcf6aa4e,downloaded,ok
2026-04-22T13:51:06.281570+00:00,Meshki tops,https://www.meshki.com.au/collections/tops,T-shirt/top,https://www.meshki.com.au/cdn/shop/files/AU_AUTUMN_DRESSES.jpg?v=1776727444&width=444,/Users/ashley/Desktop/python/CS156-Machine-Learning/final/data/retail_images/raw/t_shirt_top/meshki_tops_6ad08b12c13f.jpg,444,666,4f0ca1aa3d5783255978d475836c935dc369e4ed3ccf330679605b2a7b1d62e7,downloaded,ok
2026-04-22T13:51:08.092158+00:00,Meshki tops,https://www.meshki.com.au/collections/tops,T-shirt/top,https://www.meshki.com.au/cdn/shop/files/AU_AUTUMN_DRESSES_444x.jpg?v=1776727444,/Users/ashley/Desktop/python/CS156-Machine-Learning/final/data/retail_images/raw/t_shirt_top/meshki_tops_636a5454123c.jpg,444,666,4f0ca1aa3d5783255978d475836c935dc369e4ed3ccf330679605b2a7b1d62e7,downloaded,ok
2026-04-22T13:51:10.121862+00:00,Meshki tops,https://www.meshki.com.au/collections/tops,T-shirt/top,https://www.meshki.com.au/cdn/shop/files/AU_AUTUMN_DRESSES_888x.jpg?v=1776727444,/Users/ashley/Desktop/python/CS156-Machine-Learning/final/data/retail_images/raw/t_shirt_top/meshki_tops_ae8650da23ec.jpg,888,1332,9fc579aebca07ff27e66e4164799d97a1fc49467dfd670fbf09266e342b3efa9,downloaded,ok
2026-04-22T13:51:12.155847+00:00,Meshki tops,https://www.meshki.com.au/collections/tops,T-shirt/top,https://www.meshki.com.au/cdn/shop/files/AU_TOPS.jpg?v=1776727579&width=444,/Users/ashley/Desktop/python/CS156-Machine-Learning/final/data/retail_images/raw/t_shirt_top/meshki_tops_b175158107bd.jpg,444,666,bf8a19c68c3304a3956f9629ec4d446bcdab0d50c89234042d7b3f817ab282ab,downloaded,ok
2026-04-22T13:51:14.077771+00:00,Meshki tops,https://www.meshki.com.au/collections/tops,T-shirt/top,https://www.meshki.com.au/cdn/shop/files/AU_TOPS_444x.jpg?v=1776727579,/Users/ashley/Desktop/python/CS156-Machine-Learning/final/data/retail_images/raw/t_shirt_top/meshki_tops_3457e6adcf60.jpg,444,666,bf8a19c68c3304a3956f9629ec4d446bcdab0d50c89234042d7b3f817ab282ab,downloaded,ok
2026-04-22T13:51:16.273482+00:00,Meshki tops,https://www.meshki.com.au/collections/tops,T-shirt/top,https://www.meshki.com.au/cdn/shop/files/AU_TOPS_888x.jpg?v=1776727579,/Users/ashley/Desktop/python/CS156-Machine-Learning/final/data/retail_images/raw/t_shirt_top/meshki_tops_bab9a1531486.jpg,888,1332,5dae84a5f5b9769ecb7a2a95ff9fc14f52030a5bf377e91dafd0673660132591,downloaded,ok
2026-04-22T13:51:18.176847+00:00,Meshki tops,https://www.meshki.com.au/collections/tops,T-shirt/top,https://www.meshki.com.au/cdn/shop/files/AU_DENIM.jpg?v=1776727584&width=444,/Users/ashley/Desktop/python/CS156-Machine-Learning/final/data/retail_images/raw/t_shirt_top/meshki_tops_4df5b50a92ac.jpg,444,666,707b9ece9798051ae2aff39eb4ee62c4ab731a6bfee88c10bb382d82833c7fe9,downloaded,ok
2026-04-22T13:51:20.124520+00:00,Meshki tops,https://www.meshki.com.au/collections/tops,T-shirt/top,https://www.meshki.com.au/cdn/shop/files/AU_DENIM_444x.jpg?v=1776727584,/Users/ashley/Desktop/python/CS156-Machine-Learning/final/data/retail_images/raw/t_shirt_top/meshki_tops_4298747ce233.jpg,444,666,707b9ece9798051ae2aff39eb4ee62c4ab731a6bfee88c10bb382d82833c7fe9,downloaded,ok
2026-04-22T13:51:22.397997+00:00,Meshki tops,https://www.meshki.com.au/collections/tops,T-shirt/top,https://www.meshki.com.au/cdn/shop/files/AU_DENIM_888x.jpg?v=1776727584,/Users/ashley/Desktop/python/CS156-Machine-Learning/final/data/retail_images/raw/t_shirt_top/meshki_tops_6dbeb2a0681e.jpg,888,1332,957f11b9df4725ca101f3c229a2b29bf814da3247ef343002e771d048695580f,downloaded,ok
2026-04-22T13:51:24.411964+00:00,Meshki tops,https://www.meshki.com.au/collections/tops,T-shirt/top,https://www.meshki.com.au/cdn/shop/files/AU_OUTERWEAR.jpg?v=1776727586&width=444,/Users/ashley/Desktop/python/CS156-Machine-Learning/final/data/retail_images/raw/t_shirt_top/meshki_tops_cf7bc1fd847c.jpg,444,666,7b49ca30cf01e34e84fd09ec4ee49e527c620a9bc00ad3b6ef8b10b8f664fe62,downloaded,ok
2026-04-22T13:51:26.202737+00:00,Meshki tops,https://www.meshki.com.au/collections/tops,T-shirt/top,https://www.meshki.com.au/cdn/shop/files/AU_OUTERWEAR_444x.jpg?v=1776727586,/Users/ashley/Desktop/python/CS156-Machine-Learning/final/data/retail_images/raw/t_shirt_top/meshki_tops_648c3aa18f7e.jpg,444,666,7b49ca30cf01e34e84fd09ec4ee49e527c620a9bc00ad3b6ef8b10b8f664fe62,downloaded,ok
2026-04-22T13:51:28.223389+00:00,Meshki tops,https://www.meshki.com.au/collections/tops,T-shirt/top,https://www.meshki.com.au/cdn/shop/files/AU_OUTERWEAR_888x.jpg?v=1776727586,/Users/ashley/Desktop/python/CS156-Machine-Learning/final/data/retail_images/raw/t_shirt_top/meshki_tops_f13962c90e95.jpg,888,1332,8f4df7ae3b049749060216c77f7bde170110fa9e875e2b1868fb7f065fda5845,downloaded,ok
2026-04-22T13:51:30.040324+00:00,Meshki tops,https://www.meshki.com.au/collections/tops,T-shirt/top,https://www.meshki.com.au/cdn/shop/files/BRIDES_AU.jpg?v=1770592068&width=444,/Users/ashley/Desktop/python/CS156-Machine-Learning/final/data/retail_images/raw/t_shirt_top/meshki_tops_77459f416155.jpg,444,666,fbe2ac8e4eaec4817d9d60dbc6ade0d1f934d8a5bd52490488dee43f66e97f73,downloaded,ok
2026-04-22T13:51:31.918149+00:00,Meshki tops,https://www.meshki.com.au/collections/tops,T-shirt/top,https://www.meshki.com.au/cdn/shop/files/BRIDES_AU_444x.jpg?v=1770592068,/Users/ashley/Desktop/python/CS156-Machine-Learning/final/data/retail_images/raw/t_shirt_top/meshki_tops_9aa071f86363.jpg,444,666,fbe2ac8e4eaec4817d9d60dbc6ade0d1f934d8a5bd52490488dee43f66e97f73,downloaded,ok
2026-04-22T13:51:33.990073+00:00,Meshki tops,https://www.meshki.com.au/collections/tops,T-shirt/top,https://www.meshki.com.au/cdn/shop/files/BRIDES_AU_888x.jpg?v=1770592068,/Users/ashley/Desktop/python/CS156-Machine-Learning/final/data/retail_images/raw/t_shirt_top/meshki_tops_e62e35cee26f.jpg,888,1332,bd6f86c0a14499e1b4accf473bb1dd81b66955a84e87ff6980f73cb86f61e87d,downloaded,ok
2026-04-22T13:51:35.868920+00:00,Meshki tops,https://www.meshki.com.au/collections/tops,T-shirt/top,https://www.meshki.com.au/cdn/shop/files/BRIDESMAIDS_AU_59714234-7ba2-42c8-b473-38e716cb528c.jpg?v=1770592068&width=444,/Users/ashley/Desktop/python/CS156-Machine-Learning/final/data/retail_images/raw/t_shirt_top/meshki_tops_725422d525a0.jpg,444,666,c39995e48536b2a240287563ab319b8376c9d86cf3f0235e0b89a7b5f44003df,downloaded,ok
2026-04-22T13:51:37.703151+00:00,Meshki tops,https://www.meshki.com.au/collections/tops,T-shirt/top,https://www.meshki.com.au/cdn/shop/files/BRIDESMAIDS_AU_59714234-7ba2-42c8-b473-38e716cb528c_444x.jpg?v=1770592068,/Users/ashley/Desktop/python/CS156-Machine-Learning/final/data/retail_images/raw/t_shirt_top/meshki_tops_74c420470515.jpg,444,666,c39995e48536b2a240287563ab319b8376c9d86cf3f0235e0b89a7b5f44003df,downloaded,ok
2026-04-22T13:51:39.868354+00:00,Meshki tops,https://www.meshki.com.au/collections/tops,T-shirt/top,https://www.meshki.com.au/cdn/shop/files/BRIDESMAIDS_AU_59714234-7ba2-42c8-b473-38e716cb528c_888x.jpg?v=1770592068,/Users/ashley/Desktop/python/CS156-Machine-Learning/final/data/retail_images/raw/t_shirt_top/meshki_tops_d19ed0457a23.jpg,888,1332,c505c4f5373e8995d4deebc6eef90dfcf28f0f7fdcc5ef91d3e601bb50012d61,downloaded,ok
2026-04-22T13:51:41.626973+00:00,Meshki tops,https://www.meshki.com.au/collections/tops,T-shirt/top,https://www.meshki.com.au/cdn/shop/files/WEDDING_GUESTS_AU_bf9098ac-2f79-4abc-b1ca-94f3732c0b15.jpg?v=1770592068&width=444,/Users/ashley/Desktop/python/CS156-Machine-Learning/final/data/retail_images/raw/t_shirt_top/meshki_tops_ca1b72d9f56c.jpg,444,666,69c9596f1646991c93113f27e4b9e518bcf39e0a56eeaefaa7d5695c774437d0,downloaded,ok
2026-04-22T13:51:43.399741+00:00,Meshki tops,https://www.meshki.com.au/collections/tops,T-shirt/top,https://www.meshki.com.au/cdn/shop/files/WEDDING_GUESTS_AU_bf9098ac-2f79-4abc-b1ca-94f3732c0b15_444x.jpg?v=1770592068,/Users/ashley/Desktop/python/CS156-Machine-Learning/final/data/retail_images/raw/t_shirt_top/meshki_tops_85c277c51803.jpg,444,666,69c9596f1646991c93113f27e4b9e518bcf39e0a56eeaefaa7d5695c774437d0,downloaded,ok
2026-04-22T13:51:45.508943+00:00,Meshki tops,https://www.meshki.com.au/collections/tops,T-shirt/top,https://www.meshki.com.au/cdn/shop/files/WEDDING_GUESTS_AU_bf9098ac-2f79-4abc-b1ca-94f3732c0b15_888x.jpg?v=1770592068,/Users/ashley/Desktop/python/CS156-Machine-Learning/final/data/retail_images/raw/t_shirt_top/meshki_tops_fee8980e9b9d.jpg,888,1332,e694dd24fdfe9ea1c21c28c758b81bf2e1df302d458256ffeece1d8e26270203,downloaded,ok
2026-04-22T13:51:47.477743+00:00,Meshki tops,https://www.meshki.com.au/collections/tops,T-shirt/top,https://www.meshki.com.au/cdn/shop/files/AU_AUTUMN_PALETTE.jpg?v=1776727762&width=444,/Users/ashley/Desktop/python/CS156-Machine-Learning/final/data/retail_images/raw/t_shirt_top/meshki_tops_efdcd8278bdd.jpg,444,666,ce7da720f671ba724cf4f68ea1a101d621811631cf2429b8760c318ee3d310a9,downloaded,ok
2026-04-22T13:51:49.915770+00:00,Meshki tops,https://www.meshki.com.au/collections/tops,T-shirt/top,https://www.meshki.com.au/cdn/shop/files/AU_AUTUMN_PALETTE_444x.jpg?v=1776727762,/Users/ashley/Desktop/python/CS156-Machine-Learning/final/data/retail_images/raw/t_shirt_top/meshki_tops_5a1bb19fcc7c.jpg,444,666,ce7da720f671ba724cf4f68ea1a101d621811631cf2429b8760c318ee3d310a9,downloaded,ok
2026-04-22T13:51:54.423696+00:00,Meshki tops,https://www.meshki.com.au/collections/tops,T-shirt/top,https://www.meshki.com.au/cdn/shop/files/AU_AUTUMN_PALETTE_888x.jpg?v=1776727762,/Users/ashley/Desktop/python/CS156-Machine-Learning/final/data/retail_images/raw/t_shirt_top/meshki_tops_7a362e6352f1.jpg,888,1332,75a9d00e9b76494a0f237fc4170774484fe8dceee9880616efaff39a9150a863,downloaded,ok
2026-04-22T13:51:56.318876+00:00,Meshki tops,https://www.meshki.com.au/collections/tops,T-shirt/top,https://www.meshki.com.au/cdn/shop/files/AU_AFTER_DARK.jpg?v=1776727763&width=444,/Users/ashley/Desktop/python/CS156-Machine-Learning/final/data/retail_images/raw/t_shirt_top/meshki_tops_442b8d7fca91.jpg,444,666,1791b2fb3c5d564f763655b2edc46aae8d336d1cc6476ba2cc6553cf3888ebc0,downloaded,ok
2026-04-22T13:51:58.127605+00:00,Meshki tops,https://www.meshki.com.au/collections/tops,T-shirt/top,https://www.meshki.com.au/cdn/shop/files/AU_AFTER_DARK_444x.jpg?v=1776727763,/Users/ashley/Desktop/python/CS156-Machine-Learning/final/data/retail_images/raw/t_shirt_top/meshki_tops_400a9e842a88.jpg,444,666,1791b2fb3c5d564f763655b2edc46aae8d336d1cc6476ba2cc6553cf3888ebc0,downloaded,ok
2026-04-22T13:52:00.246076+00:00,Meshki tops,https://www.meshki.com.au/collections/tops,T-shirt/top,https://www.meshki.com.au/cdn/shop/files/AU_AFTER_DARK_888x.jpg?v=1776727763,/Users/ashley/Desktop/python/CS156-Machine-Learning/final/data/retail_images/raw/t_shirt_top/meshki_tops_007199f0514a.jpg,888,1332,000c15367da15a0911f1a560ed080eb90ddea021a93968a7968d4edf1f4af2c0,downloaded,ok
2026-04-22T13:52:02.068460+00:00,Meshki tops,https://www.meshki.com.au/collections/tops,T-shirt/top,https://www.meshki.com.au/cdn/shop/files/AU_MODERN_TAILORING.jpg?v=1776727762&width=444,/Users/ashley/Desktop/python/CS156-Machine-Learning/final/data/retail_images/raw/t_shirt_top/meshki_tops_3efe4dac1bfe.jpg,444,666,bed9d9fa3af385530c9dc048e9f91d2d46e49b5149941184ad169b7f0202c5e7,downloaded,ok
2026-04-22T13:52:03.907697+00:00,Meshki tops,https://www.meshki.com.au/collections/tops,T-shirt/top,https://www.meshki.com.au/cdn/shop/files/AU_MODERN_TAILORING_444x.jpg?v=1776727762,/Users/ashley/Desktop/python/CS156-Machine-Learning/final/data/retail_images/raw/t_shirt_top/meshki_tops_82b21cefa7b1.jpg,444,666,bed9d9fa3af385530c9dc048e9f91d2d46e49b5149941184ad169b7f0202c5e7,downloaded,ok
2026-04-22T13:52:05.983293+00:00,Meshki tops,https://www.meshki.com.au/collections/tops,T-shirt/top,https://www.meshki.com.au/cdn/shop/files/AU_MODERN_TAILORING_888x.jpg?v=1776727762,/Users/ashley/Desktop/python/CS156-Machine-Learning/final/data/retail_images/raw/t_shirt_top/meshki_tops_0abf645c1267.jpg,888,1332,3980b2d9bbfe035aca56961a83b81903fc4f6e1bdb31897da31ca661503e1241,downloaded,ok
2026-04-22T13:52:08.032567+00:00,Meshki tops,https://www.meshki.com.au/collections/tops,T-shirt/top,https://www.meshki.com.au/cdn/shop/files/REUNION_CAMPAIGN.jpg?v=1774226092&width=444,/Users/ashley/Desktop/python/CS156-Machine-Learning/final/data/retail_images/raw/t_shirt_top/meshki_tops_dcbc11420689.jpg,444,666,552ca594bfa3efdfd95271d431fe1da083a3167cd96f5c224a18a85b90d7cb03,downloaded,ok
2026-04-22T13:52:10.130633+00:00,Meshki tops,https://www.meshki.com.au/collections/tops,T-shirt/top,https://www.meshki.com.au/cdn/shop/files/REUNION_CAMPAIGN_444x.jpg?v=1774226092,/Users/ashley/Desktop/python/CS156-Machine-Learning/final/data/retail_images/raw/t_shirt_top/meshki_tops_0c566ab5c6ec.jpg,444,666,552ca594bfa3efdfd95271d431fe1da083a3167cd96f5c224a18a85b90d7cb03,downloaded,ok
2026-04-22T13:52:12.420873+00:00,Meshki tops,https://www.meshki.com.au/collections/tops,T-shirt/top,https://www.meshki.com.au/cdn/shop/files/REUNION_CAMPAIGN_888x.jpg?v=1774226092,/Users/ashley/Desktop/python/CS156-Machine-Learning/final/data/retail_images/raw/t_shirt_top/meshki_tops_7345b37a632d.jpg,888,1332,c36c402b5706041896cdde48ef1ce97a20f8379aa6d17112a6375bed733f6e16,downloaded,ok
2026-04-22T13:52:14.328951+00:00,Meshki tops,https://www.meshki.com.au/collections/tops,T-shirt/top,https://www.meshki.com.au/cdn/shop/files/MESHKI_BRIDAL_CAMPAIGN_US-UK.jpg?v=1770618543&width=444,/Users/ashley/Desktop/python/CS156-Machine-Learning/final/data/retail_images/raw/t_shirt_top/meshki_tops_af2b7b64c226.jpg,444,666,bef3e3005f8135cdcdf61e4d87aac720a4371c5537067bfc5c9984bd331ee2ae,downloaded,ok
2026-04-22T13:52:16.288420+00:00,Meshki tops,https://www.meshki.com.au/collections/tops,T-shirt/top,https://www.meshki.com.au/cdn/shop/files/MESHKI_BRIDAL_CAMPAIGN_US-UK_444x.jpg?v=1770618543,/Users/ashley/Desktop/python/CS156-Machine-Learning/final/data/retail_images/raw/t_shirt_top/meshki_tops_29f22aa87663.jpg,444,666,bef3e3005f8135cdcdf61e4d87aac720a4371c5537067bfc5c9984bd331ee2ae,downloaded,ok
2026-04-22T13:52:18.538857+00:00,Meshki tops,https://www.meshki.com.au/collections/tops,T-shirt/top,https://www.meshki.com.au/cdn/shop/files/MESHKI_BRIDAL_CAMPAIGN_US-UK_888x.jpg?v=1770618543,/Users/ashley/Desktop/python/CS156-Machine-Learning/final/data/retail_images/raw/t_shirt_top/meshki_tops_5a8982ccf4d2.jpg,888,1332,a5a3cf88aed34c3ad0ccb444eff8b6a38c2a5e7bb4e7bc3dffb33534a4360844,downloaded,ok
2026-04-22T13:52:20.942944+00:00,Meshki tops,https://www.meshki.com.au/collections/tops,T-shirt/top,https://www.meshki.com.au/cdn/shop/files/MESHKI_BRIDAL_CAMPAIGN_US-UK_1332x.jpg?v=1770618543,/Users/ashley/Desktop/python/CS156-Machine-Learning/final/data/retail_images/raw/t_shirt_top/meshki_tops_81b6808f4e19.jpg,1332,1997,fbbc2de05f32385d921d7a5510250cf7c1bfa379c8e1d5e628cdd58447beaa8c,downloaded,ok
2026-04-22T13:52:22.930821+00:00,Meshki tops,https://www.meshki.com.au/collections/tops,T-shirt/top,https://www.meshki.com.au/cdn/shop/files/FLEUR_CAMPAIGN_7fd6cbc1-65d4-4d02-83fd-924e319a6ba7.jpg?v=1767572819&width=444,/Users/ashley/Desktop/python/CS156-Machine-Learning/final/data/retail_images/raw/t_shirt_top/meshki_tops_2511195e4c60.jpg,444,666,cd44bd8b0d13e2f19dcf9b942237b665c920a74fa70def3bba4566947e97ba36,downloaded,ok
2026-04-22T13:52:24.864381+00:00,Meshki tops,https://www.meshki.com.au/collections/tops,T-shirt/top,https://www.meshki.com.au/cdn/shop/files/FLEUR_CAMPAIGN_7fd6cbc1-65d4-4d02-83fd-924e319a6ba7_444x.jpg?v=1767572819,/Users/ashley/Desktop/python/CS156-Machine-Learning/final/data/retail_images/raw/t_shirt_top/meshki_tops_6a97befc29e3.jpg,444,666,cd44bd8b0d13e2f19dcf9b942237b665c920a74fa70def3bba4566947e97ba36,downloaded,ok
2026-04-22T13:52:27.043337+00:00,Meshki tops,https://www.meshki.com.au/collections/tops,T-shirt/top,https://www.meshki.com.au/cdn/shop/files/FLEUR_CAMPAIGN_7fd6cbc1-65d4-4d02-83fd-924e319a6ba7_888x.jpg?v=1767572819,/Users/ashley/Desktop/python/CS156-Machine-Learning/final/data/retail_images/raw/t_shirt_top/meshki_tops_6a533c099f0e.jpg,888,1332,176bedaba9603c21a1d128ee8774571a407caa4f323d7d5c9c7848a8074ada1c,downloaded,ok
2026-04-22T13:52:28.994484+00:00,Meshki tops,https://www.meshki.com.au/collections/tops,T-shirt/top,https://www.meshki.com.au/cdn/shop/files/NILE_BY_NIGHT_CAMPAIGN.jpg?v=1764910495&width=444,/Users/ashley/Desktop/python/CS156-Machine-Learning/final/data/retail_images/raw/t_shirt_top/meshki_tops_75218759aeeb.jpg,444,622,af59c02ff51e913173d200cc049edf5f5d08ce99a6a143352259f2a2027f2702,downloaded,ok
2026-04-22T13:52:30.971886+00:00,Meshki tops,https://www.meshki.com.au/collections/tops,T-shirt/top,https://www.meshki.com.au/cdn/shop/files/NILE_BY_NIGHT_CAMPAIGN_444x.jpg?v=1764910495,/Users/ashley/Desktop/python/CS156-Machine-Learning/final/data/retail_images/raw/t_shirt_top/meshki_tops_e9f320db28fd.jpg,444,622,af59c02ff51e913173d200cc049edf5f5d08ce99a6a143352259f2a2027f2702,downloaded,ok
2026-04-22T13:52:33.199240+00:00,Meshki tops,https://www.meshki.com.au/collections/tops,T-shirt/top,https://www.meshki.com.au/cdn/shop/files/NILE_BY_NIGHT_CAMPAIGN_888x.jpg?v=1764910495,/Users/ashley/Desktop/python/CS156-Machine-Learning/final/data/retail_images/raw/t_shirt_top/meshki_tops_4005dbc874fe.jpg,888,1243,b4a3e39fd53fd72c3859f0c64fbebd63c55b6d1b948e9252af97f1e31038f2d5,downloaded,ok
2026-04-22T13:52:35.111987+00:00,Meshki tops,https://www.meshki.com.au/collections/tops,T-shirt/top,https://www.meshki.com.au/cdn/shop/files/NILE_CAMPAIGN.jpg?v=1767572998&width=444,/Users/ashley/Desktop/python/CS156-Machine-Learning/final/data/retail_images/raw/t_shirt_top/meshki_tops_74cfd88c6165.jpg,444,666,25f0e6b7b45234c06269e8a8b6c34ca0fe70f8149b7bc624a187e1fc18c308e7,downloaded,ok
2026-04-22T13:52:38.021614+00:00,Meshki tops,https://www.meshki.com.au/collections/tops,T-shirt/top,https://www.meshki.com.au/cdn/shop/files/NILE_CAMPAIGN_444x.jpg?v=1767572998,/Users/ashley/Desktop/python/CS156-Machine-Learning/final/data/retail_images/raw/t_shirt_top/meshki_tops_5e4484a0f681.jpg,444,666,25f0e6b7b45234c06269e8a8b6c34ca0fe70f8149b7bc624a187e1fc18c308e7,downloaded,ok
2026-04-22T13:52:40.235766+00:00,Meshki tops,https://www.meshki.com.au/collections/tops,T-shirt/top,https://www.meshki.com.au/cdn/shop/files/NILE_CAMPAIGN_888x.jpg?v=1767572998,/Users/ashley/Desktop/python/CS156-Machine-Learning/final/data/retail_images/raw/t_shirt_top/meshki_tops_553bf2995bcc.jpg,888,1332,0a9347bc3e23a10db4787d6f6a47ecc6e79fb9ad18641eb9c3f7064d53e6d6d2,downloaded,ok
2026-04-22T13:52:42.180759+00:00,Meshki tops,https://www.meshki.com.au/collections/tops,T-shirt/top,https://www.meshki.com.au/cdn/shop/files/BEST_OF_SALE_AU_f523f7b4-064e-4681-b915-4b166a3d522e.jpg?v=1774239990&width=444,/Users/ashley/Desktop/python/CS156-Machine-Learning/final/data/retail_images/raw/t_shirt_top/meshki_tops_bffa1f67da3e.jpg,444,666,9b79115dba6044ff54b74249c5424d3cf9b2a9a173d39c960ad94013f2dbc6a1,downloaded,ok
2026-04-22T13:52:44.222155+00:00,Meshki tops,https://www.meshki.com.au/collections/tops,T-shirt/top,https://www.meshki.com.au/cdn/shop/files/BEST_OF_SALE_AU_f523f7b4-064e-4681-b915-4b166a3d522e_444x.jpg?v=1774239990,/Users/ashley/Desktop/python/CS156-Machine-Learning/final/data/retail_images/raw/t_shirt_top/meshki_tops_44a575df9713.jpg,444,666,9b79115dba6044ff54b74249c5424d3cf9b2a9a173d39c960ad94013f2dbc6a1,downloaded,ok
2026-04-22T13:52:46.505235+00:00,Meshki tops,https://www.meshki.com.au/collections/tops,T-shirt/top,https://www.meshki.com.au/cdn/shop/files/BEST_OF_SALE_AU_f523f7b4-064e-4681-b915-4b166a3d522e_888x.jpg?v=1774239990,/Users/ashley/Desktop/python/CS156-Machine-Learning/final/data/retail_images/raw/t_shirt_top/meshki_tops_c9579770a700.jpg,888,1332,c000a688f600578e0818f8d7d2da138c95a2b4fd79ca12ae9bc8e8cfee22a103,downloaded,ok
2026-04-22T13:52:48.478268+00:00,Meshki tops,https://www.meshki.com.au/collections/tops,T-shirt/top,https://www.meshki.com.au/cdn/shop/files/SALE_DRESSES_AU_716d7090-a437-4dfe-8432-1d6750cc4ebe.jpg?v=1774239990&width=444,/Users/ashley/Desktop/python/CS156-Machine-Learning/final/data/retail_images/raw/t_shirt_top/meshki_tops_84f7da927529.jpg,444,666,990f4b47e1a37d69758c7041ed991ac536e59acd9f3cdf276bd2d995e77d325e,downloaded,ok
2026-04-22T13:52:50.327735+00:00,Meshki tops,https://www.meshki.com.au/collections/tops,T-shirt/top,https://www.meshki.com.au/cdn/shop/files/SALE_DRESSES_AU_716d7090-a437-4dfe-8432-1d6750cc4ebe_444x.jpg?v=1774239990,/Users/ashley/Desktop/python/CS156-Machine-Learning/final/data/retail_images/raw/t_shirt_top/meshki_tops_da78ba24e708.jpg,444,666,990f4b47e1a37d69758c7041ed991ac536e59acd9f3cdf276bd2d995e77d325e,downloaded,ok
2026-04-22T13:52:52.345561+00:00,Meshki tops,https://www.meshki.com.au/collections/tops,T-shirt/top,https://www.meshki.com.au/cdn/shop/files/SALE_DRESSES_AU_716d7090-a437-4dfe-8432-1d6750cc4ebe_888x.jpg?v=1774239990,/Users/ashley/Desktop/python/CS156-Machine-Learning/final/data/retail_images/raw/t_shirt_top/meshki_tops_65d6c215f846.jpg,888,1332,087dee5af85dc83045b66440242f6bfd73e95ba95c04c495ecfa6727672a6a88,downloaded,ok
2026-04-22T13:52:54.181879+00:00,Meshki tops,https://www.meshki.com.au/collections/tops,T-shirt/top,https://www.meshki.com.au/cdn/shop/files/LAST_CHANCE_AU.jpg?v=1774239990&width=444,/Users/ashley/Desktop/python/CS156-Machine-Learning/final/data/retail_images/raw/t_shirt_top/meshki_tops_547c059c047d.jpg,444,666,72097f28c10b6709a83d0b3c6421671e804661db5b622babfe5693e84aa347e3,downloaded,ok
2026-04-22T13:52:56.048735+00:00,Meshki tops,https://www.meshki.com.au/collections/tops,T-shirt/top,https://www.meshki.com.au/cdn/shop/files/LAST_CHANCE_AU_444x.jpg?v=1774239990,/Users/ashley/Desktop/python/CS156-Machine-Learning/final/data/retail_images/raw/t_shirt_top/meshki_tops_775eef376d8a.jpg,444,666,72097f28c10b6709a83d0b3c6421671e804661db5b622babfe5693e84aa347e3,downloaded,ok
2026-04-22T13:52:58.174348+00:00,Meshki tops,https://www.meshki.com.au/collections/tops,T-shirt/top,https://www.meshki.com.au/cdn/shop/files/LAST_CHANCE_AU_888x.jpg?v=1774239990,/Users/ashley/Desktop/python/CS156-Machine-Learning/final/data/retail_images/raw/t_shirt_top/meshki_tops_946da12983e3.jpg,888,1332,443561f6f51ca3bae9c1c66333495d0a74b10775cb4b4841d7f5be7266c56044,downloaded,ok
2026-04-22T13:52:59.836595+00:00,Meshki tops,https://www.meshki.com.au/collections/tops,T-shirt/top,https://www.meshki.com.au/cdn/shop/files/250324_MESHKI_HertiageFinal_16_823_36ac6b24-4d37-4751-a03c-900f70e502f0.jpg?v=1776380458&width=100,,100,150,73e103f482b448d2ff65b4b1cdc4789dfec2e2e2a7079b66c23a2f13c57f056a,skipped,too_small:100x150
2026-04-22T13:53:01.782893+00:00,Meshki tops,https://www.meshki.com.au/collections/tops,T-shirt/top,https://www.meshki.com.au/cdn/shop/files/250324_MESHKI_HertiageFinal_16_823_36ac6b24-4d37-4751-a03c-900f70e502f0.jpg?v=1776380458&width=200,/Users/ashley/Desktop/python/CS156-Machine-Learning/final/data/retail_images/raw/t_shirt_top/meshki_tops_597fa77121f3.jpg,200,300,0b49426386a635c2de6da62c60c373c08f0914a85cefd98f92594aa26e2a4a4a,downloaded,ok
2026-04-22T13:53:03.873176+00:00,Meshki tops,https://www.meshki.com.au/collections/tops,T-shirt/top,https://www.meshki.com.au/cdn/shop/files/250324_MESHKI_HertiageFinal_16_823_36ac6b24-4d37-4751-a03c-900f70e502f0.jpg?v=1776380458&width=300,/Users/ashley/Desktop/python/CS156-Machine-Learning/final/data/retail_images/raw/t_shirt_top/meshki_tops_bdcbe92fa0d8.jpg,300,450,35ff4502518ac38fc79681a43590239778a63c22fd3a06e8eda8ec7d4972559e,downloaded,ok
2026-04-22T13:53:05.426496+00:00,Meshki tops,https://www.meshki.com.au/collections/tops,T-shirt/top,https://www.meshki.com.au/cdn/shop/files/260225_MESHKI_Heritage6_38_PA10168WD1-MST_1580.jpg?v=1775711257&width=100,,100,150,85feb178a47453e0399b399d0cc771ed9d12621c36336517cd5d4a59400446b5,skipped,too_small:100x150
2026-04-22T13:53:07.253323+00:00,Meshki tops,https://www.meshki.com.au/collections/tops,T-shirt/top,https://www.meshki.com.au/cdn/shop/files/260225_MESHKI_Heritage6_38_PA10168WD1-MST_1580.jpg?v=1775711257&width=200,/Users/ashley/Desktop/python/CS156-Machine-Learning/final/data/retail_images/raw/t_shirt_top/meshki_tops_75f1c3e787ad.jpg,200,300,aaa352a25137fc24b413f1b0389d7e90be585424435b85f25911a579ed5447f1,downloaded,ok
2026-04-22T13:53:09.287486+00:00,Meshki tops,https://www.meshki.com.au/collections/tops,T-shirt/top,https://www.meshki.com.au/cdn/shop/files/260225_MESHKI_Heritage6_38_PA10168WD1-MST_1580.jpg?v=1775711257&width=300,/Users/ashley/Desktop/python/CS156-Machine-Learning/final/data/retail_images/raw/t_shirt_top/meshki_tops_6faa41f8d51e.jpg,300,450,feda522847d4b0485c7ac1a4b0bff6a4e479618ee1095f835123af5a960d1623,downloaded,ok
2026-04-22T13:53:10.854776+00:00,Meshki tops,https://www.meshki.com.au/collections/tops,T-shirt/top,https://www.meshki.com.au/cdn/shop/files/250905_MESHKI_RESORT_01_0087-2.jpg?v=1760076724&width=100,,100,150,782619ae4bab6a3e976abb9f49eccec3341230bcfd7ec534eb12b985c4974a1b,skipped,too_small:100x150
2026-04-22T13:53:13.108528+00:00,Meshki tops,https://www.meshki.com.au/collections/tops,T-shirt/top,https://www.meshki.com.au/cdn/shop/files/250905_MESHKI_RESORT_01_0087-2.jpg?v=1760076724&width=200,/Users/ashley/Desktop/python/CS156-Machine-Learning/final/data/retail_images/raw/t_shirt_top/meshki_tops_0a2465c10f97.jpg,200,300,9adb826f7c3a5be1004113f114184af7d73564edbf788f92b72ea56bcb209c70,downloaded,ok
2026-04-22T13:53:15.399370+00:00,Meshki tops,https://www.meshki.com.au/collections/tops,T-shirt/top,https://www.meshki.com.au/cdn/shop/files/250905_MESHKI_RESORT_01_0087-2.jpg?v=1760076724&width=300,/Users/ashley/Desktop/python/CS156-Machine-Learning/final/data/retail_images/raw/t_shirt_top/meshki_tops_7750f3af282a.jpg,300,450,145408bf5d92358554769f1faee09aa606749fc9cd337a1a79a0c27f3583aebd,downloaded,ok
2026-04-22T13:53:17.371107+00:00,Meshki tops,https://www.meshki.com.au/collections/tops,T-shirt/top,https://www.meshki.com.au/cdn/shop/files/250324_MESHKI_HertiageFinal_22_1034.jpg?v=1776381179&width=100,,100,150,1e3f05ed55b421667894aa169be1dfb0c128baf4f523aa5ec5ba05b11c36d5c6,skipped,too_small:100x150
2026-04-22T13:53:19.197961+00:00,Meshki tops,https://www.meshki.com.au/collections/tops,T-shirt/top,https://www.meshki.com.au/cdn/shop/files/250324_MESHKI_HertiageFinal_22_1034.jpg?v=1776381179&width=200,/Users/ashley/Desktop/python/CS156-Machine-Learning/final/data/retail_images/raw/t_shirt_top/meshki_tops_c583c89d2400.jpg,200,300,e2bcfaf16fb5d4a8df2531e648634a12bb8984098c801097ea21e9ec2021c36d,downloaded,ok
2026-04-22T13:53:21.296763+00:00,Meshki tops,https://www.meshki.com.au/collections/tops,T-shirt/top,https://www.meshki.com.au/cdn/shop/files/250324_MESHKI_HertiageFinal_22_1034.jpg?v=1776381179&width=300,/Users/ashley/Desktop/python/CS156-Machine-Learning/final/data/retail_images/raw/t_shirt_top/meshki_tops_553313099112.jpg,300,450,f98b06a1a4a236d0de3b30f0e18ac04305a192c6cbd98173bffe95ad1f81746f,downloaded,ok
2026-04-22T13:53:22.850927+00:00,Meshki tops,https://www.meshki.com.au/collections/tops,T-shirt/top,https://www.meshki.com.au/cdn/shop/files/250324_MESHKI_HertiageFinal_18_908.jpg?v=1776380639&width=100,,100,150,dae659f0ede21a116ec5608ac1032d8e0f5df3904bc4743f275161d216652bfd,skipped,too_small:100x150
2026-04-22T13:53:24.460123+00:00,Meshki tops,https://www.meshki.com.au/collections/tops,T-shirt/top,https://www.meshki.com.au/cdn/shop/files/250324_MESHKI_HertiageFinal_18_908.jpg?v=1776380639&width=200,/Users/ashley/Desktop/python/CS156-Machine-Learning/final/data/retail_images/raw/t_shirt_top/meshki_tops_361a27fae1cd.jpg,200,300,815328221ba91b884b71d3eabb89d364dd6ed4407446b7f18835f7a6530eb126,downloaded,ok
2026-04-22T13:53:26.444157+00:00,Meshki tops,https://www.meshki.com.au/collections/tops,T-shirt/top,https://www.meshki.com.au/cdn/shop/files/250324_MESHKI_HertiageFinal_18_908.jpg?v=1776380639&width=300,/Users/ashley/Desktop/python/CS156-Machine-Learning/final/data/retail_images/raw/t_shirt_top/meshki_tops_7954399d2387.jpg,300,450,02c77cc401b22c3cc90e220df0e43cdf10c1184be437de5c256cd4ff26938c8d,downloaded,ok
2026-04-22T13:53:28.304658+00:00,Meshki tops,https://www.meshki.com.au/collections/tops,T-shirt/top,https://www.meshki.com.au/cdn/shop/files/250324_MESHKI_HertiageFinal_16_823_36ac6b24-4d37-4751-a03c-900f70e502f0.jpg?v=1776380458&width=533,/Users/ashley/Desktop/python/CS156-Machine-Learning/final/data/retail_images/raw/t_shirt_top/meshki_tops_5e2ea2ad4fab.jpg,533,799,b5bd8669687d07316e1e815f5e12f9fa2331638f1b3a255225c3845fb5248d1a,downloaded,ok
2026-04-22T13:53:30.197276+00:00,Meshki tops,https://www.meshki.com.au/collections/tops,T-shirt/top,https://www.meshki.com.au/cdn/shop/files/250324_MESHKI_HertiageFinal_16_823_36ac6b24-4d37-4751-a03c-900f70e502f0.jpg?v=1776380458&width=165,/Users/ashley/Desktop/python/CS156-Machine-Learning/final/data/retail_images/raw/t_shirt_top/meshki_tops_c044691e8845.jpg,165,247,52015e4317616767357375443bf5a630604b50ec870eb746d28275518222a811,downloaded,ok
2026-04-22T13:53:31.928107+00:00,Meshki tops,https://www.meshki.com.au/collections/tops,T-shirt/top,https://www.meshki.com.au/cdn/shop/files/250324_MESHKI_HertiageFinal_16_823_36ac6b24-4d37-4751-a03c-900f70e502f0.jpg?v=1776380458&width=360,/Users/ashley/Desktop/python/CS156-Machine-Learning/final/data/retail_images/raw/t_shirt_top/meshki_tops_56fa311719cd.jpg,360,540,c3b4425f6bae4efb7456486aabf5c94b8bc3e0855c24d5a928636af8606ce405,downloaded,ok
2026-04-22T13:53:36.561508+00:00,Hollister tops,https://www.hollisterco.com/shop/us/womens-tops,T-shirt/top,"https://www.hollisterco.com/shop/us/width=device-width, height=device-height, initial-scale=1.0",,,,,skipped,image_fetch_failed:HTTPError
2026-04-22T13:53:38.749943+00:00,Hollister tops,https://www.hollisterco.com/shop/us/womens-tops,T-shirt/top,"https://www.hollisterco.com/shop/us/Shop Women's tops at Hollister.  From flattering basic tees & tanks to the perfect top for a night out, we've got a top for every occasion!",,,,,skipped,image_fetch_failed:HTTPError
2026-04-22T13:53:40.667654+00:00,Hollister tops,https://www.hollisterco.com/shop/us/womens-tops,T-shirt/top,"https://www.hollisterco.com/shop/us/Hollister, Women's Clothing, Men's Clothing, Casual, Jeans, Women's, Tops, View All",,,,,skipped,image_fetch_failed:HTTPError
2026-04-22T13:53:42.569708+00:00,Hollister tops,https://www.hollisterco.com/shop/us/womens-tops,T-shirt/top,https://www.hollisterco.com/shop/us/Women's Tops | Cute Tops for Teens |Hollister Co.,,,,,skipped,image_fetch_failed:HTTPError
2026-04-22T13:53:44.502163+00:00,Hollister tops,https://www.hollisterco.com/shop/us/womens-tops,T-shirt/top,https://www.hollisterco.com/shop/us/product,,,,,skipped,image_fetch_failed:HTTPError
2026-04-22T13:53:46.981293+00:00,Hollister tops,https://www.hollisterco.com/shop/us/womens-tops,T-shirt/top,https://www.hollisterco.com/shop/us/womens-tops,,,,,skipped,non_image_content_type:text/html; charset=utf-8
2026-04-22T13:53:48.741478+00:00,Hollister tops,https://www.hollisterco.com/shop/us/womens-tops,T-shirt/top,https://img.hollisterco.com/is/image/anf/HCo_Facebook_1200x630.jpg,,,,,skipped,robots_unavailable
2026-04-22T13:53:50.075663+00:00,Hollister tops,https://www.hollisterco.com/shop/us/womens-tops,T-shirt/top,https://www.hollisterco.com/shop/us/Hollister Co.,,,,,skipped,image_fetch_failed:HTTPError
2026-04-22T13:53:52.032093+00:00,Hollister tops,https://www.hollisterco.com/shop/us/womens-tops,T-shirt/top,https://www.hollisterco.com/shop/us/summary,,,,,skipped,image_fetch_failed:HTTPError
2026-04-22T13:53:53.034993+00:00,Hollister tops,https://www.hollisterco.com/shop/us/womens-tops,T-shirt/top,https://img.hollisterco.com/is/image/anf/HCo_Twitter_4096x4096.jpg,,,,,skipped,robots_unavailable
2026-04-22T13:53:53.936171+00:00,Hollister tops,https://www.hollisterco.com/shop/us/womens-tops,T-shirt/top,https://www.hollisterco.com/shop/us/false,,,,,skipped,image_fetch_failed:HTTPError
2026-04-22T13:53:55.925067+00:00,Hollister tops,https://www.hollisterco.com/shop/us/womens-tops,T-shirt/top,"https://www.hollisterco.com/shop/us/width=device-width, initial-scale=1.0",,,,,skipped,image_fetch_failed:HTTPError
2026-04-22T13:53:57.915979+00:00,Hollister tops,https://www.hollisterco.com/shop/us/womens-tops,T-shirt/top,https://www.hollisterco.com/shop/us/category,,,,,skipped,image_fetch_failed:HTTPError
2026-04-22T13:53:59.832949+00:00,Hollister tops,https://www.hollisterco.com/shop/us/womens-tops,T-shirt/top,https://www.hollisterco.com/shop/us/166318,,,,,skipped,image_fetch_failed:HTTPError
2026-04-22T13:54:00.835276+00:00,Hollister tops,https://www.hollisterco.com/shop/us/womens-tops,T-shirt/top,https://img.hollisterco.com/is/image/anf/hco_logo_HCO_horizontal_no_seagull_text_primary.svg,,,,,skipped,robots_unavailable
2026-04-22T13:54:00.835447+00:00,Hollister tops,https://www.hollisterco.com/shop/us/womens-tops,T-shirt/top,https://img.hollisterco.com/is/image/anf/hco_icon_chevron_down_button_outlined_label_brand.svg,,,,,skipped,robots_unavailable
2026-04-22T13:54:00.835478+00:00,Hollister tops,https://www.hollisterco.com/shop/us/womens-tops,T-shirt/top,https://img.hollisterco.com/is/image/anf/hco-2026-AprilWk2-FlyoutNav-W-Shorts.jpg,,,,,skipped,robots_unavailable
2026-04-22T13:54:00.835491+00:00,Hollister tops,https://www.hollisterco.com/shop/us/womens-tops,T-shirt/top,https://img.hollisterco.com/is/image/anf/hco-2026-AprilWk2-FlyoutNav-M-StyleShortcut.jpg,,,,,skipped,robots_unavailable
2026-04-22T13:54:00.835519+00:00,Hollister tops,https://www.hollisterco.com/shop/us/womens-tops,T-shirt/top,https://img.hollisterco.com/is/image/anf/hco-2026-MarWk4-FlyoutNav-Gigi-TOYL,,,,,skipped,robots_unavailable
2026-04-22T13:54:00.835741+00:00,Hollister tops,https://www.hollisterco.com/shop/us/womens-tops,T-shirt/top,https://img.hollisterco.com/is/image/anf/hco-20230908-SeptWk3-D-FlyoutNav-Purpose.jpg,,,,,skipped,robots_unavailable
2026-04-22T13:54:00.835764+00:00,Hollister tops,https://www.hollisterco.com/shop/us/womens-tops,T-shirt/top,https://img.hollisterco.com/is/image/anf/hco_icon_search_button_outlined_label_brand.svg,,,,,skipped,robots_unavailable
2026-04-22T13:54:00.835773+00:00,Hollister tops,https://www.hollisterco.com/shop/us/womens-tops,T-shirt/top,https://img.hollisterco.com/is/image/anf/hco_icon_heart_default_button_outlined_label_brand.svg,,,,,skipped,robots_unavailable
2026-04-22T13:54:00.835780+00:00,Hollister tops,https://www.hollisterco.com/shop/us/womens-tops,T-shirt/top,https://img.hollisterco.com/is/image/anf/hco_icon_bag_default_button_outlined_label_brand.svg,,,,,skipped,robots_unavailable
2026-04-22T13:54:00.835791+00:00,Hollister tops,https://www.hollisterco.com/shop/us/womens-tops,T-shirt/top,https://img.hollisterco.com/is/image/anf/hco_icon_menu_button_outlined_label_brand.svg,,,,,skipped,robots_unavailable
2026-04-22T13:54:00.835798+00:00,Hollister tops,https://www.hollisterco.com/shop/us/womens-tops,T-shirt/top,https://img.hollisterco.com/is/image/anf/hco-2026-AprilWk2-Midline-W-StyleShortcut.jpg,,,,,skipped,robots_unavailable
2026-04-22T13:54:00.835818+00:00,Hollister tops,https://www.hollisterco.com/shop/us/womens-tops,T-shirt/top,https://img.hollisterco.com/is/image/anf/hco-2026-Summer-1-StyleShortcut-Brand-Light.svg,,,,,skipped,robots_unavailable
2026-04-22T13:54:00.835826+00:00,Hollister tops,https://www.hollisterco.com/shop/us/womens-tops,T-shirt/top,https://img.hollisterco.com/is/image/anf/KIC_339-6133-00262-100_life1?policy=product-medium,,,,,skipped,robots_unavailable
2026-04-22T13:54:00.835833+00:00,Hollister tops,https://www.hollisterco.com/shop/us/womens-tops,T-shirt/top,https://img.hollisterco.com/is/image/anf/KIC_339-6133-00262-100_model2?policy=product-medium,,,,,skipped,robots_unavailable
2026-04-22T13:54:00.835840+00:00,Hollister tops,https://www.hollisterco.com/shop/us/womens-tops,T-shirt/top,https://img.hollisterco.com/is/image/anf/KIC_339-6133-00262-100_sw?policy=product-xsmall,,,,,skipped,robots_unavailable
2026-04-22T13:54:00.835847+00:00,Hollister tops,https://www.hollisterco.com/shop/us/womens-tops,T-shirt/top,https://img.hollisterco.com/is/image/anf/KIC_339-6132-00239-331_sw?policy=product-xsmall,,,,,skipped,robots_unavailable
2026-04-22T13:54:00.835853+00:00,Hollister tops,https://www.hollisterco.com/shop/us/womens-tops,T-shirt/top,https://img.hollisterco.com/is/image/anf/KIC_339-6132-00239-610_sw?policy=product-xsmall,,,,,skipped,robots_unavailable
2026-04-22T13:54:00.835860+00:00,Hollister tops,https://www.hollisterco.com/shop/us/womens-tops,T-shirt/top,https://img.hollisterco.com/is/image/anf/KIC_339-6132-00239-200_sw?policy=product-xsmall,,,,,skipped,robots_unavailable
2026-04-22T13:54:00.835877+00:00,Hollister tops,https://www.hollisterco.com/shop/us/womens-tops,T-shirt/top,https://img.hollisterco.com/is/image/anf/KIC_352-6110-00143-178_life1?policy=product-medium,,,,,skipped,robots_unavailable
2026-04-22T13:54:00.835886+00:00,Hollister tops,https://www.hollisterco.com/shop/us/womens-tops,T-shirt/top,https://img.hollisterco.com/is/image/anf/KIC_352-6110-00143-178_model1?policy=product-medium,,,,,skipped,robots_unavailable
2026-04-22T13:54:00.835893+00:00,Hollister tops,https://www.hollisterco.com/shop/us/womens-tops,T-shirt/top,https://img.hollisterco.com/is/image/anf/KIC_352-6110-00143-112_sw?policy=product-xsmall,,,,,skipped,robots_unavailable
2026-04-22T13:54:00.835899+00:00,Hollister tops,https://www.hollisterco.com/shop/us/womens-tops,T-shirt/top,https://img.hollisterco.com/is/image/anf/KIC_352-6110-00143-178_sw?policy=product-xsmall,,,,,skipped,robots_unavailable
2026-04-22T13:54:00.835923+00:00,Hollister tops,https://www.hollisterco.com/shop/us/womens-tops,T-shirt/top,https://img.hollisterco.com/is/image/anf/KIC_352-6110-00143-440_sw?policy=product-xsmall,,,,,skipped,robots_unavailable
2026-04-22T13:54:00.835930+00:00,Hollister tops,https://www.hollisterco.com/shop/us/womens-tops,T-shirt/top,https://img.hollisterco.com/is/image/anf/KIC_352-6110-00143-600_sw?policy=product-xsmall,,,,,skipped,robots_unavailable
2026-04-22T13:54:00.835937+00:00,Hollister tops,https://www.hollisterco.com/shop/us/womens-tops,T-shirt/top,https://img.hollisterco.com/is/image/anf/KIC_339-6199-00231-204_life1?policy=product-medium,,,,,skipped,robots_unavailable
2026-04-22T13:54:00.835944+00:00,Hollister tops,https://www.hollisterco.com/shop/us/womens-tops,T-shirt/top,https://img.hollisterco.com/is/image/anf/KIC_339-6199-00231-204_model4?policy=product-medium,,,,,skipped,robots_unavailable
2026-04-22T13:54:00.835951+00:00,Hollister tops,https://www.hollisterco.com/shop/us/womens-tops,T-shirt/top,https://img.hollisterco.com/is/image/anf/KIC_339-6176-00228-100_sw?policy=product-xsmall,,,,,skipped,robots_unavailable
2026-04-22T13:54:00.835957+00:00,Hollister tops,https://www.hollisterco.com/shop/us/womens-tops,T-shirt/top,https://img.hollisterco.com/is/image/anf/KIC_339-6172-00227-112_sw?policy=product-xsmall,,,,,skipped,robots_unavailable
2026-04-22T13:54:00.835971+00:00,Hollister tops,https://www.hollisterco.com/shop/us/womens-tops,T-shirt/top,https://img.hollisterco.com/is/image/anf/KIC_339-6197-00261-408_sw?policy=product-xsmall,,,,,skipped,robots_unavailable
2026-04-22T13:54:00.835978+00:00,Hollister tops,https://www.hollisterco.com/shop/us/womens-tops,T-shirt/top,https://img.hollisterco.com/is/image/anf/KIC_339-6198-00232-424_sw?policy=product-xsmall,,,,,skipped,robots_unavailable
2026-04-22T13:54:00.835984+00:00,Hollister tops,https://www.hollisterco.com/shop/us/womens-tops,T-shirt/top,https://img.hollisterco.com/is/image/anf/KIC_339-6085-00277-230_model1?policy=product-medium,,,,,skipped,robots_unavailable
2026-04-22T13:54:00.835991+00:00,Hollister tops,https://www.hollisterco.com/shop/us/womens-tops,T-shirt/top,https://img.hollisterco.com/is/image/anf/KIC_339-6085-00277-230_model2?policy=product-medium,,,,,skipped,robots_unavailable
2026-04-22T13:54:00.835997+00:00,Hollister tops,https://www.hollisterco.com/shop/us/womens-tops,T-shirt/top,https://img.hollisterco.com/is/image/anf/KIC_339-6072-00264-112_sw?policy=product-xsmall,,,,,skipped,robots_unavailable
2026-04-22T13:54:00.836003+00:00,Hollister tops,https://www.hollisterco.com/shop/us/womens-tops,T-shirt/top,https://img.hollisterco.com/is/image/anf/KIC_339-6224-00263-200_sw?policy=product-xsmall,,,,,skipped,robots_unavailable
2026-04-22T13:54:00.836010+00:00,Hollister tops,https://www.hollisterco.com/shop/us/womens-tops,T-shirt/top,https://img.hollisterco.com/is/image/anf/KIC_339-6224-00263-800_sw?policy=product-xsmall,,,,,skipped,robots_unavailable
2026-04-22T13:54:00.836040+00:00,Hollister tops,https://www.hollisterco.com/shop/us/womens-tops,T-shirt/top,https://img.hollisterco.com/is/image/anf/KIC_339-6085-00277-230_sw?policy=product-xsmall,,,,,skipped,robots_unavailable
2026-04-22T13:54:00.836047+00:00,Hollister tops,https://www.hollisterco.com/shop/us/womens-tops,T-shirt/top,https://img.hollisterco.com/is/image/anf/KIC_339-6176-00228-100_model1?policy=product-medium,,,,,skipped,robots_unavailable
2026-04-22T13:54:00.836234+00:00,Hollister tops,https://www.hollisterco.com/shop/us/womens-tops,T-shirt/top,https://img.hollisterco.com/is/image/anf/KIC_339-6176-00228-100_model3?policy=product-medium,,,,,skipped,robots_unavailable
2026-04-22T13:54:00.836247+00:00,Hollister tops,https://www.hollisterco.com/shop/us/womens-tops,T-shirt/top,https://img.hollisterco.com/is/image/anf/hco-2024-DecWk4-Inlines.jpg,,,,,skipped,robots_unavailable
2026-04-22T13:54:00.836263+00:00,Hollister tops,https://www.hollisterco.com/shop/us/womens-tops,T-shirt/top,https://img.hollisterco.com/is/image/anf/KIC_339-6148-00256-101_model1?policy=product-medium,,,,,skipped,robots_unavailable
2026-04-22T13:54:00.836278+00:00,Hollister tops,https://www.hollisterco.com/shop/us/womens-tops,T-shirt/top,https://img.hollisterco.com/is/image/anf/KIC_339-6148-00256-101_model2?policy=product-medium,,,,,skipped,robots_unavailable
2026-04-22T13:54:00.836296+00:00,Hollister tops,https://www.hollisterco.com/shop/us/womens-tops,T-shirt/top,https://img.hollisterco.com/is/image/anf/KIC_339-6129-00269-204_sw?policy=product-xsmall,,,,,skipped,robots_unavailable
2026-04-22T13:54:00.836304+00:00,Hollister tops,https://www.hollisterco.com/shop/us/womens-tops,T-shirt/top,https://img.hollisterco.com/is/image/anf/KIC_339-6129-00269-600_sw?policy=product-xsmall,,,,,skipped,robots_unavailable
2026-04-22T13:54:00.836310+00:00,Hollister tops,https://www.hollisterco.com/shop/us/womens-tops,T-shirt/top,https://img.hollisterco.com/is/image/anf/KIC_339-6129-00269-804_sw?policy=product-xsmall,,,,,skipped,robots_unavailable
2026-04-22T13:54:00.836316+00:00,Hollister tops,https://www.hollisterco.com/shop/us/womens-tops,T-shirt/top,https://img.hollisterco.com/is/image/anf/KIC_339-6148-00256-101_sw?policy=product-xsmall,,,,,skipped,robots_unavailable
2026-04-22T13:54:00.836324+00:00,Hollister tops,https://www.hollisterco.com/shop/us/womens-tops,T-shirt/top,https://img.hollisterco.com/is/image/anf/KIC_339-6129-00269-204_model1?policy=product-medium,,,,,skipped,robots_unavailable
2026-04-22T13:54:00.836331+00:00,Hollister tops,https://www.hollisterco.com/shop/us/womens-tops,T-shirt/top,https://img.hollisterco.com/is/image/anf/KIC_339-6129-00269-204_model2?policy=product-medium,,,,,skipped,robots_unavailable
2026-04-22T13:54:00.836338+00:00,Hollister tops,https://www.hollisterco.com/shop/us/womens-tops,T-shirt/top,https://img.hollisterco.com/is/image/anf/KIC_339-6295-00279-200_model1?policy=product-medium,,,,,skipped,robots_unavailable
2026-04-22T13:54:00.836346+00:00,Hollister tops,https://www.hollisterco.com/shop/us/womens-tops,T-shirt/top,https://img.hollisterco.com/is/image/anf/KIC_339-6295-00279-200_model2?policy=product-medium,,,,,skipped,robots_unavailable
2026-04-22T13:54:00.836352+00:00,Hollister tops,https://www.hollisterco.com/shop/us/womens-tops,T-shirt/top,https://img.hollisterco.com/is/image/anf/KIC_339-6295-00279-200_sw?policy=product-xsmall,,,,,skipped,robots_unavailable
2026-04-22T13:54:00.836359+00:00,Hollister tops,https://www.hollisterco.com/shop/us/womens-tops,T-shirt/top,https://img.hollisterco.com/is/image/anf/KIC_339-6294-00278-112_sw?policy=product-xsmall,,,,,skipped,robots_unavailable
2026-04-22T13:54:00.836367+00:00,Hollister tops,https://www.hollisterco.com/shop/us/womens-tops,T-shirt/top,https://img.hollisterco.com/is/image/anf/KIC_339-6137-00274-614_sw?policy=product-xsmall,,,,,skipped,robots_unavailable
2026-04-22T13:54:00.836377+00:00,Hollister tops,https://www.hollisterco.com/shop/us/womens-tops,T-shirt/top,https://img.hollisterco.com/is/image/anf/KIC_339-6135-00273-814_sw?policy=product-xsmall,,,,,skipped,robots_unavailable
2026-04-22T13:54:00.836383+00:00,Hollister tops,https://www.hollisterco.com/shop/us/womens-tops,T-shirt/top,https://img.hollisterco.com/is/image/anf/KIC_339-6137-00274-230_model1?policy=product-medium,,,,,skipped,robots_unavailable
2026-04-22T13:54:00.836401+00:00,Hollister tops,https://www.hollisterco.com/shop/us/womens-tops,T-shirt/top,https://img.hollisterco.com/is/image/anf/KIC_339-6137-00274-230_model2?policy=product-medium,,,,,skipped,robots_unavailable
2026-04-22T13:54:00.836416+00:00,Hollister tops,https://www.hollisterco.com/shop/us/womens-tops,T-shirt/top,https://img.hollisterco.com/is/image/anf/KIC_339-6129-00269-600_model1?policy=product-medium,,,,,skipped,robots_unavailable
2026-04-22T13:54:00.836423+00:00,Hollister tops,https://www.hollisterco.com/shop/us/womens-tops,T-shirt/top,https://img.hollisterco.com/is/image/anf/KIC_339-6129-00269-600_model2?policy=product-medium,,,,,skipped,robots_unavailable
2026-04-22T13:54:00.836429+00:00,Hollister tops,https://www.hollisterco.com/shop/us/womens-tops,T-shirt/top,https://img.hollisterco.com/is/image/anf/KIC_339-6134-00272-100_model1?policy=product-medium,,,,,skipped,robots_unavailable
2026-04-22T13:54:00.836435+00:00,Hollister tops,https://www.hollisterco.com/shop/us/womens-tops,T-shirt/top,https://img.hollisterco.com/is/image/anf/KIC_339-6134-00272-100_model2?policy=product-medium,,,,,skipped,robots_unavailable
2026-04-22T13:54:00.836441+00:00,Hollister tops,https://www.hollisterco.com/shop/us/womens-tops,T-shirt/top,https://img.hollisterco.com/is/image/anf/KIC_339-6129-00269-804_model1?policy=product-medium,,,,,skipped,robots_unavailable
2026-04-22T13:54:00.836447+00:00,Hollister tops,https://www.hollisterco.com/shop/us/womens-tops,T-shirt/top,https://img.hollisterco.com/is/image/anf/KIC_339-6129-00269-804_model2?policy=product-medium,,,,,skipped,robots_unavailable
2026-04-22T13:54:00.836454+00:00,Hollister tops,https://www.hollisterco.com/shop/us/womens-tops,T-shirt/top,https://img.hollisterco.com/is/image/anf/hco2026-MarW4-W-Inline-Multiway.jpg,,,,,skipped,robots_unavailable
2026-04-22T13:54:00.836466+00:00,Hollister tops,https://www.hollisterco.com/shop/us/womens-tops,T-shirt/top,https://img.hollisterco.com/is/image/anf/hco_2021_Corporate_Logo_Icon_292a33.png,,,,,skipped,robots_unavailable
2026-04-22T13:54:04.979497+00:00,Brandy Melville tops page 4,https://us.brandymelville.com/collections/clothing-tops?page=4,T-shirt/top,https://us.brandymelville.com/collections/IE=edge,,,,,skipped,image_fetch_failed:HTTPError
2026-04-22T13:54:06.591316+00:00,Brandy Melville tops page 4,https://us.brandymelville.com/collections/clothing-tops?page=4,T-shirt/top,"https://us.brandymelville.com/collections/width=device-width, initial-scale=1.0",,,,,skipped,image_fetch_failed:HTTPError
2026-04-22T13:54:08.326721+00:00,Brandy Melville tops page 4,https://us.brandymelville.com/collections/clothing-tops?page=4,T-shirt/top,https://assets.tapcart.com/pySrGvs7Rl_6441ba9dfedafbcadaf8e12b.png,,,,,skipped,robots_unavailable
2026-04-22T13:54:09.180599+00:00,Brandy Melville tops page 4,https://us.brandymelville.com/collections/clothing-tops?page=4,T-shirt/top,"https://us.brandymelville.com/collections/Brandy Melville USA - Tops: Shop Short-Sleeves, Long-Sleeves, Tubes, Tanks, And Off The Shoulder Tops.",,,,,skipped,image_fetch_failed:HTTPError
2026-04-22T13:54:11.074100+00:00,Brandy Melville tops page 4,https://us.brandymelville.com/collections/clothing-tops?page=4,T-shirt/top,https://us.brandymelville.com/collections/Brandy Melville,,,,,skipped,image_fetch_failed:HTTPError
2026-04-22T13:54:12.938941+00:00,Brandy Melville tops page 4,https://us.brandymelville.com/collections/clothing-tops?page=4,T-shirt/top,https://us.brandymelville.com/collections/clothing-tops?page=4,,,,,skipped,non_image_content_type:text/html; charset=utf-8
2026-04-22T13:54:14.855501+00:00,Brandy Melville tops page 4,https://us.brandymelville.com/collections/clothing-tops?page=4,T-shirt/top,https://us.brandymelville.com/collections/Brandy Melville USA - Tops,,,,,skipped,image_fetch_failed:HTTPError
2026-04-22T13:54:16.437466+00:00,Brandy Melville tops page 4,https://us.brandymelville.com/collections/clothing-tops?page=4,T-shirt/top,https://us.brandymelville.com/collections/product.group,,,,,skipped,image_fetch_failed:HTTPError
2026-04-22T13:54:19.660779+00:00,Brandy Melville tops page 4,https://us.brandymelville.com/collections/clothing-tops?page=4,T-shirt/top,http://us.brandymelville.com/cdn/shop/files/BM_main_logo_social_1200_628.png?v=1683122263,/Users/ashley/Desktop/python/CS156-Machine-Learning/final/data/retail_images/raw/t_shirt_top/brandy_melville_tops_page_4_3ff41db59c62.png,1200,628,fe82184589d8aad94c39210e6c745fdb68ce5267d6ddfce2e1d3379d87c202b3,downloaded,ok
2026-04-22T13:54:21.533857+00:00,Brandy Melville tops page 4,https://us.brandymelville.com/collections/clothing-tops?page=4,T-shirt/top,https://us.brandymelville.com/cdn/shop/files/BM_main_logo_social_1200_628.png?v=1683122263,/Users/ashley/Desktop/python/CS156-Machine-Learning/final/data/retail_images/raw/t_shirt_top/brandy_melville_tops_page_4_593d38a57918.png,1200,628,fe82184589d8aad94c39210e6c745fdb68ce5267d6ddfce2e1d3379d87c202b3,downloaded,ok
2026-04-22T13:54:23.364727+00:00,Brandy Melville tops page 4,https://us.brandymelville.com/collections/clothing-tops?page=4,T-shirt/top,https://us.brandymelville.com/collections/1200,,,,,skipped,image_fetch_failed:HTTPError
2026-04-22T13:54:25.228208+00:00,Brandy Melville tops page 4,https://us.brandymelville.com/collections/clothing-tops?page=4,T-shirt/top,https://us.brandymelville.com/collections/628,,,,,skipped,image_fetch_failed:HTTPError
2026-04-22T13:54:27.120190+00:00,Brandy Melville tops page 4,https://us.brandymelville.com/collections/clothing-tops?page=4,T-shirt/top,https://us.brandymelville.com/collections/summary_large_image,,,,,skipped,image_fetch_failed:HTTPError
2026-04-22T13:54:28.722497+00:00,Brandy Melville tops page 4,https://us.brandymelville.com/collections/clothing-tops?page=4,T-shirt/top,https://us.brandymelville.com/45598277796/digital_wallets/dialog,,,,,skipped,non_image_content_type:text/html; charset=utf-8
2026-04-22T13:54:30.556983+00:00,Brandy Melville tops page 4,https://us.brandymelville.com/collections/clothing-tops?page=4,T-shirt/top,https://us.brandymelville.com/collections/709464262936bde3fb8a81c2f0beef63,,,,,skipped,image_fetch_failed:HTTPError
2026-04-22T13:54:32.586669+00:00,Brandy Melville tops page 4,https://us.brandymelville.com/collections/clothing-tops?page=4,T-shirt/top,https://us.brandymelville.com/cdn/shop/t/90/assets/stg_logo.png?v=69450335796886146751766083622,/Users/ashley/Desktop/python/CS156-Machine-Learning/final/data/retail_images/raw/t_shirt_top/brandy_melville_tops_page_4_580c7bd0b280.png,430,437,7aab149982692fcc21e61c9226cc097c00fd7c4073e9696b11dc4f3402d253c7,downloaded,ok
2026-04-22T13:54:34.109893+00:00,Brandy Melville tops page 4,https://us.brandymelville.com/collections/clothing-tops?page=4,T-shirt/top,https://us.brandymelville.com/cdn/shop/t/90/assets/united-states-flag.svg?v=1775622008207747401755603414,,,,,skipped,unreadable_image
2026-04-22T13:54:36.347948+00:00,Brandy Melville tops page 4,https://us.brandymelville.com/collections/clothing-tops?page=4,T-shirt/top,https://cdn.shopify.com/s/files/1/0455/9827/7796/files/Brandy_melville_US_logo.svg?v=1615508458,,,,,skipped,unreadable_image
2026-04-22T13:54:38.317609+00:00,Brandy Melville tops page 4,https://us.brandymelville.com/collections/clothing-tops?page=4,T-shirt/top,https://us.brandymelville.com/cdn/shop/files/MD034-166TS162T775AD-01_533x.jpg?v=1773406726,/Users/ashley/Desktop/python/CS156-Machine-Learning/final/data/retail_images/raw/t_shirt_top/brandy_melville_tops_page_4_2df46b6736d2.jpg,533,800,e7b8bcc4fbaa2462f652bec8680fb45137a6bde22fc89d0838fe61c6e1056a1c,downloaded,ok
2026-04-22T13:54:40.007070+00:00,Brandy Melville tops page 4,https://us.brandymelville.com/collections/clothing-tops?page=4,T-shirt/top,https://us.brandymelville.com/cdn/shop/files/MD034-166TS162T775AD-01_165x.jpg?v=1773406726,/Users/ashley/Desktop/python/CS156-Machine-Learning/final/data/retail_images/raw/t_shirt_top/brandy_melville_tops_page_4_11ac445273be.jpg,165,248,7c5a78217394686b650ccca97c5e0adc769dd4b8d12898980dffdb6631e23ded,downloaded,ok
2026-04-22T13:54:41.964592+00:00,Brandy Melville tops page 4,https://us.brandymelville.com/collections/clothing-tops?page=4,T-shirt/top,https://us.brandymelville.com/cdn/shop/files/MD034-166TS162T775AD-01_360x.jpg?v=1773406726,/Users/ashley/Desktop/python/CS156-Machine-Learning/final/data/retail_images/raw/t_shirt_top/brandy_melville_tops_page_4_8c4c0d9efec4.jpg,360,540,9b0edf24025bc2b2ac9f9d121a7ff704eefe809edc5622cf84e4b82f5b85cf1a,downloaded,ok
2026-04-22T13:54:43.943345+00:00,Brandy Melville tops page 4,https://us.brandymelville.com/collections/clothing-tops?page=4,T-shirt/top,https://us.brandymelville.com/cdn/shop/files/MQ069-698PSU5600B5-01_daa21f61-2e7e-420d-844b-9e0922d44d15_533x.jpg?v=1774280164,/Users/ashley/Desktop/python/CS156-Machine-Learning/final/data/retail_images/raw/t_shirt_top/brandy_melville_tops_page_4_703501a2ce61.jpg,533,800,e08ed056cc5e07bc5541563c7f7e4ab266f21cf967040f95dae9e3f9e4e80a01,downloaded,ok
2026-04-22T13:54:45.593099+00:00,Brandy Melville tops page 4,https://us.brandymelville.com/collections/clothing-tops?page=4,T-shirt/top,https://us.brandymelville.com/cdn/shop/files/MQ069-698PSU5600B5-01_daa21f61-2e7e-420d-844b-9e0922d44d15_165x.jpg?v=1774280164,/Users/ashley/Desktop/python/CS156-Machine-Learning/final/data/retail_images/raw/t_shirt_top/brandy_melville_tops_page_4_725dd10599fe.jpg,165,248,f48463d2243498359a9aa4448f6e7d97e7c5c1467a0def2c9a1d65f4623c4913,downloaded,ok
2026-04-22T13:54:47.455246+00:00,Brandy Melville tops page 4,https://us.brandymelville.com/collections/clothing-tops?page=4,T-shirt/top,https://us.brandymelville.com/cdn/shop/files/MQ069-698PSU5600B5-01_daa21f61-2e7e-420d-844b-9e0922d44d15_360x.jpg?v=1774280164,/Users/ashley/Desktop/python/CS156-Machine-Learning/final/data/retail_images/raw/t_shirt_top/brandy_melville_tops_page_4_0e459158782e.jpg,360,540,d499464f2523474615209f1c64e3984e2008abed62f5858f04f36b35e9227295,downloaded,ok
2026-04-22T13:54:49.669296+00:00,Brandy Melville tops page 4,https://us.brandymelville.com/collections/clothing-tops?page=4,T-shirt/top,https://us.brandymelville.com/cdn/shop/files/MH228P-1452SU5600BFL-01_1861eab6-bd98-40ee-ab86-989bcad358fb_533x.jpg?v=1773358799,/Users/ashley/Desktop/python/CS156-Machine-Learning/final/data/retail_images/raw/t_shirt_top/brandy_melville_tops_page_4_6ee344ced5f2.jpg,533,800,c6e69b8bb3c40f0466ac5ec9e66bab7a531862329b6a245f903dded26ad2449f,downloaded,ok
2026-04-22T13:54:51.434087+00:00,Brandy Melville tops page 4,https://us.brandymelville.com/collections/clothing-tops?page=4,T-shirt/top,https://us.brandymelville.com/cdn/shop/files/MH228P-1452SU5600BFL-01_1861eab6-bd98-40ee-ab86-989bcad358fb_165x.jpg?v=1773358799,/Users/ashley/Desktop/python/CS156-Machine-Learning/final/data/retail_images/raw/t_shirt_top/brandy_melville_tops_page_4_750e24641e84.jpg,165,248,454d2385dc26c5c9875726bbca7879a8408aa279a436c91d435aaef30a79cb10,downloaded,ok
2026-04-22T13:54:53.337411+00:00,Brandy Melville tops page 4,https://us.brandymelville.com/collections/clothing-tops?page=4,T-shirt/top,https://us.brandymelville.com/cdn/shop/files/MH228P-1452SU5600BFL-01_1861eab6-bd98-40ee-ab86-989bcad358fb_360x.jpg?v=1773358799,/Users/ashley/Desktop/python/CS156-Machine-Learning/final/data/retail_images/raw/t_shirt_top/brandy_melville_tops_page_4_fdd22e2e4ead.jpg,360,540,5b17783d3832142aab865e43fe7e3179508c7846ce092230a2852360f28b03e9,downloaded,ok
2026-04-22T13:54:55.419307+00:00,Brandy Melville tops page 4,https://us.brandymelville.com/collections/clothing-tops?page=4,T-shirt/top,https://us.brandymelville.com/cdn/shop/files/MW006-58SU5600PZ_533x.jpg?v=1775684344,/Users/ashley/Desktop/python/CS156-Machine-Learning/final/data/retail_images/raw/t_shirt_top/brandy_melville_tops_page_4_71b185967c23.jpg,533,800,c795576ff8cac4b04131e2a7cde04c982da1b528c14938bb5287569e31c826b7,downloaded,ok
2026-04-22T13:54:57.134786+00:00,Brandy Melville tops page 4,https://us.brandymelville.com/collections/clothing-tops?page=4,T-shirt/top,https://us.brandymelville.com/cdn/shop/files/MW006-58SU5600PZ_165x.jpg?v=1775684344,/Users/ashley/Desktop/python/CS156-Machine-Learning/final/data/retail_images/raw/t_shirt_top/brandy_melville_tops_page_4_8c2b4aead1f4.jpg,165,248,304e90d86b461c7ff60a95aeec6317e8dc70455be5450f0412246b481337ec20,downloaded,ok
2026-04-22T13:54:59.036617+00:00,Brandy Melville tops page 4,https://us.brandymelville.com/collections/clothing-tops?page=4,T-shirt/top,https://us.brandymelville.com/cdn/shop/files/MW006-58SU5600PZ_360x.jpg?v=1775684344,/Users/ashley/Desktop/python/CS156-Machine-Learning/final/data/retail_images/raw/t_shirt_top/brandy_melville_tops_page_4_ca9000d0f64f.jpg,360,540,39614d6948e1b59090c507a7f8855623be2694735477bf71f7dafece3a98c114,downloaded,ok
2026-04-22T13:55:01.066458+00:00,Brandy Melville tops page 4,https://us.brandymelville.com/collections/clothing-tops?page=4,T-shirt/top,https://us.brandymelville.com/cdn/shop/files/MW006-Z338S54100Z392-01_533x.jpg?v=1773843756,/Users/ashley/Desktop/python/CS156-Machine-Learning/final/data/retail_images/raw/t_shirt_top/brandy_melville_tops_page_4_961c71b927e2.jpg,533,800,b48c2b58fef311de030104ed4639a76315e97f284b8bdcf469e2c6fc23e9063e,downloaded,ok
2026-04-22T13:55:02.963888+00:00,Brandy Melville tops page 4,https://us.brandymelville.com/collections/clothing-tops?page=4,T-shirt/top,https://us.brandymelville.com/cdn/shop/files/MW006-Z338S54100Z392-01_165x.jpg?v=1773843756,/Users/ashley/Desktop/python/CS156-Machine-Learning/final/data/retail_images/raw/t_shirt_top/brandy_melville_tops_page_4_1035e9c74de8.jpg,165,248,c1fdc7e5669a5946ed713de4cc3e9602f81ca7e6f9ea2ec1a6a0eae873dc5312,downloaded,ok
2026-04-22T13:55:04.868256+00:00,Brandy Melville tops page 4,https://us.brandymelville.com/collections/clothing-tops?page=4,T-shirt/top,https://us.brandymelville.com/cdn/shop/files/MW006-Z338S54100Z392-01_360x.jpg?v=1773843756,/Users/ashley/Desktop/python/CS156-Machine-Learning/final/data/retail_images/raw/t_shirt_top/brandy_melville_tops_page_4_482bb4971a05.jpg,360,540,ea2980160d262837cf54bcb388a67a953025f264f23ebce0fc072d570921eb0c,downloaded,ok
2026-04-22T13:55:06.955601+00:00,Brandy Melville tops page 4,https://us.brandymelville.com/collections/clothing-tops?page=4,T-shirt/top,https://us.brandymelville.com/cdn/shop/files/MH632EN-Z316S00500PZ-01_7215f267-6254-48e3-b3e9-51c5c8377149_533x.jpg?v=1773959898,/Users/ashley/Desktop/python/CS156-Machine-Learning/final/data/retail_images/raw/t_shirt_top/brandy_melville_tops_page_4_703524a05112.jpg,533,800,ec038e28cfc44d668d213fb89677754fc04f0c44a719ade5054946cee5466ac6,downloaded,ok
2026-04-22T13:55:08.682926+00:00,Brandy Melville tops page 4,https://us.brandymelville.com/collections/clothing-tops?page=4,T-shirt/top,https://us.brandymelville.com/cdn/shop/files/MH632EN-Z316S00500PZ-01_7215f267-6254-48e3-b3e9-51c5c8377149_165x.jpg?v=1773959898,/Users/ashley/Desktop/python/CS156-Machine-Learning/final/data/retail_images/raw/t_shirt_top/brandy_melville_tops_page_4_17c4dbab344d.jpg,165,248,4ed2a99d92b82d25eee9255cd1d5ecc273fddc4d5251b89fe07312a453dd27da,downloaded,ok
2026-04-22T13:55:10.635471+00:00,Brandy Melville tops page 4,https://us.brandymelville.com/collections/clothing-tops?page=4,T-shirt/top,https://us.brandymelville.com/cdn/shop/files/MH632EN-Z316S00500PZ-01_7215f267-6254-48e3-b3e9-51c5c8377149_360x.jpg?v=1773959898,/Users/ashley/Desktop/python/CS156-Machine-Learning/final/data/retail_images/raw/t_shirt_top/brandy_melville_tops_page_4_091459355b2d.jpg,360,540,94e45998634dc5c365c1c697acecb5fc639a1063caa559d74fdc4e76fc6cab7a,downloaded,ok
2026-04-22T13:55:12.656083+00:00,Brandy Melville tops page 4,https://us.brandymelville.com/collections/clothing-tops?page=4,T-shirt/top,https://us.brandymelville.com/cdn/shop/files/MW922H-166TSZ22700AC_533x.jpg?v=1773065435,/Users/ashley/Desktop/python/CS156-Machine-Learning/final/data/retail_images/raw/t_shirt_top/brandy_melville_tops_page_4_532c3d3cdb71.jpg,533,800,a576abf5b2ae36faed8ef1959a6c400778c9cda4de6666c661ad2f0072469671,downloaded,ok
2026-04-22T13:55:14.355778+00:00,Brandy Melville tops page 4,https://us.brandymelville.com/collections/clothing-tops?page=4,T-shirt/top,https://us.brandymelville.com/cdn/shop/files/MW922H-166TSZ22700AC_165x.jpg?v=1773065435,/Users/ashley/Desktop/python/CS156-Machine-Learning/final/data/retail_images/raw/t_shirt_top/brandy_melville_tops_page_4_53a456d2c632.jpg,165,248,bcc85383a9b07d30449da2b26935ce9ad8435d1dd858cbad787cd348be49ee42,downloaded,ok
2026-04-22T13:55:16.177924+00:00,Brandy Melville tops page 4,https://us.brandymelville.com/collections/clothing-tops?page=4,T-shirt/top,https://us.brandymelville.com/cdn/shop/files/MW922H-166TSZ22700AC_360x.jpg?v=1773065435,/Users/ashley/Desktop/python/CS156-Machine-Learning/final/data/retail_images/raw/t_shirt_top/brandy_melville_tops_page_4_50d2e51ae671.jpg,360,540,e4cf419877f714d947ce9461906890205fa195c72e42b79d08caf2224ec6deb0,downloaded,ok
2026-04-22T13:55:18.236382+00:00,Brandy Melville tops page 4,https://us.brandymelville.com/collections/clothing-tops?page=4,T-shirt/top,https://us.brandymelville.com/cdn/shop/files/MD159K-166TS015S913VIN-01_79ddce7f-04da-4b4f-bf60-3b07ddcc0078_533x.jpg?v=1773065462,/Users/ashley/Desktop/python/CS156-Machine-Learning/final/data/retail_images/raw/t_shirt_top/brandy_melville_tops_page_4_ef89a9a1122f.jpg,533,800,66481a284d4f20220c5c6131dea518da31ec8afe854c466a6459595d62a5014c,downloaded,ok
2026-04-22T13:55:19.813857+00:00,Brandy Melville tops page 4,https://us.brandymelville.com/collections/clothing-tops?page=4,T-shirt/top,https://us.brandymelville.com/cdn/shop/files/MD159K-166TS015S913VIN-01_79ddce7f-04da-4b4f-bf60-3b07ddcc0078_165x.jpg?v=1773065462,/Users/ashley/Desktop/python/CS156-Machine-Learning/final/data/retail_images/raw/t_shirt_top/brandy_melville_tops_page_4_496a04d4779c.jpg,165,248,3dfdf3af7278a4f7b631a065a67e5d8945d2d55299b28498d700f5ee4c353ebd,downloaded,ok
2026-04-22T13:55:21.605733+00:00,Brandy Melville tops page 4,https://us.brandymelville.com/collections/clothing-tops?page=4,T-shirt/top,https://us.brandymelville.com/cdn/shop/files/MD159K-166TS015S913VIN-01_79ddce7f-04da-4b4f-bf60-3b07ddcc0078_360x.jpg?v=1773065462,/Users/ashley/Desktop/python/CS156-Machine-Learning/final/data/retail_images/raw/t_shirt_top/brandy_melville_tops_page_4_1f9114b04f5d.jpg,360,540,3ffac7e99c55ca24ac50e9e29b9469529d426b84b454e71f413bbfce4c568995,downloaded,ok
2026-04-22T13:55:23.684372+00:00,Brandy Melville tops page 4,https://us.brandymelville.com/collections/clothing-tops?page=4,T-shirt/top,https://us.brandymelville.com/cdn/shop/files/MW935HT-Z186SZ2750000_533x.jpg?v=1776283707,/Users/ashley/Desktop/python/CS156-Machine-Learning/final/data/retail_images/raw/t_shirt_top/brandy_melville_tops_page_4_9f58dfec0518.jpg,533,800,d937af930e015cce7d887d293cdbd9aa366e210aad2fa58fc5d4afd19b75ebdb,downloaded,ok
2026-04-22T13:55:25.640876+00:00,Brandy Melville tops page 4,https://us.brandymelville.com/collections/clothing-tops?page=4,T-shirt/top,https://us.brandymelville.com/cdn/shop/files/MW935HT-Z186SZ2750000_165x.jpg?v=1776283707,/Users/ashley/Desktop/python/CS156-Machine-Learning/final/data/retail_images/raw/t_shirt_top/brandy_melville_tops_page_4_5f5de885e34a.jpg,165,248,f3fc9db7f3cf818432099ff250527bbf2312efedf9ec6404496ae5ca447c9b8d,downloaded,ok
2026-04-22T13:55:27.581806+00:00,Brandy Melville tops page 4,https://us.brandymelville.com/collections/clothing-tops?page=4,T-shirt/top,https://us.brandymelville.com/cdn/shop/files/MW935HT-Z186SZ2750000_360x.jpg?v=1776283707,/Users/ashley/Desktop/python/CS156-Machine-Learning/final/data/retail_images/raw/t_shirt_top/brandy_melville_tops_page_4_5b2aae6624ba.jpg,360,540,bb13df00a066a9287687adab5955f8d25d4ede9680b97c260e6eaf3667819ecd,downloaded,ok
2026-04-22T13:55:29.544984+00:00,Brandy Melville tops page 4,https://us.brandymelville.com/collections/clothing-tops?page=4,T-shirt/top,https://us.brandymelville.com/cdn/shop/files/ML043A-Z385SB200000_533x.jpg?v=1773065484,/Users/ashley/Desktop/python/CS156-Machine-Learning/final/data/retail_images/raw/t_shirt_top/brandy_melville_tops_page_4_a3f47dd459cc.jpg,533,800,be815d5103959a87e187783437f67734bfc96652dd4b15dca4778a732dc9c4ce,downloaded,ok
2026-04-22T13:55:31.101577+00:00,Brandy Melville tops page 4,https://us.brandymelville.com/collections/clothing-tops?page=4,T-shirt/top,https://us.brandymelville.com/cdn/shop/files/ML043A-Z385SB200000_165x.jpg?v=1773065484,/Users/ashley/Desktop/python/CS156-Machine-Learning/final/data/retail_images/raw/t_shirt_top/brandy_melville_tops_page_4_6ccd83a92420.jpg,165,248,496e2fa1c5be0039d2d9ead61504a9d7e3563722bcd3ee278c462a06c00ddd39,downloaded,ok
2026-04-22T13:55:32.912828+00:00,Brandy Melville tops page 4,https://us.brandymelville.com/collections/clothing-tops?page=4,T-shirt/top,https://us.brandymelville.com/cdn/shop/files/ML043A-Z385SB200000_360x.jpg?v=1773065484,/Users/ashley/Desktop/python/CS156-Machine-Learning/final/data/retail_images/raw/t_shirt_top/brandy_melville_tops_page_4_6e53f7edff5e.jpg,360,540,371347dfb24ce25185e81bbb0ea8555e7eee000e13659550fab9f3d8bbfb8352,downloaded,ok
2026-04-22T13:55:34.995419+00:00,Brandy Melville tops page 4,https://us.brandymelville.com/collections/clothing-tops?page=4,T-shirt/top,https://us.brandymelville.com/cdn/shop/files/MQ069HP-1008SQ6600B16-00_533x.jpg?v=1773065479,/Users/ashley/Desktop/python/CS156-Machine-Learning/final/data/retail_images/raw/t_shirt_top/brandy_melville_tops_page_4_0b27ff4344e8.jpg,533,800,53b81ffa4beafbe2bfa9a11fdc7fada4a635c29989a17dc8cd4dbfb437a0e524,downloaded,ok
2026-04-22T13:55:36.876487+00:00,Brandy Melville tops page 4,https://us.brandymelville.com/collections/clothing-tops?page=4,T-shirt/top,https://us.brandymelville.com/cdn/shop/files/MQ069HP-1008SQ6600B16-00_165x.jpg?v=1773065479,/Users/ashley/Desktop/python/CS156-Machine-Learning/final/data/retail_images/raw/t_shirt_top/brandy_melville_tops_page_4_46f611a3a5a9.jpg,165,248,8f9602524f31bce2ae00fc44774dabfec99682d28e2ea9ae05a7086b3e0fb0ce,downloaded,ok
2026-04-22T13:55:38.788052+00:00,Brandy Melville tops page 4,https://us.brandymelville.com/collections/clothing-tops?page=4,T-shirt/top,https://us.brandymelville.com/cdn/shop/files/MQ069HP-1008SQ6600B16-00_360x.jpg?v=1773065479,/Users/ashley/Desktop/python/CS156-Machine-Learning/final/data/retail_images/raw/t_shirt_top/brandy_melville_tops_page_4_ed34a0f57d3e.jpg,360,540,f0a37479b67b1cef76fad6b41c71a4179e0b8578f89195fdeb9ffdcd78322f6e,downloaded,ok
2026-04-22T13:55:40.804882+00:00,Brandy Melville tops page 4,https://us.brandymelville.com/collections/clothing-tops?page=4,T-shirt/top,https://us.brandymelville.com/cdn/shop/files/MLA002-8005SU25T79500-01_90eacdc9-ac8c-4f7f-b33c-f1ebd57d8a7f_533x.jpg?v=1773336478,/Users/ashley/Desktop/python/CS156-Machine-Learning/final/data/retail_images/raw/t_shirt_top/brandy_melville_tops_page_4_00351b9b74fe.jpg,533,800,8f9c03ca6cdb8d349e5ae57c8fa303ed301264c102ac32c0da749f5cf7d0dbdc,downloaded,ok
2026-04-22T13:55:42.713265+00:00,Brandy Melville tops page 4,https://us.brandymelville.com/collections/clothing-tops?page=4,T-shirt/top,https://us.brandymelville.com/cdn/shop/files/MLA002-8005SU25T79500-01_90eacdc9-ac8c-4f7f-b33c-f1ebd57d8a7f_165x.jpg?v=1773336478,/Users/ashley/Desktop/python/CS156-Machine-Learning/final/data/retail_images/raw/t_shirt_top/brandy_melville_tops_page_4_4fdf81322eaa.jpg,165,248,b7910ec6c068aecd29242df68aea540917430f95a4a8c175add1c107d0ef2fe1,downloaded,ok
2026-04-22T13:55:44.592058+00:00,Brandy Melville tops page 4,https://us.brandymelville.com/collections/clothing-tops?page=4,T-shirt/top,https://us.brandymelville.com/cdn/shop/files/MLA002-8005SU25T79500-01_90eacdc9-ac8c-4f7f-b33c-f1ebd57d8a7f_360x.jpg?v=1773336478,/Users/ashley/Desktop/python/CS156-Machine-Learning/final/data/retail_images/raw/t_shirt_top/brandy_melville_tops_page_4_31f46c6d9e2d.jpg,360,540,76a5092e1922d96bc877a1560888c7126659654151b2b52aaa9b3a9991817389,downloaded,ok
2026-04-22T13:55:46.552933+00:00,Brandy Melville tops page 4,https://us.brandymelville.com/collections/clothing-tops?page=4,T-shirt/top,https://us.brandymelville.com/cdn/shop/files/MW922L-166S07100VP72-01_8298382b-9117-4ec9-a368-7381c52341e8_533x.jpg?v=1772486050,/Users/ashley/Desktop/python/CS156-Machine-Learning/final/data/retail_images/raw/t_shirt_top/brandy_melville_tops_page_4_9dc56cbac77a.jpg,533,800,54693c27ec2d47fbfb1e5474acc51db16741b8092a54c4abcc39fb6e81236f79,downloaded,ok
2026-04-22T13:55:48.264163+00:00,Brandy Melville tops page 4,https://us.brandymelville.com/collections/clothing-tops?page=4,T-shirt/top,https://us.brandymelville.com/cdn/shop/files/MW922L-166S07100VP72-01_8298382b-9117-4ec9-a368-7381c52341e8_165x.jpg?v=1772486050,/Users/ashley/Desktop/python/CS156-Machine-Learning/final/data/retail_images/raw/t_shirt_top/brandy_melville_tops_page_4_b25efa0c5f67.jpg,165,248,f7f2a28acd15f5b639b9435d0d39a3296e15129cc2fc346bb6c1c878f52fcffb,downloaded,ok
2026-04-22T13:55:50.293184+00:00,Brandy Melville tops page 4,https://us.brandymelville.com/collections/clothing-tops?page=4,T-shirt/top,https://us.brandymelville.com/cdn/shop/files/MW922L-166S07100VP72-01_8298382b-9117-4ec9-a368-7381c52341e8_360x.jpg?v=1772486050,/Users/ashley/Desktop/python/CS156-Machine-Learning/final/data/retail_images/raw/t_shirt_top/brandy_melville_tops_page_4_3e6105fc11a5.jpg,360,540,2059d365f9213b22792509c3689676062f6af177c922b5b8a4be1b9899428bab,downloaded,ok
2026-04-22T13:55:52.336273+00:00,Brandy Melville tops page 4,https://us.brandymelville.com/collections/clothing-tops?page=4,T-shirt/top,https://us.brandymelville.com/cdn/shop/files/MLA002C-8005SU25L244TV-01_533x.jpg?v=1772074831,/Users/ashley/Desktop/python/CS156-Machine-Learning/final/data/retail_images/raw/t_shirt_top/brandy_melville_tops_page_4_d6c2a2b13b97.jpg,533,800,f003dc9017121b7338728d449eda924ca1113d5e13e885a36595974c1b90040b,downloaded,ok
2026-04-22T13:55:54.038008+00:00,Brandy Melville tops page 4,https://us.brandymelville.com/collections/clothing-tops?page=4,T-shirt/top,https://us.brandymelville.com/cdn/shop/files/MLA002C-8005SU25L244TV-01_165x.jpg?v=1772074831,/Users/ashley/Desktop/python/CS156-Machine-Learning/final/data/retail_images/raw/t_shirt_top/brandy_melville_tops_page_4_83fea7ea8895.jpg,165,248,ba5df5801aca64ab1a1de41650838c834109487ca8f616b6f2c120c3bc1f9812,downloaded,ok
2026-04-22T13:55:56.149288+00:00,Brandy Melville tops page 4,https://us.brandymelville.com/collections/clothing-tops?page=4,T-shirt/top,https://us.brandymelville.com/cdn/shop/files/MLA002C-8005SU25L244TV-01_360x.jpg?v=1772074831,/Users/ashley/Desktop/python/CS156-Machine-Learning/final/data/retail_images/raw/t_shirt_top/brandy_melville_tops_page_4_f57e778ce3e6.jpg,360,540,6c7e6188af2d9157284e41ef4c9c1850cc213da04d7a3fb289ab1b32bd4c2e94,downloaded,ok
2026-04-22T13:55:58.058389+00:00,Brandy Melville tops page 4,https://us.brandymelville.com/collections/clothing-tops?page=4,T-shirt/top,https://us.brandymelville.com/cdn/shop/files/M065L-622PSB200000-01_450996fd-fb85-455c-b07b-c54451d3805b_533x.jpg?v=1772213221,/Users/ashley/Desktop/python/CS156-Machine-Learning/final/data/retail_images/raw/t_shirt_top/brandy_melville_tops_page_4_3d8afe4e68be.jpg,533,800,96760396c4aff4d6ea57991f619f82471eedda0db789dd1a4d35db04f481c1e3,downloaded,ok
2026-04-22T13:55:59.737507+00:00,Brandy Melville tops page 4,https://us.brandymelville.com/collections/clothing-tops?page=4,T-shirt/top,https://us.brandymelville.com/cdn/shop/files/M065L-622PSB200000-01_450996fd-fb85-455c-b07b-c54451d3805b_165x.jpg?v=1772213221,/Users/ashley/Desktop/python/CS156-Machine-Learning/final/data/retail_images/raw/t_shirt_top/brandy_melville_tops_page_4_044c789ddf04.jpg,165,248,9fd85fdca7d1f6ee216d14abe9ba42ca83dd194ef3390e897dd408953b0030b7,downloaded,ok
2026-04-22T13:56:01.525896+00:00,Brandy Melville tops page 4,https://us.brandymelville.com/collections/clothing-tops?page=4,T-shirt/top,https://us.brandymelville.com/cdn/shop/files/M065L-622PSB200000-01_450996fd-fb85-455c-b07b-c54451d3805b_360x.jpg?v=1772213221,/Users/ashley/Desktop/python/CS156-Machine-Learning/final/data/retail_images/raw/t_shirt_top/brandy_melville_tops_page_4_9d98b57b6113.jpg,360,540,feaaa2ef6dbdcb1af5458292c272ab7a2d5d2f6f4c3990d778f414770e277e28,downloaded,ok
2026-04-22T13:56:03.519902+00:00,Brandy Melville tops page 4,https://us.brandymelville.com/collections/clothing-tops?page=4,T-shirt/top,https://us.brandymelville.com/cdn/shop/files/MQ069YR-166S07100VP72-01_b65e44c4-2063-48a3-973f-3f524058b10b_533x.jpg?v=1772051931,/Users/ashley/Desktop/python/CS156-Machine-Learning/final/data/retail_images/raw/t_shirt_top/brandy_melville_tops_page_4_1bffb93d424b.jpg,533,800,9b8beaedde79b80ed5da1e58be183b8044ab0e5fdae2e56b712fd82107490d28,downloaded,ok
2026-04-22T13:56:05.224473+00:00,Brandy Melville tops page 4,https://us.brandymelville.com/collections/clothing-tops?page=4,T-shirt/top,https://us.brandymelville.com/cdn/shop/files/MQ069YR-166S07100VP72-01_b65e44c4-2063-48a3-973f-3f524058b10b_165x.jpg?v=1772051931,/Users/ashley/Desktop/python/CS156-Machine-Learning/final/data/retail_images/raw/t_shirt_top/brandy_melville_tops_page_4_65081fb9ad2f.jpg,165,248,71e987e9d25f0e3cd0dbfb48190db25c3ce19676e3cbef8d6de9b20a9384f1ab,downloaded,ok
2026-04-22T13:56:07.053360+00:00,Brandy Melville tops page 4,https://us.brandymelville.com/collections/clothing-tops?page=4,T-shirt/top,https://us.brandymelville.com/cdn/shop/files/MQ069YR-166S07100VP72-01_b65e44c4-2063-48a3-973f-3f524058b10b_360x.jpg?v=1772051931,/Users/ashley/Desktop/python/CS156-Machine-Learning/final/data/retail_images/raw/t_shirt_top/brandy_melville_tops_page_4_137ee632ca9b.jpg,360,540,9bcf66e4584f3ab907e98d1e3b4e064f6806d97f818a8c6c9328faa13f109a31,downloaded,ok
2026-04-22T13:56:09.129217+00:00,Brandy Melville tops page 4,https://us.brandymelville.com/collections/clothing-tops?page=4,T-shirt/top,https://us.brandymelville.com/cdn/shop/files/m427m-z400sb200000__0_533x.jpg?v=1776733216,/Users/ashley/Desktop/python/CS156-Machine-Learning/final/data/retail_images/raw/t_shirt_top/brandy_melville_tops_page_4_df0c798918ba.jpg,533,800,be2a80ecdd683f88a40400dd415558e8023f3edb097da37a36c4cf2804d9a48e,downloaded,ok
2026-04-22T13:56:10.858927+00:00,Brandy Melville tops page 4,https://us.brandymelville.com/collections/clothing-tops?page=4,T-shirt/top,https://us.brandymelville.com/cdn/shop/files/m427m-z400sb200000__0_165x.jpg?v=1776733216,/Users/ashley/Desktop/python/CS156-Machine-Learning/final/data/retail_images/raw/t_shirt_top/brandy_melville_tops_page_4_2902642fc5cf.jpg,165,248,d600af9f60c27f319b4fd618831beb17fcb58efc1ba9941d1dee9c0cd77300c7,downloaded,ok
2026-04-22T13:56:12.781295+00:00,Brandy Melville tops page 4,https://us.brandymelville.com/collections/clothing-tops?page=4,T-shirt/top,https://us.brandymelville.com/cdn/shop/files/m427m-z400sb200000__0_360x.jpg?v=1776733216,/Users/ashley/Desktop/python/CS156-Machine-Learning/final/data/retail_images/raw/t_shirt_top/brandy_melville_tops_page_4_1926bcf698ef.jpg,360,540,23846bde2422732bc409b69abd6e7f34c607dd615827a16a6696f4f8a24a339b,downloaded,ok
2026-04-22T13:56:14.859001+00:00,Brandy Melville tops page 4,https://us.brandymelville.com/collections/clothing-tops?page=4,T-shirt/top,https://us.brandymelville.com/cdn/shop/files/MLA002R-Z280S162T017F071_533x.jpg?v=1771865502,/Users/ashley/Desktop/python/CS156-Machine-Learning/final/data/retail_images/raw/t_shirt_top/brandy_melville_tops_page_4_49b800a8ac33.jpg,533,800,d76aa90b14fee1a42c2732fcbafe88bfeaf003d424b2b02cbc42c2372a9b6fb3,downloaded,ok
2026-04-22T13:56:16.474081+00:00,Brandy Melville tops page 4,https://us.brandymelville.com/collections/clothing-tops?page=4,T-shirt/top,https://us.brandymelville.com/cdn/shop/files/MLA002R-Z280S162T017F071_165x.jpg?v=1771865502,/Users/ashley/Desktop/python/CS156-Machine-Learning/final/data/retail_images/raw/t_shirt_top/brandy_melville_tops_page_4_49b7d1b6b021.jpg,165,248,0e00453c91900f68aee93803d08a821ea5ada660c145b3ea2ac9f1ddbb18ffe6,downloaded,ok
2026-04-22T13:56:18.635524+00:00,Brandy Melville tops page 4,https://us.brandymelville.com/collections/clothing-tops?page=4,T-shirt/top,https://us.brandymelville.com/cdn/shop/files/MLA002R-Z280S162T017F071_360x.jpg?v=1771865502,/Users/ashley/Desktop/python/CS156-Machine-Learning/final/data/retail_images/raw/t_shirt_top/brandy_melville_tops_page_4_e0f8a1fd47c3.jpg,360,540,1a2ff9ff24b15a6835cfc133a622ea5860b32f95853fa4b751378e492ee2e7e9,downloaded,ok
2026-04-22T13:56:20.581051+00:00,Brandy Melville tops page 4,https://us.brandymelville.com/collections/clothing-tops?page=4,T-shirt/top,https://us.brandymelville.com/cdn/shop/files/MD034-166TS162T798GLIAZ-01_3f3f8429-6aab-48b2-a89c-ea8e8fdaafd6_533x.jpg?v=1772486052,/Users/ashley/Desktop/python/CS156-Machine-Learning/final/data/retail_images/raw/t_shirt_top/brandy_melville_tops_page_4_b1aaf778efdd.jpg,533,800,92b8973c51c33e0b1ba28101be3412193b8bd5f2eaacab501b86463e3cc650d0,downloaded,ok
2026-04-22T13:56:22.329092+00:00,Brandy Melville tops page 4,https://us.brandymelville.com/collections/clothing-tops?page=4,T-shirt/top,https://us.brandymelville.com/cdn/shop/files/MD034-166TS162T798GLIAZ-01_3f3f8429-6aab-48b2-a89c-ea8e8fdaafd6_165x.jpg?v=1772486052,/Users/ashley/Desktop/python/CS156-Machine-Learning/final/data/retail_images/raw/t_shirt_top/brandy_melville_tops_page_4_90d9bbeb5a29.jpg,165,248,245ebd853c9b978287f6c9302ca1bce8057d7f88f23d5cc23379dda16c719fd3,downloaded,ok
2026-04-22T13:56:24.319476+00:00,Brandy Melville tops page 4,https://us.brandymelville.com/collections/clothing-tops?page=4,T-shirt/top,https://us.brandymelville.com/cdn/shop/files/MD034-166TS162T798GLIAZ-01_3f3f8429-6aab-48b2-a89c-ea8e8fdaafd6_360x.jpg?v=1772486052,/Users/ashley/Desktop/python/CS156-Machine-Learning/final/data/retail_images/raw/t_shirt_top/brandy_melville_tops_page_4_1012804e5921.jpg,360,540,12ece826cfe2b8f5553ba706d5a6591f4dba0e11d1b352c032fe7c635ef5fa60,downloaded,ok
2026-04-22T13:56:26.281444+00:00,Brandy Melville tops page 4,https://us.brandymelville.com/collections/clothing-tops?page=4,T-shirt/top,https://us.brandymelville.com/cdn/shop/files/MH228C-58PS07100VP63-01_533x.jpg?v=1771276075,/Users/ashley/Desktop/python/CS156-Machine-Learning/final/data/retail_images/raw/t_shirt_top/brandy_melville_tops_page_4_36b27d70f37c.jpg,533,800,a9c5e533219693310741094506d035fb44c4b2d57533a58cc01d5a39addadceb,downloaded,ok
2026-04-22T13:56:28.009227+00:00,Brandy Melville tops page 4,https://us.brandymelville.com/collections/clothing-tops?page=4,T-shirt/top,https://us.brandymelville.com/cdn/shop/files/MH228C-58PS07100VP63-01_165x.jpg?v=1771276075,/Users/ashley/Desktop/python/CS156-Machine-Learning/final/data/retail_images/raw/t_shirt_top/brandy_melville_tops_page_4_0b21816dd8c4.jpg,165,248,127014b4116f7a99faa529eaf26ff25c9e7385fe3ea39cfee3a50df2b4dd6188,downloaded,ok
2026-04-22T13:56:29.838126+00:00,Brandy Melville tops page 4,https://us.brandymelville.com/collections/clothing-tops?page=4,T-shirt/top,https://us.brandymelville.com/cdn/shop/files/MH228C-58PS07100VP63-01_360x.jpg?v=1771276075,/Users/ashley/Desktop/python/CS156-Machine-Learning/final/data/retail_images/raw/t_shirt_top/brandy_melville_tops_page_4_2128a3da5612.jpg,360,540,aaa33eba154ef1718a8430b29e04e0a4999f8105807e6d62c60c2c3ed86032e8,downloaded,ok
2026-04-22T13:56:31.373234+00:00,Brandy Melville tops page 4,https://us.brandymelville.com/collections/clothing-tops?page=4,T-shirt/top,https://us.brandymelville.com/cdn/shop/t/90/assets/up-arrow.svg?v=93338335130749744571755603415,,,,,skipped,unreadable_image
2026-04-22T13:56:33.107234+00:00,Brandy Melville tops page 4,https://us.brandymelville.com/collections/clothing-tops?page=4,T-shirt/top,https://www.instagram.com/brandymelvilleusa/,,,,,skipped,blocked_by_robots
2026-04-22T13:56:33.940420+00:00,Aritzia dresses,https://www.aritzia.com/us/en/clothing/dresses?lastViewed=72,Dress,,,,,,skipped,robots_unavailable
