source_path,segmented_path,overlay_path,fashion_mnist_class,target_labels,matched_labels,mask_area_ratio,left,top,right,bottom,status,message,model_id,output_mode
/Users/ashley/Desktop/python/CS156-Machine-Learning/final/data/retail_images/raw/t_shirt_top/brandy_melville_tops_035787b485f9.jpg,/Users/ashley/Desktop/python/CS156-Machine-Learning/final/data/retail_images/segmented/t_shirt_top/brandy_melville_tops_035787b485f9_seg.jpg,/Users/ashley/Desktop/python/CS156-Machine-Learning/final/data/retail_images/segmentation_overlays/t_shirt_top/brandy_melville_tops_035787b485f9_overlay.jpg,T-shirt/top,Upper-clothes,Upper-clothes,0.2014146090534979,70.0,53.0,276.0,407.0,segmented,ok,mattmdjaga/segformer_b2_clothes,crop_masked
/Users/ashley/Desktop/python/CS156-Machine-Learning/final/data/retail_images/raw/t_shirt_top/brandy_melville_tops_0e0e2054f60b.jpg,/Users/ashley/Desktop/python/CS156-Machine-Learning/final/data/retail_images/segmented/t_shirt_top/brandy_melville_tops_0e0e2054f60b_seg.jpg,/Users/ashley/Desktop/python/CS156-Machine-Learning/final/data/retail_images/segmentation_overlays/t_shirt_top/brandy_melville_tops_0e0e2054f60b_overlay.jpg,T-shirt/top,Upper-clothes,,,,,,,fallback_copy,segmented_too_small:56x87,mattmdjaga/segformer_b2_clothes,copy
/Users/ashley/Desktop/python/CS156-Machine-Learning/final/data/retail_images/raw/t_shirt_top/brandy_melville_tops_0f48c54bce38.jpg,/Users/ashley/Desktop/python/CS156-Machine-Learning/final/data/retail_images/segmented/t_shirt_top/brandy_melville_tops_0f48c54bce38_seg.jpg,/Users/ashley/Desktop/python/CS156-Machine-Learning/final/data/retail_images/segmentation_overlays/t_shirt_top/brandy_melville_tops_0f48c54bce38_overlay.jpg,T-shirt/top,Upper-clothes,Upper-clothes,0.1592619745845552,30.0,25.0,136.0,156.0,fallback_copy,validation_too_small:106x131_fallback_copy,mattmdjaga/segformer_b2_clothes,copy
/Users/ashley/Desktop/python/CS156-Machine-Learning/final/data/retail_images/raw/t_shirt_top/brandy_melville_tops_122926b64062.jpg,/Users/ashley/Desktop/python/CS156-Machine-Learning/final/data/retail_images/segmented/t_shirt_top/brandy_melville_tops_122926b64062_seg.jpg,/Users/ashley/Desktop/python/CS156-Machine-Learning/final/data/retail_images/segmentation_overlays/t_shirt_top/brandy_melville_tops_122926b64062_overlay.jpg,T-shirt/top,Upper-clothes,Upper-clothes,0.084406,265.0,577.0,760.0,1141.0,segmented,ok,mattmdjaga/segformer_b2_clothes,crop_masked
/Users/ashley/Desktop/python/CS156-Machine-Learning/final/data/retail_images/raw/t_shirt_top/brandy_melville_tops_1338c86909e7.jpg,/Users/ashley/Desktop/python/CS156-Machine-Learning/final/data/retail_images/segmented/t_shirt_top/brandy_melville_tops_1338c86909e7_seg.jpg,/Users/ashley/Desktop/python/CS156-Machine-Learning/final/data/retail_images/segmentation_overlays/t_shirt_top/brandy_melville_tops_1338c86909e7_overlay.jpg,T-shirt/top,Upper-clothes,Upper-clothes,0.23701,246.0,216.0,1000.0,1102.0,segmented,ok,mattmdjaga/segformer_b2_clothes,crop_masked
/Users/ashley/Desktop/python/CS156-Machine-Learning/final/data/retail_images/raw/t_shirt_top/brandy_melville_tops_14b135137e70.jpg,/Users/ashley/Desktop/python/CS156-Machine-Learning/final/data/retail_images/segmented/t_shirt_top/brandy_melville_tops_14b135137e70_seg.jpg,/Users/ashley/Desktop/python/CS156-Machine-Learning/final/data/retail_images/segmentation_overlays/t_shirt_top/brandy_melville_tops_14b135137e70_overlay.jpg,T-shirt/top,Upper-clothes,,,,,,,fallback_copy,segmented_too_small:83x110,mattmdjaga/segformer_b2_clothes,copy
/Users/ashley/Desktop/python/CS156-Machine-Learning/final/data/retail_images/raw/t_shirt_top/brandy_melville_tops_19014ea7fa64.jpg,/Users/ashley/Desktop/python/CS156-Machine-Learning/final/data/retail_images/segmented/t_shirt_top/brandy_melville_tops_19014ea7fa64_seg.jpg,/Users/ashley/Desktop/python/CS156-Machine-Learning/final/data/retail_images/segmentation_overlays/t_shirt_top/brandy_melville_tops_19014ea7fa64_overlay.jpg,T-shirt/top,Upper-clothes,Upper-clothes,0.100576923076923,161.0,263.0,384.0,658.0,segmented,ok,mattmdjaga/segformer_b2_clothes,crop_masked
/Users/ashley/Desktop/python/CS156-Machine-Learning/final/data/retail_images/raw/t_shirt_top/brandy_melville_tops_1b7c9a8884bd.jpg,/Users/ashley/Desktop/python/CS156-Machine-Learning/final/data/retail_images/segmented/t_shirt_top/brandy_melville_tops_1b7c9a8884bd_seg.jpg,/Users/ashley/Desktop/python/CS156-Machine-Learning/final/data/retail_images/segmentation_overlays/t_shirt_top/brandy_melville_tops_1b7c9a8884bd_overlay.jpg,T-shirt/top,Upper-clothes,Upper-clothes,0.2201124144672532,26.0,0.0,138.0,160.0,fallback_copy,validation_too_small:112x160_fallback_copy,mattmdjaga/segformer_b2_clothes,copy
/Users/ashley/Desktop/python/CS156-Machine-Learning/final/data/retail_images/raw/t_shirt_top/brandy_melville_tops_1f0a1b271868.jpg,/Users/ashley/Desktop/python/CS156-Machine-Learning/final/data/retail_images/segmented/t_shirt_top/brandy_melville_tops_1f0a1b271868_seg.jpg,/Users/ashley/Desktop/python/CS156-Machine-Learning/final/data/retail_images/segmentation_overlays/t_shirt_top/brandy_melville_tops_1f0a1b271868_overlay.jpg,T-shirt/top,Upper-clothes,Upper-clothes,0.1361316872427983,93.0,142.0,276.0,413.0,segmented,ok,mattmdjaga/segformer_b2_clothes,crop_masked
/Users/ashley/Desktop/python/CS156-Machine-Learning/final/data/retail_images/raw/t_shirt_top/brandy_melville_tops_1f91d1401075.jpg,/Users/ashley/Desktop/python/CS156-Machine-Learning/final/data/retail_images/segmented/t_shirt_top/brandy_melville_tops_1f91d1401075_seg.jpg,/Users/ashley/Desktop/python/CS156-Machine-Learning/final/data/retail_images/segmentation_overlays/t_shirt_top/brandy_melville_tops_1f91d1401075_overlay.jpg,T-shirt/top,Upper-clothes,Upper-clothes,0.1164917695473251,84.0,183.0,278.0,406.0,segmented,ok,mattmdjaga/segformer_b2_clothes,crop_masked
/Users/ashley/Desktop/python/CS156-Machine-Learning/final/data/retail_images/raw/t_shirt_top/brandy_melville_tops_217b7aa77107.jpg,/Users/ashley/Desktop/python/CS156-Machine-Learning/final/data/retail_images/segmented/t_shirt_top/brandy_melville_tops_217b7aa77107_seg.jpg,/Users/ashley/Desktop/python/CS156-Machine-Learning/final/data/retail_images/segmentation_overlays/t_shirt_top/brandy_melville_tops_217b7aa77107_overlay.jpg,T-shirt/top,Upper-clothes,,,,,,,fallback_copy,segmented_too_small:68x88,mattmdjaga/segformer_b2_clothes,copy
/Users/ashley/Desktop/python/CS156-Machine-Learning/final/data/retail_images/raw/t_shirt_top/brandy_melville_tops_22dfcf8728d8.jpg,/Users/ashley/Desktop/python/CS156-Machine-Learning/final/data/retail_images/segmented/t_shirt_top/brandy_melville_tops_22dfcf8728d8_seg.jpg,/Users/ashley/Desktop/python/CS156-Machine-Learning/final/data/retail_images/segmentation_overlays/t_shirt_top/brandy_melville_tops_22dfcf8728d8_overlay.jpg,T-shirt/top,Upper-clothes,Upper-clothes,0.2212705761316872,57.0,0.0,302.0,351.0,segmented,ok,mattmdjaga/segformer_b2_clothes,crop_masked
/Users/ashley/Desktop/python/CS156-Machine-Learning/final/data/retail_images/raw/t_shirt_top/brandy_melville_tops_24bf3cea8019.jpg,/Users/ashley/Desktop/python/CS156-Machine-Learning/final/data/retail_images/segmented/t_shirt_top/brandy_melville_tops_24bf3cea8019_seg.jpg,/Users/ashley/Desktop/python/CS156-Machine-Learning/final/data/retail_images/segmentation_overlays/t_shirt_top/brandy_melville_tops_24bf3cea8019_overlay.jpg,T-shirt/top,Upper-clothes,,,,,,,fallback_copy,segmented_too_small:75x133,mattmdjaga/segformer_b2_clothes,copy
/Users/ashley/Desktop/python/CS156-Machine-Learning/final/data/retail_images/raw/t_shirt_top/brandy_melville_tops_26b2bc1908d9.jpg,/Users/ashley/Desktop/python/CS156-Machine-Learning/final/data/retail_images/segmented/t_shirt_top/brandy_melville_tops_26b2bc1908d9_seg.jpg,/Users/ashley/Desktop/python/CS156-Machine-Learning/final/data/retail_images/segmentation_overlays/t_shirt_top/brandy_melville_tops_26b2bc1908d9_overlay.jpg,T-shirt/top,Upper-clothes,Upper-clothes,0.1921604938271605,112.0,108.0,349.0,416.0,segmented,ok,mattmdjaga/segformer_b2_clothes,crop_masked
/Users/ashley/Desktop/python/CS156-Machine-Learning/final/data/retail_images/raw/t_shirt_top/brandy_melville_tops_27011dd95bb0.jpg,/Users/ashley/Desktop/python/CS156-Machine-Learning/final/data/retail_images/segmented/t_shirt_top/brandy_melville_tops_27011dd95bb0_seg.jpg,/Users/ashley/Desktop/python/CS156-Machine-Learning/final/data/retail_images/segmentation_overlays/t_shirt_top/brandy_melville_tops_27011dd95bb0_overlay.jpg,T-shirt/top,Upper-clothes,Upper-clothes,0.1923334896810506,165.0,159.0,517.0,617.0,segmented,ok,mattmdjaga/segformer_b2_clothes,crop_masked
/Users/ashley/Desktop/python/CS156-Machine-Learning/final/data/retail_images/raw/t_shirt_top/brandy_melville_tops_29cb6aeb56af.jpg,/Users/ashley/Desktop/python/CS156-Machine-Learning/final/data/retail_images/segmented/t_shirt_top/brandy_melville_tops_29cb6aeb56af_seg.jpg,/Users/ashley/Desktop/python/CS156-Machine-Learning/final/data/retail_images/segmentation_overlays/t_shirt_top/brandy_melville_tops_29cb6aeb56af_overlay.jpg,T-shirt/top,Upper-clothes,Upper-clothes,0.0931986666666666,223.0,660.0,769.0,1263.0,segmented,ok,mattmdjaga/segformer_b2_clothes,crop_masked
/Users/ashley/Desktop/python/CS156-Machine-Learning/final/data/retail_images/raw/t_shirt_top/brandy_melville_tops_2b228eec5482.jpg,/Users/ashley/Desktop/python/CS156-Machine-Learning/final/data/retail_images/segmented/t_shirt_top/brandy_melville_tops_2b228eec5482_seg.jpg,/Users/ashley/Desktop/python/CS156-Machine-Learning/final/data/retail_images/segmentation_overlays/t_shirt_top/brandy_melville_tops_2b228eec5482_overlay.jpg,T-shirt/top,Upper-clothes,Upper-clothes,0.162876,262.0,145.0,800.0,1500.0,segmented,ok,mattmdjaga/segformer_b2_clothes,crop_masked
/Users/ashley/Desktop/python/CS156-Machine-Learning/final/data/retail_images/raw/t_shirt_top/brandy_melville_tops_2d0c63c2dcba.jpg,/Users/ashley/Desktop/python/CS156-Machine-Learning/final/data/retail_images/segmented/t_shirt_top/brandy_melville_tops_2d0c63c2dcba_seg.jpg,/Users/ashley/Desktop/python/CS156-Machine-Learning/final/data/retail_images/segmentation_overlays/t_shirt_top/brandy_melville_tops_2d0c63c2dcba_overlay.jpg,T-shirt/top,Upper-clothes,Upper-clothes,0.1115220450281425,128.0,228.0,393.0,579.0,segmented,ok,mattmdjaga/segformer_b2_clothes,crop_masked
/Users/ashley/Desktop/python/CS156-Machine-Learning/final/data/retail_images/raw/t_shirt_top/brandy_melville_tops_2e43213be38b.jpg,/Users/ashley/Desktop/python/CS156-Machine-Learning/final/data/retail_images/segmented/t_shirt_top/brandy_melville_tops_2e43213be38b_seg.jpg,/Users/ashley/Desktop/python/CS156-Machine-Learning/final/data/retail_images/segmentation_overlays/t_shirt_top/brandy_melville_tops_2e43213be38b_overlay.jpg,T-shirt/top,Upper-clothes,,,,,,,fallback_copy,segmented_too_small:68x110,mattmdjaga/segformer_b2_clothes,copy
/Users/ashley/Desktop/python/CS156-Machine-Learning/final/data/retail_images/raw/t_shirt_top/brandy_melville_tops_2f445afef59d.jpg,/Users/ashley/Desktop/python/CS156-Machine-Learning/final/data/retail_images/segmented/t_shirt_top/brandy_melville_tops_2f445afef59d_seg.jpg,/Users/ashley/Desktop/python/CS156-Machine-Learning/final/data/retail_images/segmentation_overlays/t_shirt_top/brandy_melville_tops_2f445afef59d_overlay.jpg,T-shirt/top,Upper-clothes,Upper-clothes,0.2015032833020638,104.0,78.0,408.0,604.0,segmented,ok,mattmdjaga/segformer_b2_clothes,crop_masked
/Users/ashley/Desktop/python/CS156-Machine-Learning/final/data/retail_images/raw/t_shirt_top/brandy_melville_tops_30813ac91552.jpg,/Users/ashley/Desktop/python/CS156-Machine-Learning/final/data/retail_images/segmented/t_shirt_top/brandy_melville_tops_30813ac91552_seg.jpg,/Users/ashley/Desktop/python/CS156-Machine-Learning/final/data/retail_images/segmentation_overlays/t_shirt_top/brandy_melville_tops_30813ac91552_overlay.jpg,T-shirt/top,Upper-clothes,Upper-clothes,0.1301219512195122,134.0,149.0,396.0,510.0,segmented,ok,mattmdjaga/segformer_b2_clothes,crop_masked
/Users/ashley/Desktop/python/CS156-Machine-Learning/final/data/retail_images/raw/t_shirt_top/brandy_melville_tops_34cb1fc06a1c.jpg,/Users/ashley/Desktop/python/CS156-Machine-Learning/final/data/retail_images/segmented/t_shirt_top/brandy_melville_tops_34cb1fc06a1c_seg.jpg,/Users/ashley/Desktop/python/CS156-Machine-Learning/final/data/retail_images/segmentation_overlays/t_shirt_top/brandy_melville_tops_34cb1fc06a1c_overlay.jpg,T-shirt/top,Upper-clothes,Upper-clothes,0.2211186679174484,85.0,0.0,448.0,545.0,segmented,ok,mattmdjaga/segformer_b2_clothes,crop_masked
/Users/ashley/Desktop/python/CS156-Machine-Learning/final/data/retail_images/raw/t_shirt_top/brandy_melville_tops_36335c06df7d.jpg,/Users/ashley/Desktop/python/CS156-Machine-Learning/final/data/retail_images/segmented/t_shirt_top/brandy_melville_tops_36335c06df7d_seg.jpg,/Users/ashley/Desktop/python/CS156-Machine-Learning/final/data/retail_images/segmentation_overlays/t_shirt_top/brandy_melville_tops_36335c06df7d_overlay.jpg,T-shirt/top,Upper-clothes,Upper-clothes,0.1161257035647279,123.0,270.0,413.0,619.0,segmented,ok,mattmdjaga/segformer_b2_clothes,crop_masked
/Users/ashley/Desktop/python/CS156-Machine-Learning/final/data/retail_images/raw/t_shirt_top/brandy_melville_tops_3ff41db59c62.png,/Users/ashley/Desktop/python/CS156-Machine-Learning/final/data/retail_images/segmented/t_shirt_top/brandy_melville_tops_3ff41db59c62_seg.jpg,/Users/ashley/Desktop/python/CS156-Machine-Learning/final/data/retail_images/segmentation_overlays/t_shirt_top/brandy_melville_tops_3ff41db59c62_overlay.jpg,T-shirt/top,Upper-clothes,Upper-clothes,0.0468285562632696,37.0,246.0,1172.0,379.0,segmented,ok,mattmdjaga/segformer_b2_clothes,crop_masked
/Users/ashley/Desktop/python/CS156-Machine-Learning/final/data/retail_images/raw/t_shirt_top/brandy_melville_tops_404dd44da929.jpg,/Users/ashley/Desktop/python/CS156-Machine-Learning/final/data/retail_images/segmented/t_shirt_top/brandy_melville_tops_404dd44da929_seg.jpg,/Users/ashley/Desktop/python/CS156-Machine-Learning/final/data/retail_images/segmentation_overlays/t_shirt_top/brandy_melville_tops_404dd44da929_overlay.jpg,T-shirt/top,Upper-clothes,Upper-clothes,0.2295698924731183,23.0,24.0,151.0,189.0,fallback_copy,validation_too_small:128x165_fallback_copy,mattmdjaga/segformer_b2_clothes,copy
/Users/ashley/Desktop/python/CS156-Machine-Learning/final/data/retail_images/raw/t_shirt_top/brandy_melville_tops_4319e2215464.jpg,/Users/ashley/Desktop/python/CS156-Machine-Learning/final/data/retail_images/segmented/t_shirt_top/brandy_melville_tops_4319e2215464_seg.jpg,/Users/ashley/Desktop/python/CS156-Machine-Learning/final/data/retail_images/segmentation_overlays/t_shirt_top/brandy_melville_tops_4319e2215464_overlay.jpg,T-shirt/top,Upper-clothes,Upper-clothes,0.1808899176954732,73.0,46.0,287.0,378.0,segmented,ok,mattmdjaga/segformer_b2_clothes,crop_masked
/Users/ashley/Desktop/python/CS156-Machine-Learning/final/data/retail_images/raw/t_shirt_top/brandy_melville_tops_43417f92a4a3.jpg,/Users/ashley/Desktop/python/CS156-Machine-Learning/final/data/retail_images/segmented/t_shirt_top/brandy_melville_tops_43417f92a4a3_seg.jpg,/Users/ashley/Desktop/python/CS156-Machine-Learning/final/data/retail_images/segmentation_overlays/t_shirt_top/brandy_melville_tops_43417f92a4a3_overlay.jpg,T-shirt/top,Upper-clothes,Upper-clothes,0.2004221388367729,72.0,244.0,447.0,697.0,segmented,ok,mattmdjaga/segformer_b2_clothes,crop_masked
/Users/ashley/Desktop/python/CS156-Machine-Learning/final/data/retail_images/raw/t_shirt_top/brandy_melville_tops_49a8549255e5.jpg,/Users/ashley/Desktop/python/CS156-Machine-Learning/final/data/retail_images/segmented/t_shirt_top/brandy_melville_tops_49a8549255e5_seg.jpg,/Users/ashley/Desktop/python/CS156-Machine-Learning/final/data/retail_images/segmentation_overlays/t_shirt_top/brandy_melville_tops_49a8549255e5_overlay.jpg,T-shirt/top,Upper-clothes,Upper-clothes,0.1012551440329218,108.0,204.0,259.0,446.0,fallback_copy,validation_too_small:151x242_fallback_copy,mattmdjaga/segformer_b2_clothes,copy
/Users/ashley/Desktop/python/CS156-Machine-Learning/final/data/retail_images/raw/t_shirt_top/brandy_melville_tops_4dc0ea6cc3dc.jpg,/Users/ashley/Desktop/python/CS156-Machine-Learning/final/data/retail_images/segmented/t_shirt_top/brandy_melville_tops_4dc0ea6cc3dc_seg.jpg,/Users/ashley/Desktop/python/CS156-Machine-Learning/final/data/retail_images/segmentation_overlays/t_shirt_top/brandy_melville_tops_4dc0ea6cc3dc_overlay.jpg,T-shirt/top,Upper-clothes,Upper-clothes,0.085077392120075,166.0,58.0,383.0,411.0,segmented,ok,mattmdjaga/segformer_b2_clothes,crop_masked
/Users/ashley/Desktop/python/CS156-Machine-Learning/final/data/retail_images/raw/t_shirt_top/brandy_melville_tops_531965ae670c.jpg,/Users/ashley/Desktop/python/CS156-Machine-Learning/final/data/retail_images/segmented/t_shirt_top/brandy_melville_tops_531965ae670c_seg.jpg,/Users/ashley/Desktop/python/CS156-Machine-Learning/final/data/retail_images/segmentation_overlays/t_shirt_top/brandy_melville_tops_531965ae670c_overlay.jpg,T-shirt/top,Upper-clothes,Upper-clothes,0.2039226666666666,119.0,119.0,907.0,870.0,segmented,ok,mattmdjaga/segformer_b2_clothes,crop_masked
/Users/ashley/Desktop/python/CS156-Machine-Learning/final/data/retail_images/raw/t_shirt_top/brandy_melville_tops_55d5232a7760.jpg,/Users/ashley/Desktop/python/CS156-Machine-Learning/final/data/retail_images/segmented/t_shirt_top/brandy_melville_tops_55d5232a7760_seg.jpg,/Users/ashley/Desktop/python/CS156-Machine-Learning/final/data/retail_images/segmentation_overlays/t_shirt_top/brandy_melville_tops_55d5232a7760_overlay.jpg,T-shirt/top,Upper-clothes,Upper-clothes,0.0847119341563786,106.0,147.0,254.0,351.0,fallback_copy,validation_too_small:148x204_fallback_copy,mattmdjaga/segformer_b2_clothes,copy
/Users/ashley/Desktop/python/CS156-Machine-Learning/final/data/retail_images/raw/t_shirt_top/brandy_melville_tops_579e5b1e0a3f.jpg,/Users/ashley/Desktop/python/CS156-Machine-Learning/final/data/retail_images/segmented/t_shirt_top/brandy_melville_tops_579e5b1e0a3f_seg.jpg,/Users/ashley/Desktop/python/CS156-Machine-Learning/final/data/retail_images/segmentation_overlays/t_shirt_top/brandy_melville_tops_579e5b1e0a3f_overlay.jpg,T-shirt/top,Upper-clothes,,,,,,,fallback_copy,segmented_too_small:93x164,mattmdjaga/segformer_b2_clothes,copy
/Users/ashley/Desktop/python/CS156-Machine-Learning/final/data/retail_images/raw/t_shirt_top/brandy_melville_tops_57f3a8037840.jpg,/Users/ashley/Desktop/python/CS156-Machine-Learning/final/data/retail_images/segmented/t_shirt_top/brandy_melville_tops_57f3a8037840_seg.jpg,/Users/ashley/Desktop/python/CS156-Machine-Learning/final/data/retail_images/segmentation_overlays/t_shirt_top/brandy_melville_tops_57f3a8037840_overlay.jpg,T-shirt/top,Upper-clothes,,,,,,,fallback_copy,segmented_too_small:82x112,mattmdjaga/segformer_b2_clothes,copy
/Users/ashley/Desktop/python/CS156-Machine-Learning/final/data/retail_images/raw/t_shirt_top/brandy_melville_tops_580c7bd0b280.png,/Users/ashley/Desktop/python/CS156-Machine-Learning/final/data/retail_images/segmented/t_shirt_top/brandy_melville_tops_580c7bd0b280_seg.jpg,/Users/ashley/Desktop/python/CS156-Machine-Learning/final/data/retail_images/segmentation_overlays/t_shirt_top/brandy_melville_tops_580c7bd0b280_overlay.jpg,T-shirt/top,Upper-clothes,,,,,,,fallback_copy,segmented_too_small:89x106,mattmdjaga/segformer_b2_clothes,copy
/Users/ashley/Desktop/python/CS156-Machine-Learning/final/data/retail_images/raw/t_shirt_top/brandy_melville_tops_593d38a57918.png,/Users/ashley/Desktop/python/CS156-Machine-Learning/final/data/retail_images/segmented/t_shirt_top/brandy_melville_tops_593d38a57918_seg.jpg,/Users/ashley/Desktop/python/CS156-Machine-Learning/final/data/retail_images/segmentation_overlays/t_shirt_top/brandy_melville_tops_593d38a57918_overlay.jpg,T-shirt/top,Upper-clothes,Upper-clothes,0.0468285562632696,37.0,246.0,1172.0,379.0,segmented,ok,mattmdjaga/segformer_b2_clothes,crop_masked
/Users/ashley/Desktop/python/CS156-Machine-Learning/final/data/retail_images/raw/t_shirt_top/brandy_melville_tops_61227887ab6d.jpg,/Users/ashley/Desktop/python/CS156-Machine-Learning/final/data/retail_images/segmented/t_shirt_top/brandy_melville_tops_61227887ab6d_seg.jpg,/Users/ashley/Desktop/python/CS156-Machine-Learning/final/data/retail_images/segmentation_overlays/t_shirt_top/brandy_melville_tops_61227887ab6d_overlay.jpg,T-shirt/top,Upper-clothes,Upper-clothes,0.2472633744855967,73.0,51.0,308.0,447.0,segmented,ok,mattmdjaga/segformer_b2_clothes,crop_masked
/Users/ashley/Desktop/python/CS156-Machine-Learning/final/data/retail_images/raw/t_shirt_top/brandy_melville_tops_618152040a3e.jpg,/Users/ashley/Desktop/python/CS156-Machine-Learning/final/data/retail_images/segmented/t_shirt_top/brandy_melville_tops_618152040a3e_seg.jpg,/Users/ashley/Desktop/python/CS156-Machine-Learning/final/data/retail_images/segmentation_overlays/t_shirt_top/brandy_melville_tops_618152040a3e_overlay.jpg,T-shirt/top,Upper-clothes,,,,,,,fallback_copy,segmented_too_small:83x125,mattmdjaga/segformer_b2_clothes,copy
/Users/ashley/Desktop/python/CS156-Machine-Learning/final/data/retail_images/raw/t_shirt_top/brandy_melville_tops_61b1a4dc86ca.jpg,/Users/ashley/Desktop/python/CS156-Machine-Learning/final/data/retail_images/segmented/t_shirt_top/brandy_melville_tops_61b1a4dc86ca_seg.jpg,/Users/ashley/Desktop/python/CS156-Machine-Learning/final/data/retail_images/segmentation_overlays/t_shirt_top/brandy_melville_tops_61b1a4dc86ca_overlay.jpg,T-shirt/top,Upper-clothes,Upper-clothes,0.2004835390946502,48.0,165.0,303.0,467.0,segmented,ok,mattmdjaga/segformer_b2_clothes,crop_masked
/Users/ashley/Desktop/python/CS156-Machine-Learning/final/data/retail_images/raw/t_shirt_top/brandy_melville_tops_6716b2eca1b7.jpg,/Users/ashley/Desktop/python/CS156-Machine-Learning/final/data/retail_images/segmented/t_shirt_top/brandy_melville_tops_6716b2eca1b7_seg.jpg,/Users/ashley/Desktop/python/CS156-Machine-Learning/final/data/retail_images/segmentation_overlays/t_shirt_top/brandy_melville_tops_6716b2eca1b7_overlay.jpg,T-shirt/top,Upper-clothes,Upper-clothes,0.1923246666666666,309.0,300.0,971.0,1156.0,segmented,ok,mattmdjaga/segformer_b2_clothes,crop_masked
/Users/ashley/Desktop/python/CS156-Machine-Learning/final/data/retail_images/raw/t_shirt_top/brandy_melville_tops_676a7ec2431e.jpg,/Users/ashley/Desktop/python/CS156-Machine-Learning/final/data/retail_images/segmented/t_shirt_top/brandy_melville_tops_676a7ec2431e_seg.jpg,/Users/ashley/Desktop/python/CS156-Machine-Learning/final/data/retail_images/segmentation_overlays/t_shirt_top/brandy_melville_tops_676a7ec2431e_overlay.jpg,T-shirt/top,Upper-clothes,Upper-clothes,0.085324074074074,112.0,40.0,258.0,277.0,fallback_copy,validation_too_small:146x237_fallback_copy,mattmdjaga/segformer_b2_clothes,copy
/Users/ashley/Desktop/python/CS156-Machine-Learning/final/data/retail_images/raw/t_shirt_top/brandy_melville_tops_680cd367d03b.jpg,/Users/ashley/Desktop/python/CS156-Machine-Learning/final/data/retail_images/segmented/t_shirt_top/brandy_melville_tops_680cd367d03b_seg.jpg,/Users/ashley/Desktop/python/CS156-Machine-Learning/final/data/retail_images/segmentation_overlays/t_shirt_top/brandy_melville_tops_680cd367d03b_overlay.jpg,T-shirt/top,Upper-clothes,Upper-clothes,0.238374765478424,129.0,113.0,533.0,589.0,segmented,ok,mattmdjaga/segformer_b2_clothes,crop_masked
/Users/ashley/Desktop/python/CS156-Machine-Learning/final/data/retail_images/raw/t_shirt_top/brandy_melville_tops_6df539a63488.jpg,/Users/ashley/Desktop/python/CS156-Machine-Learning/final/data/retail_images/segmented/t_shirt_top/brandy_melville_tops_6df539a63488_seg.jpg,/Users/ashley/Desktop/python/CS156-Machine-Learning/final/data/retail_images/segmentation_overlays/t_shirt_top/brandy_melville_tops_6df539a63488_overlay.jpg,T-shirt/top,Upper-clothes,Upper-clothes,0.1502706666666666,152.0,143.0,800.0,828.0,segmented,ok,mattmdjaga/segformer_b2_clothes,crop_masked
/Users/ashley/Desktop/python/CS156-Machine-Learning/final/data/retail_images/raw/t_shirt_top/brandy_melville_tops_716d392bf010.jpg,/Users/ashley/Desktop/python/CS156-Machine-Learning/final/data/retail_images/segmented/t_shirt_top/brandy_melville_tops_716d392bf010_seg.jpg,/Users/ashley/Desktop/python/CS156-Machine-Learning/final/data/retail_images/segmentation_overlays/t_shirt_top/brandy_melville_tops_716d392bf010_overlay.jpg,T-shirt/top,Upper-clothes,,,,,,,fallback_copy,segmented_too_small:88x127,mattmdjaga/segformer_b2_clothes,copy
/Users/ashley/Desktop/python/CS156-Machine-Learning/final/data/retail_images/raw/t_shirt_top/brandy_melville_tops_71996ee72661.jpg,/Users/ashley/Desktop/python/CS156-Machine-Learning/final/data/retail_images/segmented/t_shirt_top/brandy_melville_tops_71996ee72661_seg.jpg,/Users/ashley/Desktop/python/CS156-Machine-Learning/final/data/retail_images/segmentation_overlays/t_shirt_top/brandy_melville_tops_71996ee72661_overlay.jpg,T-shirt/top,Upper-clothes,Upper-clothes,0.1582893333333333,155.0,518.0,783.0,1284.0,segmented,ok,mattmdjaga/segformer_b2_clothes,crop_masked
/Users/ashley/Desktop/python/CS156-Machine-Learning/final/data/retail_images/raw/t_shirt_top/brandy_melville_tops_7ac5da8696cf.jpg,/Users/ashley/Desktop/python/CS156-Machine-Learning/final/data/retail_images/segmented/t_shirt_top/brandy_melville_tops_7ac5da8696cf_seg.jpg,/Users/ashley/Desktop/python/CS156-Machine-Learning/final/data/retail_images/segmentation_overlays/t_shirt_top/brandy_melville_tops_7ac5da8696cf_overlay.jpg,T-shirt/top,Upper-clothes,Upper-clothes,0.0846482176360225,141.0,307.0,405.0,609.0,segmented,ok,mattmdjaga/segformer_b2_clothes,crop_masked
/Users/ashley/Desktop/python/CS156-Machine-Learning/final/data/retail_images/raw/t_shirt_top/brandy_melville_tops_7b5e0d528356.jpg,/Users/ashley/Desktop/python/CS156-Machine-Learning/final/data/retail_images/segmented/t_shirt_top/brandy_melville_tops_7b5e0d528356_seg.jpg,/Users/ashley/Desktop/python/CS156-Machine-Learning/final/data/retail_images/segmentation_overlays/t_shirt_top/brandy_melville_tops_7b5e0d528356_overlay.jpg,T-shirt/top,Upper-clothes,Upper-clothes,0.1361468105065666,138.0,211.0,408.0,612.0,segmented,ok,mattmdjaga/segformer_b2_clothes,crop_masked
/Users/ashley/Desktop/python/CS156-Machine-Learning/final/data/retail_images/raw/t_shirt_top/brandy_melville_tops_7c13ad354e73.jpg,/Users/ashley/Desktop/python/CS156-Machine-Learning/final/data/retail_images/segmented/t_shirt_top/brandy_melville_tops_7c13ad354e73_seg.jpg,/Users/ashley/Desktop/python/CS156-Machine-Learning/final/data/retail_images/segmentation_overlays/t_shirt_top/brandy_melville_tops_7c13ad354e73_overlay.jpg,T-shirt/top,Upper-clothes,Upper-clothes,0.1486553333333333,211.0,375.0,822.0,1102.0,segmented,ok,mattmdjaga/segformer_b2_clothes,crop_masked
/Users/ashley/Desktop/python/CS156-Machine-Learning/final/data/retail_images/raw/t_shirt_top/brandy_melville_tops_81f0c8f12128.jpg,/Users/ashley/Desktop/python/CS156-Machine-Learning/final/data/retail_images/segmented/t_shirt_top/brandy_melville_tops_81f0c8f12128_seg.jpg,/Users/ashley/Desktop/python/CS156-Machine-Learning/final/data/retail_images/segmentation_overlays/t_shirt_top/brandy_melville_tops_81f0c8f12128_overlay.jpg,T-shirt/top,Upper-clothes,Upper-clothes,0.069412064098946,813.0,1685.0,1843.0,2873.0,segmented,ok,mattmdjaga/segformer_b2_clothes,crop_masked
/Users/ashley/Desktop/python/CS156-Machine-Learning/final/data/retail_images/raw/t_shirt_top/brandy_melville_tops_86dd0692787d.jpg,/Users/ashley/Desktop/python/CS156-Machine-Learning/final/data/retail_images/segmented/t_shirt_top/brandy_melville_tops_86dd0692787d_seg.jpg,/Users/ashley/Desktop/python/CS156-Machine-Learning/final/data/retail_images/segmentation_overlays/t_shirt_top/brandy_melville_tops_86dd0692787d_overlay.jpg,T-shirt/top,Upper-clothes,Upper-clothes,0.1435833333333333,177.0,426.0,784.0,1123.0,segmented,ok,mattmdjaga/segformer_b2_clothes,crop_masked
/Users/ashley/Desktop/python/CS156-Machine-Learning/final/data/retail_images/raw/t_shirt_top/brandy_melville_tops_886888e1fe21.jpg,/Users/ashley/Desktop/python/CS156-Machine-Learning/final/data/retail_images/segmented/t_shirt_top/brandy_melville_tops_886888e1fe21_seg.jpg,/Users/ashley/Desktop/python/CS156-Machine-Learning/final/data/retail_images/segmentation_overlays/t_shirt_top/brandy_melville_tops_886888e1fe21_overlay.jpg,T-shirt/top,Upper-clothes,Upper-clothes,0.2714809384164223,35.0,30.0,165.0,217.0,fallback_copy,validation_too_small:130x187_fallback_copy,mattmdjaga/segformer_b2_clothes,copy
/Users/ashley/Desktop/python/CS156-Machine-Learning/final/data/retail_images/raw/t_shirt_top/brandy_melville_tops_8c928f9330de.jpg,/Users/ashley/Desktop/python/CS156-Machine-Learning/final/data/retail_images/segmented/t_shirt_top/brandy_melville_tops_8c928f9330de_seg.jpg,/Users/ashley/Desktop/python/CS156-Machine-Learning/final/data/retail_images/segmentation_overlays/t_shirt_top/brandy_melville_tops_8c928f9330de_overlay.jpg,T-shirt/top,Upper-clothes,Upper-clothes,0.1117798353909465,86.0,154.0,266.0,391.0,segmented,ok,mattmdjaga/segformer_b2_clothes,crop_masked
/Users/ashley/Desktop/python/CS156-Machine-Learning/final/data/retail_images/raw/t_shirt_top/brandy_melville_tops_8e355aaeae47.jpg,/Users/ashley/Desktop/python/CS156-Machine-Learning/final/data/retail_images/segmented/t_shirt_top/brandy_melville_tops_8e355aaeae47_seg.jpg,/Users/ashley/Desktop/python/CS156-Machine-Learning/final/data/retail_images/segmentation_overlays/t_shirt_top/brandy_melville_tops_8e355aaeae47_overlay.jpg,T-shirt/top,Upper-clothes,,,,,,,fallback_copy,segmented_too_small:82x127,mattmdjaga/segformer_b2_clothes,copy
/Users/ashley/Desktop/python/CS156-Machine-Learning/final/data/retail_images/raw/t_shirt_top/brandy_melville_tops_98c79476a08c.jpg,/Users/ashley/Desktop/python/CS156-Machine-Learning/final/data/retail_images/segmented/t_shirt_top/brandy_melville_tops_98c79476a08c_seg.jpg,/Users/ashley/Desktop/python/CS156-Machine-Learning/final/data/retail_images/segmentation_overlays/t_shirt_top/brandy_melville_tops_98c79476a08c_overlay.jpg,T-shirt/top,Upper-clothes,,,,,,,fallback_copy,segmented_too_small:69x93,mattmdjaga/segformer_b2_clothes,copy
/Users/ashley/Desktop/python/CS156-Machine-Learning/final/data/retail_images/raw/t_shirt_top/brandy_melville_tops_9acfea72b4f9.jpg,/Users/ashley/Desktop/python/CS156-Machine-Learning/final/data/retail_images/segmented/t_shirt_top/brandy_melville_tops_9acfea72b4f9_seg.jpg,/Users/ashley/Desktop/python/CS156-Machine-Learning/final/data/retail_images/segmentation_overlays/t_shirt_top/brandy_melville_tops_9acfea72b4f9_overlay.jpg,T-shirt/top,Upper-clothes,Upper-clothes,0.13059670781893,90.0,99.0,267.0,345.0,segmented,ok,mattmdjaga/segformer_b2_clothes,crop_masked
/Users/ashley/Desktop/python/CS156-Machine-Learning/final/data/retail_images/raw/t_shirt_top/brandy_melville_tops_a1060a3dcb9b.jpg,/Users/ashley/Desktop/python/CS156-Machine-Learning/final/data/retail_images/segmented/t_shirt_top/brandy_melville_tops_a1060a3dcb9b_seg.jpg,/Users/ashley/Desktop/python/CS156-Machine-Learning/final/data/retail_images/segmentation_overlays/t_shirt_top/brandy_melville_tops_a1060a3dcb9b_overlay.jpg,T-shirt/top,Upper-clothes,,,,,,,fallback_copy,missing_target_mask,mattmdjaga/segformer_b2_clothes,copy
/Users/ashley/Desktop/python/CS156-Machine-Learning/final/data/retail_images/raw/t_shirt_top/brandy_melville_tops_a177b711ef98.jpg,/Users/ashley/Desktop/python/CS156-Machine-Learning/final/data/retail_images/segmented/t_shirt_top/brandy_melville_tops_a177b711ef98_seg.jpg,/Users/ashley/Desktop/python/CS156-Machine-Learning/final/data/retail_images/segmentation_overlays/t_shirt_top/brandy_melville_tops_a177b711ef98_overlay.jpg,T-shirt/top,Upper-clothes,Upper-clothes,0.218408,190.0,549.0,798.0,1500.0,segmented,ok,mattmdjaga/segformer_b2_clothes,crop_masked
/Users/ashley/Desktop/python/CS156-Machine-Learning/final/data/retail_images/raw/t_shirt_top/brandy_melville_tops_a42a393423a9.jpg,/Users/ashley/Desktop/python/CS156-Machine-Learning/final/data/retail_images/segmented/t_shirt_top/brandy_melville_tops_a42a393423a9_seg.jpg,/Users/ashley/Desktop/python/CS156-Machine-Learning/final/data/retail_images/segmentation_overlays/t_shirt_top/brandy_melville_tops_a42a393423a9_overlay.jpg,T-shirt/top,Upper-clothes,Upper-clothes,0.0682566666666666,286.0,565.0,676.0,1026.0,segmented,ok,mattmdjaga/segformer_b2_clothes,crop_masked
/Users/ashley/Desktop/python/CS156-Machine-Learning/final/data/retail_images/raw/t_shirt_top/brandy_melville_tops_a7d2b6c9a8d9.jpg,/Users/ashley/Desktop/python/CS156-Machine-Learning/final/data/retail_images/segmented/t_shirt_top/brandy_melville_tops_a7d2b6c9a8d9_seg.jpg,/Users/ashley/Desktop/python/CS156-Machine-Learning/final/data/retail_images/segmentation_overlays/t_shirt_top/brandy_melville_tops_a7d2b6c9a8d9_overlay.jpg,T-shirt/top,Upper-clothes,Upper-clothes,0.2467646666666666,198.0,143.0,856.0,1243.0,segmented,ok,mattmdjaga/segformer_b2_clothes,crop_masked
/Users/ashley/Desktop/python/CS156-Machine-Learning/final/data/retail_images/raw/t_shirt_top/brandy_melville_tops_aae4a1a4ec59.jpg,/Users/ashley/Desktop/python/CS156-Machine-Learning/final/data/retail_images/segmented/t_shirt_top/brandy_melville_tops_aae4a1a4ec59_seg.jpg,/Users/ashley/Desktop/python/CS156-Machine-Learning/final/data/retail_images/segmentation_overlays/t_shirt_top/brandy_melville_tops_aae4a1a4ec59_overlay.jpg,T-shirt/top,Upper-clothes,Upper-clothes,0.2002253333333333,134.0,457.0,839.0,1308.0,segmented,ok,mattmdjaga/segformer_b2_clothes,crop_masked
/Users/ashley/Desktop/python/CS156-Machine-Learning/final/data/retail_images/raw/t_shirt_top/brandy_melville_tops_ab7875d6832d.jpg,/Users/ashley/Desktop/python/CS156-Machine-Learning/final/data/retail_images/segmented/t_shirt_top/brandy_melville_tops_ab7875d6832d_seg.jpg,/Users/ashley/Desktop/python/CS156-Machine-Learning/final/data/retail_images/segmentation_overlays/t_shirt_top/brandy_melville_tops_ab7875d6832d_overlay.jpg,T-shirt/top,Upper-clothes,Upper-clothes,0.230869341563786,50.0,53.0,330.0,414.0,segmented,ok,mattmdjaga/segformer_b2_clothes,crop_masked
/Users/ashley/Desktop/python/CS156-Machine-Learning/final/data/retail_images/raw/t_shirt_top/brandy_melville_tops_adb70f5f5dba.jpg,/Users/ashley/Desktop/python/CS156-Machine-Learning/final/data/retail_images/segmented/t_shirt_top/brandy_melville_tops_adb70f5f5dba_seg.jpg,/Users/ashley/Desktop/python/CS156-Machine-Learning/final/data/retail_images/segmentation_overlays/t_shirt_top/brandy_melville_tops_adb70f5f5dba_overlay.jpg,T-shirt/top,Upper-clothes,Upper-clothes,0.230687148217636,72.0,78.0,489.0,614.0,segmented,ok,mattmdjaga/segformer_b2_clothes,crop_masked
/Users/ashley/Desktop/python/CS156-Machine-Learning/final/data/retail_images/raw/t_shirt_top/brandy_melville_tops_afce5f125314.jpg,/Users/ashley/Desktop/python/CS156-Machine-Learning/final/data/retail_images/segmented/t_shirt_top/brandy_melville_tops_afce5f125314_seg.jpg,/Users/ashley/Desktop/python/CS156-Machine-Learning/final/data/retail_images/segmentation_overlays/t_shirt_top/brandy_melville_tops_afce5f125314_overlay.jpg,T-shirt/top,Upper-clothes,Upper-clothes,0.0606683864915572,180.0,258.0,358.0,538.0,segmented,ok,mattmdjaga/segformer_b2_clothes,crop_masked
/Users/ashley/Desktop/python/CS156-Machine-Learning/final/data/retail_images/raw/t_shirt_top/brandy_melville_tops_b1c0097a1c90.jpg,/Users/ashley/Desktop/python/CS156-Machine-Learning/final/data/retail_images/segmented/t_shirt_top/brandy_melville_tops_b1c0097a1c90_seg.jpg,/Users/ashley/Desktop/python/CS156-Machine-Learning/final/data/retail_images/segmentation_overlays/t_shirt_top/brandy_melville_tops_b1c0097a1c90_overlay.jpg,T-shirt/top,Upper-clothes,Upper-clothes,0.1800342130987292,34.0,23.0,131.0,173.0,fallback_copy,validation_too_small:97x150_fallback_copy,mattmdjaga/segformer_b2_clothes,copy
/Users/ashley/Desktop/python/CS156-Machine-Learning/final/data/retail_images/raw/t_shirt_top/brandy_melville_tops_b2b1364c2e7b.jpg,/Users/ashley/Desktop/python/CS156-Machine-Learning/final/data/retail_images/segmented/t_shirt_top/brandy_melville_tops_b2b1364c2e7b_seg.jpg,/Users/ashley/Desktop/python/CS156-Machine-Learning/final/data/retail_images/segmentation_overlays/t_shirt_top/brandy_melville_tops_b2b1364c2e7b_overlay.jpg,T-shirt/top,Upper-clothes,Upper-clothes,0.0651653333333333,287.0,581.0,697.0,1015.0,segmented,ok,mattmdjaga/segformer_b2_clothes,crop_masked
/Users/ashley/Desktop/python/CS156-Machine-Learning/final/data/retail_images/raw/t_shirt_top/brandy_melville_tops_b37ec980794a.jpg,/Users/ashley/Desktop/python/CS156-Machine-Learning/final/data/retail_images/segmented/t_shirt_top/brandy_melville_tops_b37ec980794a_seg.jpg,/Users/ashley/Desktop/python/CS156-Machine-Learning/final/data/retail_images/segmentation_overlays/t_shirt_top/brandy_melville_tops_b37ec980794a_overlay.jpg,T-shirt/top,Upper-clothes,Upper-clothes,0.2020772238514174,23.0,68.0,139.0,215.0,fallback_copy,validation_too_small:116x147_fallback_copy,mattmdjaga/segformer_b2_clothes,copy
/Users/ashley/Desktop/python/CS156-Machine-Learning/final/data/retail_images/raw/t_shirt_top/brandy_melville_tops_b7a1a40c76fb.jpg,/Users/ashley/Desktop/python/CS156-Machine-Learning/final/data/retail_images/segmented/t_shirt_top/brandy_melville_tops_b7a1a40c76fb_seg.jpg,/Users/ashley/Desktop/python/CS156-Machine-Learning/final/data/retail_images/segmentation_overlays/t_shirt_top/brandy_melville_tops_b7a1a40c76fb_overlay.jpg,T-shirt/top,Upper-clothes,Upper-clothes,0.0779406666666666,294.0,505.0,696.0,1023.0,segmented,ok,mattmdjaga/segformer_b2_clothes,crop_masked
/Users/ashley/Desktop/python/CS156-Machine-Learning/final/data/retail_images/raw/t_shirt_top/brandy_melville_tops_b9e51d9b9728.jpg,/Users/ashley/Desktop/python/CS156-Machine-Learning/final/data/retail_images/segmented/t_shirt_top/brandy_melville_tops_b9e51d9b9728_seg.jpg,/Users/ashley/Desktop/python/CS156-Machine-Learning/final/data/retail_images/segmentation_overlays/t_shirt_top/brandy_melville_tops_b9e51d9b9728_overlay.jpg,T-shirt/top,Upper-clothes,Upper-clothes,0.2387345679012345,87.0,76.0,360.0,397.0,segmented,ok,mattmdjaga/segformer_b2_clothes,crop_masked
/Users/ashley/Desktop/python/CS156-Machine-Learning/final/data/retail_images/raw/t_shirt_top/brandy_melville_tops_ba1db65b9086.jpg,/Users/ashley/Desktop/python/CS156-Machine-Learning/final/data/retail_images/segmented/t_shirt_top/brandy_melville_tops_ba1db65b9086_seg.jpg,/Users/ashley/Desktop/python/CS156-Machine-Learning/final/data/retail_images/segmentation_overlays/t_shirt_top/brandy_melville_tops_ba1db65b9086_overlay.jpg,T-shirt/top,Upper-clothes,Upper-clothes,0.1193055555555555,83.0,152.0,260.0,428.0,segmented,ok,mattmdjaga/segformer_b2_clothes,crop_masked
/Users/ashley/Desktop/python/CS156-Machine-Learning/final/data/retail_images/raw/t_shirt_top/brandy_melville_tops_bd60d5e5e1b0.jpg,/Users/ashley/Desktop/python/CS156-Machine-Learning/final/data/retail_images/segmented/t_shirt_top/brandy_melville_tops_bd60d5e5e1b0_seg.jpg,/Users/ashley/Desktop/python/CS156-Machine-Learning/final/data/retail_images/segmentation_overlays/t_shirt_top/brandy_melville_tops_bd60d5e5e1b0_overlay.jpg,T-shirt/top,Upper-clothes,,,,,,,fallback_copy,missing_target_mask,mattmdjaga/segformer_b2_clothes,copy
/Users/ashley/Desktop/python/CS156-Machine-Learning/final/data/retail_images/raw/t_shirt_top/brandy_melville_tops_bfbd5a908629.jpg,/Users/ashley/Desktop/python/CS156-Machine-Learning/final/data/retail_images/segmented/t_shirt_top/brandy_melville_tops_bfbd5a908629_seg.jpg,/Users/ashley/Desktop/python/CS156-Machine-Learning/final/data/retail_images/segmentation_overlays/t_shirt_top/brandy_melville_tops_bfbd5a908629_overlay.jpg,T-shirt/top,Upper-clothes,Upper-clothes,0.0685272045028142,141.0,287.0,354.0,542.0,segmented,ok,mattmdjaga/segformer_b2_clothes,crop_masked
/Users/ashley/Desktop/python/CS156-Machine-Learning/final/data/retail_images/raw/t_shirt_top/brandy_melville_tops_c0cd8f632d12.jpg,/Users/ashley/Desktop/python/CS156-Machine-Learning/final/data/retail_images/segmented/t_shirt_top/brandy_melville_tops_c0cd8f632d12_seg.jpg,/Users/ashley/Desktop/python/CS156-Machine-Learning/final/data/retail_images/segmentation_overlays/t_shirt_top/brandy_melville_tops_c0cd8f632d12_overlay.jpg,T-shirt/top,Upper-clothes,Upper-clothes,0.1361,260.0,396.0,766.0,1146.0,segmented,ok,mattmdjaga/segformer_b2_clothes,crop_masked
/Users/ashley/Desktop/python/CS156-Machine-Learning/final/data/retail_images/raw/t_shirt_top/brandy_melville_tops_c150237cec00.jpg,/Users/ashley/Desktop/python/CS156-Machine-Learning/final/data/retail_images/segmented/t_shirt_top/brandy_melville_tops_c150237cec00_seg.jpg,/Users/ashley/Desktop/python/CS156-Machine-Learning/final/data/retail_images/segmentation_overlays/t_shirt_top/brandy_melville_tops_c150237cec00_overlay.jpg,T-shirt/top,Upper-clothes,,,,,,,fallback_copy,segmented_too_small:82x93,mattmdjaga/segformer_b2_clothes,copy
/Users/ashley/Desktop/python/CS156-Machine-Learning/final/data/retail_images/raw/t_shirt_top/brandy_melville_tops_c7280abc2001.jpg,/Users/ashley/Desktop/python/CS156-Machine-Learning/final/data/retail_images/segmented/t_shirt_top/brandy_melville_tops_c7280abc2001_seg.jpg,/Users/ashley/Desktop/python/CS156-Machine-Learning/final/data/retail_images/segmentation_overlays/t_shirt_top/brandy_melville_tops_c7280abc2001_overlay.jpg,T-shirt/top,Upper-clothes,Upper-clothes,0.0843597560975609,156.0,217.0,376.0,519.0,segmented,ok,mattmdjaga/segformer_b2_clothes,crop_masked
/Users/ashley/Desktop/python/CS156-Machine-Learning/final/data/retail_images/raw/t_shirt_top/brandy_melville_tops_cf8c1adc7b10.jpg,/Users/ashley/Desktop/python/CS156-Machine-Learning/final/data/retail_images/segmented/t_shirt_top/brandy_melville_tops_cf8c1adc7b10_seg.jpg,/Users/ashley/Desktop/python/CS156-Machine-Learning/final/data/retail_images/segmentation_overlays/t_shirt_top/brandy_melville_tops_cf8c1adc7b10_overlay.jpg,T-shirt/top,Upper-clothes,Upper-clothes,0.0711471193415637,95.0,193.0,239.0,365.0,fallback_copy,validation_too_small:144x172_fallback_copy,mattmdjaga/segformer_b2_clothes,copy
/Users/ashley/Desktop/python/CS156-Machine-Learning/final/data/retail_images/raw/t_shirt_top/brandy_melville_tops_d2ae4ba8280d.jpg,/Users/ashley/Desktop/python/CS156-Machine-Learning/final/data/retail_images/segmented/t_shirt_top/brandy_melville_tops_d2ae4ba8280d_seg.jpg,/Users/ashley/Desktop/python/CS156-Machine-Learning/final/data/retail_images/segmentation_overlays/t_shirt_top/brandy_melville_tops_d2ae4ba8280d_overlay.jpg,T-shirt/top,Upper-clothes,Upper-clothes,0.118468574108818,124.0,273.0,385.0,630.0,segmented,ok,mattmdjaga/segformer_b2_clothes,crop_masked
/Users/ashley/Desktop/python/CS156-Machine-Learning/final/data/retail_images/raw/t_shirt_top/brandy_melville_tops_d79b1a141104.jpg,/Users/ashley/Desktop/python/CS156-Machine-Learning/final/data/retail_images/segmented/t_shirt_top/brandy_melville_tops_d79b1a141104_seg.jpg,/Users/ashley/Desktop/python/CS156-Machine-Learning/final/data/retail_images/segmentation_overlays/t_shirt_top/brandy_melville_tops_d79b1a141104_overlay.jpg,T-shirt/top,Upper-clothes,Upper-clothes,0.084753086419753,96.0,207.0,273.0,411.0,segmented,ok,mattmdjaga/segformer_b2_clothes,crop_masked
/Users/ashley/Desktop/python/CS156-Machine-Learning/final/data/retail_images/raw/t_shirt_top/brandy_melville_tops_e2ce7a72a21b.jpg,/Users/ashley/Desktop/python/CS156-Machine-Learning/final/data/retail_images/segmented/t_shirt_top/brandy_melville_tops_e2ce7a72a21b_seg.jpg,/Users/ashley/Desktop/python/CS156-Machine-Learning/final/data/retail_images/segmentation_overlays/t_shirt_top/brandy_melville_tops_e2ce7a72a21b_overlay.jpg,T-shirt/top,Upper-clothes,Upper-clothes,0.0609362139917695,122.0,174.0,242.0,363.0,fallback_copy,validation_too_small:120x189_fallback_copy,mattmdjaga/segformer_b2_clothes,copy
/Users/ashley/Desktop/python/CS156-Machine-Learning/final/data/retail_images/raw/t_shirt_top/brandy_melville_tops_e39f833af212.jpg,/Users/ashley/Desktop/python/CS156-Machine-Learning/final/data/retail_images/segmented/t_shirt_top/brandy_melville_tops_e39f833af212_seg.jpg,/Users/ashley/Desktop/python/CS156-Machine-Learning/final/data/retail_images/segmentation_overlays/t_shirt_top/brandy_melville_tops_e39f833af212_overlay.jpg,T-shirt/top,Upper-clothes,Upper-clothes,0.1546862139917695,67.0,54.0,298.0,338.0,segmented,ok,mattmdjaga/segformer_b2_clothes,crop_masked
/Users/ashley/Desktop/python/CS156-Machine-Learning/final/data/retail_images/raw/t_shirt_top/brandy_melville_tops_e633aa47fe45.jpg,/Users/ashley/Desktop/python/CS156-Machine-Learning/final/data/retail_images/segmented/t_shirt_top/brandy_melville_tops_e633aa47fe45_seg.jpg,/Users/ashley/Desktop/python/CS156-Machine-Learning/final/data/retail_images/segmentation_overlays/t_shirt_top/brandy_melville_tops_e633aa47fe45_overlay.jpg,T-shirt/top,Upper-clothes,Upper-clothes,0.1550351782363977,99.0,80.0,441.0,496.0,segmented,ok,mattmdjaga/segformer_b2_clothes,crop_masked
/Users/ashley/Desktop/python/CS156-Machine-Learning/final/data/retail_images/raw/t_shirt_top/brandy_melville_tops_e7e961f60c24.jpg,/Users/ashley/Desktop/python/CS156-Machine-Learning/final/data/retail_images/segmented/t_shirt_top/brandy_melville_tops_e7e961f60c24_seg.jpg,/Users/ashley/Desktop/python/CS156-Machine-Learning/final/data/retail_images/segmentation_overlays/t_shirt_top/brandy_melville_tops_e7e961f60c24_overlay.jpg,T-shirt/top,Upper-clothes,Upper-clothes,0.1925219941348973,52.0,47.0,159.0,191.0,fallback_copy,validation_too_small:107x144_fallback_copy,mattmdjaga/segformer_b2_clothes,copy
/Users/ashley/Desktop/python/CS156-Machine-Learning/final/data/retail_images/raw/t_shirt_top/brandy_melville_tops_ef4151315c31.jpg,/Users/ashley/Desktop/python/CS156-Machine-Learning/final/data/retail_images/segmented/t_shirt_top/brandy_melville_tops_ef4151315c31_seg.jpg,/Users/ashley/Desktop/python/CS156-Machine-Learning/final/data/retail_images/segmentation_overlays/t_shirt_top/brandy_melville_tops_ef4151315c31_overlay.jpg,T-shirt/top,Upper-clothes,Upper-clothes,0.1807363977485928,108.0,68.0,424.0,561.0,segmented,ok,mattmdjaga/segformer_b2_clothes,crop_masked
/Users/ashley/Desktop/python/CS156-Machine-Learning/final/data/retail_images/raw/t_shirt_top/brandy_melville_tops_f0064e8fece7.jpg,/Users/ashley/Desktop/python/CS156-Machine-Learning/final/data/retail_images/segmented/t_shirt_top/brandy_melville_tops_f0064e8fece7_seg.jpg,/Users/ashley/Desktop/python/CS156-Machine-Learning/final/data/retail_images/segmentation_overlays/t_shirt_top/brandy_melville_tops_f0064e8fece7_overlay.jpg,T-shirt/top,Upper-clothes,Upper-clothes,0.2465290806754221,107.0,77.0,456.0,662.0,segmented,ok,mattmdjaga/segformer_b2_clothes,crop_masked
/Users/ashley/Desktop/python/CS156-Machine-Learning/final/data/retail_images/raw/t_shirt_top/brandy_melville_tops_ff9555226b17.jpg,/Users/ashley/Desktop/python/CS156-Machine-Learning/final/data/retail_images/segmented/t_shirt_top/brandy_melville_tops_ff9555226b17_seg.jpg,/Users/ashley/Desktop/python/CS156-Machine-Learning/final/data/retail_images/segmentation_overlays/t_shirt_top/brandy_melville_tops_ff9555226b17_overlay.jpg,T-shirt/top,Upper-clothes,Upper-clothes,0.0690053333333333,266.0,540.0,663.0,1015.0,segmented,ok,mattmdjaga/segformer_b2_clothes,crop_masked
/Users/ashley/Desktop/python/CS156-Machine-Learning/final/data/retail_images/raw/t_shirt_top/brandy_melville_tops_page_4_00351b9b74fe.jpg,/Users/ashley/Desktop/python/CS156-Machine-Learning/final/data/retail_images/segmented/t_shirt_top/brandy_melville_tops_page_4_00351b9b74fe_seg.jpg,/Users/ashley/Desktop/python/CS156-Machine-Learning/final/data/retail_images/segmentation_overlays/t_shirt_top/brandy_melville_tops_page_4_00351b9b74fe_overlay.jpg,T-shirt/top,Upper-clothes,Upper-clothes,0.1898874296435272,114.0,196.0,478.0,637.0,segmented,ok,mattmdjaga/segformer_b2_clothes,crop_masked
/Users/ashley/Desktop/python/CS156-Machine-Learning/final/data/retail_images/raw/t_shirt_top/brandy_melville_tops_page_4_044c789ddf04.jpg,/Users/ashley/Desktop/python/CS156-Machine-Learning/final/data/retail_images/segmented/t_shirt_top/brandy_melville_tops_page_4_044c789ddf04_seg.jpg,/Users/ashley/Desktop/python/CS156-Machine-Learning/final/data/retail_images/segmentation_overlays/t_shirt_top/brandy_melville_tops_page_4_044c789ddf04_overlay.jpg,T-shirt/top,Upper-clothes,,,,,,,fallback_copy,segmented_too_small:82x101,mattmdjaga/segformer_b2_clothes,copy
/Users/ashley/Desktop/python/CS156-Machine-Learning/final/data/retail_images/raw/t_shirt_top/brandy_melville_tops_page_4_091459355b2d.jpg,/Users/ashley/Desktop/python/CS156-Machine-Learning/final/data/retail_images/segmented/t_shirt_top/brandy_melville_tops_page_4_091459355b2d_seg.jpg,/Users/ashley/Desktop/python/CS156-Machine-Learning/final/data/retail_images/segmentation_overlays/t_shirt_top/brandy_melville_tops_page_4_091459355b2d_overlay.jpg,T-shirt/top,Upper-clothes,Upper-clothes,0.09934670781893,110.0,162.0,270.0,406.0,segmented,ok,mattmdjaga/segformer_b2_clothes,crop_masked
/Users/ashley/Desktop/python/CS156-Machine-Learning/final/data/retail_images/raw/t_shirt_top/brandy_melville_tops_page_4_0b27ff4344e8.jpg,/Users/ashley/Desktop/python/CS156-Machine-Learning/final/data/retail_images/segmented/t_shirt_top/brandy_melville_tops_page_4_0b27ff4344e8_seg.jpg,/Users/ashley/Desktop/python/CS156-Machine-Learning/final/data/retail_images/segmentation_overlays/t_shirt_top/brandy_melville_tops_page_4_0b27ff4344e8_overlay.jpg,T-shirt/top,Upper-clothes,Upper-clothes,0.15187382739212,117.0,220.0,448.0,670.0,segmented,ok,mattmdjaga/segformer_b2_clothes,crop_masked
/Users/ashley/Desktop/python/CS156-Machine-Learning/final/data/retail_images/raw/t_shirt_top/brandy_melville_tops_page_4_0e459158782e.jpg,/Users/ashley/Desktop/python/CS156-Machine-Learning/final/data/retail_images/segmented/t_shirt_top/brandy_melville_tops_page_4_0e459158782e_seg.jpg,/Users/ashley/Desktop/python/CS156-Machine-Learning/final/data/retail_images/segmentation_overlays/t_shirt_top/brandy_melville_tops_page_4_0e459158782e_overlay.jpg,T-shirt/top,Upper-clothes,Upper-clothes,0.1369753086419753,76.0,170.0,295.0,413.0,segmented,ok,mattmdjaga/segformer_b2_clothes,crop_masked
/Users/ashley/Desktop/python/CS156-Machine-Learning/final/data/retail_images/raw/t_shirt_top/brandy_melville_tops_page_4_1035e9c74de8.jpg,/Users/ashley/Desktop/python/CS156-Machine-Learning/final/data/retail_images/segmented/t_shirt_top/brandy_melville_tops_page_4_1035e9c74de8_seg.jpg,/Users/ashley/Desktop/python/CS156-Machine-Learning/final/data/retail_images/segmentation_overlays/t_shirt_top/brandy_melville_tops_page_4_1035e9c74de8_overlay.jpg,T-shirt/top,Upper-clothes,,,,,,,fallback_copy,segmented_too_small:72x119,mattmdjaga/segformer_b2_clothes,copy
/Users/ashley/Desktop/python/CS156-Machine-Learning/final/data/retail_images/raw/t_shirt_top/brandy_melville_tops_page_4_11ac445273be.jpg,/Users/ashley/Desktop/python/CS156-Machine-Learning/final/data/retail_images/segmented/t_shirt_top/brandy_melville_tops_page_4_11ac445273be_seg.jpg,/Users/ashley/Desktop/python/CS156-Machine-Learning/final/data/retail_images/segmentation_overlays/t_shirt_top/brandy_melville_tops_page_4_11ac445273be_overlay.jpg,T-shirt/top,Upper-clothes,Upper-clothes,0.2191837732160312,32.0,38.0,159.0,188.0,fallback_copy,validation_too_small:127x150_fallback_copy,mattmdjaga/segformer_b2_clothes,copy
/Users/ashley/Desktop/python/CS156-Machine-Learning/final/data/retail_images/raw/t_shirt_top/brandy_melville_tops_page_4_137ee632ca9b.jpg,/Users/ashley/Desktop/python/CS156-Machine-Learning/final/data/retail_images/segmented/t_shirt_top/brandy_melville_tops_page_4_137ee632ca9b_seg.jpg,/Users/ashley/Desktop/python/CS156-Machine-Learning/final/data/retail_images/segmentation_overlays/t_shirt_top/brandy_melville_tops_page_4_137ee632ca9b_overlay.jpg,T-shirt/top,Upper-clothes,Upper-clothes,0.1770164609053497,64.0,144.0,301.0,401.0,segmented,ok,mattmdjaga/segformer_b2_clothes,crop_masked
/Users/ashley/Desktop/python/CS156-Machine-Learning/final/data/retail_images/raw/t_shirt_top/brandy_melville_tops_page_4_17c4dbab344d.jpg,/Users/ashley/Desktop/python/CS156-Machine-Learning/final/data/retail_images/segmented/t_shirt_top/brandy_melville_tops_page_4_17c4dbab344d_seg.jpg,/Users/ashley/Desktop/python/CS156-Machine-Learning/final/data/retail_images/segmentation_overlays/t_shirt_top/brandy_melville_tops_page_4_17c4dbab344d_overlay.jpg,T-shirt/top,Upper-clothes,,,,,,,fallback_copy,segmented_too_small:74x113,mattmdjaga/segformer_b2_clothes,copy
/Users/ashley/Desktop/python/CS156-Machine-Learning/final/data/retail_images/raw/t_shirt_top/brandy_melville_tops_page_4_1926bcf698ef.jpg,/Users/ashley/Desktop/python/CS156-Machine-Learning/final/data/retail_images/segmented/t_shirt_top/brandy_melville_tops_page_4_1926bcf698ef_seg.jpg,/Users/ashley/Desktop/python/CS156-Machine-Learning/final/data/retail_images/segmentation_overlays/t_shirt_top/brandy_melville_tops_page_4_1926bcf698ef_overlay.jpg,T-shirt/top,Upper-clothes,Upper-clothes,0.1897736625514403,60.0,127.0,303.0,428.0,segmented,ok,mattmdjaga/segformer_b2_clothes,crop_masked
/Users/ashley/Desktop/python/CS156-Machine-Learning/final/data/retail_images/raw/t_shirt_top/brandy_melville_tops_page_4_1bffb93d424b.jpg,/Users/ashley/Desktop/python/CS156-Machine-Learning/final/data/retail_images/segmented/t_shirt_top/brandy_melville_tops_page_4_1bffb93d424b_seg.jpg,/Users/ashley/Desktop/python/CS156-Machine-Learning/final/data/retail_images/segmentation_overlays/t_shirt_top/brandy_melville_tops_page_4_1bffb93d424b_overlay.jpg,T-shirt/top,Upper-clothes,Upper-clothes,0.1767847091932457,94.0,214.0,446.0,594.0,segmented,ok,mattmdjaga/segformer_b2_clothes,crop_masked
/Users/ashley/Desktop/python/CS156-Machine-Learning/final/data/retail_images/raw/t_shirt_top/brandy_melville_tops_page_4_1f9114b04f5d.jpg,/Users/ashley/Desktop/python/CS156-Machine-Learning/final/data/retail_images/segmented/t_shirt_top/brandy_melville_tops_page_4_1f9114b04f5d_seg.jpg,/Users/ashley/Desktop/python/CS156-Machine-Learning/final/data/retail_images/segmentation_overlays/t_shirt_top/brandy_melville_tops_page_4_1f9114b04f5d_overlay.jpg,T-shirt/top,Upper-clothes,Upper-clothes,0.2284259259259259,30.0,76.0,281.0,421.0,segmented,ok,mattmdjaga/segformer_b2_clothes,crop_masked
/Users/ashley/Desktop/python/CS156-Machine-Learning/final/data/retail_images/raw/t_shirt_top/brandy_melville_tops_page_4_2902642fc5cf.jpg,/Users/ashley/Desktop/python/CS156-Machine-Learning/final/data/retail_images/segmented/t_shirt_top/brandy_melville_tops_page_4_2902642fc5cf_seg.jpg,/Users/ashley/Desktop/python/CS156-Machine-Learning/final/data/retail_images/segmentation_overlays/t_shirt_top/brandy_melville_tops_page_4_2902642fc5cf_overlay.jpg,T-shirt/top,Upper-clothes,Upper-clothes,0.189149560117302,27.0,58.0,139.0,197.0,fallback_copy,validation_too_small:112x139_fallback_copy,mattmdjaga/segformer_b2_clothes,copy
/Users/ashley/Desktop/python/CS156-Machine-Learning/final/data/retail_images/raw/t_shirt_top/brandy_melville_tops_page_4_2df46b6736d2.jpg,/Users/ashley/Desktop/python/CS156-Machine-Learning/final/data/retail_images/segmented/t_shirt_top/brandy_melville_tops_page_4_2df46b6736d2_seg.jpg,/Users/ashley/Desktop/python/CS156-Machine-Learning/final/data/retail_images/segmentation_overlays/t_shirt_top/brandy_melville_tops_page_4_2df46b6736d2_overlay.jpg,T-shirt/top,Upper-clothes,Upper-clothes,0.2170731707317073,100.0,122.0,515.0,600.0,segmented,ok,mattmdjaga/segformer_b2_clothes,crop_masked
/Users/ashley/Desktop/python/CS156-Machine-Learning/final/data/retail_images/raw/t_shirt_top/brandy_melville_tops_page_4_31f46c6d9e2d.jpg,/Users/ashley/Desktop/python/CS156-Machine-Learning/final/data/retail_images/segmented/t_shirt_top/brandy_melville_tops_page_4_31f46c6d9e2d_seg.jpg,/Users/ashley/Desktop/python/CS156-Machine-Learning/final/data/retail_images/segmentation_overlays/t_shirt_top/brandy_melville_tops_page_4_31f46c6d9e2d_overlay.jpg,T-shirt/top,Upper-clothes,Upper-clothes,0.1899074074074074,77.0,132.0,323.0,431.0,segmented,ok,mattmdjaga/segformer_b2_clothes,crop_masked
/Users/ashley/Desktop/python/CS156-Machine-Learning/final/data/retail_images/raw/t_shirt_top/brandy_melville_tops_page_4_3d8afe4e68be.jpg,/Users/ashley/Desktop/python/CS156-Machine-Learning/final/data/retail_images/segmented/t_shirt_top/brandy_melville_tops_page_4_3d8afe4e68be_seg.jpg,/Users/ashley/Desktop/python/CS156-Machine-Learning/final/data/retail_images/segmentation_overlays/t_shirt_top/brandy_melville_tops_page_4_3d8afe4e68be_overlay.jpg,T-shirt/top,Upper-clothes,Upper-clothes,0.1066979362101313,116.0,279.0,383.0,608.0,segmented,ok,mattmdjaga/segformer_b2_clothes,crop_masked
/Users/ashley/Desktop/python/CS156-Machine-Learning/final/data/retail_images/raw/t_shirt_top/brandy_melville_tops_page_4_3e6105fc11a5.jpg,/Users/ashley/Desktop/python/CS156-Machine-Learning/final/data/retail_images/segmented/t_shirt_top/brandy_melville_tops_page_4_3e6105fc11a5_seg.jpg,/Users/ashley/Desktop/python/CS156-Machine-Learning/final/data/retail_images/segmentation_overlays/t_shirt_top/brandy_melville_tops_page_4_3e6105fc11a5_overlay.jpg,T-shirt/top,Upper-clothes,Upper-clothes,0.1124537037037037,94.0,185.0,266.0,403.0,segmented,ok,mattmdjaga/segformer_b2_clothes,crop_masked
/Users/ashley/Desktop/python/CS156-Machine-Learning/final/data/retail_images/raw/t_shirt_top/brandy_melville_tops_page_4_46f611a3a5a9.jpg,/Users/ashley/Desktop/python/CS156-Machine-Learning/final/data/retail_images/segmented/t_shirt_top/brandy_melville_tops_page_4_46f611a3a5a9_seg.jpg,/Users/ashley/Desktop/python/CS156-Machine-Learning/final/data/retail_images/segmentation_overlays/t_shirt_top/brandy_melville_tops_page_4_46f611a3a5a9_overlay.jpg,T-shirt/top,Upper-clothes,Upper-clothes,0.1520283479960899,36.0,68.0,138.0,208.0,fallback_copy,validation_too_small:102x140_fallback_copy,mattmdjaga/segformer_b2_clothes,copy
/Users/ashley/Desktop/python/CS156-Machine-Learning/final/data/retail_images/raw/t_shirt_top/brandy_melville_tops_page_4_482bb4971a05.jpg,/Users/ashley/Desktop/python/CS156-Machine-Learning/final/data/retail_images/segmented/t_shirt_top/brandy_melville_tops_page_4_482bb4971a05_seg.jpg,/Users/ashley/Desktop/python/CS156-Machine-Learning/final/data/retail_images/segmentation_overlays/t_shirt_top/brandy_melville_tops_page_4_482bb4971a05_overlay.jpg,T-shirt/top,Upper-clothes,Upper-clothes,0.0873045267489712,104.0,209.0,251.0,418.0,fallback_copy,validation_too_small:147x209_fallback_copy,mattmdjaga/segformer_b2_clothes,copy
/Users/ashley/Desktop/python/CS156-Machine-Learning/final/data/retail_images/raw/t_shirt_top/brandy_melville_tops_page_4_496a04d4779c.jpg,/Users/ashley/Desktop/python/CS156-Machine-Learning/final/data/retail_images/segmented/t_shirt_top/brandy_melville_tops_page_4_496a04d4779c_seg.jpg,/Users/ashley/Desktop/python/CS156-Machine-Learning/final/data/retail_images/segmentation_overlays/t_shirt_top/brandy_melville_tops_page_4_496a04d4779c_overlay.jpg,T-shirt/top,Upper-clothes,Upper-clothes,0.2304252199413489,14.0,35.0,128.0,194.0,fallback_copy,validation_too_small:114x159_fallback_copy,mattmdjaga/segformer_b2_clothes,copy
/Users/ashley/Desktop/python/CS156-Machine-Learning/final/data/retail_images/raw/t_shirt_top/brandy_melville_tops_page_4_49b7d1b6b021.jpg,/Users/ashley/Desktop/python/CS156-Machine-Learning/final/data/retail_images/segmented/t_shirt_top/brandy_melville_tops_page_4_49b7d1b6b021_seg.jpg,/Users/ashley/Desktop/python/CS156-Machine-Learning/final/data/retail_images/segmentation_overlays/t_shirt_top/brandy_melville_tops_page_4_49b7d1b6b021_overlay.jpg,T-shirt/top,Upper-clothes,Upper-clothes,0.4545454545454545,0.0,47.0,165.0,248.0,segmented,ok,mattmdjaga/segformer_b2_clothes,crop_masked
/Users/ashley/Desktop/python/CS156-Machine-Learning/final/data/retail_images/raw/t_shirt_top/brandy_melville_tops_page_4_49b800a8ac33.jpg,/Users/ashley/Desktop/python/CS156-Machine-Learning/final/data/retail_images/segmented/t_shirt_top/brandy_melville_tops_page_4_49b800a8ac33_seg.jpg,/Users/ashley/Desktop/python/CS156-Machine-Learning/final/data/retail_images/segmentation_overlays/t_shirt_top/brandy_melville_tops_page_4_49b800a8ac33_overlay.jpg,T-shirt/top,Upper-clothes,Upper-clothes,0.4605839587242026,0.0,155.0,533.0,800.0,segmented,ok,mattmdjaga/segformer_b2_clothes,crop_masked
/Users/ashley/Desktop/python/CS156-Machine-Learning/final/data/retail_images/raw/t_shirt_top/brandy_melville_tops_page_4_4fdf81322eaa.jpg,/Users/ashley/Desktop/python/CS156-Machine-Learning/final/data/retail_images/segmented/t_shirt_top/brandy_melville_tops_page_4_4fdf81322eaa_seg.jpg,/Users/ashley/Desktop/python/CS156-Machine-Learning/final/data/retail_images/segmentation_overlays/t_shirt_top/brandy_melville_tops_page_4_4fdf81322eaa_overlay.jpg,T-shirt/top,Upper-clothes,Upper-clothes,0.187585532746823,35.0,63.0,147.0,197.0,fallback_copy,validation_too_small:112x134_fallback_copy,mattmdjaga/segformer_b2_clothes,copy
/Users/ashley/Desktop/python/CS156-Machine-Learning/final/data/retail_images/raw/t_shirt_top/brandy_melville_tops_page_4_50d2e51ae671.jpg,/Users/ashley/Desktop/python/CS156-Machine-Learning/final/data/retail_images/segmented/t_shirt_top/brandy_melville_tops_page_4_50d2e51ae671_seg.jpg,/Users/ashley/Desktop/python/CS156-Machine-Learning/final/data/retail_images/segmentation_overlays/t_shirt_top/brandy_melville_tops_page_4_50d2e51ae671_overlay.jpg,T-shirt/top,Upper-clothes,Upper-clothes,0.1365020576131687,92.0,191.0,260.0,511.0,segmented,ok,mattmdjaga/segformer_b2_clothes,crop_masked
/Users/ashley/Desktop/python/CS156-Machine-Learning/final/data/retail_images/raw/t_shirt_top/brandy_melville_tops_page_4_532c3d3cdb71.jpg,/Users/ashley/Desktop/python/CS156-Machine-Learning/final/data/retail_images/segmented/t_shirt_top/brandy_melville_tops_page_4_532c3d3cdb71_seg.jpg,/Users/ashley/Desktop/python/CS156-Machine-Learning/final/data/retail_images/segmentation_overlays/t_shirt_top/brandy_melville_tops_page_4_532c3d3cdb71_overlay.jpg,T-shirt/top,Upper-clothes,Upper-clothes,0.1362124765478424,137.0,296.0,384.0,756.0,segmented,ok,mattmdjaga/segformer_b2_clothes,crop_masked
/Users/ashley/Desktop/python/CS156-Machine-Learning/final/data/retail_images/raw/t_shirt_top/brandy_melville_tops_page_4_53a456d2c632.jpg,/Users/ashley/Desktop/python/CS156-Machine-Learning/final/data/retail_images/segmented/t_shirt_top/brandy_melville_tops_page_4_53a456d2c632_seg.jpg,/Users/ashley/Desktop/python/CS156-Machine-Learning/final/data/retail_images/segmentation_overlays/t_shirt_top/brandy_melville_tops_page_4_53a456d2c632_overlay.jpg,T-shirt/top,Upper-clothes,,,,,,,fallback_copy,segmented_too_small:75x142,mattmdjaga/segformer_b2_clothes,copy
/Users/ashley/Desktop/python/CS156-Machine-Learning/final/data/retail_images/raw/t_shirt_top/brandy_melville_tops_page_4_5b2aae6624ba.jpg,/Users/ashley/Desktop/python/CS156-Machine-Learning/final/data/retail_images/segmented/t_shirt_top/brandy_melville_tops_page_4_5b2aae6624ba_seg.jpg,/Users/ashley/Desktop/python/CS156-Machine-Learning/final/data/retail_images/segmentation_overlays/t_shirt_top/brandy_melville_tops_page_4_5b2aae6624ba_overlay.jpg,T-shirt/top,Upper-clothes,Upper-clothes,0.1567232510288065,65.0,151.0,286.0,427.0,segmented,ok,mattmdjaga/segformer_b2_clothes,crop_masked
/Users/ashley/Desktop/python/CS156-Machine-Learning/final/data/retail_images/raw/t_shirt_top/brandy_melville_tops_page_4_5f5de885e34a.jpg,/Users/ashley/Desktop/python/CS156-Machine-Learning/final/data/retail_images/segmented/t_shirt_top/brandy_melville_tops_page_4_5f5de885e34a_seg.jpg,/Users/ashley/Desktop/python/CS156-Machine-Learning/final/data/retail_images/segmentation_overlays/t_shirt_top/brandy_melville_tops_page_4_5f5de885e34a_overlay.jpg,T-shirt/top,Upper-clothes,Upper-clothes,0.1577956989247312,30.0,69.0,131.0,197.0,fallback_copy,validation_too_small:101x128_fallback_copy,mattmdjaga/segformer_b2_clothes,copy
/Users/ashley/Desktop/python/CS156-Machine-Learning/final/data/retail_images/raw/t_shirt_top/brandy_melville_tops_page_4_65081fb9ad2f.jpg,/Users/ashley/Desktop/python/CS156-Machine-Learning/final/data/retail_images/segmented/t_shirt_top/brandy_melville_tops_page_4_65081fb9ad2f_seg.jpg,/Users/ashley/Desktop/python/CS156-Machine-Learning/final/data/retail_images/segmentation_overlays/t_shirt_top/brandy_melville_tops_page_4_65081fb9ad2f_overlay.jpg,T-shirt/top,Upper-clothes,Upper-clothes,0.1808162267839687,29.0,67.0,139.0,184.0,fallback_copy,validation_too_small:110x117_fallback_copy,mattmdjaga/segformer_b2_clothes,copy
/Users/ashley/Desktop/python/CS156-Machine-Learning/final/data/retail_images/raw/t_shirt_top/brandy_melville_tops_page_4_6ccd83a92420.jpg,/Users/ashley/Desktop/python/CS156-Machine-Learning/final/data/retail_images/segmented/t_shirt_top/brandy_melville_tops_page_4_6ccd83a92420_seg.jpg,/Users/ashley/Desktop/python/CS156-Machine-Learning/final/data/retail_images/segmentation_overlays/t_shirt_top/brandy_melville_tops_page_4_6ccd83a92420_overlay.jpg,T-shirt/top,Upper-clothes,Upper-clothes,0.3292033235581623,19.0,65.0,141.0,248.0,fallback_copy,validation_too_small:122x183_fallback_copy,mattmdjaga/segformer_b2_clothes,copy
/Users/ashley/Desktop/python/CS156-Machine-Learning/final/data/retail_images/raw/t_shirt_top/brandy_melville_tops_page_4_6e53f7edff5e.jpg,/Users/ashley/Desktop/python/CS156-Machine-Learning/final/data/retail_images/segmented/t_shirt_top/brandy_melville_tops_page_4_6e53f7edff5e_seg.jpg,/Users/ashley/Desktop/python/CS156-Machine-Learning/final/data/retail_images/segmentation_overlays/t_shirt_top/brandy_melville_tops_page_4_6e53f7edff5e_overlay.jpg,T-shirt/top,Upper-clothes,Upper-clothes,0.327391975308642,41.0,144.0,308.0,540.0,segmented,ok,mattmdjaga/segformer_b2_clothes,crop_masked
/Users/ashley/Desktop/python/CS156-Machine-Learning/final/data/retail_images/raw/t_shirt_top/brandy_melville_tops_page_4_6ee344ced5f2.jpg,/Users/ashley/Desktop/python/CS156-Machine-Learning/final/data/retail_images/segmented/t_shirt_top/brandy_melville_tops_page_4_6ee344ced5f2_seg.jpg,/Users/ashley/Desktop/python/CS156-Machine-Learning/final/data/retail_images/segmentation_overlays/t_shirt_top/brandy_melville_tops_page_4_6ee344ced5f2_overlay.jpg,T-shirt/top,Upper-clothes,Upper-clothes,0.186374296435272,110.0,257.0,445.0,706.0,segmented,ok,mattmdjaga/segformer_b2_clothes,crop_masked
/Users/ashley/Desktop/python/CS156-Machine-Learning/final/data/retail_images/raw/t_shirt_top/brandy_melville_tops_page_4_703501a2ce61.jpg,/Users/ashley/Desktop/python/CS156-Machine-Learning/final/data/retail_images/segmented/t_shirt_top/brandy_melville_tops_page_4_703501a2ce61_seg.jpg,/Users/ashley/Desktop/python/CS156-Machine-Learning/final/data/retail_images/segmentation_overlays/t_shirt_top/brandy_melville_tops_page_4_703501a2ce61_overlay.jpg,T-shirt/top,Upper-clothes,Upper-clothes,0.1363250469043151,114.0,252.0,437.0,611.0,segmented,ok,mattmdjaga/segformer_b2_clothes,crop_masked
/Users/ashley/Desktop/python/CS156-Machine-Learning/final/data/retail_images/raw/t_shirt_top/brandy_melville_tops_page_4_703524a05112.jpg,/Users/ashley/Desktop/python/CS156-Machine-Learning/final/data/retail_images/segmented/t_shirt_top/brandy_melville_tops_page_4_703524a05112_seg.jpg,/Users/ashley/Desktop/python/CS156-Machine-Learning/final/data/retail_images/segmentation_overlays/t_shirt_top/brandy_melville_tops_page_4_703524a05112_overlay.jpg,T-shirt/top,Upper-clothes,Upper-clothes,0.0984803001876172,163.0,253.0,399.0,600.0,segmented,ok,mattmdjaga/segformer_b2_clothes,crop_masked
/Users/ashley/Desktop/python/CS156-Machine-Learning/final/data/retail_images/raw/t_shirt_top/brandy_melville_tops_page_4_71b185967c23.jpg,/Users/ashley/Desktop/python/CS156-Machine-Learning/final/data/retail_images/segmented/t_shirt_top/brandy_melville_tops_page_4_71b185967c23_seg.jpg,/Users/ashley/Desktop/python/CS156-Machine-Learning/final/data/retail_images/segmentation_overlays/t_shirt_top/brandy_melville_tops_page_4_71b185967c23_overlay.jpg,T-shirt/top,Upper-clothes,Upper-clothes,0.0651876172607879,162.0,278.0,393.0,548.0,segmented,ok,mattmdjaga/segformer_b2_clothes,crop_masked
/Users/ashley/Desktop/python/CS156-Machine-Learning/final/data/retail_images/raw/t_shirt_top/brandy_melville_tops_page_4_725dd10599fe.jpg,/Users/ashley/Desktop/python/CS156-Machine-Learning/final/data/retail_images/segmented/t_shirt_top/brandy_melville_tops_page_4_725dd10599fe_seg.jpg,/Users/ashley/Desktop/python/CS156-Machine-Learning/final/data/retail_images/segmentation_overlays/t_shirt_top/brandy_melville_tops_page_4_725dd10599fe_overlay.jpg,T-shirt/top,Upper-clothes,Upper-clothes,0.1367302052785923,35.0,77.0,134.0,191.0,fallback_copy,validation_too_small:99x114_fallback_copy,mattmdjaga/segformer_b2_clothes,copy
/Users/ashley/Desktop/python/CS156-Machine-Learning/final/data/retail_images/raw/t_shirt_top/brandy_melville_tops_page_4_750e24641e84.jpg,/Users/ashley/Desktop/python/CS156-Machine-Learning/final/data/retail_images/segmented/t_shirt_top/brandy_melville_tops_page_4_750e24641e84_seg.jpg,/Users/ashley/Desktop/python/CS156-Machine-Learning/final/data/retail_images/segmentation_overlays/t_shirt_top/brandy_melville_tops_page_4_750e24641e84_overlay.jpg,T-shirt/top,Upper-clothes,Upper-clothes,0.1871700879765395,35.0,79.0,137.0,219.0,fallback_copy,validation_too_small:102x140_fallback_copy,mattmdjaga/segformer_b2_clothes,copy
/Users/ashley/Desktop/python/CS156-Machine-Learning/final/data/retail_images/raw/t_shirt_top/brandy_melville_tops_page_4_83fea7ea8895.jpg,/Users/ashley/Desktop/python/CS156-Machine-Learning/final/data/retail_images/segmented/t_shirt_top/brandy_melville_tops_page_4_83fea7ea8895_seg.jpg,/Users/ashley/Desktop/python/CS156-Machine-Learning/final/data/retail_images/segmentation_overlays/t_shirt_top/brandy_melville_tops_page_4_83fea7ea8895_overlay.jpg,T-shirt/top,Upper-clothes,Upper-clothes,0.3478983382209188,4.0,53.0,165.0,248.0,segmented,ok,mattmdjaga/segformer_b2_clothes,crop_masked
/Users/ashley/Desktop/python/CS156-Machine-Learning/final/data/retail_images/raw/t_shirt_top/brandy_melville_tops_page_4_8c2b4aead1f4.jpg,/Users/ashley/Desktop/python/CS156-Machine-Learning/final/data/retail_images/segmented/t_shirt_top/brandy_melville_tops_page_4_8c2b4aead1f4_seg.jpg,/Users/ashley/Desktop/python/CS156-Machine-Learning/final/data/retail_images/segmentation_overlays/t_shirt_top/brandy_melville_tops_page_4_8c2b4aead1f4_overlay.jpg,T-shirt/top,Upper-clothes,,,,,,,fallback_copy,segmented_too_small:76x85,mattmdjaga/segformer_b2_clothes,copy
/Users/ashley/Desktop/python/CS156-Machine-Learning/final/data/retail_images/raw/t_shirt_top/brandy_melville_tops_page_4_8c4c0d9efec4.jpg,/Users/ashley/Desktop/python/CS156-Machine-Learning/final/data/retail_images/segmented/t_shirt_top/brandy_melville_tops_page_4_8c4c0d9efec4_seg.jpg,/Users/ashley/Desktop/python/CS156-Machine-Learning/final/data/retail_images/segmentation_overlays/t_shirt_top/brandy_melville_tops_page_4_8c4c0d9efec4_overlay.jpg,T-shirt/top,Upper-clothes,Upper-clothes,0.2170473251028806,68.0,82.0,347.0,403.0,segmented,ok,mattmdjaga/segformer_b2_clothes,crop_masked
/Users/ashley/Desktop/python/CS156-Machine-Learning/final/data/retail_images/raw/t_shirt_top/brandy_melville_tops_page_4_961c71b927e2.jpg,/Users/ashley/Desktop/python/CS156-Machine-Learning/final/data/retail_images/segmented/t_shirt_top/brandy_melville_tops_page_4_961c71b927e2_seg.jpg,/Users/ashley/Desktop/python/CS156-Machine-Learning/final/data/retail_images/segmentation_overlays/t_shirt_top/brandy_melville_tops_page_4_961c71b927e2_overlay.jpg,T-shirt/top,Upper-clothes,Upper-clothes,0.0865032833020637,154.0,309.0,373.0,613.0,segmented,ok,mattmdjaga/segformer_b2_clothes,crop_masked
/Users/ashley/Desktop/python/CS156-Machine-Learning/final/data/retail_images/raw/t_shirt_top/brandy_melville_tops_page_4_9d98b57b6113.jpg,/Users/ashley/Desktop/python/CS156-Machine-Learning/final/data/retail_images/segmented/t_shirt_top/brandy_melville_tops_page_4_9d98b57b6113_seg.jpg,/Users/ashley/Desktop/python/CS156-Machine-Learning/final/data/retail_images/segmentation_overlays/t_shirt_top/brandy_melville_tops_page_4_9d98b57b6113_overlay.jpg,T-shirt/top,Upper-clothes,Upper-clothes,0.1065329218106996,78.0,189.0,258.0,410.0,segmented,ok,mattmdjaga/segformer_b2_clothes,crop_masked
/Users/ashley/Desktop/python/CS156-Machine-Learning/final/data/retail_images/raw/t_shirt_top/brandy_melville_tops_page_4_9dc56cbac77a.jpg,/Users/ashley/Desktop/python/CS156-Machine-Learning/final/data/retail_images/segmented/t_shirt_top/brandy_melville_tops_page_4_9dc56cbac77a_seg.jpg,/Users/ashley/Desktop/python/CS156-Machine-Learning/final/data/retail_images/segmentation_overlays/t_shirt_top/brandy_melville_tops_page_4_9dc56cbac77a_overlay.jpg,T-shirt/top,Upper-clothes,Upper-clothes,0.1120520637898686,142.0,273.0,392.0,597.0,segmented,ok,mattmdjaga/segformer_b2_clothes,crop_masked
/Users/ashley/Desktop/python/CS156-Machine-Learning/final/data/retail_images/raw/t_shirt_top/brandy_melville_tops_page_4_9f58dfec0518.jpg,/Users/ashley/Desktop/python/CS156-Machine-Learning/final/data/retail_images/segmented/t_shirt_top/brandy_melville_tops_page_4_9f58dfec0518_seg.jpg,/Users/ashley/Desktop/python/CS156-Machine-Learning/final/data/retail_images/segmentation_overlays/t_shirt_top/brandy_melville_tops_page_4_9f58dfec0518_overlay.jpg,T-shirt/top,Upper-clothes,Upper-clothes,0.1564751407129456,95.0,223.0,425.0,633.0,segmented,ok,mattmdjaga/segformer_b2_clothes,crop_masked
/Users/ashley/Desktop/python/CS156-Machine-Learning/final/data/retail_images/raw/t_shirt_top/brandy_melville_tops_page_4_a3f47dd459cc.jpg,/Users/ashley/Desktop/python/CS156-Machine-Learning/final/data/retail_images/segmented/t_shirt_top/brandy_melville_tops_page_4_a3f47dd459cc_seg.jpg,/Users/ashley/Desktop/python/CS156-Machine-Learning/final/data/retail_images/segmentation_overlays/t_shirt_top/brandy_melville_tops_page_4_a3f47dd459cc_overlay.jpg,T-shirt/top,Upper-clothes,Upper-clothes,0.2949249530956848,60.0,218.0,455.0,800.0,segmented,ok,mattmdjaga/segformer_b2_clothes,crop_masked
/Users/ashley/Desktop/python/CS156-Machine-Learning/final/data/retail_images/raw/t_shirt_top/brandy_melville_tops_page_4_b1aaf778efdd.jpg,/Users/ashley/Desktop/python/CS156-Machine-Learning/final/data/retail_images/segmented/t_shirt_top/brandy_melville_tops_page_4_b1aaf778efdd_seg.jpg,/Users/ashley/Desktop/python/CS156-Machine-Learning/final/data/retail_images/segmentation_overlays/t_shirt_top/brandy_melville_tops_page_4_b1aaf778efdd_overlay.jpg,T-shirt/top,Upper-clothes,Upper-clothes,0.1156425891181988,150.0,197.0,475.0,589.0,segmented,ok,mattmdjaga/segformer_b2_clothes,crop_masked
/Users/ashley/Desktop/python/CS156-Machine-Learning/final/data/retail_images/raw/t_shirt_top/brandy_melville_tops_page_4_b25efa0c5f67.jpg,/Users/ashley/Desktop/python/CS156-Machine-Learning/final/data/retail_images/segmented/t_shirt_top/brandy_melville_tops_page_4_b25efa0c5f67_seg.jpg,/Users/ashley/Desktop/python/CS156-Machine-Learning/final/data/retail_images/segmentation_overlays/t_shirt_top/brandy_melville_tops_page_4_b25efa0c5f67_overlay.jpg,T-shirt/top,Upper-clothes,,,,,,,fallback_copy,segmented_too_small:81x111,mattmdjaga/segformer_b2_clothes,copy
/Users/ashley/Desktop/python/CS156-Machine-Learning/final/data/retail_images/raw/t_shirt_top/brandy_melville_tops_page_4_ca9000d0f64f.jpg,/Users/ashley/Desktop/python/CS156-Machine-Learning/final/data/retail_images/segmented/t_shirt_top/brandy_melville_tops_page_4_ca9000d0f64f_seg.jpg,/Users/ashley/Desktop/python/CS156-Machine-Learning/final/data/retail_images/segmentation_overlays/t_shirt_top/brandy_melville_tops_page_4_ca9000d0f64f_overlay.jpg,T-shirt/top,Upper-clothes,Upper-clothes,0.0657098765432098,109.0,187.0,264.0,370.0,fallback_copy,validation_too_small:155x183_fallback_copy,mattmdjaga/segformer_b2_clothes,copy
/Users/ashley/Desktop/python/CS156-Machine-Learning/final/data/retail_images/raw/t_shirt_top/brandy_melville_tops_page_4_d6c2a2b13b97.jpg,/Users/ashley/Desktop/python/CS156-Machine-Learning/final/data/retail_images/segmented/t_shirt_top/brandy_melville_tops_page_4_d6c2a2b13b97_seg.jpg,/Users/ashley/Desktop/python/CS156-Machine-Learning/final/data/retail_images/segmentation_overlays/t_shirt_top/brandy_melville_tops_page_4_d6c2a2b13b97_overlay.jpg,T-shirt/top,Upper-clothes,Upper-clothes,0.3299296435272045,11.0,173.0,533.0,800.0,segmented,ok,mattmdjaga/segformer_b2_clothes,crop_masked
/Users/ashley/Desktop/python/CS156-Machine-Learning/final/data/retail_images/raw/t_shirt_top/brandy_melville_tops_page_4_df0c798918ba.jpg,/Users/ashley/Desktop/python/CS156-Machine-Learning/final/data/retail_images/segmented/t_shirt_top/brandy_melville_tops_page_4_df0c798918ba_seg.jpg,/Users/ashley/Desktop/python/CS156-Machine-Learning/final/data/retail_images/segmentation_overlays/t_shirt_top/brandy_melville_tops_page_4_df0c798918ba_overlay.jpg,T-shirt/top,Upper-clothes,Upper-clothes,0.1896575984990619,89.0,188.0,449.0,634.0,segmented,ok,mattmdjaga/segformer_b2_clothes,crop_masked
/Users/ashley/Desktop/python/CS156-Machine-Learning/final/data/retail_images/raw/t_shirt_top/brandy_melville_tops_page_4_e0f8a1fd47c3.jpg,/Users/ashley/Desktop/python/CS156-Machine-Learning/final/data/retail_images/segmented/t_shirt_top/brandy_melville_tops_page_4_e0f8a1fd47c3_seg.jpg,/Users/ashley/Desktop/python/CS156-Machine-Learning/final/data/retail_images/segmentation_overlays/t_shirt_top/brandy_melville_tops_page_4_e0f8a1fd47c3_overlay.jpg,T-shirt/top,Upper-clothes,Upper-clothes,0.4588786008230452,0.0,104.0,360.0,540.0,segmented,ok,mattmdjaga/segformer_b2_clothes,crop_masked
/Users/ashley/Desktop/python/CS156-Machine-Learning/final/data/retail_images/raw/t_shirt_top/brandy_melville_tops_page_4_ed34a0f57d3e.jpg,/Users/ashley/Desktop/python/CS156-Machine-Learning/final/data/retail_images/segmented/t_shirt_top/brandy_melville_tops_page_4_ed34a0f57d3e_seg.jpg,/Users/ashley/Desktop/python/CS156-Machine-Learning/final/data/retail_images/segmentation_overlays/t_shirt_top/brandy_melville_tops_page_4_ed34a0f57d3e_overlay.jpg,T-shirt/top,Upper-clothes,Upper-clothes,0.1518055555555555,80.0,149.0,302.0,452.0,segmented,ok,mattmdjaga/segformer_b2_clothes,crop_masked
/Users/ashley/Desktop/python/CS156-Machine-Learning/final/data/retail_images/raw/t_shirt_top/brandy_melville_tops_page_4_ef89a9a1122f.jpg,/Users/ashley/Desktop/python/CS156-Machine-Learning/final/data/retail_images/segmented/t_shirt_top/brandy_melville_tops_page_4_ef89a9a1122f_seg.jpg,/Users/ashley/Desktop/python/CS156-Machine-Learning/final/data/retail_images/segmentation_overlays/t_shirt_top/brandy_melville_tops_page_4_ef89a9a1122f_overlay.jpg,T-shirt/top,Upper-clothes,Upper-clothes,0.2276454033771107,44.0,114.0,416.0,623.0,segmented,ok,mattmdjaga/segformer_b2_clothes,crop_masked
/Users/ashley/Desktop/python/CS156-Machine-Learning/final/data/retail_images/raw/t_shirt_top/brandy_melville_tops_page_4_f57e778ce3e6.jpg,/Users/ashley/Desktop/python/CS156-Machine-Learning/final/data/retail_images/segmented/t_shirt_top/brandy_melville_tops_page_4_f57e778ce3e6_seg.jpg,/Users/ashley/Desktop/python/CS156-Machine-Learning/final/data/retail_images/segmentation_overlays/t_shirt_top/brandy_melville_tops_page_4_f57e778ce3e6_overlay.jpg,T-shirt/top,Upper-clothes,Upper-clothes,0.3260390946502057,8.0,116.0,360.0,540.0,segmented,ok,mattmdjaga/segformer_b2_clothes,crop_masked
/Users/ashley/Desktop/python/CS156-Machine-Learning/final/data/retail_images/raw/t_shirt_top/brandy_melville_tops_page_4_fdd22e2e4ead.jpg,/Users/ashley/Desktop/python/CS156-Machine-Learning/final/data/retail_images/segmented/t_shirt_top/brandy_melville_tops_page_4_fdd22e2e4ead_seg.jpg,/Users/ashley/Desktop/python/CS156-Machine-Learning/final/data/retail_images/segmentation_overlays/t_shirt_top/brandy_melville_tops_page_4_fdd22e2e4ead_overlay.jpg,T-shirt/top,Upper-clothes,Upper-clothes,0.1868569958847736,74.0,173.0,302.0,476.0,segmented,ok,mattmdjaga/segformer_b2_clothes,crop_masked
/Users/ashley/Desktop/python/CS156-Machine-Learning/final/data/retail_images/raw/t_shirt_top/reformation_tops_00d408c08bd6.jpg,/Users/ashley/Desktop/python/CS156-Machine-Learning/final/data/retail_images/segmented/t_shirt_top/reformation_tops_00d408c08bd6_seg.jpg,/Users/ashley/Desktop/python/CS156-Machine-Learning/final/data/retail_images/segmentation_overlays/t_shirt_top/reformation_tops_00d408c08bd6_overlay.jpg,T-shirt/top,Upper-clothes,Upper-clothes,0.1048697916666666,45.0,52.0,191.0,245.0,fallback_copy,validation_too_small:146x193_fallback_copy,mattmdjaga/segformer_b2_clothes,copy
/Users/ashley/Desktop/python/CS156-Machine-Learning/final/data/retail_images/raw/t_shirt_top/reformation_tops_0d2eb7a527dc.jpg,/Users/ashley/Desktop/python/CS156-Machine-Learning/final/data/retail_images/segmented/t_shirt_top/reformation_tops_0d2eb7a527dc_seg.jpg,/Users/ashley/Desktop/python/CS156-Machine-Learning/final/data/retail_images/segmentation_overlays/t_shirt_top/reformation_tops_0d2eb7a527dc_overlay.jpg,T-shirt/top,Upper-clothes,Upper-clothes,0.0176270833333333,218.0,176.0,351.0,350.0,fallback_copy,validation_too_small:133x174_fallback_copy,mattmdjaga/segformer_b2_clothes,copy
/Users/ashley/Desktop/python/CS156-Machine-Learning/final/data/retail_images/raw/t_shirt_top/reformation_tops_128bb7478613.jpg,/Users/ashley/Desktop/python/CS156-Machine-Learning/final/data/retail_images/segmented/t_shirt_top/reformation_tops_128bb7478613_seg.jpg,/Users/ashley/Desktop/python/CS156-Machine-Learning/final/data/retail_images/segmentation_overlays/t_shirt_top/reformation_tops_128bb7478613_overlay.jpg,T-shirt/top,Upper-clothes,,,,,,,fallback_copy,missing_target_mask,mattmdjaga/segformer_b2_clothes,copy
/Users/ashley/Desktop/python/CS156-Machine-Learning/final/data/retail_images/raw/t_shirt_top/reformation_tops_1c27ff4851c1.jpg,/Users/ashley/Desktop/python/CS156-Machine-Learning/final/data/retail_images/segmented/t_shirt_top/reformation_tops_1c27ff4851c1_seg.jpg,/Users/ashley/Desktop/python/CS156-Machine-Learning/final/data/retail_images/segmentation_overlays/t_shirt_top/reformation_tops_1c27ff4851c1_overlay.jpg,T-shirt/top,Upper-clothes,,,,,,,fallback_copy,segmented_too_small:83x110,mattmdjaga/segformer_b2_clothes,copy
/Users/ashley/Desktop/python/CS156-Machine-Learning/final/data/retail_images/raw/t_shirt_top/reformation_tops_1df1b0d5afa1.jpg,/Users/ashley/Desktop/python/CS156-Machine-Learning/final/data/retail_images/segmented/t_shirt_top/reformation_tops_1df1b0d5afa1_seg.jpg,/Users/ashley/Desktop/python/CS156-Machine-Learning/final/data/retail_images/segmentation_overlays/t_shirt_top/reformation_tops_1df1b0d5afa1_overlay.jpg,T-shirt/top,Upper-clothes,Upper-clothes,0.0105104166666666,240.0,208.0,362.0,348.0,fallback_copy,validation_too_small:122x140_fallback_copy,mattmdjaga/segformer_b2_clothes,copy
/Users/ashley/Desktop/python/CS156-Machine-Learning/final/data/retail_images/raw/t_shirt_top/reformation_tops_45771e24bb64.jpg,/Users/ashley/Desktop/python/CS156-Machine-Learning/final/data/retail_images/segmented/t_shirt_top/reformation_tops_45771e24bb64_seg.jpg,/Users/ashley/Desktop/python/CS156-Machine-Learning/final/data/retail_images/segmentation_overlays/t_shirt_top/reformation_tops_45771e24bb64_overlay.jpg,T-shirt/top,Upper-clothes,Upper-clothes,0.12729375,107.0,158.0,458.0,483.0,segmented,ok,mattmdjaga/segformer_b2_clothes,crop_masked
/Users/ashley/Desktop/python/CS156-Machine-Learning/final/data/retail_images/raw/t_shirt_top/reformation_tops_46b1bf5cc6fc.jpg,/Users/ashley/Desktop/python/CS156-Machine-Learning/final/data/retail_images/segmented/t_shirt_top/reformation_tops_46b1bf5cc6fc_seg.jpg,/Users/ashley/Desktop/python/CS156-Machine-Learning/final/data/retail_images/segmentation_overlays/t_shirt_top/reformation_tops_46b1bf5cc6fc_overlay.jpg,T-shirt/top,Upper-clothes,,,,,,,fallback_copy,missing_target_mask,mattmdjaga/segformer_b2_clothes,copy
/Users/ashley/Desktop/python/CS156-Machine-Learning/final/data/retail_images/raw/t_shirt_top/reformation_tops_4cc8e2ae6fda.jpg,/Users/ashley/Desktop/python/CS156-Machine-Learning/final/data/retail_images/segmented/t_shirt_top/reformation_tops_4cc8e2ae6fda_seg.jpg,/Users/ashley/Desktop/python/CS156-Machine-Learning/final/data/retail_images/segmentation_overlays/t_shirt_top/reformation_tops_4cc8e2ae6fda_overlay.jpg,T-shirt/top,Upper-clothes,Upper-clothes,0.0261958333333333,225.0,193.0,369.0,356.0,fallback_copy,validation_too_small:144x163_fallback_copy,mattmdjaga/segformer_b2_clothes,copy
/Users/ashley/Desktop/python/CS156-Machine-Learning/final/data/retail_images/raw/t_shirt_top/reformation_tops_514d4e935bbb.jpg,/Users/ashley/Desktop/python/CS156-Machine-Learning/final/data/retail_images/segmented/t_shirt_top/reformation_tops_514d4e935bbb_seg.jpg,/Users/ashley/Desktop/python/CS156-Machine-Learning/final/data/retail_images/segmentation_overlays/t_shirt_top/reformation_tops_514d4e935bbb_overlay.jpg,T-shirt/top,Upper-clothes,Upper-clothes,0.0283875,227.0,154.0,373.0,343.0,fallback_copy,validation_too_small:146x189_fallback_copy,mattmdjaga/segformer_b2_clothes,copy
/Users/ashley/Desktop/python/CS156-Machine-Learning/final/data/retail_images/raw/t_shirt_top/reformation_tops_5894b060a85c.jpg,/Users/ashley/Desktop/python/CS156-Machine-Learning/final/data/retail_images/segmented/t_shirt_top/reformation_tops_5894b060a85c_seg.jpg,/Users/ashley/Desktop/python/CS156-Machine-Learning/final/data/retail_images/segmentation_overlays/t_shirt_top/reformation_tops_5894b060a85c_overlay.jpg,T-shirt/top,Upper-clothes,,,,,,,fallback_copy,segmented_too_small:40x54,mattmdjaga/segformer_b2_clothes,copy
/Users/ashley/Desktop/python/CS156-Machine-Learning/final/data/retail_images/raw/t_shirt_top/reformation_tops_60736ebf8d92.jpg,/Users/ashley/Desktop/python/CS156-Machine-Learning/final/data/retail_images/segmented/t_shirt_top/reformation_tops_60736ebf8d92_seg.jpg,/Users/ashley/Desktop/python/CS156-Machine-Learning/final/data/retail_images/segmentation_overlays/t_shirt_top/reformation_tops_60736ebf8d92_overlay.jpg,T-shirt/top,Upper-clothes,,,,,,,fallback_copy,missing_target_mask,mattmdjaga/segformer_b2_clothes,copy
/Users/ashley/Desktop/python/CS156-Machine-Learning/final/data/retail_images/raw/t_shirt_top/reformation_tops_6e062b9a20f8.jpg,/Users/ashley/Desktop/python/CS156-Machine-Learning/final/data/retail_images/segmented/t_shirt_top/reformation_tops_6e062b9a20f8_seg.jpg,/Users/ashley/Desktop/python/CS156-Machine-Learning/final/data/retail_images/segmentation_overlays/t_shirt_top/reformation_tops_6e062b9a20f8_overlay.jpg,T-shirt/top,Upper-clothes,,,,,,,fallback_copy,mask_area_out_of_range:0.0023,mattmdjaga/segformer_b2_clothes,copy
/Users/ashley/Desktop/python/CS156-Machine-Learning/final/data/retail_images/raw/t_shirt_top/reformation_tops_711693adf27d.jpg,/Users/ashley/Desktop/python/CS156-Machine-Learning/final/data/retail_images/segmented/t_shirt_top/reformation_tops_711693adf27d_seg.jpg,/Users/ashley/Desktop/python/CS156-Machine-Learning/final/data/retail_images/segmentation_overlays/t_shirt_top/reformation_tops_711693adf27d_overlay.jpg,T-shirt/top,Upper-clothes,Upper-clothes,0.157775,116.0,260.0,440.0,777.0,segmented,ok,mattmdjaga/segformer_b2_clothes,crop_masked
/Users/ashley/Desktop/python/CS156-Machine-Learning/final/data/retail_images/raw/t_shirt_top/reformation_tops_74e5f8de24fa.jpg,/Users/ashley/Desktop/python/CS156-Machine-Learning/final/data/retail_images/segmented/t_shirt_top/reformation_tops_74e5f8de24fa_seg.jpg,/Users/ashley/Desktop/python/CS156-Machine-Learning/final/data/retail_images/segmentation_overlays/t_shirt_top/reformation_tops_74e5f8de24fa_overlay.jpg,T-shirt/top,Upper-clothes,Upper-clothes,0.0381875,192.0,150.0,412.0,343.0,segmented,ok,mattmdjaga/segformer_b2_clothes,crop_masked
/Users/ashley/Desktop/python/CS156-Machine-Learning/final/data/retail_images/raw/t_shirt_top/reformation_tops_8695ca575f53.jpg,/Users/ashley/Desktop/python/CS156-Machine-Learning/final/data/retail_images/segmented/t_shirt_top/reformation_tops_8695ca575f53_seg.jpg,/Users/ashley/Desktop/python/CS156-Machine-Learning/final/data/retail_images/segmentation_overlays/t_shirt_top/reformation_tops_8695ca575f53_overlay.jpg,T-shirt/top,Upper-clothes,Upper-clothes,0.0764,177.0,236.0,412.0,511.0,segmented,ok,mattmdjaga/segformer_b2_clothes,crop_masked
/Users/ashley/Desktop/python/CS156-Machine-Learning/final/data/retail_images/raw/t_shirt_top/reformation_tops_8c6472ea07b5.jpg,/Users/ashley/Desktop/python/CS156-Machine-Learning/final/data/retail_images/segmented/t_shirt_top/reformation_tops_8c6472ea07b5_seg.jpg,/Users/ashley/Desktop/python/CS156-Machine-Learning/final/data/retail_images/segmentation_overlays/t_shirt_top/reformation_tops_8c6472ea07b5_overlay.jpg,T-shirt/top,Upper-clothes,Upper-clothes,0.0304145833333333,224.0,156.0,367.0,346.0,fallback_copy,validation_too_small:143x190_fallback_copy,mattmdjaga/segformer_b2_clothes,copy
/Users/ashley/Desktop/python/CS156-Machine-Learning/final/data/retail_images/raw/t_shirt_top/reformation_tops_8cab279e0dcd.jpg,/Users/ashley/Desktop/python/CS156-Machine-Learning/final/data/retail_images/segmented/t_shirt_top/reformation_tops_8cab279e0dcd_seg.jpg,/Users/ashley/Desktop/python/CS156-Machine-Learning/final/data/retail_images/segmentation_overlays/t_shirt_top/reformation_tops_8cab279e0dcd_overlay.jpg,T-shirt/top,Upper-clothes,,,,,,,fallback_copy,missing_target_mask,mattmdjaga/segformer_b2_clothes,copy
/Users/ashley/Desktop/python/CS156-Machine-Learning/final/data/retail_images/raw/t_shirt_top/reformation_tops_90f6aac753ff.jpg,/Users/ashley/Desktop/python/CS156-Machine-Learning/final/data/retail_images/segmented/t_shirt_top/reformation_tops_90f6aac753ff_seg.jpg,/Users/ashley/Desktop/python/CS156-Machine-Learning/final/data/retail_images/segmentation_overlays/t_shirt_top/reformation_tops_90f6aac753ff_overlay.jpg,T-shirt/top,Upper-clothes,Upper-clothes,0.23286875,87.0,133.0,551.0,759.0,segmented,ok,mattmdjaga/segformer_b2_clothes,crop_masked
/Users/ashley/Desktop/python/CS156-Machine-Learning/final/data/retail_images/raw/t_shirt_top/reformation_tops_9dd2d4c393c4.jpg,/Users/ashley/Desktop/python/CS156-Machine-Learning/final/data/retail_images/segmented/t_shirt_top/reformation_tops_9dd2d4c393c4_seg.jpg,/Users/ashley/Desktop/python/CS156-Machine-Learning/final/data/retail_images/segmentation_overlays/t_shirt_top/reformation_tops_9dd2d4c393c4_overlay.jpg,T-shirt/top,Upper-clothes,Upper-clothes,0.1296583333333333,151.0,173.0,486.0,535.0,segmented,ok,mattmdjaga/segformer_b2_clothes,crop_masked
/Users/ashley/Desktop/python/CS156-Machine-Learning/final/data/retail_images/raw/t_shirt_top/reformation_tops_ae4338499ea5.jpg,/Users/ashley/Desktop/python/CS156-Machine-Learning/final/data/retail_images/segmented/t_shirt_top/reformation_tops_ae4338499ea5_seg.jpg,/Users/ashley/Desktop/python/CS156-Machine-Learning/final/data/retail_images/segmentation_overlays/t_shirt_top/reformation_tops_ae4338499ea5_overlay.jpg,T-shirt/top,Upper-clothes,,,,,,,fallback_copy,missing_target_mask,mattmdjaga/segformer_b2_clothes,copy
/Users/ashley/Desktop/python/CS156-Machine-Learning/final/data/retail_images/raw/t_shirt_top/reformation_tops_beda761951b4.jpg,/Users/ashley/Desktop/python/CS156-Machine-Learning/final/data/retail_images/segmented/t_shirt_top/reformation_tops_beda761951b4_seg.jpg,/Users/ashley/Desktop/python/CS156-Machine-Learning/final/data/retail_images/segmentation_overlays/t_shirt_top/reformation_tops_beda761951b4_overlay.jpg,T-shirt/top,Upper-clothes,Upper-clothes,0.1144,0.0,458.0,501.0,800.0,segmented,ok,mattmdjaga/segformer_b2_clothes,crop_masked
/Users/ashley/Desktop/python/CS156-Machine-Learning/final/data/retail_images/raw/t_shirt_top/reformation_tops_c9a78bb32e1e.jpg,/Users/ashley/Desktop/python/CS156-Machine-Learning/final/data/retail_images/segmented/t_shirt_top/reformation_tops_c9a78bb32e1e_seg.jpg,/Users/ashley/Desktop/python/CS156-Machine-Learning/final/data/retail_images/segmentation_overlays/t_shirt_top/reformation_tops_c9a78bb32e1e_overlay.jpg,T-shirt/top,Upper-clothes,Upper-clothes,0.1141583333333333,172.0,221.0,438.0,602.0,segmented,ok,mattmdjaga/segformer_b2_clothes,crop_masked
/Users/ashley/Desktop/python/CS156-Machine-Learning/final/data/retail_images/raw/t_shirt_top/reformation_tops_d0a19eec58b5.jpg,/Users/ashley/Desktop/python/CS156-Machine-Learning/final/data/retail_images/segmented/t_shirt_top/reformation_tops_d0a19eec58b5_seg.jpg,/Users/ashley/Desktop/python/CS156-Machine-Learning/final/data/retail_images/segmentation_overlays/t_shirt_top/reformation_tops_d0a19eec58b5_overlay.jpg,T-shirt/top,Upper-clothes,Upper-clothes,0.0178541666666666,230.0,211.0,340.0,360.0,fallback_copy,validation_too_small:110x149_fallback_copy,mattmdjaga/segformer_b2_clothes,copy
/Users/ashley/Desktop/python/CS156-Machine-Learning/final/data/retail_images/raw/t_shirt_top/reformation_tops_d7625064970e.jpg,/Users/ashley/Desktop/python/CS156-Machine-Learning/final/data/retail_images/segmented/t_shirt_top/reformation_tops_d7625064970e_seg.jpg,/Users/ashley/Desktop/python/CS156-Machine-Learning/final/data/retail_images/segmentation_overlays/t_shirt_top/reformation_tops_d7625064970e_overlay.jpg,T-shirt/top,Upper-clothes,Upper-clothes,0.0386625,231.0,150.0,403.0,349.0,segmented,ok,mattmdjaga/segformer_b2_clothes,crop_masked
/Users/ashley/Desktop/python/CS156-Machine-Learning/final/data/retail_images/raw/t_shirt_top/reformation_tops_e0a4133f226f.jpg,/Users/ashley/Desktop/python/CS156-Machine-Learning/final/data/retail_images/segmented/t_shirt_top/reformation_tops_e0a4133f226f_seg.jpg,/Users/ashley/Desktop/python/CS156-Machine-Learning/final/data/retail_images/segmentation_overlays/t_shirt_top/reformation_tops_e0a4133f226f_overlay.jpg,T-shirt/top,Upper-clothes,Upper-clothes,0.0196416666666666,255.0,152.0,373.0,352.0,fallback_copy,validation_too_small:118x200_fallback_copy,mattmdjaga/segformer_b2_clothes,copy
/Users/ashley/Desktop/python/CS156-Machine-Learning/final/data/retail_images/raw/t_shirt_top/reformation_tops_e226bdd57eeb.jpg,/Users/ashley/Desktop/python/CS156-Machine-Learning/final/data/retail_images/segmented/t_shirt_top/reformation_tops_e226bdd57eeb_seg.jpg,/Users/ashley/Desktop/python/CS156-Machine-Learning/final/data/retail_images/segmentation_overlays/t_shirt_top/reformation_tops_e226bdd57eeb_overlay.jpg,T-shirt/top,Upper-clothes,Upper-clothes,0.1864458333333333,122.0,182.0,514.0,660.0,segmented,ok,mattmdjaga/segformer_b2_clothes,crop_masked
/Users/ashley/Desktop/python/CS156-Machine-Learning/final/data/retail_images/raw/t_shirt_top/reformation_tops_f3724e19c960.jpg,/Users/ashley/Desktop/python/CS156-Machine-Learning/final/data/retail_images/segmented/t_shirt_top/reformation_tops_f3724e19c960_seg.jpg,/Users/ashley/Desktop/python/CS156-Machine-Learning/final/data/retail_images/segmentation_overlays/t_shirt_top/reformation_tops_f3724e19c960_overlay.jpg,T-shirt/top,Upper-clothes,,,,,,,fallback_copy,mask_area_out_of_range:0.0054,mattmdjaga/segformer_b2_clothes,copy
/Users/ashley/Desktop/python/CS156-Machine-Learning/final/data/retail_images/raw/t_shirt_top/reformation_tops_f7c1cc1a0140.jpg,/Users/ashley/Desktop/python/CS156-Machine-Learning/final/data/retail_images/segmented/t_shirt_top/reformation_tops_f7c1cc1a0140_seg.jpg,/Users/ashley/Desktop/python/CS156-Machine-Learning/final/data/retail_images/segmentation_overlays/t_shirt_top/reformation_tops_f7c1cc1a0140_overlay.jpg,T-shirt/top,Upper-clothes,Upper-clothes,0.2243270833333333,0.0,379.0,600.0,800.0,segmented,ok,mattmdjaga/segformer_b2_clothes,crop_masked
/Users/ashley/Desktop/python/CS156-Machine-Learning/final/data/retail_images/raw/t_shirt_top/reformation_tops_f83c6cba1084.jpg,/Users/ashley/Desktop/python/CS156-Machine-Learning/final/data/retail_images/segmented/t_shirt_top/reformation_tops_f83c6cba1084_seg.jpg,/Users/ashley/Desktop/python/CS156-Machine-Learning/final/data/retail_images/segmentation_overlays/t_shirt_top/reformation_tops_f83c6cba1084_overlay.jpg,T-shirt/top,Upper-clothes,Upper-clothes,0.09735625,151.0,234.0,431.0,540.0,segmented,ok,mattmdjaga/segformer_b2_clothes,crop_masked
/Users/ashley/Desktop/python/CS156-Machine-Learning/final/data/retail_images/raw/t_shirt_top/reformation_tops_fbc0574b7ca0.jpg,/Users/ashley/Desktop/python/CS156-Machine-Learning/final/data/retail_images/segmented/t_shirt_top/reformation_tops_fbc0574b7ca0_seg.jpg,/Users/ashley/Desktop/python/CS156-Machine-Learning/final/data/retail_images/segmentation_overlays/t_shirt_top/reformation_tops_fbc0574b7ca0_overlay.jpg,T-shirt/top,Upper-clothes,Upper-clothes,0.01733125,218.0,175.0,351.0,349.0,fallback_copy,validation_too_small:133x174_fallback_copy,mattmdjaga/segformer_b2_clothes,copy
/Users/ashley/Desktop/python/CS156-Machine-Learning/final/data/retail_images/raw/t_shirt_top/reformation_tops_fcee3831596b.jpg,/Users/ashley/Desktop/python/CS156-Machine-Learning/final/data/retail_images/segmented/t_shirt_top/reformation_tops_fcee3831596b_seg.jpg,/Users/ashley/Desktop/python/CS156-Machine-Learning/final/data/retail_images/segmentation_overlays/t_shirt_top/reformation_tops_fcee3831596b_overlay.jpg,T-shirt/top,Upper-clothes,Upper-clothes,0.0596617798353909,221.0,145.0,981.0,1011.0,segmented,ok,mattmdjaga/segformer_b2_clothes,crop_masked
/Users/ashley/Desktop/python/CS156-Machine-Learning/final/data/retail_images/raw/t_shirt_top/reformation_tops_ff03a6d1e56d.jpg,/Users/ashley/Desktop/python/CS156-Machine-Learning/final/data/retail_images/segmented/t_shirt_top/reformation_tops_ff03a6d1e56d_seg.jpg,/Users/ashley/Desktop/python/CS156-Machine-Learning/final/data/retail_images/segmentation_overlays/t_shirt_top/reformation_tops_ff03a6d1e56d_overlay.jpg,T-shirt/top,Upper-clothes,Upper-clothes,0.0423,135.0,362.0,498.0,676.0,segmented,ok,mattmdjaga/segformer_b2_clothes,crop_masked
/Users/ashley/Desktop/python/CS156-Machine-Learning/final/data/retail_images/raw/trouser/brandy_melville_pants_05804eb6f323.jpg,/Users/ashley/Desktop/python/CS156-Machine-Learning/final/data/retail_images/segmented/trouser/brandy_melville_pants_05804eb6f323_seg.jpg,/Users/ashley/Desktop/python/CS156-Machine-Learning/final/data/retail_images/segmentation_overlays/trouser/brandy_melville_pants_05804eb6f323_overlay.jpg,Trouser,Pants,Pants,0.262391975308642,52.0,113.0,285.0,540.0,segmented,ok,mattmdjaga/segformer_b2_clothes,crop_masked
/Users/ashley/Desktop/python/CS156-Machine-Learning/final/data/retail_images/raw/trouser/brandy_melville_pants_059115266fbf.jpg,/Users/ashley/Desktop/python/CS156-Machine-Learning/final/data/retail_images/segmented/trouser/brandy_melville_pants_059115266fbf_seg.jpg,/Users/ashley/Desktop/python/CS156-Machine-Learning/final/data/retail_images/segmentation_overlays/trouser/brandy_melville_pants_059115266fbf_overlay.jpg,Trouser,Pants,,,,,,,fallback_copy,segmented_too_small:87x215,mattmdjaga/segformer_b2_clothes,copy
/Users/ashley/Desktop/python/CS156-Machine-Learning/final/data/retail_images/raw/trouser/brandy_melville_pants_063c4b34ec1d.jpg,/Users/ashley/Desktop/python/CS156-Machine-Learning/final/data/retail_images/segmented/trouser/brandy_melville_pants_063c4b34ec1d_seg.jpg,/Users/ashley/Desktop/python/CS156-Machine-Learning/final/data/retail_images/segmentation_overlays/trouser/brandy_melville_pants_063c4b34ec1d_overlay.jpg,Trouser,Pants,Pants,0.2442438271604938,77.0,107.0,249.0,540.0,segmented,ok,mattmdjaga/segformer_b2_clothes,crop_masked
/Users/ashley/Desktop/python/CS156-Machine-Learning/final/data/retail_images/raw/trouser/brandy_melville_pants_173a49fe8d58.jpg,/Users/ashley/Desktop/python/CS156-Machine-Learning/final/data/retail_images/segmented/trouser/brandy_melville_pants_173a49fe8d58_seg.jpg,/Users/ashley/Desktop/python/CS156-Machine-Learning/final/data/retail_images/segmentation_overlays/trouser/brandy_melville_pants_173a49fe8d58_overlay.jpg,Trouser,Pants,Pants,0.1449331275720164,89.0,159.0,237.0,523.0,fallback_copy,validation_too_small:148x364_fallback_copy,mattmdjaga/segformer_b2_clothes,copy
/Users/ashley/Desktop/python/CS156-Machine-Learning/final/data/retail_images/raw/trouser/brandy_melville_pants_17ce3a7cc03a.jpg,/Users/ashley/Desktop/python/CS156-Machine-Learning/final/data/retail_images/segmented/trouser/brandy_melville_pants_17ce3a7cc03a_seg.jpg,/Users/ashley/Desktop/python/CS156-Machine-Learning/final/data/retail_images/segmentation_overlays/trouser/brandy_melville_pants_17ce3a7cc03a_overlay.jpg,Trouser,Pants,Pants,0.2024624765478424,156.0,189.0,391.0,800.0,segmented,ok,mattmdjaga/segformer_b2_clothes,crop_masked
/Users/ashley/Desktop/python/CS156-Machine-Learning/final/data/retail_images/raw/trouser/brandy_melville_pants_1de87759e47c.jpg,/Users/ashley/Desktop/python/CS156-Machine-Learning/final/data/retail_images/segmented/trouser/brandy_melville_pants_1de87759e47c_seg.jpg,/Users/ashley/Desktop/python/CS156-Machine-Learning/final/data/retail_images/segmentation_overlays/trouser/brandy_melville_pants_1de87759e47c_overlay.jpg,Trouser,Pants,Pants,0.0968949343339587,193.0,316.0,344.0,742.0,fallback_copy,validation_too_small:151x426_fallback_copy,mattmdjaga/segformer_b2_clothes,copy
/Users/ashley/Desktop/python/CS156-Machine-Learning/final/data/retail_images/raw/trouser/brandy_melville_pants_25ff169e42f6.jpg,/Users/ashley/Desktop/python/CS156-Machine-Learning/final/data/retail_images/segmented/trouser/brandy_melville_pants_25ff169e42f6_seg.jpg,/Users/ashley/Desktop/python/CS156-Machine-Learning/final/data/retail_images/segmentation_overlays/trouser/brandy_melville_pants_25ff169e42f6_overlay.jpg,Trouser,Pants,Pants,0.0800984990619137,177.0,229.0,371.0,507.0,segmented,ok,mattmdjaga/segformer_b2_clothes,crop_masked
/Users/ashley/Desktop/python/CS156-Machine-Learning/final/data/retail_images/raw/trouser/brandy_melville_pants_2af25fbc3b9a.jpg,/Users/ashley/Desktop/python/CS156-Machine-Learning/final/data/retail_images/segmented/trouser/brandy_melville_pants_2af25fbc3b9a_seg.jpg,/Users/ashley/Desktop/python/CS156-Machine-Learning/final/data/retail_images/segmentation_overlays/trouser/brandy_melville_pants_2af25fbc3b9a_overlay.jpg,Trouser,Pants,,,,,,,fallback_copy,segmented_too_small:89x248,mattmdjaga/segformer_b2_clothes,copy
/Users/ashley/Desktop/python/CS156-Machine-Learning/final/data/retail_images/raw/trouser/brandy_melville_pants_2b26b8ee22eb.jpg,/Users/ashley/Desktop/python/CS156-Machine-Learning/final/data/retail_images/segmented/trouser/brandy_melville_pants_2b26b8ee22eb_seg.jpg,/Users/ashley/Desktop/python/CS156-Machine-Learning/final/data/retail_images/segmentation_overlays/trouser/brandy_melville_pants_2b26b8ee22eb_overlay.jpg,Trouser,Pants,Pants,0.1784333958724202,231.0,0.0,452.0,760.0,segmented,ok,mattmdjaga/segformer_b2_clothes,crop_masked
/Users/ashley/Desktop/python/CS156-Machine-Learning/final/data/retail_images/raw/trouser/brandy_melville_pants_303207e63d31.jpg,/Users/ashley/Desktop/python/CS156-Machine-Learning/final/data/retail_images/segmented/trouser/brandy_melville_pants_303207e63d31_seg.jpg,/Users/ashley/Desktop/python/CS156-Machine-Learning/final/data/retail_images/segmentation_overlays/trouser/brandy_melville_pants_303207e63d31_overlay.jpg,Trouser,Pants,,,,,,,fallback_copy,segmented_too_small:76x202,mattmdjaga/segformer_b2_clothes,copy
/Users/ashley/Desktop/python/CS156-Machine-Learning/final/data/retail_images/raw/trouser/brandy_melville_pants_31634eb578a1.jpg,/Users/ashley/Desktop/python/CS156-Machine-Learning/final/data/retail_images/segmented/trouser/brandy_melville_pants_31634eb578a1_seg.jpg,/Users/ashley/Desktop/python/CS156-Machine-Learning/final/data/retail_images/segmentation_overlays/trouser/brandy_melville_pants_31634eb578a1_overlay.jpg,Trouser,Pants,Pants,0.0888555347091932,121.0,285.0,349.0,615.0,segmented,ok,mattmdjaga/segformer_b2_clothes,crop_masked
/Users/ashley/Desktop/python/CS156-Machine-Learning/final/data/retail_images/raw/trouser/brandy_melville_pants_3376cfec7209.jpg,/Users/ashley/Desktop/python/CS156-Machine-Learning/final/data/retail_images/segmented/trouser/brandy_melville_pants_3376cfec7209_seg.jpg,/Users/ashley/Desktop/python/CS156-Machine-Learning/final/data/retail_images/segmentation_overlays/trouser/brandy_melville_pants_3376cfec7209_overlay.jpg,Trouser,Pants,,,,,,,fallback_copy,segmented_too_small:86x175,mattmdjaga/segformer_b2_clothes,copy
/Users/ashley/Desktop/python/CS156-Machine-Learning/final/data/retail_images/raw/trouser/brandy_melville_pants_3b01aa852e57.jpg,/Users/ashley/Desktop/python/CS156-Machine-Learning/final/data/retail_images/segmented/trouser/brandy_melville_pants_3b01aa852e57_seg.jpg,/Users/ashley/Desktop/python/CS156-Machine-Learning/final/data/retail_images/segmentation_overlays/trouser/brandy_melville_pants_3b01aa852e57_overlay.jpg,Trouser,Pants,Pants,0.2527509380863039,125.0,115.0,409.0,741.0,segmented,ok,mattmdjaga/segformer_b2_clothes,crop_masked
/Users/ashley/Desktop/python/CS156-Machine-Learning/final/data/retail_images/raw/trouser/brandy_melville_pants_3bd131a675a9.jpg,/Users/ashley/Desktop/python/CS156-Machine-Learning/final/data/retail_images/segmented/trouser/brandy_melville_pants_3bd131a675a9_seg.jpg,/Users/ashley/Desktop/python/CS156-Machine-Learning/final/data/retail_images/segmentation_overlays/trouser/brandy_melville_pants_3bd131a675a9_overlay.jpg,Trouser,Pants,,,,,,,fallback_copy,segmented_too_small:69x171,mattmdjaga/segformer_b2_clothes,copy
/Users/ashley/Desktop/python/CS156-Machine-Learning/final/data/retail_images/raw/trouser/brandy_melville_pants_43702ec6aa03.jpg,/Users/ashley/Desktop/python/CS156-Machine-Learning/final/data/retail_images/segmented/trouser/brandy_melville_pants_43702ec6aa03_seg.jpg,/Users/ashley/Desktop/python/CS156-Machine-Learning/final/data/retail_images/segmentation_overlays/trouser/brandy_melville_pants_43702ec6aa03_overlay.jpg,Trouser,Pants,Pants,0.0891255144032921,81.0,173.0,236.0,417.0,fallback_copy,validation_too_small:155x244_fallback_copy,mattmdjaga/segformer_b2_clothes,copy
/Users/ashley/Desktop/python/CS156-Machine-Learning/final/data/retail_images/raw/trouser/brandy_melville_pants_43dd56772753.jpg,/Users/ashley/Desktop/python/CS156-Machine-Learning/final/data/retail_images/segmented/trouser/brandy_melville_pants_43dd56772753_seg.jpg,/Users/ashley/Desktop/python/CS156-Machine-Learning/final/data/retail_images/segmentation_overlays/trouser/brandy_melville_pants_43dd56772753_overlay.jpg,Trouser,Pants,Pants,0.1979166666666666,90.0,98.0,255.0,540.0,segmented,ok,mattmdjaga/segformer_b2_clothes,crop_masked
/Users/ashley/Desktop/python/CS156-Machine-Learning/final/data/retail_images/raw/trouser/brandy_melville_pants_4d7510437310.jpg,/Users/ashley/Desktop/python/CS156-Machine-Learning/final/data/retail_images/segmented/trouser/brandy_melville_pants_4d7510437310_seg.jpg,/Users/ashley/Desktop/python/CS156-Machine-Learning/final/data/retail_images/segmentation_overlays/trouser/brandy_melville_pants_4d7510437310_overlay.jpg,Trouser,Pants,Pants,0.1980323639774859,133.0,145.0,378.0,800.0,segmented,ok,mattmdjaga/segformer_b2_clothes,crop_masked
/Users/ashley/Desktop/python/CS156-Machine-Learning/final/data/retail_images/raw/trouser/brandy_melville_pants_52971cb30025.jpg,/Users/ashley/Desktop/python/CS156-Machine-Learning/final/data/retail_images/segmented/trouser/brandy_melville_pants_52971cb30025_seg.jpg,/Users/ashley/Desktop/python/CS156-Machine-Learning/final/data/retail_images/segmentation_overlays/trouser/brandy_melville_pants_52971cb30025_overlay.jpg,Trouser,Pants,Pants,0.2049537037037037,103.0,64.0,268.0,534.0,segmented,ok,mattmdjaga/segformer_b2_clothes,crop_masked
/Users/ashley/Desktop/python/CS156-Machine-Learning/final/data/retail_images/raw/trouser/brandy_melville_pants_5329dba38eba.jpg,/Users/ashley/Desktop/python/CS156-Machine-Learning/final/data/retail_images/segmented/trouser/brandy_melville_pants_5329dba38eba_seg.jpg,/Users/ashley/Desktop/python/CS156-Machine-Learning/final/data/retail_images/segmentation_overlays/trouser/brandy_melville_pants_5329dba38eba_overlay.jpg,Trouser,Pants,Pants,0.1377674897119341,69.0,149.0,256.0,501.0,segmented,ok,mattmdjaga/segformer_b2_clothes,crop_masked
/Users/ashley/Desktop/python/CS156-Machine-Learning/final/data/retail_images/raw/trouser/brandy_melville_pants_56f62ab7d63b.jpg,/Users/ashley/Desktop/python/CS156-Machine-Learning/final/data/retail_images/segmented/trouser/brandy_melville_pants_56f62ab7d63b_seg.jpg,/Users/ashley/Desktop/python/CS156-Machine-Learning/final/data/retail_images/segmentation_overlays/trouser/brandy_melville_pants_56f62ab7d63b_overlay.jpg,Trouser,Pants,Pants,0.2120426829268292,160.0,73.0,398.0,754.0,segmented,ok,mattmdjaga/segformer_b2_clothes,crop_masked
/Users/ashley/Desktop/python/CS156-Machine-Learning/final/data/retail_images/raw/trouser/brandy_melville_pants_5952e07e939c.jpg,/Users/ashley/Desktop/python/CS156-Machine-Learning/final/data/retail_images/segmented/trouser/brandy_melville_pants_5952e07e939c_seg.jpg,/Users/ashley/Desktop/python/CS156-Machine-Learning/final/data/retail_images/segmentation_overlays/trouser/brandy_melville_pants_5952e07e939c_overlay.jpg,Trouser,Pants,Pants,0.144155722326454,131.0,236.0,351.0,773.0,segmented,ok,mattmdjaga/segformer_b2_clothes,crop_masked
/Users/ashley/Desktop/python/CS156-Machine-Learning/final/data/retail_images/raw/trouser/brandy_melville_pants_654d7ec1c905.jpg,/Users/ashley/Desktop/python/CS156-Machine-Learning/final/data/retail_images/segmented/trouser/brandy_melville_pants_654d7ec1c905_seg.jpg,/Users/ashley/Desktop/python/CS156-Machine-Learning/final/data/retail_images/segmentation_overlays/trouser/brandy_melville_pants_654d7ec1c905_overlay.jpg,Trouser,Pants,Pants,0.2704573170731707,130.0,76.0,407.0,763.0,segmented,ok,mattmdjaga/segformer_b2_clothes,crop_masked
/Users/ashley/Desktop/python/CS156-Machine-Learning/final/data/retail_images/raw/trouser/brandy_melville_pants_688ba18a76c9.jpg,/Users/ashley/Desktop/python/CS156-Machine-Learning/final/data/retail_images/segmented/trouser/brandy_melville_pants_688ba18a76c9_seg.jpg,/Users/ashley/Desktop/python/CS156-Machine-Learning/final/data/retail_images/segmentation_overlays/trouser/brandy_melville_pants_688ba18a76c9_overlay.jpg,Trouser,Pants,Pants,0.2409670781893004,78.0,35.0,264.0,518.0,segmented,ok,mattmdjaga/segformer_b2_clothes,crop_masked
/Users/ashley/Desktop/python/CS156-Machine-Learning/final/data/retail_images/raw/trouser/brandy_melville_pants_689332e2b7a6.jpg,/Users/ashley/Desktop/python/CS156-Machine-Learning/final/data/retail_images/segmented/trouser/brandy_melville_pants_689332e2b7a6_seg.jpg,/Users/ashley/Desktop/python/CS156-Machine-Learning/final/data/retail_images/segmentation_overlays/trouser/brandy_melville_pants_689332e2b7a6_overlay.jpg,Trouser,Pants,Pants,0.0704127579737335,180.0,117.0,372.0,627.0,segmented,ok,mattmdjaga/segformer_b2_clothes,crop_masked
/Users/ashley/Desktop/python/CS156-Machine-Learning/final/data/retail_images/raw/trouser/brandy_melville_pants_72ccea7dca2c.jpg,/Users/ashley/Desktop/python/CS156-Machine-Learning/final/data/retail_images/segmented/trouser/brandy_melville_pants_72ccea7dca2c_seg.jpg,/Users/ashley/Desktop/python/CS156-Machine-Learning/final/data/retail_images/segmentation_overlays/trouser/brandy_melville_pants_72ccea7dca2c_overlay.jpg,Trouser,Pants,Pants,0.1456841563786008,58.0,130.0,206.0,538.0,fallback_copy,validation_too_small:148x408_fallback_copy,mattmdjaga/segformer_b2_clothes,copy
/Users/ashley/Desktop/python/CS156-Machine-Learning/final/data/retail_images/raw/trouser/brandy_melville_pants_731253f5d640.jpg,/Users/ashley/Desktop/python/CS156-Machine-Learning/final/data/retail_images/segmented/trouser/brandy_melville_pants_731253f5d640_seg.jpg,/Users/ashley/Desktop/python/CS156-Machine-Learning/final/data/retail_images/segmentation_overlays/trouser/brandy_melville_pants_731253f5d640_overlay.jpg,Trouser,Pants,Pants,0.079619341563786,138.0,224.0,234.0,497.0,fallback_copy,validation_too_small:96x273_fallback_copy,mattmdjaga/segformer_b2_clothes,copy
/Users/ashley/Desktop/python/CS156-Machine-Learning/final/data/retail_images/raw/trouser/brandy_melville_pants_770cf03e6b47.jpg,/Users/ashley/Desktop/python/CS156-Machine-Learning/final/data/retail_images/segmented/trouser/brandy_melville_pants_770cf03e6b47_seg.jpg,/Users/ashley/Desktop/python/CS156-Machine-Learning/final/data/retail_images/segmentation_overlays/trouser/brandy_melville_pants_770cf03e6b47_overlay.jpg,Trouser,Pants,,,,,,,fallback_copy,segmented_too_small:70x186,mattmdjaga/segformer_b2_clothes,copy
/Users/ashley/Desktop/python/CS156-Machine-Learning/final/data/retail_images/raw/trouser/brandy_melville_pants_7ba1f7fe45bd.jpg,/Users/ashley/Desktop/python/CS156-Machine-Learning/final/data/retail_images/segmented/trouser/brandy_melville_pants_7ba1f7fe45bd_seg.jpg,/Users/ashley/Desktop/python/CS156-Machine-Learning/final/data/retail_images/segmentation_overlays/trouser/brandy_melville_pants_7ba1f7fe45bd_overlay.jpg,Trouser,Pants,Pants,0.2277110694183864,116.0,163.0,368.0,800.0,segmented,ok,mattmdjaga/segformer_b2_clothes,crop_masked
/Users/ashley/Desktop/python/CS156-Machine-Learning/final/data/retail_images/raw/trouser/brandy_melville_pants_7c28a8123e34.jpg,/Users/ashley/Desktop/python/CS156-Machine-Learning/final/data/retail_images/segmented/trouser/brandy_melville_pants_7c28a8123e34_seg.jpg,/Users/ashley/Desktop/python/CS156-Machine-Learning/final/data/retail_images/segmentation_overlays/trouser/brandy_melville_pants_7c28a8123e34_overlay.jpg,Trouser,Pants,Pants,0.2025565843621399,105.0,126.0,264.0,540.0,fallback_copy,validation_too_small:159x414_fallback_copy,mattmdjaga/segformer_b2_clothes,copy
/Users/ashley/Desktop/python/CS156-Machine-Learning/final/data/retail_images/raw/trouser/brandy_melville_pants_7c4debcd6d05.jpg,/Users/ashley/Desktop/python/CS156-Machine-Learning/final/data/retail_images/segmented/trouser/brandy_melville_pants_7c4debcd6d05_seg.jpg,/Users/ashley/Desktop/python/CS156-Machine-Learning/final/data/retail_images/segmentation_overlays/trouser/brandy_melville_pants_7c4debcd6d05_overlay.jpg,Trouser,Pants,,,,,,,fallback_copy,segmented_too_small:61x86,mattmdjaga/segformer_b2_clothes,copy
/Users/ashley/Desktop/python/CS156-Machine-Learning/final/data/retail_images/raw/trouser/brandy_melville_pants_7ec5ff3d603c.jpg,/Users/ashley/Desktop/python/CS156-Machine-Learning/final/data/retail_images/segmented/trouser/brandy_melville_pants_7ec5ff3d603c_seg.jpg,/Users/ashley/Desktop/python/CS156-Machine-Learning/final/data/retail_images/segmentation_overlays/trouser/brandy_melville_pants_7ec5ff3d603c_overlay.jpg,Trouser,Pants,Pants,0.3297138836772983,99.0,30.0,443.0,771.0,segmented,ok,mattmdjaga/segformer_b2_clothes,crop_masked
/Users/ashley/Desktop/python/CS156-Machine-Learning/final/data/retail_images/raw/trouser/brandy_melville_pants_84d41d9db9b6.jpg,/Users/ashley/Desktop/python/CS156-Machine-Learning/final/data/retail_images/segmented/trouser/brandy_melville_pants_84d41d9db9b6_seg.jpg,/Users/ashley/Desktop/python/CS156-Machine-Learning/final/data/retail_images/segmentation_overlays/trouser/brandy_melville_pants_84d41d9db9b6_overlay.jpg,Trouser,Pants,,,,,,,fallback_copy,segmented_too_small:73x213,mattmdjaga/segformer_b2_clothes,copy
/Users/ashley/Desktop/python/CS156-Machine-Learning/final/data/retail_images/raw/trouser/brandy_melville_pants_862db7e5a16e.jpg,/Users/ashley/Desktop/python/CS156-Machine-Learning/final/data/retail_images/segmented/trouser/brandy_melville_pants_862db7e5a16e_seg.jpg,/Users/ashley/Desktop/python/CS156-Machine-Learning/final/data/retail_images/segmentation_overlays/trouser/brandy_melville_pants_862db7e5a16e_overlay.jpg,Trouser,Pants,,,,,,,fallback_copy,segmented_too_small:83x199,mattmdjaga/segformer_b2_clothes,copy
/Users/ashley/Desktop/python/CS156-Machine-Learning/final/data/retail_images/raw/trouser/brandy_melville_pants_8d4fc037dcb5.jpg,/Users/ashley/Desktop/python/CS156-Machine-Learning/final/data/retail_images/segmented/trouser/brandy_melville_pants_8d4fc037dcb5_seg.jpg,/Users/ashley/Desktop/python/CS156-Machine-Learning/final/data/retail_images/segmentation_overlays/trouser/brandy_melville_pants_8d4fc037dcb5_overlay.jpg,Trouser,Pants,Pants,0.1456261726078799,85.0,192.0,305.0,798.0,segmented,ok,mattmdjaga/segformer_b2_clothes,crop_masked
/Users/ashley/Desktop/python/CS156-Machine-Learning/final/data/retail_images/raw/trouser/brandy_melville_pants_8ea102548574.jpg,/Users/ashley/Desktop/python/CS156-Machine-Learning/final/data/retail_images/segmented/trouser/brandy_melville_pants_8ea102548574_seg.jpg,/Users/ashley/Desktop/python/CS156-Machine-Learning/final/data/retail_images/segmentation_overlays/trouser/brandy_melville_pants_8ea102548574_overlay.jpg,Trouser,Pants,Pants,0.0798456790123456,120.0,154.0,251.0,343.0,fallback_copy,validation_too_small:131x189_fallback_copy,mattmdjaga/segformer_b2_clothes,copy
/Users/ashley/Desktop/python/CS156-Machine-Learning/final/data/retail_images/raw/trouser/brandy_melville_pants_91732ff018e5.jpg,/Users/ashley/Desktop/python/CS156-Machine-Learning/final/data/retail_images/segmented/trouser/brandy_melville_pants_91732ff018e5_seg.jpg,/Users/ashley/Desktop/python/CS156-Machine-Learning/final/data/retail_images/segmentation_overlays/trouser/brandy_melville_pants_91732ff018e5_overlay.jpg,Trouser,Pants,Pants,0.2119598765432098,107.0,49.0,269.0,509.0,segmented,ok,mattmdjaga/segformer_b2_clothes,crop_masked
/Users/ashley/Desktop/python/CS156-Machine-Learning/final/data/retail_images/raw/trouser/brandy_melville_pants_98e2c2b9c588.jpg,/Users/ashley/Desktop/python/CS156-Machine-Learning/final/data/retail_images/segmented/trouser/brandy_melville_pants_98e2c2b9c588_seg.jpg,/Users/ashley/Desktop/python/CS156-Machine-Learning/final/data/retail_images/segmentation_overlays/trouser/brandy_melville_pants_98e2c2b9c588_overlay.jpg,Trouser,Pants,Pants,0.3358993157380254,31.0,7.0,137.0,241.0,fallback_copy,validation_too_small:106x234_fallback_copy,mattmdjaga/segformer_b2_clothes,copy
/Users/ashley/Desktop/python/CS156-Machine-Learning/final/data/retail_images/raw/trouser/brandy_melville_pants_9b46709b53fc.jpg,/Users/ashley/Desktop/python/CS156-Machine-Learning/final/data/retail_images/segmented/trouser/brandy_melville_pants_9b46709b53fc_seg.jpg,/Users/ashley/Desktop/python/CS156-Machine-Learning/final/data/retail_images/segmentation_overlays/trouser/brandy_melville_pants_9b46709b53fc_overlay.jpg,Trouser,Pants,Pants,0.3097443714821764,125.0,0.0,403.0,800.0,segmented,ok,mattmdjaga/segformer_b2_clothes,crop_masked
/Users/ashley/Desktop/python/CS156-Machine-Learning/final/data/retail_images/raw/trouser/brandy_melville_pants_9e0d6611c773.jpg,/Users/ashley/Desktop/python/CS156-Machine-Learning/final/data/retail_images/segmented/trouser/brandy_melville_pants_9e0d6611c773_seg.jpg,/Users/ashley/Desktop/python/CS156-Machine-Learning/final/data/retail_images/segmentation_overlays/trouser/brandy_melville_pants_9e0d6611c773_overlay.jpg,Trouser,Pants,,,,,,,fallback_copy,segmented_too_small:46x132,mattmdjaga/segformer_b2_clothes,copy
/Users/ashley/Desktop/python/CS156-Machine-Learning/final/data/retail_images/raw/trouser/brandy_melville_pants_9ebaeaef044e.jpg,/Users/ashley/Desktop/python/CS156-Machine-Learning/final/data/retail_images/segmented/trouser/brandy_melville_pants_9ebaeaef044e_seg.jpg,/Users/ashley/Desktop/python/CS156-Machine-Learning/final/data/retail_images/segmentation_overlays/trouser/brandy_melville_pants_9ebaeaef044e_overlay.jpg,Trouser,Pants,Pants,0.3300977366255144,67.0,20.0,299.0,522.0,segmented,ok,mattmdjaga/segformer_b2_clothes,crop_masked
/Users/ashley/Desktop/python/CS156-Machine-Learning/final/data/retail_images/raw/trouser/brandy_melville_pants_ab28ce28249f.jpg,/Users/ashley/Desktop/python/CS156-Machine-Learning/final/data/retail_images/segmented/trouser/brandy_melville_pants_ab28ce28249f_seg.jpg,/Users/ashley/Desktop/python/CS156-Machine-Learning/final/data/retail_images/segmentation_overlays/trouser/brandy_melville_pants_ab28ce28249f_overlay.jpg,Trouser,Pants,,,,,,,fallback_copy,segmented_too_small:78x111,mattmdjaga/segformer_b2_clothes,copy
/Users/ashley/Desktop/python/CS156-Machine-Learning/final/data/retail_images/raw/trouser/brandy_melville_pants_ae9455c205e4.jpg,/Users/ashley/Desktop/python/CS156-Machine-Learning/final/data/retail_images/segmented/trouser/brandy_melville_pants_ae9455c205e4_seg.jpg,/Users/ashley/Desktop/python/CS156-Machine-Learning/final/data/retail_images/segmentation_overlays/trouser/brandy_melville_pants_ae9455c205e4_overlay.jpg,Trouser,Pants,,,,,,,fallback_copy,segmented_too_small:87x194,mattmdjaga/segformer_b2_clothes,copy
/Users/ashley/Desktop/python/CS156-Machine-Learning/final/data/retail_images/raw/trouser/brandy_melville_pants_b8571b9e313b.jpg,/Users/ashley/Desktop/python/CS156-Machine-Learning/final/data/retail_images/segmented/trouser/brandy_melville_pants_b8571b9e313b_seg.jpg,/Users/ashley/Desktop/python/CS156-Machine-Learning/final/data/retail_images/segmentation_overlays/trouser/brandy_melville_pants_b8571b9e313b_overlay.jpg,Trouser,Pants,Pants,0.1547016460905349,101.0,118.0,252.0,522.0,fallback_copy,validation_too_small:151x404_fallback_copy,mattmdjaga/segformer_b2_clothes,copy
/Users/ashley/Desktop/python/CS156-Machine-Learning/final/data/retail_images/raw/trouser/brandy_melville_pants_be69d4f5ac67.jpg,/Users/ashley/Desktop/python/CS156-Machine-Learning/final/data/retail_images/segmented/trouser/brandy_melville_pants_be69d4f5ac67_seg.jpg,/Users/ashley/Desktop/python/CS156-Machine-Learning/final/data/retail_images/segmentation_overlays/trouser/brandy_melville_pants_be69d4f5ac67_overlay.jpg,Trouser,Pants,,,,,,,fallback_copy,segmented_too_small:69x173,mattmdjaga/segformer_b2_clothes,copy
/Users/ashley/Desktop/python/CS156-Machine-Learning/final/data/retail_images/raw/trouser/brandy_melville_pants_c457d87b70ce.jpg,/Users/ashley/Desktop/python/CS156-Machine-Learning/final/data/retail_images/segmented/trouser/brandy_melville_pants_c457d87b70ce_seg.jpg,/Users/ashley/Desktop/python/CS156-Machine-Learning/final/data/retail_images/segmentation_overlays/trouser/brandy_melville_pants_c457d87b70ce_overlay.jpg,Trouser,Pants,,,,,,,fallback_copy,segmented_too_small:85x221,mattmdjaga/segformer_b2_clothes,copy
/Users/ashley/Desktop/python/CS156-Machine-Learning/final/data/retail_images/raw/trouser/brandy_melville_pants_c7d695c8e2ed.jpg,/Users/ashley/Desktop/python/CS156-Machine-Learning/final/data/retail_images/segmented/trouser/brandy_melville_pants_c7d695c8e2ed_seg.jpg,/Users/ashley/Desktop/python/CS156-Machine-Learning/final/data/retail_images/segmentation_overlays/trouser/brandy_melville_pants_c7d695c8e2ed_overlay.jpg,Trouser,Pants,Pants,0.1535506566604127,148.0,176.0,375.0,773.0,segmented,ok,mattmdjaga/segformer_b2_clothes,crop_masked
/Users/ashley/Desktop/python/CS156-Machine-Learning/final/data/retail_images/raw/trouser/brandy_melville_pants_c81fcb24df2e.jpg,/Users/ashley/Desktop/python/CS156-Machine-Learning/final/data/retail_images/segmented/trouser/brandy_melville_pants_c81fcb24df2e_seg.jpg,/Users/ashley/Desktop/python/CS156-Machine-Learning/final/data/retail_images/segmentation_overlays/trouser/brandy_melville_pants_c81fcb24df2e_overlay.jpg,Trouser,Pants,Pants,0.2614516885553471,76.0,168.0,423.0,800.0,segmented,ok,mattmdjaga/segformer_b2_clothes,crop_masked
/Users/ashley/Desktop/python/CS156-Machine-Learning/final/data/retail_images/raw/trouser/brandy_melville_pants_cef8312a6206.jpg,/Users/ashley/Desktop/python/CS156-Machine-Learning/final/data/retail_images/segmented/trouser/brandy_melville_pants_cef8312a6206_seg.jpg,/Users/ashley/Desktop/python/CS156-Machine-Learning/final/data/retail_images/segmentation_overlays/trouser/brandy_melville_pants_cef8312a6206_overlay.jpg,Trouser,Pants,,,,,,,fallback_copy,segmented_too_small:73x248,mattmdjaga/segformer_b2_clothes,copy
/Users/ashley/Desktop/python/CS156-Machine-Learning/final/data/retail_images/raw/trouser/brandy_melville_pants_d0e2040e3ce0.jpg,/Users/ashley/Desktop/python/CS156-Machine-Learning/final/data/retail_images/segmented/trouser/brandy_melville_pants_d0e2040e3ce0_seg.jpg,/Users/ashley/Desktop/python/CS156-Machine-Learning/final/data/retail_images/segmentation_overlays/trouser/brandy_melville_pants_d0e2040e3ce0_overlay.jpg,Trouser,Pants,,,,,,,fallback_copy,segmented_too_small:44x126,mattmdjaga/segformer_b2_clothes,copy
/Users/ashley/Desktop/python/CS156-Machine-Learning/final/data/retail_images/raw/trouser/brandy_melville_pants_d5da36f797b3.jpg,/Users/ashley/Desktop/python/CS156-Machine-Learning/final/data/retail_images/segmented/trouser/brandy_melville_pants_d5da36f797b3_seg.jpg,/Users/ashley/Desktop/python/CS156-Machine-Learning/final/data/retail_images/segmentation_overlays/trouser/brandy_melville_pants_d5da36f797b3_overlay.jpg,Trouser,Pants,,,,,,,fallback_copy,segmented_too_small:70x235,mattmdjaga/segformer_b2_clothes,copy
/Users/ashley/Desktop/python/CS156-Machine-Learning/final/data/retail_images/raw/trouser/brandy_melville_pants_dc159b9d71a8.jpg,/Users/ashley/Desktop/python/CS156-Machine-Learning/final/data/retail_images/segmented/trouser/brandy_melville_pants_dc159b9d71a8_seg.jpg,/Users/ashley/Desktop/python/CS156-Machine-Learning/final/data/retail_images/segmentation_overlays/trouser/brandy_melville_pants_dc159b9d71a8_overlay.jpg,Trouser,Pants,Pants,0.0967181069958847,130.0,213.0,232.0,502.0,fallback_copy,validation_too_small:102x289_fallback_copy,mattmdjaga/segformer_b2_clothes,copy
/Users/ashley/Desktop/python/CS156-Machine-Learning/final/data/retail_images/raw/trouser/brandy_melville_pants_df59695f1212.jpg,/Users/ashley/Desktop/python/CS156-Machine-Learning/final/data/retail_images/segmented/trouser/brandy_melville_pants_df59695f1212_seg.jpg,/Users/ashley/Desktop/python/CS156-Machine-Learning/final/data/retail_images/segmentation_overlays/trouser/brandy_melville_pants_df59695f1212_overlay.jpg,Trouser,Pants,,,,,,,fallback_copy,segmented_too_small:61x40,mattmdjaga/segformer_b2_clothes,copy
/Users/ashley/Desktop/python/CS156-Machine-Learning/final/data/retail_images/raw/trouser/brandy_melville_pants_e4ef1d1bf227.jpg,/Users/ashley/Desktop/python/CS156-Machine-Learning/final/data/retail_images/segmented/trouser/brandy_melville_pants_e4ef1d1bf227_seg.jpg,/Users/ashley/Desktop/python/CS156-Machine-Learning/final/data/retail_images/segmentation_overlays/trouser/brandy_melville_pants_e4ef1d1bf227_overlay.jpg,Trouser,Pants,Pants,0.1816512345679012,157.0,0.0,306.0,513.0,fallback_copy,validation_too_small:149x513_fallback_copy,mattmdjaga/segformer_b2_clothes,copy
/Users/ashley/Desktop/python/CS156-Machine-Learning/final/data/retail_images/raw/trouser/brandy_melville_pants_e7443c889ab2.jpg,/Users/ashley/Desktop/python/CS156-Machine-Learning/final/data/retail_images/segmented/trouser/brandy_melville_pants_e7443c889ab2_seg.jpg,/Users/ashley/Desktop/python/CS156-Machine-Learning/final/data/retail_images/segmentation_overlays/trouser/brandy_melville_pants_e7443c889ab2_overlay.jpg,Trouser,Pants,Pants,0.1373968105065666,102.0,220.0,378.0,744.0,segmented,ok,mattmdjaga/segformer_b2_clothes,crop_masked
/Users/ashley/Desktop/python/CS156-Machine-Learning/final/data/retail_images/raw/trouser/brandy_melville_pants_ecde28cfeb1b.jpg,/Users/ashley/Desktop/python/CS156-Machine-Learning/final/data/retail_images/segmented/trouser/brandy_melville_pants_ecde28cfeb1b_seg.jpg,/Users/ashley/Desktop/python/CS156-Machine-Learning/final/data/retail_images/segmentation_overlays/trouser/brandy_melville_pants_ecde28cfeb1b_overlay.jpg,Trouser,Pants,Pants,0.2656891495601173,24.0,52.0,130.0,248.0,fallback_copy,validation_too_small:106x196_fallback_copy,mattmdjaga/segformer_b2_clothes,copy
/Users/ashley/Desktop/python/CS156-Machine-Learning/final/data/retail_images/raw/trouser/brandy_melville_pants_eed707d8eb20.jpg,/Users/ashley/Desktop/python/CS156-Machine-Learning/final/data/retail_images/segmented/trouser/brandy_melville_pants_eed707d8eb20_seg.jpg,/Users/ashley/Desktop/python/CS156-Machine-Learning/final/data/retail_images/segmentation_overlays/trouser/brandy_melville_pants_eed707d8eb20_overlay.jpg,Trouser,Pants,Pants,0.0797279549718574,204.0,332.0,347.0,736.0,fallback_copy,validation_too_small:143x404_fallback_copy,mattmdjaga/segformer_b2_clothes,copy
/Users/ashley/Desktop/python/CS156-Machine-Learning/final/data/retail_images/raw/trouser/brandy_melville_pants_f0ca0a6c4474.jpg,/Users/ashley/Desktop/python/CS156-Machine-Learning/final/data/retail_images/segmented/trouser/brandy_melville_pants_f0ca0a6c4474_seg.jpg,/Users/ashley/Desktop/python/CS156-Machine-Learning/final/data/retail_images/segmentation_overlays/trouser/brandy_melville_pants_f0ca0a6c4474_overlay.jpg,Trouser,Pants,Pants,0.2700154320987654,88.0,50.0,275.0,515.0,segmented,ok,mattmdjaga/segformer_b2_clothes,crop_masked
/Users/ashley/Desktop/python/CS156-Machine-Learning/final/data/retail_images/raw/trouser/brandy_melville_pants_f8dd69d3cfc2.jpg,/Users/ashley/Desktop/python/CS156-Machine-Learning/final/data/retail_images/segmented/trouser/brandy_melville_pants_f8dd69d3cfc2_seg.jpg,/Users/ashley/Desktop/python/CS156-Machine-Learning/final/data/retail_images/segmentation_overlays/trouser/brandy_melville_pants_f8dd69d3cfc2_overlay.jpg,Trouser,Pants,Pants,0.3103652263374485,83.0,0.0,272.0,540.0,segmented,ok,mattmdjaga/segformer_b2_clothes,crop_masked
/Users/ashley/Desktop/python/CS156-Machine-Learning/final/data/retail_images/raw/trouser/brandy_melville_pants_f8f96c834b4d.jpg,/Users/ashley/Desktop/python/CS156-Machine-Learning/final/data/retail_images/segmented/trouser/brandy_melville_pants_f8f96c834b4d_seg.jpg,/Users/ashley/Desktop/python/CS156-Machine-Learning/final/data/retail_images/segmentation_overlays/trouser/brandy_melville_pants_f8f96c834b4d_overlay.jpg,Trouser,Pants,Pants,0.2529989711934156,85.0,77.0,276.0,501.0,segmented,ok,mattmdjaga/segformer_b2_clothes,crop_masked
/Users/ashley/Desktop/python/CS156-Machine-Learning/final/data/retail_images/raw/trouser/brandy_melville_pants_f928af003d7f.jpg,/Users/ashley/Desktop/python/CS156-Machine-Learning/final/data/retail_images/segmented/trouser/brandy_melville_pants_f928af003d7f_seg.jpg,/Users/ashley/Desktop/python/CS156-Machine-Learning/final/data/retail_images/segmentation_overlays/trouser/brandy_melville_pants_f928af003d7f_overlay.jpg,Trouser,Pants,Pants,0.2376641651031895,116.0,54.0,391.0,768.0,segmented,ok,mattmdjaga/segformer_b2_clothes,crop_masked
/Users/ashley/Desktop/python/CS156-Machine-Learning/final/data/retail_images/raw/trouser/princess_polly_pants_04aae0a5b6d0.jpg,/Users/ashley/Desktop/python/CS156-Machine-Learning/final/data/retail_images/segmented/trouser/princess_polly_pants_04aae0a5b6d0_seg.jpg,/Users/ashley/Desktop/python/CS156-Machine-Learning/final/data/retail_images/segmentation_overlays/trouser/princess_polly_pants_04aae0a5b6d0_overlay.jpg,Trouser,Pants,Pants,0.0588243229984301,487.0,631.0,888.0,1448.0,segmented,ok,mattmdjaga/segformer_b2_clothes,crop_masked
/Users/ashley/Desktop/python/CS156-Machine-Learning/final/data/retail_images/raw/trouser/princess_polly_pants_0b9209fb19f9.jpg,/Users/ashley/Desktop/python/CS156-Machine-Learning/final/data/retail_images/segmented/trouser/princess_polly_pants_0b9209fb19f9_seg.jpg,/Users/ashley/Desktop/python/CS156-Machine-Learning/final/data/retail_images/segmentation_overlays/trouser/princess_polly_pants_0b9209fb19f9_overlay.jpg,Trouser,Pants,Pants,0.0853966346153846,424.0,376.0,865.0,1820.0,segmented,ok,mattmdjaga/segformer_b2_clothes,crop_masked
/Users/ashley/Desktop/python/CS156-Machine-Learning/final/data/retail_images/raw/trouser/princess_polly_pants_0bb8e0b870d2.jpg,/Users/ashley/Desktop/python/CS156-Machine-Learning/final/data/retail_images/segmented/trouser/princess_polly_pants_0bb8e0b870d2_seg.jpg,/Users/ashley/Desktop/python/CS156-Machine-Learning/final/data/retail_images/segmentation_overlays/trouser/princess_polly_pants_0bb8e0b870d2_overlay.jpg,Trouser,Pants,Pants,0.2543967630841341,402.0,13.0,983.0,1821.0,segmented,ok,mattmdjaga/segformer_b2_clothes,crop_masked
/Users/ashley/Desktop/python/CS156-Machine-Learning/final/data/retail_images/raw/trouser/princess_polly_pants_11bb680aa848.jpg,/Users/ashley/Desktop/python/CS156-Machine-Learning/final/data/retail_images/segmented/trouser/princess_polly_pants_11bb680aa848_seg.jpg,/Users/ashley/Desktop/python/CS156-Machine-Learning/final/data/retail_images/segmentation_overlays/trouser/princess_polly_pants_11bb680aa848_overlay.jpg,Trouser,Pants,Pants,0.0893899627158555,322.0,439.0,1114.0,1236.0,segmented,ok,mattmdjaga/segformer_b2_clothes,crop_masked
/Users/ashley/Desktop/python/CS156-Machine-Learning/final/data/retail_images/raw/trouser/princess_polly_pants_1265aa55f7e4.jpg,/Users/ashley/Desktop/python/CS156-Machine-Learning/final/data/retail_images/segmented/trouser/princess_polly_pants_1265aa55f7e4_seg.jpg,/Users/ashley/Desktop/python/CS156-Machine-Learning/final/data/retail_images/segmentation_overlays/trouser/princess_polly_pants_1265aa55f7e4_overlay.jpg,Trouser,Pants,Pants,0.1332707842752485,154.0,633.0,863.0,1784.0,segmented,ok,mattmdjaga/segformer_b2_clothes,crop_masked
/Users/ashley/Desktop/python/CS156-Machine-Learning/final/data/retail_images/raw/trouser/princess_polly_pants_127c40606224.jpg,/Users/ashley/Desktop/python/CS156-Machine-Learning/final/data/retail_images/segmented/trouser/princess_polly_pants_127c40606224_seg.jpg,/Users/ashley/Desktop/python/CS156-Machine-Learning/final/data/retail_images/segmentation_overlays/trouser/princess_polly_pants_127c40606224_overlay.jpg,Trouser,Pants,Pants,0.27357655114127,345.0,0.0,1000.0,1747.0,segmented,ok,mattmdjaga/segformer_b2_clothes,crop_masked
/Users/ashley/Desktop/python/CS156-Machine-Learning/final/data/retail_images/raw/trouser/princess_polly_pants_19bfb74d8c9b.jpg,/Users/ashley/Desktop/python/CS156-Machine-Learning/final/data/retail_images/segmented/trouser/princess_polly_pants_19bfb74d8c9b_seg.jpg,/Users/ashley/Desktop/python/CS156-Machine-Learning/final/data/retail_images/segmentation_overlays/trouser/princess_polly_pants_19bfb74d8c9b_overlay.jpg,Trouser,Pants,Pants,0.1824535583464155,238.0,564.0,862.0,1820.0,segmented,ok,mattmdjaga/segformer_b2_clothes,crop_masked
/Users/ashley/Desktop/python/CS156-Machine-Learning/final/data/retail_images/raw/trouser/princess_polly_pants_1d7de3ed776f.png,/Users/ashley/Desktop/python/CS156-Machine-Learning/final/data/retail_images/segmented/trouser/princess_polly_pants_1d7de3ed776f_seg.jpg,/Users/ashley/Desktop/python/CS156-Machine-Learning/final/data/retail_images/segmentation_overlays/trouser/princess_polly_pants_1d7de3ed776f_overlay.jpg,Trouser,Pants,Pants,0.129386585538418,87.0,125.0,218.0,322.0,fallback_copy,validation_too_small:131x197_fallback_copy,mattmdjaga/segformer_b2_clothes,copy
/Users/ashley/Desktop/python/CS156-Machine-Learning/final/data/retail_images/raw/trouser/princess_polly_pants_1df5b2cbb225.jpg,/Users/ashley/Desktop/python/CS156-Machine-Learning/final/data/retail_images/segmented/trouser/princess_polly_pants_1df5b2cbb225_seg.jpg,/Users/ashley/Desktop/python/CS156-Machine-Learning/final/data/retail_images/segmentation_overlays/trouser/princess_polly_pants_1df5b2cbb225_overlay.jpg,Trouser,Pants,Pants,0.1824535583464155,238.0,564.0,862.0,1820.0,segmented,ok,mattmdjaga/segformer_b2_clothes,crop_masked
/Users/ashley/Desktop/python/CS156-Machine-Learning/final/data/retail_images/raw/trouser/princess_polly_pants_20c466eb3ed2.jpg,/Users/ashley/Desktop/python/CS156-Machine-Learning/final/data/retail_images/segmented/trouser/princess_polly_pants_20c466eb3ed2_seg.jpg,/Users/ashley/Desktop/python/CS156-Machine-Learning/final/data/retail_images/segmentation_overlays/trouser/princess_polly_pants_20c466eb3ed2_overlay.jpg,Trouser,Pants,Pants,0.1048833694186854,447.0,654.0,968.0,1820.0,segmented,ok,mattmdjaga/segformer_b2_clothes,crop_masked
/Users/ashley/Desktop/python/CS156-Machine-Learning/final/data/retail_images/raw/trouser/princess_polly_pants_20d20ac200f5.jpg,/Users/ashley/Desktop/python/CS156-Machine-Learning/final/data/retail_images/segmented/trouser/princess_polly_pants_20d20ac200f5_seg.jpg,/Users/ashley/Desktop/python/CS156-Machine-Learning/final/data/retail_images/segmentation_overlays/trouser/princess_polly_pants_20d20ac200f5_overlay.jpg,Trouser,Pants,Pants,0.159491400792516,2.0,944.0,1320.0,1820.0,segmented,ok,mattmdjaga/segformer_b2_clothes,crop_masked
/Users/ashley/Desktop/python/CS156-Machine-Learning/final/data/retail_images/raw/trouser/princess_polly_pants_22edf54d8181.jpg,/Users/ashley/Desktop/python/CS156-Machine-Learning/final/data/retail_images/segmented/trouser/princess_polly_pants_22edf54d8181_seg.jpg,/Users/ashley/Desktop/python/CS156-Machine-Learning/final/data/retail_images/segmentation_overlays/trouser/princess_polly_pants_22edf54d8181_overlay.jpg,Trouser,Pants,Pants,0.0818101229625393,412.0,628.0,947.0,1574.0,segmented,ok,mattmdjaga/segformer_b2_clothes,crop_masked
/Users/ashley/Desktop/python/CS156-Machine-Learning/final/data/retail_images/raw/trouser/princess_polly_pants_24e2376be3ca.jpg,/Users/ashley/Desktop/python/CS156-Machine-Learning/final/data/retail_images/segmented/trouser/princess_polly_pants_24e2376be3ca_seg.jpg,/Users/ashley/Desktop/python/CS156-Machine-Learning/final/data/retail_images/segmentation_overlays/trouser/princess_polly_pants_24e2376be3ca_overlay.jpg,Trouser,Pants,Pants,0.4582327642595499,108.0,0.0,1320.0,1820.0,segmented,ok,mattmdjaga/segformer_b2_clothes,crop_masked
/Users/ashley/Desktop/python/CS156-Machine-Learning/final/data/retail_images/raw/trouser/princess_polly_pants_2cfd9f404fb1.png,/Users/ashley/Desktop/python/CS156-Machine-Learning/final/data/retail_images/segmented/trouser/princess_polly_pants_2cfd9f404fb1_seg.jpg,/Users/ashley/Desktop/python/CS156-Machine-Learning/final/data/retail_images/segmentation_overlays/trouser/princess_polly_pants_2cfd9f404fb1_overlay.jpg,Trouser,Pants,Pants,0.0294679496250176,0.0,269.0,147.0,367.0,fallback_copy,validation_too_small:147x98_fallback_copy,mattmdjaga/segformer_b2_clothes,copy
/Users/ashley/Desktop/python/CS156-Machine-Learning/final/data/retail_images/raw/trouser/princess_polly_pants_351763613a5b.jpg,/Users/ashley/Desktop/python/CS156-Machine-Learning/final/data/retail_images/segmented/trouser/princess_polly_pants_351763613a5b_seg.jpg,/Users/ashley/Desktop/python/CS156-Machine-Learning/final/data/retail_images/segmentation_overlays/trouser/princess_polly_pants_351763613a5b_overlay.jpg,Trouser,Pants,,,,,,,fallback_copy,segmented_too_small:33x199,mattmdjaga/segformer_b2_clothes,copy
/Users/ashley/Desktop/python/CS156-Machine-Learning/final/data/retail_images/raw/trouser/princess_polly_pants_3a262db23aaa.jpg,/Users/ashley/Desktop/python/CS156-Machine-Learning/final/data/retail_images/segmented/trouser/princess_polly_pants_3a262db23aaa_seg.jpg,/Users/ashley/Desktop/python/CS156-Machine-Learning/final/data/retail_images/segmentation_overlays/trouser/princess_polly_pants_3a262db23aaa_overlay.jpg,Trouser,Pants,Pants,0.1695069296864952,406.0,493.0,968.0,1809.0,segmented,ok,mattmdjaga/segformer_b2_clothes,crop_masked
/Users/ashley/Desktop/python/CS156-Machine-Learning/final/data/retail_images/raw/trouser/princess_polly_pants_3ac44f5b9dc8.jpg,/Users/ashley/Desktop/python/CS156-Machine-Learning/final/data/retail_images/segmented/trouser/princess_polly_pants_3ac44f5b9dc8_seg.jpg,/Users/ashley/Desktop/python/CS156-Machine-Learning/final/data/retail_images/segmentation_overlays/trouser/princess_polly_pants_3ac44f5b9dc8_overlay.jpg,Trouser,Pants,Pants,0.0792721415489272,508.0,654.0,927.0,1485.0,segmented,ok,mattmdjaga/segformer_b2_clothes,crop_masked
/Users/ashley/Desktop/python/CS156-Machine-Learning/final/data/retail_images/raw/trouser/princess_polly_pants_3fff30afac4f.jpg,/Users/ashley/Desktop/python/CS156-Machine-Learning/final/data/retail_images/segmented/trouser/princess_polly_pants_3fff30afac4f_seg.jpg,/Users/ashley/Desktop/python/CS156-Machine-Learning/final/data/retail_images/segmentation_overlays/trouser/princess_polly_pants_3fff30afac4f_overlay.jpg,Trouser,Pants,Pants,0.1500690901360544,459.0,372.0,861.0,1820.0,segmented,ok,mattmdjaga/segformer_b2_clothes,crop_masked
/Users/ashley/Desktop/python/CS156-Machine-Learning/final/data/retail_images/raw/trouser/princess_polly_pants_41814564b4f5.jpg,/Users/ashley/Desktop/python/CS156-Machine-Learning/final/data/retail_images/segmented/trouser/princess_polly_pants_41814564b4f5_seg.jpg,/Users/ashley/Desktop/python/CS156-Machine-Learning/final/data/retail_images/segmentation_overlays/trouser/princess_polly_pants_41814564b4f5_overlay.jpg,Trouser,Pants,Pants,0.1200610773155416,365.0,588.0,1016.0,1783.0,segmented,ok,mattmdjaga/segformer_b2_clothes,crop_masked
/Users/ashley/Desktop/python/CS156-Machine-Learning/final/data/retail_images/raw/trouser/princess_polly_pants_4702da360241.jpg,/Users/ashley/Desktop/python/CS156-Machine-Learning/final/data/retail_images/segmented/trouser/princess_polly_pants_4702da360241_seg.jpg,/Users/ashley/Desktop/python/CS156-Machine-Learning/final/data/retail_images/segmentation_overlays/trouser/princess_polly_pants_4702da360241_overlay.jpg,Trouser,Pants,Pants,0.0815774627158555,460.0,662.0,884.0,1490.0,segmented,ok,mattmdjaga/segformer_b2_clothes,crop_masked
/Users/ashley/Desktop/python/CS156-Machine-Learning/final/data/retail_images/raw/trouser/princess_polly_pants_47725178f295.jpg,/Users/ashley/Desktop/python/CS156-Machine-Learning/final/data/retail_images/segmented/trouser/princess_polly_pants_47725178f295_seg.jpg,/Users/ashley/Desktop/python/CS156-Machine-Learning/final/data/retail_images/segmentation_overlays/trouser/princess_polly_pants_47725178f295_overlay.jpg,Trouser,Pants,Pants,0.2627534667713239,376.0,164.0,1059.0,1820.0,segmented,ok,mattmdjaga/segformer_b2_clothes,crop_masked
/Users/ashley/Desktop/python/CS156-Machine-Learning/final/data/retail_images/raw/trouser/princess_polly_pants_47ec8e3616de.jpg,/Users/ashley/Desktop/python/CS156-Machine-Learning/final/data/retail_images/segmented/trouser/princess_polly_pants_47ec8e3616de_seg.jpg,/Users/ashley/Desktop/python/CS156-Machine-Learning/final/data/retail_images/segmentation_overlays/trouser/princess_polly_pants_47ec8e3616de_overlay.jpg,Trouser,Pants,Pants,0.2431545406266596,277.0,129.0,1115.0,1820.0,segmented,ok,mattmdjaga/segformer_b2_clothes,crop_masked
/Users/ashley/Desktop/python/CS156-Machine-Learning/final/data/retail_images/raw/trouser/princess_polly_pants_48220b6521be.jpg,/Users/ashley/Desktop/python/CS156-Machine-Learning/final/data/retail_images/segmented/trouser/princess_polly_pants_48220b6521be_seg.jpg,/Users/ashley/Desktop/python/CS156-Machine-Learning/final/data/retail_images/segmentation_overlays/trouser/princess_polly_pants_48220b6521be_overlay.jpg,Trouser,Pants,,,,,,,fallback_copy,missing_target_mask,mattmdjaga/segformer_b2_clothes,copy
/Users/ashley/Desktop/python/CS156-Machine-Learning/final/data/retail_images/raw/trouser/princess_polly_pants_4bfe35c0b2ea.jpg,/Users/ashley/Desktop/python/CS156-Machine-Learning/final/data/retail_images/segmented/trouser/princess_polly_pants_4bfe35c0b2ea_seg.jpg,/Users/ashley/Desktop/python/CS156-Machine-Learning/final/data/retail_images/segmentation_overlays/trouser/princess_polly_pants_4bfe35c0b2ea_overlay.jpg,Trouser,Pants,Pants,0.1457425259823555,492.0,346.0,896.0,1819.0,segmented,ok,mattmdjaga/segformer_b2_clothes,crop_masked
/Users/ashley/Desktop/python/CS156-Machine-Learning/final/data/retail_images/raw/trouser/princess_polly_pants_4c209a7935f6.jpg,/Users/ashley/Desktop/python/CS156-Machine-Learning/final/data/retail_images/segmented/trouser/princess_polly_pants_4c209a7935f6_seg.jpg,/Users/ashley/Desktop/python/CS156-Machine-Learning/final/data/retail_images/segmentation_overlays/trouser/princess_polly_pants_4c209a7935f6_overlay.jpg,Trouser,Pants,Pants,0.1036316843008292,370.0,619.0,931.0,1774.0,segmented,ok,mattmdjaga/segformer_b2_clothes,crop_masked
/Users/ashley/Desktop/python/CS156-Machine-Learning/final/data/retail_images/raw/trouser/princess_polly_pants_4c39b9983ea6.jpg,/Users/ashley/Desktop/python/CS156-Machine-Learning/final/data/retail_images/segmented/trouser/princess_polly_pants_4c39b9983ea6_seg.jpg,/Users/ashley/Desktop/python/CS156-Machine-Learning/final/data/retail_images/segmentation_overlays/trouser/princess_polly_pants_4c39b9983ea6_overlay.jpg,Trouser,Pants,Pants,0.0958723804076964,505.0,600.0,866.0,1756.0,segmented,ok,mattmdjaga/segformer_b2_clothes,crop_masked
/Users/ashley/Desktop/python/CS156-Machine-Learning/final/data/retail_images/raw/trouser/princess_polly_pants_4c3b6b329959.jpg,/Users/ashley/Desktop/python/CS156-Machine-Learning/final/data/retail_images/segmented/trouser/princess_polly_pants_4c3b6b329959_seg.jpg,/Users/ashley/Desktop/python/CS156-Machine-Learning/final/data/retail_images/segmentation_overlays/trouser/princess_polly_pants_4c3b6b329959_overlay.jpg,Trouser,Pants,Pants,0.1889516973597986,418.0,493.0,1011.0,1821.0,segmented,ok,mattmdjaga/segformer_b2_clothes,crop_masked
/Users/ashley/Desktop/python/CS156-Machine-Learning/final/data/retail_images/raw/trouser/princess_polly_pants_4c8e77fb7e28.jpg,/Users/ashley/Desktop/python/CS156-Machine-Learning/final/data/retail_images/segmented/trouser/princess_polly_pants_4c8e77fb7e28_seg.jpg,/Users/ashley/Desktop/python/CS156-Machine-Learning/final/data/retail_images/segmentation_overlays/trouser/princess_polly_pants_4c8e77fb7e28_overlay.jpg,Trouser,Pants,,,,,,,fallback_copy,missing_target_mask,mattmdjaga/segformer_b2_clothes,copy
/Users/ashley/Desktop/python/CS156-Machine-Learning/final/data/retail_images/raw/trouser/princess_polly_pants_50fec2b110f2.jpg,/Users/ashley/Desktop/python/CS156-Machine-Learning/final/data/retail_images/segmented/trouser/princess_polly_pants_50fec2b110f2_seg.jpg,/Users/ashley/Desktop/python/CS156-Machine-Learning/final/data/retail_images/segmentation_overlays/trouser/princess_polly_pants_50fec2b110f2_overlay.jpg,Trouser,Pants,Pants,0.0925376853629641,384.0,709.0,951.0,1765.0,segmented,ok,mattmdjaga/segformer_b2_clothes,crop_masked
/Users/ashley/Desktop/python/CS156-Machine-Learning/final/data/retail_images/raw/trouser/princess_polly_pants_51e89b93b331.jpg,/Users/ashley/Desktop/python/CS156-Machine-Learning/final/data/retail_images/segmented/trouser/princess_polly_pants_51e89b93b331_seg.jpg,/Users/ashley/Desktop/python/CS156-Machine-Learning/final/data/retail_images/segmentation_overlays/trouser/princess_polly_pants_51e89b93b331_overlay.jpg,Trouser,Pants,Pants,0.5006790456567243,0.0,160.0,1239.0,1820.0,segmented,ok,mattmdjaga/segformer_b2_clothes,crop_masked
/Users/ashley/Desktop/python/CS156-Machine-Learning/final/data/retail_images/raw/trouser/princess_polly_pants_51ee198c7eb6.jpg,/Users/ashley/Desktop/python/CS156-Machine-Learning/final/data/retail_images/segmented/trouser/princess_polly_pants_51ee198c7eb6_seg.jpg,/Users/ashley/Desktop/python/CS156-Machine-Learning/final/data/retail_images/segmentation_overlays/trouser/princess_polly_pants_51ee198c7eb6_overlay.jpg,Trouser,Pants,Pants,0.1102891156462585,379.0,559.0,912.0,1750.0,segmented,ok,mattmdjaga/segformer_b2_clothes,crop_masked
/Users/ashley/Desktop/python/CS156-Machine-Learning/final/data/retail_images/raw/trouser/princess_polly_pants_5261a9002161.jpg,/Users/ashley/Desktop/python/CS156-Machine-Learning/final/data/retail_images/segmented/trouser/princess_polly_pants_5261a9002161_seg.jpg,/Users/ashley/Desktop/python/CS156-Machine-Learning/final/data/retail_images/segmentation_overlays/trouser/princess_polly_pants_5261a9002161_overlay.jpg,Trouser,Pants,Pants,0.2005721681195842,240.0,519.0,927.0,1819.0,segmented,ok,mattmdjaga/segformer_b2_clothes,crop_masked
/Users/ashley/Desktop/python/CS156-Machine-Learning/final/data/retail_images/raw/trouser/princess_polly_pants_52868cab035c.jpg,/Users/ashley/Desktop/python/CS156-Machine-Learning/final/data/retail_images/segmented/trouser/princess_polly_pants_52868cab035c_seg.jpg,/Users/ashley/Desktop/python/CS156-Machine-Learning/final/data/retail_images/segmentation_overlays/trouser/princess_polly_pants_52868cab035c_overlay.jpg,Trouser,Pants,Pants,0.0578549176680017,508.0,673.0,851.0,1495.0,segmented,ok,mattmdjaga/segformer_b2_clothes,crop_masked
/Users/ashley/Desktop/python/CS156-Machine-Learning/final/data/retail_images/raw/trouser/princess_polly_pants_53f8947b6a62.jpg,/Users/ashley/Desktop/python/CS156-Machine-Learning/final/data/retail_images/segmented/trouser/princess_polly_pants_53f8947b6a62_seg.jpg,/Users/ashley/Desktop/python/CS156-Machine-Learning/final/data/retail_images/segmentation_overlays/trouser/princess_polly_pants_53f8947b6a62_overlay.jpg,Trouser,Pants,Pants,0.1442166871831932,410.0,539.0,1046.0,1821.0,segmented,ok,mattmdjaga/segformer_b2_clothes,crop_masked
/Users/ashley/Desktop/python/CS156-Machine-Learning/final/data/retail_images/raw/trouser/princess_polly_pants_54b6ce2667f7.jpg,/Users/ashley/Desktop/python/CS156-Machine-Learning/final/data/retail_images/segmented/trouser/princess_polly_pants_54b6ce2667f7_seg.jpg,/Users/ashley/Desktop/python/CS156-Machine-Learning/final/data/retail_images/segmentation_overlays/trouser/princess_polly_pants_54b6ce2667f7_overlay.jpg,Trouser,Pants,Pants,0.317496221250868,223.0,185.0,1236.0,1820.0,segmented,ok,mattmdjaga/segformer_b2_clothes,crop_masked
/Users/ashley/Desktop/python/CS156-Machine-Learning/final/data/retail_images/raw/trouser/princess_polly_pants_57c8a7c6f121.jpg,/Users/ashley/Desktop/python/CS156-Machine-Learning/final/data/retail_images/segmented/trouser/princess_polly_pants_57c8a7c6f121_seg.jpg,/Users/ashley/Desktop/python/CS156-Machine-Learning/final/data/retail_images/segmentation_overlays/trouser/princess_polly_pants_57c8a7c6f121_overlay.jpg,Trouser,Pants,Pants,0.0447081171616487,533.0,660.0,901.0,1236.0,segmented,ok,mattmdjaga/segformer_b2_clothes,crop_masked
/Users/ashley/Desktop/python/CS156-Machine-Learning/final/data/retail_images/raw/trouser/princess_polly_pants_585ba1ec21cc.jpg,/Users/ashley/Desktop/python/CS156-Machine-Learning/final/data/retail_images/segmented/trouser/princess_polly_pants_585ba1ec21cc_seg.jpg,/Users/ashley/Desktop/python/CS156-Machine-Learning/final/data/retail_images/segmentation_overlays/trouser/princess_polly_pants_585ba1ec21cc_overlay.jpg,Trouser,Pants,Pants,0.1589453076356183,357.0,412.0,1042.0,1821.0,segmented,ok,mattmdjaga/segformer_b2_clothes,crop_masked
/Users/ashley/Desktop/python/CS156-Machine-Learning/final/data/retail_images/raw/trouser/princess_polly_pants_5a6fcdcaf229.jpg,/Users/ashley/Desktop/python/CS156-Machine-Learning/final/data/retail_images/segmented/trouser/princess_polly_pants_5a6fcdcaf229_seg.jpg,/Users/ashley/Desktop/python/CS156-Machine-Learning/final/data/retail_images/segmentation_overlays/trouser/princess_polly_pants_5a6fcdcaf229_overlay.jpg,Trouser,Pants,Pants,0.1202513427607283,410.0,614.0,1078.0,1797.0,segmented,ok,mattmdjaga/segformer_b2_clothes,crop_masked
/Users/ashley/Desktop/python/CS156-Machine-Learning/final/data/retail_images/raw/trouser/princess_polly_pants_5bd1bbb56ac1.jpg,/Users/ashley/Desktop/python/CS156-Machine-Learning/final/data/retail_images/segmented/trouser/princess_polly_pants_5bd1bbb56ac1_seg.jpg,/Users/ashley/Desktop/python/CS156-Machine-Learning/final/data/retail_images/segmentation_overlays/trouser/princess_polly_pants_5bd1bbb56ac1_overlay.jpg,Trouser,Pants,Pants,0.1582720107273678,411.0,502.0,963.0,1787.0,segmented,ok,mattmdjaga/segformer_b2_clothes,crop_masked
/Users/ashley/Desktop/python/CS156-Machine-Learning/final/data/retail_images/raw/trouser/princess_polly_pants_5d94edb40583.jpg,/Users/ashley/Desktop/python/CS156-Machine-Learning/final/data/retail_images/segmented/trouser/princess_polly_pants_5d94edb40583_seg.jpg,/Users/ashley/Desktop/python/CS156-Machine-Learning/final/data/retail_images/segmentation_overlays/trouser/princess_polly_pants_5d94edb40583_overlay.jpg,Trouser,Pants,Pants,0.1582720107273678,411.0,502.0,963.0,1787.0,segmented,ok,mattmdjaga/segformer_b2_clothes,crop_masked
/Users/ashley/Desktop/python/CS156-Machine-Learning/final/data/retail_images/raw/trouser/princess_polly_pants_5e70392bfa20.jpg,/Users/ashley/Desktop/python/CS156-Machine-Learning/final/data/retail_images/segmented/trouser/princess_polly_pants_5e70392bfa20_seg.jpg,/Users/ashley/Desktop/python/CS156-Machine-Learning/final/data/retail_images/segmentation_overlays/trouser/princess_polly_pants_5e70392bfa20_overlay.jpg,Trouser,Pants,Pants,0.2016250663834307,408.0,369.0,1076.0,1820.0,segmented,ok,mattmdjaga/segformer_b2_clothes,crop_masked
/Users/ashley/Desktop/python/CS156-Machine-Learning/final/data/retail_images/raw/trouser/princess_polly_pants_5f0ee8eb62e5.jpg,/Users/ashley/Desktop/python/CS156-Machine-Learning/final/data/retail_images/segmented/trouser/princess_polly_pants_5f0ee8eb62e5_seg.jpg,/Users/ashley/Desktop/python/CS156-Machine-Learning/final/data/retail_images/segmentation_overlays/trouser/princess_polly_pants_5f0ee8eb62e5_overlay.jpg,Trouser,Pants,Pants,0.0929765175300889,262.0,591.0,926.0,1722.0,segmented,ok,mattmdjaga/segformer_b2_clothes,crop_masked
/Users/ashley/Desktop/python/CS156-Machine-Learning/final/data/retail_images/raw/trouser/princess_polly_pants_61fb93af03f1.jpg,/Users/ashley/Desktop/python/CS156-Machine-Learning/final/data/retail_images/segmented/trouser/princess_polly_pants_61fb93af03f1_seg.jpg,/Users/ashley/Desktop/python/CS156-Machine-Learning/final/data/retail_images/segmentation_overlays/trouser/princess_polly_pants_61fb93af03f1_overlay.jpg,Trouser,Pants,Pants,0.1071032018576661,453.0,619.0,942.0,1746.0,segmented,ok,mattmdjaga/segformer_b2_clothes,crop_masked
/Users/ashley/Desktop/python/CS156-Machine-Learning/final/data/retail_images/raw/trouser/princess_polly_pants_6240f906b71c.jpg,/Users/ashley/Desktop/python/CS156-Machine-Learning/final/data/retail_images/segmented/trouser/princess_polly_pants_6240f906b71c_seg.jpg,/Users/ashley/Desktop/python/CS156-Machine-Learning/final/data/retail_images/segmentation_overlays/trouser/princess_polly_pants_6240f906b71c_overlay.jpg,Trouser,Pants,Pants,0.301470648310797,345.0,10.0,1128.0,1764.0,segmented,ok,mattmdjaga/segformer_b2_clothes,crop_masked
/Users/ashley/Desktop/python/CS156-Machine-Learning/final/data/retail_images/raw/trouser/princess_polly_pants_6535aca75fa3.jpg,/Users/ashley/Desktop/python/CS156-Machine-Learning/final/data/retail_images/segmented/trouser/princess_polly_pants_6535aca75fa3_seg.jpg,/Users/ashley/Desktop/python/CS156-Machine-Learning/final/data/retail_images/segmentation_overlays/trouser/princess_polly_pants_6535aca75fa3_overlay.jpg,Trouser,Pants,Pants,0.2627534667713239,376.0,164.0,1059.0,1820.0,segmented,ok,mattmdjaga/segformer_b2_clothes,crop_masked
/Users/ashley/Desktop/python/CS156-Machine-Learning/final/data/retail_images/raw/trouser/princess_polly_pants_66ad273bc136.jpg,/Users/ashley/Desktop/python/CS156-Machine-Learning/final/data/retail_images/segmented/trouser/princess_polly_pants_66ad273bc136_seg.jpg,/Users/ashley/Desktop/python/CS156-Machine-Learning/final/data/retail_images/segmentation_overlays/trouser/princess_polly_pants_66ad273bc136_overlay.jpg,Trouser,Pants,Pants,0.1647691431441117,412.0,537.0,980.0,1813.0,segmented,ok,mattmdjaga/segformer_b2_clothes,crop_masked
/Users/ashley/Desktop/python/CS156-Machine-Learning/final/data/retail_images/raw/trouser/princess_polly_pants_66d0d6eb8f66.png,/Users/ashley/Desktop/python/CS156-Machine-Learning/final/data/retail_images/segmented/trouser/princess_polly_pants_66d0d6eb8f66_seg.jpg,/Users/ashley/Desktop/python/CS156-Machine-Learning/final/data/retail_images/segmentation_overlays/trouser/princess_polly_pants_66d0d6eb8f66_overlay.jpg,Trouser,Pants,Pants,0.0768802179142493,91.0,36.0,249.0,352.0,fallback_copy,validation_too_small:158x316_fallback_copy,mattmdjaga/segformer_b2_clothes,copy
/Users/ashley/Desktop/python/CS156-Machine-Learning/final/data/retail_images/raw/trouser/princess_polly_pants_68cea0e3fb7e.jpg,/Users/ashley/Desktop/python/CS156-Machine-Learning/final/data/retail_images/segmented/trouser/princess_polly_pants_68cea0e3fb7e_seg.jpg,/Users/ashley/Desktop/python/CS156-Machine-Learning/final/data/retail_images/segmentation_overlays/trouser/princess_polly_pants_68cea0e3fb7e_overlay.jpg,Trouser,Pants,Pants,0.1388331534536891,398.0,541.0,954.0,1772.0,segmented,ok,mattmdjaga/segformer_b2_clothes,crop_masked
/Users/ashley/Desktop/python/CS156-Machine-Learning/final/data/retail_images/raw/trouser/princess_polly_pants_69a58c9121f9.png,/Users/ashley/Desktop/python/CS156-Machine-Learning/final/data/retail_images/segmented/trouser/princess_polly_pants_69a58c9121f9_seg.jpg,/Users/ashley/Desktop/python/CS156-Machine-Learning/final/data/retail_images/segmentation_overlays/trouser/princess_polly_pants_69a58c9121f9_overlay.jpg,Trouser,Pants,,,,,,,fallback_copy,missing_target_mask,mattmdjaga/segformer_b2_clothes,copy
/Users/ashley/Desktop/python/CS156-Machine-Learning/final/data/retail_images/raw/trouser/princess_polly_pants_6b27ab62bda1.jpg,/Users/ashley/Desktop/python/CS156-Machine-Learning/final/data/retail_images/segmented/trouser/princess_polly_pants_6b27ab62bda1_seg.jpg,/Users/ashley/Desktop/python/CS156-Machine-Learning/final/data/retail_images/segmentation_overlays/trouser/princess_polly_pants_6b27ab62bda1_overlay.jpg,Trouser,Pants,Pants,0.0926718233578102,477.0,620.0,844.0,1821.0,segmented,ok,mattmdjaga/segformer_b2_clothes,crop_masked
/Users/ashley/Desktop/python/CS156-Machine-Learning/final/data/retail_images/raw/trouser/princess_polly_pants_73a33c3ef9a4.jpg,/Users/ashley/Desktop/python/CS156-Machine-Learning/final/data/retail_images/segmented/trouser/princess_polly_pants_73a33c3ef9a4_seg.jpg,/Users/ashley/Desktop/python/CS156-Machine-Learning/final/data/retail_images/segmentation_overlays/trouser/princess_polly_pants_73a33c3ef9a4_overlay.jpg,Trouser,Pants,Pants,0.0270469485871271,271.0,1077.0,982.0,1523.0,segmented,ok,mattmdjaga/segformer_b2_clothes,crop_masked
/Users/ashley/Desktop/python/CS156-Machine-Learning/final/data/retail_images/raw/trouser/princess_polly_pants_79ab5083d755.jpg,/Users/ashley/Desktop/python/CS156-Machine-Learning/final/data/retail_images/segmented/trouser/princess_polly_pants_79ab5083d755_seg.jpg,/Users/ashley/Desktop/python/CS156-Machine-Learning/final/data/retail_images/segmentation_overlays/trouser/princess_polly_pants_79ab5083d755_overlay.jpg,Trouser,Pants,Pants,0.1094972363945578,449.0,628.0,853.0,1788.0,segmented,ok,mattmdjaga/segformer_b2_clothes,crop_masked
/Users/ashley/Desktop/python/CS156-Machine-Learning/final/data/retail_images/raw/trouser/princess_polly_pants_7ab8721fe524.jpg,/Users/ashley/Desktop/python/CS156-Machine-Learning/final/data/retail_images/segmented/trouser/princess_polly_pants_7ab8721fe524_seg.jpg,/Users/ashley/Desktop/python/CS156-Machine-Learning/final/data/retail_images/segmentation_overlays/trouser/princess_polly_pants_7ab8721fe524_overlay.jpg,Trouser,Pants,Pants,0.0961902038481964,348.0,682.0,915.0,1761.0,segmented,ok,mattmdjaga/segformer_b2_clothes,crop_masked
/Users/ashley/Desktop/python/CS156-Machine-Learning/final/data/retail_images/raw/trouser/princess_polly_pants_7b6c98e7a4e8.jpg,/Users/ashley/Desktop/python/CS156-Machine-Learning/final/data/retail_images/segmented/trouser/princess_polly_pants_7b6c98e7a4e8_seg.jpg,/Users/ashley/Desktop/python/CS156-Machine-Learning/final/data/retail_images/segmentation_overlays/trouser/princess_polly_pants_7b6c98e7a4e8_overlay.jpg,Trouser,Pants,Pants,0.2267182594191522,360.0,156.0,978.0,1819.0,segmented,ok,mattmdjaga/segformer_b2_clothes,crop_masked
/Users/ashley/Desktop/python/CS156-Machine-Learning/final/data/retail_images/raw/trouser/princess_polly_pants_7e12f651b031.jpg,/Users/ashley/Desktop/python/CS156-Machine-Learning/final/data/retail_images/segmented/trouser/princess_polly_pants_7e12f651b031_seg.jpg,/Users/ashley/Desktop/python/CS156-Machine-Learning/final/data/retail_images/segmentation_overlays/trouser/princess_polly_pants_7e12f651b031_overlay.jpg,Trouser,Pants,Pants,0.1873430141287284,439.0,284.0,974.0,1809.0,segmented,ok,mattmdjaga/segformer_b2_clothes,crop_masked
/Users/ashley/Desktop/python/CS156-Machine-Learning/final/data/retail_images/raw/trouser/princess_polly_pants_7ef1130d9450.jpg,/Users/ashley/Desktop/python/CS156-Machine-Learning/final/data/retail_images/segmented/trouser/princess_polly_pants_7ef1130d9450_seg.jpg,/Users/ashley/Desktop/python/CS156-Machine-Learning/final/data/retail_images/segmentation_overlays/trouser/princess_polly_pants_7ef1130d9450_overlay.jpg,Trouser,Pants,Pants,0.0893899627158555,322.0,439.0,1114.0,1236.0,segmented,ok,mattmdjaga/segformer_b2_clothes,crop_masked
/Users/ashley/Desktop/python/CS156-Machine-Learning/final/data/retail_images/raw/trouser/princess_polly_pants_7f5ef93dbd22.jpg,/Users/ashley/Desktop/python/CS156-Machine-Learning/final/data/retail_images/segmented/trouser/princess_polly_pants_7f5ef93dbd22_seg.jpg,/Users/ashley/Desktop/python/CS156-Machine-Learning/final/data/retail_images/segmentation_overlays/trouser/princess_polly_pants_7f5ef93dbd22_overlay.jpg,Trouser,Pants,Pants,0.1158266269046938,414.0,657.0,1143.0,1814.0,segmented,ok,mattmdjaga/segformer_b2_clothes,crop_masked
/Users/ashley/Desktop/python/CS156-Machine-Learning/final/data/retail_images/raw/trouser/princess_polly_pants_889ce53cd678.jpg,/Users/ashley/Desktop/python/CS156-Machine-Learning/final/data/retail_images/segmented/trouser/princess_polly_pants_889ce53cd678_seg.jpg,/Users/ashley/Desktop/python/CS156-Machine-Learning/final/data/retail_images/segmentation_overlays/trouser/princess_polly_pants_889ce53cd678_overlay.jpg,Trouser,Pants,Pants,0.1358103577969649,430.0,651.0,951.0,1809.0,segmented,ok,mattmdjaga/segformer_b2_clothes,crop_masked
/Users/ashley/Desktop/python/CS156-Machine-Learning/final/data/retail_images/raw/trouser/princess_polly_pants_8e86a552f46f.jpg,/Users/ashley/Desktop/python/CS156-Machine-Learning/final/data/retail_images/segmented/trouser/princess_polly_pants_8e86a552f46f_seg.jpg,/Users/ashley/Desktop/python/CS156-Machine-Learning/final/data/retail_images/segmentation_overlays/trouser/princess_polly_pants_8e86a552f46f_overlay.jpg,Trouser,Pants,,,,,,,fallback_copy,missing_target_mask,mattmdjaga/segformer_b2_clothes,copy
/Users/ashley/Desktop/python/CS156-Machine-Learning/final/data/retail_images/raw/trouser/princess_polly_pants_8f97f1c442a7.jpg,/Users/ashley/Desktop/python/CS156-Machine-Learning/final/data/retail_images/segmented/trouser/princess_polly_pants_8f97f1c442a7_seg.jpg,/Users/ashley/Desktop/python/CS156-Machine-Learning/final/data/retail_images/segmentation_overlays/trouser/princess_polly_pants_8f97f1c442a7_overlay.jpg,Trouser,Pants,Pants,0.1647691431441117,412.0,537.0,980.0,1813.0,segmented,ok,mattmdjaga/segformer_b2_clothes,crop_masked
/Users/ashley/Desktop/python/CS156-Machine-Learning/final/data/retail_images/raw/trouser/princess_polly_pants_91ce63e17844.jpg,/Users/ashley/Desktop/python/CS156-Machine-Learning/final/data/retail_images/segmented/trouser/princess_polly_pants_91ce63e17844_seg.jpg,/Users/ashley/Desktop/python/CS156-Machine-Learning/final/data/retail_images/segmentation_overlays/trouser/princess_polly_pants_91ce63e17844_overlay.jpg,Trouser,Pants,Pants,0.2267182594191522,360.0,156.0,978.0,1819.0,segmented,ok,mattmdjaga/segformer_b2_clothes,crop_masked
/Users/ashley/Desktop/python/CS156-Machine-Learning/final/data/retail_images/raw/trouser/princess_polly_pants_91f23dcf74df.jpg,/Users/ashley/Desktop/python/CS156-Machine-Learning/final/data/retail_images/segmented/trouser/princess_polly_pants_91f23dcf74df_seg.jpg,/Users/ashley/Desktop/python/CS156-Machine-Learning/final/data/retail_images/segmentation_overlays/trouser/princess_polly_pants_91f23dcf74df_overlay.jpg,Trouser,Pants,Pants,0.0916862899005756,489.0,710.0,853.0,1751.0,segmented,ok,mattmdjaga/segformer_b2_clothes,crop_masked
/Users/ashley/Desktop/python/CS156-Machine-Learning/final/data/retail_images/raw/trouser/princess_polly_pants_9261cbc9e5d6.jpg,/Users/ashley/Desktop/python/CS156-Machine-Learning/final/data/retail_images/segmented/trouser/princess_polly_pants_9261cbc9e5d6_seg.jpg,/Users/ashley/Desktop/python/CS156-Machine-Learning/final/data/retail_images/segmentation_overlays/trouser/princess_polly_pants_9261cbc9e5d6_overlay.jpg,Trouser,Pants,Pants,0.2370020604395604,172.0,168.0,1202.0,1489.0,segmented,ok,mattmdjaga/segformer_b2_clothes,crop_masked
/Users/ashley/Desktop/python/CS156-Machine-Learning/final/data/retail_images/raw/trouser/princess_polly_pants_92b582969b4b.png,/Users/ashley/Desktop/python/CS156-Machine-Learning/final/data/retail_images/segmented/trouser/princess_polly_pants_92b582969b4b_seg.jpg,/Users/ashley/Desktop/python/CS156-Machine-Learning/final/data/retail_images/segmentation_overlays/trouser/princess_polly_pants_92b582969b4b_overlay.jpg,Trouser,Pants,,,,,,,fallback_copy,missing_target_mask,mattmdjaga/segformer_b2_clothes,copy
/Users/ashley/Desktop/python/CS156-Machine-Learning/final/data/retail_images/raw/trouser/princess_polly_pants_9916e69b983b.jpg,/Users/ashley/Desktop/python/CS156-Machine-Learning/final/data/retail_images/segmented/trouser/princess_polly_pants_9916e69b983b_seg.jpg,/Users/ashley/Desktop/python/CS156-Machine-Learning/final/data/retail_images/segmentation_overlays/trouser/princess_polly_pants_9916e69b983b_overlay.jpg,Trouser,Pants,Pants,0.1956522094819236,321.0,296.0,896.0,1819.0,segmented,ok,mattmdjaga/segformer_b2_clothes,crop_masked
/Users/ashley/Desktop/python/CS156-Machine-Learning/final/data/retail_images/raw/trouser/princess_polly_pants_a21002373cb8.jpg,/Users/ashley/Desktop/python/CS156-Machine-Learning/final/data/retail_images/segmented/trouser/princess_polly_pants_a21002373cb8_seg.jpg,/Users/ashley/Desktop/python/CS156-Machine-Learning/final/data/retail_images/segmentation_overlays/trouser/princess_polly_pants_a21002373cb8_overlay.jpg,Trouser,Pants,Pants,0.1188632424123495,460.0,368.0,879.0,1820.0,segmented,ok,mattmdjaga/segformer_b2_clothes,crop_masked
/Users/ashley/Desktop/python/CS156-Machine-Learning/final/data/retail_images/raw/trouser/princess_polly_pants_a32d4cd39a31.jpg,/Users/ashley/Desktop/python/CS156-Machine-Learning/final/data/retail_images/segmented/trouser/princess_polly_pants_a32d4cd39a31_seg.jpg,/Users/ashley/Desktop/python/CS156-Machine-Learning/final/data/retail_images/segmentation_overlays/trouser/princess_polly_pants_a32d4cd39a31_overlay.jpg,Trouser,Pants,Pants,0.1619420727970913,313.0,560.0,1008.0,1820.0,segmented,ok,mattmdjaga/segformer_b2_clothes,crop_masked
/Users/ashley/Desktop/python/CS156-Machine-Learning/final/data/retail_images/raw/trouser/princess_polly_pants_a573a77206a2.jpg,/Users/ashley/Desktop/python/CS156-Machine-Learning/final/data/retail_images/segmented/trouser/princess_polly_pants_a573a77206a2_seg.jpg,/Users/ashley/Desktop/python/CS156-Machine-Learning/final/data/retail_images/segmentation_overlays/trouser/princess_polly_pants_a573a77206a2_overlay.jpg,Trouser,Pants,Pants,0.1518361780875331,451.0,597.0,928.0,1821.0,segmented,ok,mattmdjaga/segformer_b2_clothes,crop_masked
/Users/ashley/Desktop/python/CS156-Machine-Learning/final/data/retail_images/raw/trouser/princess_polly_pants_a71acf17afad.jpg,/Users/ashley/Desktop/python/CS156-Machine-Learning/final/data/retail_images/segmented/trouser/princess_polly_pants_a71acf17afad_seg.jpg,/Users/ashley/Desktop/python/CS156-Machine-Learning/final/data/retail_images/segmentation_overlays/trouser/princess_polly_pants_a71acf17afad_overlay.jpg,Trouser,Pants,Pants,0.1312900641025641,439.0,530.0,941.0,1820.0,segmented,ok,mattmdjaga/segformer_b2_clothes,crop_masked
/Users/ashley/Desktop/python/CS156-Machine-Learning/final/data/retail_images/raw/trouser/princess_polly_pants_aa1f411573b1.jpg,/Users/ashley/Desktop/python/CS156-Machine-Learning/final/data/retail_images/segmented/trouser/princess_polly_pants_aa1f411573b1_seg.jpg,/Users/ashley/Desktop/python/CS156-Machine-Learning/final/data/retail_images/segmentation_overlays/trouser/princess_polly_pants_aa1f411573b1_overlay.jpg,Trouser,Pants,Pants,0.1189991384426246,310.0,819.0,891.0,1916.0,segmented,ok,mattmdjaga/segformer_b2_clothes,crop_masked
/Users/ashley/Desktop/python/CS156-Machine-Learning/final/data/retail_images/raw/trouser/princess_polly_pants_abce4b849aa1.jpg,/Users/ashley/Desktop/python/CS156-Machine-Learning/final/data/retail_images/segmented/trouser/princess_polly_pants_abce4b849aa1_seg.jpg,/Users/ashley/Desktop/python/CS156-Machine-Learning/final/data/retail_images/segmentation_overlays/trouser/princess_polly_pants_abce4b849aa1_overlay.jpg,Trouser,Pants,Pants,0.0683863719923199,487.0,660.0,891.0,1396.0,segmented,ok,mattmdjaga/segformer_b2_clothes,crop_masked
/Users/ashley/Desktop/python/CS156-Machine-Learning/final/data/retail_images/raw/trouser/princess_polly_pants_acec45a617fc.jpg,/Users/ashley/Desktop/python/CS156-Machine-Learning/final/data/retail_images/segmented/trouser/princess_polly_pants_acec45a617fc_seg.jpg,/Users/ashley/Desktop/python/CS156-Machine-Learning/final/data/retail_images/segmentation_overlays/trouser/princess_polly_pants_acec45a617fc_overlay.jpg,Trouser,Pants,Pants,0.1279443027210884,338.0,523.0,936.0,1820.0,segmented,ok,mattmdjaga/segformer_b2_clothes,crop_masked
/Users/ashley/Desktop/python/CS156-Machine-Learning/final/data/retail_images/raw/trouser/princess_polly_pants_ad871fe7d27e.jpg,/Users/ashley/Desktop/python/CS156-Machine-Learning/final/data/retail_images/segmented/trouser/princess_polly_pants_ad871fe7d27e_seg.jpg,/Users/ashley/Desktop/python/CS156-Machine-Learning/final/data/retail_images/segmentation_overlays/trouser/princess_polly_pants_ad871fe7d27e_overlay.jpg,Trouser,Pants,,,,,,,fallback_copy,missing_target_mask,mattmdjaga/segformer_b2_clothes,copy
/Users/ashley/Desktop/python/CS156-Machine-Learning/final/data/retail_images/raw/trouser/princess_polly_pants_addf8e9ba6df.jpg,/Users/ashley/Desktop/python/CS156-Machine-Learning/final/data/retail_images/segmented/trouser/princess_polly_pants_addf8e9ba6df_seg.jpg,/Users/ashley/Desktop/python/CS156-Machine-Learning/final/data/retail_images/segmentation_overlays/trouser/princess_polly_pants_addf8e9ba6df_overlay.jpg,Trouser,Pants,Pants,0.1158480915730778,440.0,630.0,910.0,1752.0,segmented,ok,mattmdjaga/segformer_b2_clothes,crop_masked
/Users/ashley/Desktop/python/CS156-Machine-Learning/final/data/retail_images/raw/trouser/princess_polly_pants_b31d6ef402f0.jpg,/Users/ashley/Desktop/python/CS156-Machine-Learning/final/data/retail_images/segmented/trouser/princess_polly_pants_b31d6ef402f0_seg.jpg,/Users/ashley/Desktop/python/CS156-Machine-Learning/final/data/retail_images/segmentation_overlays/trouser/princess_polly_pants_b31d6ef402f0_overlay.jpg,Trouser,Pants,Pants,0.2938824004948464,330.0,0.0,1046.0,1821.0,segmented,ok,mattmdjaga/segformer_b2_clothes,crop_masked
/Users/ashley/Desktop/python/CS156-Machine-Learning/final/data/retail_images/raw/trouser/princess_polly_pants_bbf5cb0938f5.jpg,/Users/ashley/Desktop/python/CS156-Machine-Learning/final/data/retail_images/segmented/trouser/princess_polly_pants_bbf5cb0938f5_seg.jpg,/Users/ashley/Desktop/python/CS156-Machine-Learning/final/data/retail_images/segmentation_overlays/trouser/princess_polly_pants_bbf5cb0938f5_overlay.jpg,Trouser,Pants,Pants,0.2998255647698027,213.0,0.0,1280.0,1820.0,segmented,ok,mattmdjaga/segformer_b2_clothes,crop_masked
/Users/ashley/Desktop/python/CS156-Machine-Learning/final/data/retail_images/raw/trouser/princess_polly_pants_bc038cc3603c.jpg,/Users/ashley/Desktop/python/CS156-Machine-Learning/final/data/retail_images/segmented/trouser/princess_polly_pants_bc038cc3603c_seg.jpg,/Users/ashley/Desktop/python/CS156-Machine-Learning/final/data/retail_images/segmentation_overlays/trouser/princess_polly_pants_bc038cc3603c_overlay.jpg,Trouser,Pants,Pants,0.0882064364207221,430.0,816.0,827.0,1820.0,segmented,ok,mattmdjaga/segformer_b2_clothes,crop_masked
/Users/ashley/Desktop/python/CS156-Machine-Learning/final/data/retail_images/raw/trouser/princess_polly_pants_bcae99b5a43b.jpg,/Users/ashley/Desktop/python/CS156-Machine-Learning/final/data/retail_images/segmented/trouser/princess_polly_pants_bcae99b5a43b_seg.jpg,/Users/ashley/Desktop/python/CS156-Machine-Learning/final/data/retail_images/segmentation_overlays/trouser/princess_polly_pants_bcae99b5a43b_overlay.jpg,Trouser,Pants,Pants,0.0785685668498168,468.0,667.0,889.0,1466.0,segmented,ok,mattmdjaga/segformer_b2_clothes,crop_masked
/Users/ashley/Desktop/python/CS156-Machine-Learning/final/data/retail_images/raw/trouser/princess_polly_pants_bceaad4f8c52.jpg,/Users/ashley/Desktop/python/CS156-Machine-Learning/final/data/retail_images/segmented/trouser/princess_polly_pants_bceaad4f8c52_seg.jpg,/Users/ashley/Desktop/python/CS156-Machine-Learning/final/data/retail_images/segmentation_overlays/trouser/princess_polly_pants_bceaad4f8c52_overlay.jpg,Trouser,Pants,Pants,0.1247539547901496,420.0,583.0,884.0,1821.0,segmented,ok,mattmdjaga/segformer_b2_clothes,crop_masked
/Users/ashley/Desktop/python/CS156-Machine-Learning/final/data/retail_images/raw/trouser/princess_polly_pants_bd90dad62417.jpg,/Users/ashley/Desktop/python/CS156-Machine-Learning/final/data/retail_images/segmented/trouser/princess_polly_pants_bd90dad62417_seg.jpg,/Users/ashley/Desktop/python/CS156-Machine-Learning/final/data/retail_images/segmentation_overlays/trouser/princess_polly_pants_bd90dad62417_overlay.jpg,Trouser,Pants,Pants,0.1015500242152935,491.0,648.0,888.0,1819.0,segmented,ok,mattmdjaga/segformer_b2_clothes,crop_masked
/Users/ashley/Desktop/python/CS156-Machine-Learning/final/data/retail_images/raw/trouser/princess_polly_pants_c09093b83919.jpg,/Users/ashley/Desktop/python/CS156-Machine-Learning/final/data/retail_images/segmented/trouser/princess_polly_pants_c09093b83919_seg.jpg,/Users/ashley/Desktop/python/CS156-Machine-Learning/final/data/retail_images/segmentation_overlays/trouser/princess_polly_pants_c09093b83919_overlay.jpg,Trouser,Pants,Pants,0.0893899627158555,322.0,439.0,1114.0,1236.0,segmented,ok,mattmdjaga/segformer_b2_clothes,crop_masked
/Users/ashley/Desktop/python/CS156-Machine-Learning/final/data/retail_images/raw/trouser/princess_polly_pants_c12deb0a8160.jpg,/Users/ashley/Desktop/python/CS156-Machine-Learning/final/data/retail_images/segmented/trouser/princess_polly_pants_c12deb0a8160_seg.jpg,/Users/ashley/Desktop/python/CS156-Machine-Learning/final/data/retail_images/segmentation_overlays/trouser/princess_polly_pants_c12deb0a8160_overlay.jpg,Trouser,Pants,Pants,0.063268924384166,446.0,627.0,952.0,1365.0,segmented,ok,mattmdjaga/segformer_b2_clothes,crop_masked
/Users/ashley/Desktop/python/CS156-Machine-Learning/final/data/retail_images/raw/trouser/princess_polly_pants_c5e3be308230.jpg,/Users/ashley/Desktop/python/CS156-Machine-Learning/final/data/retail_images/segmented/trouser/princess_polly_pants_c5e3be308230_seg.jpg,/Users/ashley/Desktop/python/CS156-Machine-Learning/final/data/retail_images/segmentation_overlays/trouser/princess_polly_pants_c5e3be308230_overlay.jpg,Trouser,Pants,Pants,0.1129010498430141,482.0,624.0,879.0,1739.0,segmented,ok,mattmdjaga/segformer_b2_clothes,crop_masked
/Users/ashley/Desktop/python/CS156-Machine-Learning/final/data/retail_images/raw/trouser/princess_polly_pants_c9938621f3c0.jpg,/Users/ashley/Desktop/python/CS156-Machine-Learning/final/data/retail_images/segmented/trouser/princess_polly_pants_c9938621f3c0_seg.jpg,/Users/ashley/Desktop/python/CS156-Machine-Learning/final/data/retail_images/segmentation_overlays/trouser/princess_polly_pants_c9938621f3c0_overlay.jpg,Trouser,Pants,Pants,0.3274680304814233,244.0,0.0,1201.0,1820.0,segmented,ok,mattmdjaga/segformer_b2_clothes,crop_masked
/Users/ashley/Desktop/python/CS156-Machine-Learning/final/data/retail_images/raw/trouser/princess_polly_pants_cae0323621a1.jpg,/Users/ashley/Desktop/python/CS156-Machine-Learning/final/data/retail_images/segmented/trouser/princess_polly_pants_cae0323621a1_seg.jpg,/Users/ashley/Desktop/python/CS156-Machine-Learning/final/data/retail_images/segmentation_overlays/trouser/princess_polly_pants_cae0323621a1_overlay.jpg,Trouser,Pants,Pants,0.262452715020343,262.0,0.0,1173.0,1662.0,segmented,ok,mattmdjaga/segformer_b2_clothes,crop_masked
/Users/ashley/Desktop/python/CS156-Machine-Learning/final/data/retail_images/raw/trouser/princess_polly_pants_cc47c666c7d8.png,/Users/ashley/Desktop/python/CS156-Machine-Learning/final/data/retail_images/segmented/trouser/princess_polly_pants_cc47c666c7d8_seg.jpg,/Users/ashley/Desktop/python/CS156-Machine-Learning/final/data/retail_images/segmentation_overlays/trouser/princess_polly_pants_cc47c666c7d8_overlay.jpg,Trouser,Pants,,,,,,,fallback_copy,segmented_too_small:92x64,mattmdjaga/segformer_b2_clothes,copy
/Users/ashley/Desktop/python/CS156-Machine-Learning/final/data/retail_images/raw/trouser/princess_polly_pants_cc8037058dd3.jpg,/Users/ashley/Desktop/python/CS156-Machine-Learning/final/data/retail_images/segmented/trouser/princess_polly_pants_cc8037058dd3_seg.jpg,/Users/ashley/Desktop/python/CS156-Machine-Learning/final/data/retail_images/segmentation_overlays/trouser/princess_polly_pants_cc8037058dd3_overlay.jpg,Trouser,Pants,Pants,0.2627534667713239,376.0,164.0,1059.0,1820.0,segmented,ok,mattmdjaga/segformer_b2_clothes,crop_masked
/Users/ashley/Desktop/python/CS156-Machine-Learning/final/data/retail_images/raw/trouser/princess_polly_pants_cce36b8b64a2.jpg,/Users/ashley/Desktop/python/CS156-Machine-Learning/final/data/retail_images/segmented/trouser/princess_polly_pants_cce36b8b64a2_seg.jpg,/Users/ashley/Desktop/python/CS156-Machine-Learning/final/data/retail_images/segmentation_overlays/trouser/princess_polly_pants_cce36b8b64a2_overlay.jpg,Trouser,Pants,Pants,0.1485122966465176,374.0,557.0,1101.0,1809.0,segmented,ok,mattmdjaga/segformer_b2_clothes,crop_masked
/Users/ashley/Desktop/python/CS156-Machine-Learning/final/data/retail_images/raw/trouser/princess_polly_pants_cf1211080b1a.jpg,/Users/ashley/Desktop/python/CS156-Machine-Learning/final/data/retail_images/segmented/trouser/princess_polly_pants_cf1211080b1a_seg.jpg,/Users/ashley/Desktop/python/CS156-Machine-Learning/final/data/retail_images/segmentation_overlays/trouser/princess_polly_pants_cf1211080b1a_overlay.jpg,Trouser,Pants,Pants,0.2431545406266596,277.0,129.0,1115.0,1820.0,segmented,ok,mattmdjaga/segformer_b2_clothes,crop_masked
/Users/ashley/Desktop/python/CS156-Machine-Learning/final/data/retail_images/raw/trouser/princess_polly_pants_cfedbd129498.jpg,/Users/ashley/Desktop/python/CS156-Machine-Learning/final/data/retail_images/segmented/trouser/princess_polly_pants_cfedbd129498_seg.jpg,/Users/ashley/Desktop/python/CS156-Machine-Learning/final/data/retail_images/segmentation_overlays/trouser/princess_polly_pants_cfedbd129498_overlay.jpg,Trouser,Pants,Pants,0.1971788063237877,454.0,245.0,1019.0,1820.0,segmented,ok,mattmdjaga/segformer_b2_clothes,crop_masked
/Users/ashley/Desktop/python/CS156-Machine-Learning/final/data/retail_images/raw/trouser/princess_polly_pants_d03dfcf0aefd.jpg,/Users/ashley/Desktop/python/CS156-Machine-Learning/final/data/retail_images/segmented/trouser/princess_polly_pants_d03dfcf0aefd_seg.jpg,/Users/ashley/Desktop/python/CS156-Machine-Learning/final/data/retail_images/segmentation_overlays/trouser/princess_polly_pants_d03dfcf0aefd_overlay.jpg,Trouser,Pants,Pants,0.1308362269700559,462.0,690.0,946.0,1820.0,segmented,ok,mattmdjaga/segformer_b2_clothes,crop_masked
/Users/ashley/Desktop/python/CS156-Machine-Learning/final/data/retail_images/raw/trouser/princess_polly_pants_d0a9281a5efa.jpg,/Users/ashley/Desktop/python/CS156-Machine-Learning/final/data/retail_images/segmented/trouser/princess_polly_pants_d0a9281a5efa_seg.jpg,/Users/ashley/Desktop/python/CS156-Machine-Learning/final/data/retail_images/segmentation_overlays/trouser/princess_polly_pants_d0a9281a5efa_overlay.jpg,Trouser,Pants,Pants,0.1878002369171967,410.0,510.0,1052.0,1819.0,segmented,ok,mattmdjaga/segformer_b2_clothes,crop_masked
/Users/ashley/Desktop/python/CS156-Machine-Learning/final/data/retail_images/raw/trouser/princess_polly_pants_d4c1af5dfa8c.jpg,/Users/ashley/Desktop/python/CS156-Machine-Learning/final/data/retail_images/segmented/trouser/princess_polly_pants_d4c1af5dfa8c_seg.jpg,/Users/ashley/Desktop/python/CS156-Machine-Learning/final/data/retail_images/segmentation_overlays/trouser/princess_polly_pants_d4c1af5dfa8c_overlay.jpg,Trouser,Pants,Pants,0.391006017791732,278.0,0.0,1080.0,1754.0,segmented,ok,mattmdjaga/segformer_b2_clothes,crop_masked
/Users/ashley/Desktop/python/CS156-Machine-Learning/final/data/retail_images/raw/trouser/princess_polly_pants_d5570c3c3d9c.jpg,/Users/ashley/Desktop/python/CS156-Machine-Learning/final/data/retail_images/segmented/trouser/princess_polly_pants_d5570c3c3d9c_seg.jpg,/Users/ashley/Desktop/python/CS156-Machine-Learning/final/data/retail_images/segmentation_overlays/trouser/princess_polly_pants_d5570c3c3d9c_overlay.jpg,Trouser,Pants,Pants,0.2932835393772894,302.0,0.0,1030.0,1745.0,segmented,ok,mattmdjaga/segformer_b2_clothes,crop_masked
/Users/ashley/Desktop/python/CS156-Machine-Learning/final/data/retail_images/raw/trouser/princess_polly_pants_d9d62b1e98ee.jpg,/Users/ashley/Desktop/python/CS156-Machine-Learning/final/data/retail_images/segmented/trouser/princess_polly_pants_d9d62b1e98ee_seg.jpg,/Users/ashley/Desktop/python/CS156-Machine-Learning/final/data/retail_images/segmentation_overlays/trouser/princess_polly_pants_d9d62b1e98ee_overlay.jpg,Trouser,Pants,,,,,,,fallback_copy,missing_target_mask,mattmdjaga/segformer_b2_clothes,copy
/Users/ashley/Desktop/python/CS156-Machine-Learning/final/data/retail_images/raw/trouser/princess_polly_pants_dbcf57a07922.jpg,/Users/ashley/Desktop/python/CS156-Machine-Learning/final/data/retail_images/segmented/trouser/princess_polly_pants_dbcf57a07922_seg.jpg,/Users/ashley/Desktop/python/CS156-Machine-Learning/final/data/retail_images/segmentation_overlays/trouser/princess_polly_pants_dbcf57a07922_overlay.jpg,Trouser,Pants,Pants,0.2274466445456687,375.0,494.0,1062.0,1819.0,segmented,ok,mattmdjaga/segformer_b2_clothes,crop_masked
/Users/ashley/Desktop/python/CS156-Machine-Learning/final/data/retail_images/raw/trouser/princess_polly_pants_dc43925bb231.jpg,/Users/ashley/Desktop/python/CS156-Machine-Learning/final/data/retail_images/segmented/trouser/princess_polly_pants_dc43925bb231_seg.jpg,/Users/ashley/Desktop/python/CS156-Machine-Learning/final/data/retail_images/segmentation_overlays/trouser/princess_polly_pants_dc43925bb231_overlay.jpg,Trouser,Pants,Pants,0.1341545814780015,474.0,567.0,899.0,1819.0,segmented,ok,mattmdjaga/segformer_b2_clothes,crop_masked
/Users/ashley/Desktop/python/CS156-Machine-Learning/final/data/retail_images/raw/trouser/princess_polly_pants_dc86f1a7a9ba.jpg,/Users/ashley/Desktop/python/CS156-Machine-Learning/final/data/retail_images/segmented/trouser/princess_polly_pants_dc86f1a7a9ba_seg.jpg,/Users/ashley/Desktop/python/CS156-Machine-Learning/final/data/retail_images/segmentation_overlays/trouser/princess_polly_pants_dc86f1a7a9ba_overlay.jpg,Trouser,Pants,Pants,0.1213222789115646,417.0,601.0,980.0,1581.0,segmented,ok,mattmdjaga/segformer_b2_clothes,crop_masked
/Users/ashley/Desktop/python/CS156-Machine-Learning/final/data/retail_images/raw/trouser/princess_polly_pants_df26309f4c71.jpg,/Users/ashley/Desktop/python/CS156-Machine-Learning/final/data/retail_images/segmented/trouser/princess_polly_pants_df26309f4c71_seg.jpg,/Users/ashley/Desktop/python/CS156-Machine-Learning/final/data/retail_images/segmentation_overlays/trouser/princess_polly_pants_df26309f4c71_overlay.jpg,Trouser,Pants,Pants,0.1589453076356183,357.0,412.0,1042.0,1821.0,segmented,ok,mattmdjaga/segformer_b2_clothes,crop_masked
/Users/ashley/Desktop/python/CS156-Machine-Learning/final/data/retail_images/raw/trouser/princess_polly_pants_dfae2bbfd1e6.jpg,/Users/ashley/Desktop/python/CS156-Machine-Learning/final/data/retail_images/segmented/trouser/princess_polly_pants_dfae2bbfd1e6_seg.jpg,/Users/ashley/Desktop/python/CS156-Machine-Learning/final/data/retail_images/segmentation_overlays/trouser/princess_polly_pants_dfae2bbfd1e6_overlay.jpg,Trouser,Pants,Pants,0.1321615436593725,364.0,570.0,885.0,1821.0,segmented,ok,mattmdjaga/segformer_b2_clothes,crop_masked
/Users/ashley/Desktop/python/CS156-Machine-Learning/final/data/retail_images/raw/trouser/princess_polly_pants_e612bbee0317.jpg,/Users/ashley/Desktop/python/CS156-Machine-Learning/final/data/retail_images/segmented/trouser/princess_polly_pants_e612bbee0317_seg.jpg,/Users/ashley/Desktop/python/CS156-Machine-Learning/final/data/retail_images/segmentation_overlays/trouser/princess_polly_pants_e612bbee0317_overlay.jpg,Trouser,Pants,Pants,0.1013266123757195,445.0,659.0,1043.0,1714.0,segmented,ok,mattmdjaga/segformer_b2_clothes,crop_masked
/Users/ashley/Desktop/python/CS156-Machine-Learning/final/data/retail_images/raw/trouser/princess_polly_pants_eb51a3e5df5c.jpg,/Users/ashley/Desktop/python/CS156-Machine-Learning/final/data/retail_images/segmented/trouser/princess_polly_pants_eb51a3e5df5c_seg.jpg,/Users/ashley/Desktop/python/CS156-Machine-Learning/final/data/retail_images/segmentation_overlays/trouser/princess_polly_pants_eb51a3e5df5c_overlay.jpg,Trouser,Pants,,,,,,,fallback_copy,missing_target_mask,mattmdjaga/segformer_b2_clothes,copy
/Users/ashley/Desktop/python/CS156-Machine-Learning/final/data/retail_images/raw/trouser/princess_polly_pants_eb5523e8d8e5.jpg,/Users/ashley/Desktop/python/CS156-Machine-Learning/final/data/retail_images/segmented/trouser/princess_polly_pants_eb5523e8d8e5_seg.jpg,/Users/ashley/Desktop/python/CS156-Machine-Learning/final/data/retail_images/segmentation_overlays/trouser/princess_polly_pants_eb5523e8d8e5_overlay.jpg,Trouser,Pants,Pants,0.1667376118305486,376.0,515.0,930.0,1820.0,segmented,ok,mattmdjaga/segformer_b2_clothes,crop_masked
/Users/ashley/Desktop/python/CS156-Machine-Learning/final/data/retail_images/raw/trouser/princess_polly_pants_f0ff12ca438a.jpg,/Users/ashley/Desktop/python/CS156-Machine-Learning/final/data/retail_images/segmented/trouser/princess_polly_pants_f0ff12ca438a_seg.jpg,/Users/ashley/Desktop/python/CS156-Machine-Learning/final/data/retail_images/segmentation_overlays/trouser/princess_polly_pants_f0ff12ca438a_overlay.jpg,Trouser,Pants,Pants,0.2612181870174435,261.0,0.0,1076.0,1759.0,segmented,ok,mattmdjaga/segformer_b2_clothes,crop_masked
/Users/ashley/Desktop/python/CS156-Machine-Learning/final/data/retail_images/raw/trouser/princess_polly_pants_f4a3ec340fd5.jpg,/Users/ashley/Desktop/python/CS156-Machine-Learning/final/data/retail_images/segmented/trouser/princess_polly_pants_f4a3ec340fd5_seg.jpg,/Users/ashley/Desktop/python/CS156-Machine-Learning/final/data/retail_images/segmentation_overlays/trouser/princess_polly_pants_f4a3ec340fd5_overlay.jpg,Trouser,Pants,Pants,0.0893899627158555,322.0,439.0,1114.0,1236.0,segmented,ok,mattmdjaga/segformer_b2_clothes,crop_masked
/Users/ashley/Desktop/python/CS156-Machine-Learning/final/data/retail_images/raw/trouser/princess_polly_pants_f968f7507431.jpg,/Users/ashley/Desktop/python/CS156-Machine-Learning/final/data/retail_images/segmented/trouser/princess_polly_pants_f968f7507431_seg.jpg,/Users/ashley/Desktop/python/CS156-Machine-Learning/final/data/retail_images/segmentation_overlays/trouser/princess_polly_pants_f968f7507431_overlay.jpg,Trouser,Pants,Pants,0.1048833694186854,447.0,654.0,968.0,1820.0,segmented,ok,mattmdjaga/segformer_b2_clothes,crop_masked
/Users/ashley/Desktop/python/CS156-Machine-Learning/final/data/retail_images/raw/trouser/princess_polly_pants_f97be6949c06.jpg,/Users/ashley/Desktop/python/CS156-Machine-Learning/final/data/retail_images/segmented/trouser/princess_polly_pants_f97be6949c06_seg.jpg,/Users/ashley/Desktop/python/CS156-Machine-Learning/final/data/retail_images/segmentation_overlays/trouser/princess_polly_pants_f97be6949c06_overlay.jpg,Trouser,Pants,Pants,0.2136087127158555,398.0,427.0,1034.0,1820.0,segmented,ok,mattmdjaga/segformer_b2_clothes,crop_masked
/Users/ashley/Desktop/python/CS156-Machine-Learning/final/data/retail_images/raw/trouser/princess_polly_pants_fa6e6c85c4e4.jpg,/Users/ashley/Desktop/python/CS156-Machine-Learning/final/data/retail_images/segmented/trouser/princess_polly_pants_fa6e6c85c4e4_seg.jpg,/Users/ashley/Desktop/python/CS156-Machine-Learning/final/data/retail_images/segmentation_overlays/trouser/princess_polly_pants_fa6e6c85c4e4_overlay.jpg,Trouser,Pants,Pants,0.1442720597854526,376.0,543.0,1031.0,1795.0,segmented,ok,mattmdjaga/segformer_b2_clothes,crop_masked
/Users/ashley/Desktop/python/CS156-Machine-Learning/final/data/retail_images/raw/trouser/princess_polly_pants_faf9ea488f8f.jpg,/Users/ashley/Desktop/python/CS156-Machine-Learning/final/data/retail_images/segmented/trouser/princess_polly_pants_faf9ea488f8f_seg.jpg,/Users/ashley/Desktop/python/CS156-Machine-Learning/final/data/retail_images/segmentation_overlays/trouser/princess_polly_pants_faf9ea488f8f_overlay.jpg,Trouser,Pants,Pants,0.1668301936159079,290.0,350.0,1038.0,1716.0,segmented,ok,mattmdjaga/segformer_b2_clothes,crop_masked
/Users/ashley/Desktop/python/CS156-Machine-Learning/final/data/retail_images/raw/trouser/princess_polly_pants_fdfedf1310c1.jpg,/Users/ashley/Desktop/python/CS156-Machine-Learning/final/data/retail_images/segmented/trouser/princess_polly_pants_fdfedf1310c1_seg.jpg,/Users/ashley/Desktop/python/CS156-Machine-Learning/final/data/retail_images/segmentation_overlays/trouser/princess_polly_pants_fdfedf1310c1_overlay.jpg,Trouser,Pants,Pants,0.0895867910315219,528.0,595.0,865.0,1821.0,segmented,ok,mattmdjaga/segformer_b2_clothes,crop_masked
/Users/ashley/Desktop/python/CS156-Machine-Learning/final/data/retail_images/raw/pullover/anthropologie_sweaters_0f4cb4fecbb7.jpg,/Users/ashley/Desktop/python/CS156-Machine-Learning/final/data/retail_images/segmented/pullover/anthropologie_sweaters_0f4cb4fecbb7_seg.jpg,/Users/ashley/Desktop/python/CS156-Machine-Learning/final/data/retail_images/segmentation_overlays/pullover/anthropologie_sweaters_0f4cb4fecbb7_overlay.jpg,Pullover,Upper-clothes,Upper-clothes,0.2906200178603713,30.0,138.0,315.0,521.0,segmented,ok,mattmdjaga/segformer_b2_clothes,crop_masked
/Users/ashley/Desktop/python/CS156-Machine-Learning/final/data/retail_images/raw/pullover/anthropologie_sweaters_19e503d17351.jpg,/Users/ashley/Desktop/python/CS156-Machine-Learning/final/data/retail_images/segmented/pullover/anthropologie_sweaters_19e503d17351_seg.jpg,/Users/ashley/Desktop/python/CS156-Machine-Learning/final/data/retail_images/segmentation_overlays/pullover/anthropologie_sweaters_19e503d17351_overlay.jpg,Pullover,Upper-clothes,Upper-clothes,0.3998312578413057,0.0,119.0,349.0,523.0,segmented,ok,mattmdjaga/segformer_b2_clothes,crop_masked
/Users/ashley/Desktop/python/CS156-Machine-Learning/final/data/retail_images/raw/pullover/anthropologie_sweaters_1abe2d4e9574.jpg,/Users/ashley/Desktop/python/CS156-Machine-Learning/final/data/retail_images/segmented/pullover/anthropologie_sweaters_1abe2d4e9574_seg.jpg,/Users/ashley/Desktop/python/CS156-Machine-Learning/final/data/retail_images/segmentation_overlays/pullover/anthropologie_sweaters_1abe2d4e9574_overlay.jpg,Pullover,Upper-clothes,Upper-clothes,0.2543678469486706,53.0,84.0,298.0,460.0,segmented,ok,mattmdjaga/segformer_b2_clothes,crop_masked
/Users/ashley/Desktop/python/CS156-Machine-Learning/final/data/retail_images/raw/pullover/anthropologie_sweaters_1ad4f2da6a46.jpg,/Users/ashley/Desktop/python/CS156-Machine-Learning/final/data/retail_images/segmented/pullover/anthropologie_sweaters_1ad4f2da6a46_seg.jpg,/Users/ashley/Desktop/python/CS156-Machine-Learning/final/data/retail_images/segmentation_overlays/pullover/anthropologie_sweaters_1ad4f2da6a46_overlay.jpg,Pullover,Upper-clothes,Upper-clothes,0.3401798090145567,0.0,117.0,349.0,468.0,segmented,ok,mattmdjaga/segformer_b2_clothes,crop_masked
/Users/ashley/Desktop/python/CS156-Machine-Learning/final/data/retail_images/raw/pullover/anthropologie_sweaters_1f0938d7aed4.jpg,/Users/ashley/Desktop/python/CS156-Machine-Learning/final/data/retail_images/segmented/pullover/anthropologie_sweaters_1f0938d7aed4_seg.jpg,/Users/ashley/Desktop/python/CS156-Machine-Learning/final/data/retail_images/segmentation_overlays/pullover/anthropologie_sweaters_1f0938d7aed4_overlay.jpg,Pullover,Upper-clothes,Upper-clothes,0.1119889112295715,75.0,71.0,290.0,292.0,segmented,ok,mattmdjaga/segformer_b2_clothes,crop_masked
/Users/ashley/Desktop/python/CS156-Machine-Learning/final/data/retail_images/raw/pullover/anthropologie_sweaters_2b9f9aaeb369.jpg,/Users/ashley/Desktop/python/CS156-Machine-Learning/final/data/retail_images/segmented/pullover/anthropologie_sweaters_2b9f9aaeb369_seg.jpg,/Users/ashley/Desktop/python/CS156-Machine-Learning/final/data/retail_images/segmentation_overlays/pullover/anthropologie_sweaters_2b9f9aaeb369_overlay.jpg,Pullover,Upper-clothes,Upper-clothes,0.6632443419329743,0.0,0.0,349.0,523.0,segmented,ok,mattmdjaga/segformer_b2_clothes,crop_masked
/Users/ashley/Desktop/python/CS156-Machine-Learning/final/data/retail_images/raw/pullover/anthropologie_sweaters_2f7c33036760.jpg,/Users/ashley/Desktop/python/CS156-Machine-Learning/final/data/retail_images/segmented/pullover/anthropologie_sweaters_2f7c33036760_seg.jpg,/Users/ashley/Desktop/python/CS156-Machine-Learning/final/data/retail_images/segmentation_overlays/pullover/anthropologie_sweaters_2f7c33036760_overlay.jpg,Pullover,Upper-clothes,Upper-clothes,0.2204331413982589,93.0,91.0,349.0,442.0,segmented,ok,mattmdjaga/segformer_b2_clothes,crop_masked
/Users/ashley/Desktop/python/CS156-Machine-Learning/final/data/retail_images/raw/pullover/anthropologie_sweaters_342707dcb7bd.jpg,/Users/ashley/Desktop/python/CS156-Machine-Learning/final/data/retail_images/segmented/pullover/anthropologie_sweaters_342707dcb7bd_seg.jpg,/Users/ashley/Desktop/python/CS156-Machine-Learning/final/data/retail_images/segmentation_overlays/pullover/anthropologie_sweaters_342707dcb7bd_overlay.jpg,Pullover,Upper-clothes,Upper-clothes,0.2197209180011724,46.0,117.0,339.0,438.0,segmented,ok,mattmdjaga/segformer_b2_clothes,crop_masked
/Users/ashley/Desktop/python/CS156-Machine-Learning/final/data/retail_images/raw/pullover/anthropologie_sweaters_38de34b008c2.jpg,/Users/ashley/Desktop/python/CS156-Machine-Learning/final/data/retail_images/segmented/pullover/anthropologie_sweaters_38de34b008c2_seg.jpg,/Users/ashley/Desktop/python/CS156-Machine-Learning/final/data/retail_images/segmentation_overlays/pullover/anthropologie_sweaters_38de34b008c2_overlay.jpg,Pullover,Upper-clothes,Upper-clothes,0.3497564743846116,10.0,101.0,346.0,523.0,segmented,ok,mattmdjaga/segformer_b2_clothes,crop_masked
/Users/ashley/Desktop/python/CS156-Machine-Learning/final/data/retail_images/raw/pullover/anthropologie_sweaters_3f06d5fcb8a5.jpg,/Users/ashley/Desktop/python/CS156-Machine-Learning/final/data/retail_images/segmented/pullover/anthropologie_sweaters_3f06d5fcb8a5_seg.jpg,/Users/ashley/Desktop/python/CS156-Machine-Learning/final/data/retail_images/segmentation_overlays/pullover/anthropologie_sweaters_3f06d5fcb8a5_overlay.jpg,Pullover,Upper-clothes,Upper-clothes,0.2214740832863083,0.0,97.0,330.0,523.0,segmented,ok,mattmdjaga/segformer_b2_clothes,crop_masked
/Users/ashley/Desktop/python/CS156-Machine-Learning/final/data/retail_images/raw/pullover/anthropologie_sweaters_404935bbbebf.jpg,/Users/ashley/Desktop/python/CS156-Machine-Learning/final/data/retail_images/segmented/pullover/anthropologie_sweaters_404935bbbebf_seg.jpg,/Users/ashley/Desktop/python/CS156-Machine-Learning/final/data/retail_images/segmentation_overlays/pullover/anthropologie_sweaters_404935bbbebf_overlay.jpg,Pullover,Upper-clothes,Upper-clothes,0.3617656565877925,4.0,138.0,343.0,520.0,segmented,ok,mattmdjaga/segformer_b2_clothes,crop_masked
/Users/ashley/Desktop/python/CS156-Machine-Learning/final/data/retail_images/raw/pullover/anthropologie_sweaters_438278ee6fa3.jpg,/Users/ashley/Desktop/python/CS156-Machine-Learning/final/data/retail_images/segmented/pullover/anthropologie_sweaters_438278ee6fa3_seg.jpg,/Users/ashley/Desktop/python/CS156-Machine-Learning/final/data/retail_images/segmentation_overlays/pullover/anthropologie_sweaters_438278ee6fa3_overlay.jpg,Pullover,Upper-clothes,Upper-clothes,0.3783604617399069,0.0,88.0,349.0,498.0,segmented,ok,mattmdjaga/segformer_b2_clothes,crop_masked
/Users/ashley/Desktop/python/CS156-Machine-Learning/final/data/retail_images/raw/pullover/anthropologie_sweaters_45fba37cabea.jpg,/Users/ashley/Desktop/python/CS156-Machine-Learning/final/data/retail_images/segmented/pullover/anthropologie_sweaters_45fba37cabea_seg.jpg,/Users/ashley/Desktop/python/CS156-Machine-Learning/final/data/retail_images/segmentation_overlays/pullover/anthropologie_sweaters_45fba37cabea_overlay.jpg,Pullover,Upper-clothes,Upper-clothes,0.348923720874172,1.0,84.0,339.0,470.0,segmented,ok,mattmdjaga/segformer_b2_clothes,crop_masked
/Users/ashley/Desktop/python/CS156-Machine-Learning/final/data/retail_images/raw/pullover/anthropologie_sweaters_46f9136f8360.jpg,/Users/ashley/Desktop/python/CS156-Machine-Learning/final/data/retail_images/segmented/pullover/anthropologie_sweaters_46f9136f8360_seg.jpg,/Users/ashley/Desktop/python/CS156-Machine-Learning/final/data/retail_images/segmentation_overlays/pullover/anthropologie_sweaters_46f9136f8360_overlay.jpg,Pullover,Upper-clothes,Upper-clothes,0.2162310233554487,42.0,95.0,331.0,503.0,segmented,ok,mattmdjaga/segformer_b2_clothes,crop_masked
/Users/ashley/Desktop/python/CS156-Machine-Learning/final/data/retail_images/raw/pullover/anthropologie_sweaters_4a9d06feea34.jpg,/Users/ashley/Desktop/python/CS156-Machine-Learning/final/data/retail_images/segmented/pullover/anthropologie_sweaters_4a9d06feea34_seg.jpg,/Users/ashley/Desktop/python/CS156-Machine-Learning/final/data/retail_images/segmentation_overlays/pullover/anthropologie_sweaters_4a9d06feea34_overlay.jpg,Pullover,Upper-clothes,Upper-clothes,0.3212894530672174,12.0,114.0,341.0,433.0,segmented,ok,mattmdjaga/segformer_b2_clothes,crop_masked
/Users/ashley/Desktop/python/CS156-Machine-Learning/final/data/retail_images/raw/pullover/anthropologie_sweaters_585188a25b8a.jpg,/Users/ashley/Desktop/python/CS156-Machine-Learning/final/data/retail_images/segmented/pullover/anthropologie_sweaters_585188a25b8a_seg.jpg,/Users/ashley/Desktop/python/CS156-Machine-Learning/final/data/retail_images/segmentation_overlays/pullover/anthropologie_sweaters_585188a25b8a_overlay.jpg,Pullover,Upper-clothes,Upper-clothes,0.2000142444679417,29.0,138.0,343.0,472.0,segmented,ok,mattmdjaga/segformer_b2_clothes,crop_masked
/Users/ashley/Desktop/python/CS156-Machine-Learning/final/data/retail_images/raw/pullover/anthropologie_sweaters_5d9388fd6c20.jpg,/Users/ashley/Desktop/python/CS156-Machine-Learning/final/data/retail_images/segmented/pullover/anthropologie_sweaters_5d9388fd6c20_seg.jpg,/Users/ashley/Desktop/python/CS156-Machine-Learning/final/data/retail_images/segmentation_overlays/pullover/anthropologie_sweaters_5d9388fd6c20_overlay.jpg,Pullover,Upper-clothes,Upper-clothes,0.4761377768768456,0.0,28.0,349.0,520.0,segmented,ok,mattmdjaga/segformer_b2_clothes,crop_masked
/Users/ashley/Desktop/python/CS156-Machine-Learning/final/data/retail_images/raw/pullover/anthropologie_sweaters_6bb0210697f0.jpg,/Users/ashley/Desktop/python/CS156-Machine-Learning/final/data/retail_images/segmented/pullover/anthropologie_sweaters_6bb0210697f0_seg.jpg,/Users/ashley/Desktop/python/CS156-Machine-Learning/final/data/retail_images/segmentation_overlays/pullover/anthropologie_sweaters_6bb0210697f0_overlay.jpg,Pullover,Upper-clothes,Upper-clothes,0.3137563209826491,51.0,82.0,339.0,523.0,segmented,ok,mattmdjaga/segformer_b2_clothes,crop_masked
/Users/ashley/Desktop/python/CS156-Machine-Learning/final/data/retail_images/raw/pullover/anthropologie_sweaters_6c36c6cb5be3.jpg,/Users/ashley/Desktop/python/CS156-Machine-Learning/final/data/retail_images/segmented/pullover/anthropologie_sweaters_6c36c6cb5be3_seg.jpg,/Users/ashley/Desktop/python/CS156-Machine-Learning/final/data/retail_images/segmentation_overlays/pullover/anthropologie_sweaters_6c36c6cb5be3_overlay.jpg,Pullover,Upper-clothes,Upper-clothes,0.5279164178450312,0.0,69.0,349.0,523.0,segmented,ok,mattmdjaga/segformer_b2_clothes,crop_masked
/Users/ashley/Desktop/python/CS156-Machine-Learning/final/data/retail_images/raw/pullover/anthropologie_sweaters_7315d6ffcb29.jpg,/Users/ashley/Desktop/python/CS156-Machine-Learning/final/data/retail_images/segmented/pullover/anthropologie_sweaters_7315d6ffcb29_seg.jpg,/Users/ashley/Desktop/python/CS156-Machine-Learning/final/data/retail_images/segmentation_overlays/pullover/anthropologie_sweaters_7315d6ffcb29_overlay.jpg,Pullover,Upper-clothes,Upper-clothes,0.2585151785763202,41.0,89.0,315.0,519.0,segmented,ok,mattmdjaga/segformer_b2_clothes,crop_masked
/Users/ashley/Desktop/python/CS156-Machine-Learning/final/data/retail_images/raw/pullover/anthropologie_sweaters_7355680de9c1.jpg,/Users/ashley/Desktop/python/CS156-Machine-Learning/final/data/retail_images/segmented/pullover/anthropologie_sweaters_7355680de9c1_seg.jpg,/Users/ashley/Desktop/python/CS156-Machine-Learning/final/data/retail_images/segmentation_overlays/pullover/anthropologie_sweaters_7355680de9c1_overlay.jpg,Pullover,Upper-clothes,Upper-clothes,0.2033178653021196,47.0,128.0,349.0,380.0,segmented,ok,mattmdjaga/segformer_b2_clothes,crop_masked
/Users/ashley/Desktop/python/CS156-Machine-Learning/final/data/retail_images/raw/pullover/anthropologie_sweaters_7d8c9fd7a611.jpg,/Users/ashley/Desktop/python/CS156-Machine-Learning/final/data/retail_images/segmented/pullover/anthropologie_sweaters_7d8c9fd7a611_seg.jpg,/Users/ashley/Desktop/python/CS156-Machine-Learning/final/data/retail_images/segmentation_overlays/pullover/anthropologie_sweaters_7d8c9fd7a611_overlay.jpg,Pullover,Upper-clothes,Upper-clothes,0.2904118294827614,51.0,85.0,342.0,523.0,segmented,ok,mattmdjaga/segformer_b2_clothes,crop_masked
/Users/ashley/Desktop/python/CS156-Machine-Learning/final/data/retail_images/raw/pullover/anthropologie_sweaters_886d5a26fc04.jpg,/Users/ashley/Desktop/python/CS156-Machine-Learning/final/data/retail_images/segmented/pullover/anthropologie_sweaters_886d5a26fc04_seg.jpg,/Users/ashley/Desktop/python/CS156-Machine-Learning/final/data/retail_images/segmentation_overlays/pullover/anthropologie_sweaters_886d5a26fc04_overlay.jpg,Pullover,Upper-clothes,Upper-clothes,0.3670141951601681,0.0,61.0,349.0,523.0,segmented,ok,mattmdjaga/segformer_b2_clothes,crop_masked
/Users/ashley/Desktop/python/CS156-Machine-Learning/final/data/retail_images/raw/pullover/anthropologie_sweaters_8b006b74e4d0.jpg,/Users/ashley/Desktop/python/CS156-Machine-Learning/final/data/retail_images/segmented/pullover/anthropologie_sweaters_8b006b74e4d0_seg.jpg,/Users/ashley/Desktop/python/CS156-Machine-Learning/final/data/retail_images/segmentation_overlays/pullover/anthropologie_sweaters_8b006b74e4d0_overlay.jpg,Pullover,Upper-clothes,Upper-clothes,0.3998586510488859,0.0,69.0,347.0,523.0,segmented,ok,mattmdjaga/segformer_b2_clothes,crop_masked
/Users/ashley/Desktop/python/CS156-Machine-Learning/final/data/retail_images/raw/pullover/anthropologie_sweaters_95a68d3a1e20.jpg,/Users/ashley/Desktop/python/CS156-Machine-Learning/final/data/retail_images/segmented/pullover/anthropologie_sweaters_95a68d3a1e20_seg.jpg,/Users/ashley/Desktop/python/CS156-Machine-Learning/final/data/retail_images/segmentation_overlays/pullover/anthropologie_sweaters_95a68d3a1e20_overlay.jpg,Pullover,Upper-clothes,Upper-clothes,0.2816733962646622,26.0,102.0,317.0,523.0,segmented,ok,mattmdjaga/segformer_b2_clothes,crop_masked
/Users/ashley/Desktop/python/CS156-Machine-Learning/final/data/retail_images/raw/pullover/anthropologie_sweaters_9974a1be3580.jpg,/Users/ashley/Desktop/python/CS156-Machine-Learning/final/data/retail_images/segmented/pullover/anthropologie_sweaters_9974a1be3580_seg.jpg,/Users/ashley/Desktop/python/CS156-Machine-Learning/final/data/retail_images/segmentation_overlays/pullover/anthropologie_sweaters_9974a1be3580_overlay.jpg,Pullover,Upper-clothes,Upper-clothes,0.4155549589923683,0.0,97.0,349.0,523.0,segmented,ok,mattmdjaga/segformer_b2_clothes,crop_masked
/Users/ashley/Desktop/python/CS156-Machine-Learning/final/data/retail_images/raw/pullover/anthropologie_sweaters_9a31daed3150.jpg,/Users/ashley/Desktop/python/CS156-Machine-Learning/final/data/retail_images/segmented/pullover/anthropologie_sweaters_9a31daed3150_seg.jpg,/Users/ashley/Desktop/python/CS156-Machine-Learning/final/data/retail_images/segmentation_overlays/pullover/anthropologie_sweaters_9a31daed3150_overlay.jpg,Pullover,Upper-clothes,Upper-clothes,0.3513836309148783,0.0,129.0,349.0,491.0,segmented,ok,mattmdjaga/segformer_b2_clothes,crop_masked
/Users/ashley/Desktop/python/CS156-Machine-Learning/final/data/retail_images/raw/pullover/anthropologie_sweaters_a983badf9b1a.jpg,/Users/ashley/Desktop/python/CS156-Machine-Learning/final/data/retail_images/segmented/pullover/anthropologie_sweaters_a983badf9b1a_seg.jpg,/Users/ashley/Desktop/python/CS156-Machine-Learning/final/data/retail_images/segmentation_overlays/pullover/anthropologie_sweaters_a983badf9b1a_overlay.jpg,Pullover,Upper-clothes,Upper-clothes,0.1974557188799465,42.0,102.0,316.0,401.0,segmented,ok,mattmdjaga/segformer_b2_clothes,crop_masked
/Users/ashley/Desktop/python/CS156-Machine-Learning/final/data/retail_images/raw/pullover/anthropologie_sweaters_a9fbf4edcdb1.jpg,/Users/ashley/Desktop/python/CS156-Machine-Learning/final/data/retail_images/segmented/pullover/anthropologie_sweaters_a9fbf4edcdb1_seg.jpg,/Users/ashley/Desktop/python/CS156-Machine-Learning/final/data/retail_images/segmentation_overlays/pullover/anthropologie_sweaters_a9fbf4edcdb1_overlay.jpg,Pullover,Upper-clothes,Upper-clothes,0.3785193423438724,0.0,123.0,349.0,523.0,segmented,ok,mattmdjaga/segformer_b2_clothes,crop_masked
/Users/ashley/Desktop/python/CS156-Machine-Learning/final/data/retail_images/raw/pullover/anthropologie_sweaters_aa3d3dd70bc9.jpg,/Users/ashley/Desktop/python/CS156-Machine-Learning/final/data/retail_images/segmented/pullover/anthropologie_sweaters_aa3d3dd70bc9_seg.jpg,/Users/ashley/Desktop/python/CS156-Machine-Learning/final/data/retail_images/segmentation_overlays/pullover/anthropologie_sweaters_aa3d3dd70bc9_overlay.jpg,Pullover,Upper-clothes,Upper-clothes,0.403288280637933,25.0,120.0,318.0,523.0,segmented,ok,mattmdjaga/segformer_b2_clothes,crop_masked
/Users/ashley/Desktop/python/CS156-Machine-Learning/final/data/retail_images/raw/pullover/anthropologie_sweaters_aa5719ae0674.jpg,/Users/ashley/Desktop/python/CS156-Machine-Learning/final/data/retail_images/segmented/pullover/anthropologie_sweaters_aa5719ae0674_seg.jpg,/Users/ashley/Desktop/python/CS156-Machine-Learning/final/data/retail_images/segmentation_overlays/pullover/anthropologie_sweaters_aa5719ae0674_overlay.jpg,Pullover,Upper-clothes,Upper-clothes,0.3231850630317706,0.0,116.0,342.0,505.0,segmented,ok,mattmdjaga/segformer_b2_clothes,crop_masked
/Users/ashley/Desktop/python/CS156-Machine-Learning/final/data/retail_images/raw/pullover/anthropologie_sweaters_aaaf91e0ae70.jpg,/Users/ashley/Desktop/python/CS156-Machine-Learning/final/data/retail_images/segmented/pullover/anthropologie_sweaters_aaaf91e0ae70_seg.jpg,/Users/ashley/Desktop/python/CS156-Machine-Learning/final/data/retail_images/segmentation_overlays/pullover/anthropologie_sweaters_aaaf91e0ae70_overlay.jpg,Pullover,Upper-clothes,Upper-clothes,0.2375758107019783,3.0,91.0,334.0,459.0,segmented,ok,mattmdjaga/segformer_b2_clothes,crop_masked
/Users/ashley/Desktop/python/CS156-Machine-Learning/final/data/retail_images/raw/pullover/anthropologie_sweaters_ae7fa576fe1a.jpg,/Users/ashley/Desktop/python/CS156-Machine-Learning/final/data/retail_images/segmented/pullover/anthropologie_sweaters_ae7fa576fe1a_seg.jpg,/Users/ashley/Desktop/python/CS156-Machine-Learning/final/data/retail_images/segmentation_overlays/pullover/anthropologie_sweaters_ae7fa576fe1a_overlay.jpg,Pullover,Upper-clothes,Upper-clothes,0.3178433875536222,40.0,71.0,332.0,523.0,segmented,ok,mattmdjaga/segformer_b2_clothes,crop_masked
/Users/ashley/Desktop/python/CS156-Machine-Learning/final/data/retail_images/raw/pullover/anthropologie_sweaters_bc2256c37e2a.jpg,/Users/ashley/Desktop/python/CS156-Machine-Learning/final/data/retail_images/segmented/pullover/anthropologie_sweaters_bc2256c37e2a_seg.jpg,/Users/ashley/Desktop/python/CS156-Machine-Learning/final/data/retail_images/segmentation_overlays/pullover/anthropologie_sweaters_bc2256c37e2a_overlay.jpg,Pullover,Upper-clothes,Upper-clothes,0.473425849326401,14.0,91.0,343.0,523.0,segmented,ok,mattmdjaga/segformer_b2_clothes,crop_masked
/Users/ashley/Desktop/python/CS156-Machine-Learning/final/data/retail_images/raw/pullover/anthropologie_sweaters_c16e577beea4.jpg,/Users/ashley/Desktop/python/CS156-Machine-Learning/final/data/retail_images/segmented/pullover/anthropologie_sweaters_c16e577beea4_seg.jpg,/Users/ashley/Desktop/python/CS156-Machine-Learning/final/data/retail_images/segmentation_overlays/pullover/anthropologie_sweaters_c16e577beea4_overlay.jpg,Pullover,Upper-clothes,Upper-clothes,0.183397524749763,53.0,101.0,288.0,371.0,segmented,ok,mattmdjaga/segformer_b2_clothes,crop_masked
/Users/ashley/Desktop/python/CS156-Machine-Learning/final/data/retail_images/raw/pullover/anthropologie_sweaters_ccbf213c37fd.jpg,/Users/ashley/Desktop/python/CS156-Machine-Learning/final/data/retail_images/segmented/pullover/anthropologie_sweaters_ccbf213c37fd_seg.jpg,/Users/ashley/Desktop/python/CS156-Machine-Learning/final/data/retail_images/segmentation_overlays/pullover/anthropologie_sweaters_ccbf213c37fd_overlay.jpg,Pullover,Upper-clothes,Upper-clothes,0.354774910013313,0.0,64.0,345.0,513.0,segmented,ok,mattmdjaga/segformer_b2_clothes,crop_masked
/Users/ashley/Desktop/python/CS156-Machine-Learning/final/data/retail_images/raw/pullover/anthropologie_sweaters_d824f9951201.jpg,/Users/ashley/Desktop/python/CS156-Machine-Learning/final/data/retail_images/segmented/pullover/anthropologie_sweaters_d824f9951201_seg.jpg,/Users/ashley/Desktop/python/CS156-Machine-Learning/final/data/retail_images/segmentation_overlays/pullover/anthropologie_sweaters_d824f9951201_overlay.jpg,Pullover,Upper-clothes,Upper-clothes,0.5530305105546028,0.0,0.0,349.0,523.0,segmented,ok,mattmdjaga/segformer_b2_clothes,crop_masked
/Users/ashley/Desktop/python/CS156-Machine-Learning/final/data/retail_images/raw/pullover/anthropologie_sweaters_db225846213e.jpg,/Users/ashley/Desktop/python/CS156-Machine-Learning/final/data/retail_images/segmented/pullover/anthropologie_sweaters_db225846213e_seg.jpg,/Users/ashley/Desktop/python/CS156-Machine-Learning/final/data/retail_images/segmentation_overlays/pullover/anthropologie_sweaters_db225846213e_overlay.jpg,Pullover,Upper-clothes,Upper-clothes,0.4509031540539208,0.0,82.0,349.0,523.0,segmented,ok,mattmdjaga/segformer_b2_clothes,crop_masked
/Users/ashley/Desktop/python/CS156-Machine-Learning/final/data/retail_images/raw/pullover/anthropologie_sweaters_dc52bf4044df.jpg,/Users/ashley/Desktop/python/CS156-Machine-Learning/final/data/retail_images/segmented/pullover/anthropologie_sweaters_dc52bf4044df_seg.jpg,/Users/ashley/Desktop/python/CS156-Machine-Learning/final/data/retail_images/segmentation_overlays/pullover/anthropologie_sweaters_dc52bf4044df_overlay.jpg,Pullover,Upper-clothes,Upper-clothes,0.3680715729727656,5.0,108.0,340.0,519.0,segmented,ok,mattmdjaga/segformer_b2_clothes,crop_masked
/Users/ashley/Desktop/python/CS156-Machine-Learning/final/data/retail_images/raw/pullover/anthropologie_sweaters_deaa20b1fb08.jpg,/Users/ashley/Desktop/python/CS156-Machine-Learning/final/data/retail_images/segmented/pullover/anthropologie_sweaters_deaa20b1fb08_seg.jpg,/Users/ashley/Desktop/python/CS156-Machine-Learning/final/data/retail_images/segmentation_overlays/pullover/anthropologie_sweaters_deaa20b1fb08_overlay.jpg,Pullover,Upper-clothes,Upper-clothes,0.3935746492299769,0.0,108.0,349.0,502.0,segmented,ok,mattmdjaga/segformer_b2_clothes,crop_masked
/Users/ashley/Desktop/python/CS156-Machine-Learning/final/data/retail_images/raw/pullover/anthropologie_sweaters_e2bbfb111624.jpg,/Users/ashley/Desktop/python/CS156-Machine-Learning/final/data/retail_images/segmented/pullover/anthropologie_sweaters_e2bbfb111624_seg.jpg,/Users/ashley/Desktop/python/CS156-Machine-Learning/final/data/retail_images/segmentation_overlays/pullover/anthropologie_sweaters_e2bbfb111624_overlay.jpg,Pullover,Upper-clothes,Upper-clothes,0.4121198507618051,37.0,60.0,302.0,523.0,segmented,ok,mattmdjaga/segformer_b2_clothes,crop_masked
/Users/ashley/Desktop/python/CS156-Machine-Learning/final/data/retail_images/raw/pullover/anthropologie_sweaters_e3f04f212179.jpg,/Users/ashley/Desktop/python/CS156-Machine-Learning/final/data/retail_images/segmented/pullover/anthropologie_sweaters_e3f04f212179_seg.jpg,/Users/ashley/Desktop/python/CS156-Machine-Learning/final/data/retail_images/segmentation_overlays/pullover/anthropologie_sweaters_e3f04f212179_overlay.jpg,Pullover,Upper-clothes,Upper-clothes,0.2990899976441841,34.0,97.0,315.0,523.0,segmented,ok,mattmdjaga/segformer_b2_clothes,crop_masked
/Users/ashley/Desktop/python/CS156-Machine-Learning/final/data/retail_images/raw/pullover/anthropologie_sweaters_e51d0ec04069.jpg,/Users/ashley/Desktop/python/CS156-Machine-Learning/final/data/retail_images/segmented/pullover/anthropologie_sweaters_e51d0ec04069_seg.jpg,/Users/ashley/Desktop/python/CS156-Machine-Learning/final/data/retail_images/segmentation_overlays/pullover/anthropologie_sweaters_e51d0ec04069_overlay.jpg,Pullover,Upper-clothes,Upper-clothes,0.2858974288735365,6.0,126.0,349.0,500.0,segmented,ok,mattmdjaga/segformer_b2_clothes,crop_masked
/Users/ashley/Desktop/python/CS156-Machine-Learning/final/data/retail_images/raw/pullover/anthropologie_sweaters_eb27e9394a9a.jpg,/Users/ashley/Desktop/python/CS156-Machine-Learning/final/data/retail_images/segmented/pullover/anthropologie_sweaters_eb27e9394a9a_seg.jpg,/Users/ashley/Desktop/python/CS156-Machine-Learning/final/data/retail_images/segmentation_overlays/pullover/anthropologie_sweaters_eb27e9394a9a_overlay.jpg,Pullover,Upper-clothes,Upper-clothes,0.0726139146537224,48.0,55.0,251.0,209.0,fallback_copy,validation_too_small:203x154_fallback_copy,mattmdjaga/segformer_b2_clothes,copy
/Users/ashley/Desktop/python/CS156-Machine-Learning/final/data/retail_images/raw/pullover/anthropologie_sweaters_ecc450f2b752.jpg,/Users/ashley/Desktop/python/CS156-Machine-Learning/final/data/retail_images/segmented/pullover/anthropologie_sweaters_ecc450f2b752_seg.jpg,/Users/ashley/Desktop/python/CS156-Machine-Learning/final/data/retail_images/segmentation_overlays/pullover/anthropologie_sweaters_ecc450f2b752_overlay.jpg,Pullover,Upper-clothes,Upper-clothes,0.3512083143863647,17.0,71.0,308.0,462.0,segmented,ok,mattmdjaga/segformer_b2_clothes,crop_masked
/Users/ashley/Desktop/python/CS156-Machine-Learning/final/data/retail_images/raw/pullover/princess_polly_sweaters_0c9792ba1cbb.jpg,/Users/ashley/Desktop/python/CS156-Machine-Learning/final/data/retail_images/segmented/pullover/princess_polly_sweaters_0c9792ba1cbb_seg.jpg,/Users/ashley/Desktop/python/CS156-Machine-Learning/final/data/retail_images/segmentation_overlays/pullover/princess_polly_sweaters_0c9792ba1cbb_overlay.jpg,Pullover,Upper-clothes,Upper-clothes,0.206680828465215,208.0,370.0,1141.0,1561.0,segmented,ok,mattmdjaga/segformer_b2_clothes,crop_masked
/Users/ashley/Desktop/python/CS156-Machine-Learning/final/data/retail_images/raw/pullover/princess_polly_sweaters_0cde4374ddf8.jpg,/Users/ashley/Desktop/python/CS156-Machine-Learning/final/data/retail_images/segmented/pullover/princess_polly_sweaters_0cde4374ddf8_seg.jpg,/Users/ashley/Desktop/python/CS156-Machine-Learning/final/data/retail_images/segmentation_overlays/pullover/princess_polly_sweaters_0cde4374ddf8_overlay.jpg,Pullover,Upper-clothes,Upper-clothes,0.1791956268488704,145.0,455.0,1344.0,1441.0,segmented,ok,mattmdjaga/segformer_b2_clothes,crop_masked
/Users/ashley/Desktop/python/CS156-Machine-Learning/final/data/retail_images/raw/pullover/princess_polly_sweaters_185c5552d7cb.jpg,/Users/ashley/Desktop/python/CS156-Machine-Learning/final/data/retail_images/segmented/pullover/princess_polly_sweaters_185c5552d7cb_seg.jpg,/Users/ashley/Desktop/python/CS156-Machine-Learning/final/data/retail_images/segmentation_overlays/pullover/princess_polly_sweaters_185c5552d7cb_overlay.jpg,Pullover,Upper-clothes,Upper-clothes,0.2134615384615384,197.0,326.0,1196.0,1499.0,segmented,ok,mattmdjaga/segformer_b2_clothes,crop_masked
/Users/ashley/Desktop/python/CS156-Machine-Learning/final/data/retail_images/raw/pullover/princess_polly_sweaters_23cdb7048350.jpg,/Users/ashley/Desktop/python/CS156-Machine-Learning/final/data/retail_images/segmented/pullover/princess_polly_sweaters_23cdb7048350_seg.jpg,/Users/ashley/Desktop/python/CS156-Machine-Learning/final/data/retail_images/segmentation_overlays/pullover/princess_polly_sweaters_23cdb7048350_overlay.jpg,Pullover,Upper-clothes,Upper-clothes,0.1253286891679748,189.0,266.0,1119.0,1747.0,segmented,ok,mattmdjaga/segformer_b2_clothes,crop_masked
/Users/ashley/Desktop/python/CS156-Machine-Learning/final/data/retail_images/raw/pullover/princess_polly_sweaters_3658f773ac47.jpg,/Users/ashley/Desktop/python/CS156-Machine-Learning/final/data/retail_images/segmented/pullover/princess_polly_sweaters_3658f773ac47_seg.jpg,/Users/ashley/Desktop/python/CS156-Machine-Learning/final/data/retail_images/segmentation_overlays/pullover/princess_polly_sweaters_3658f773ac47_overlay.jpg,Pullover,Upper-clothes,Upper-clothes,0.3203435701203558,68.0,283.0,1266.0,1630.0,segmented,ok,mattmdjaga/segformer_b2_clothes,crop_masked
/Users/ashley/Desktop/python/CS156-Machine-Learning/final/data/retail_images/raw/pullover/princess_polly_sweaters_42da6d7bc1d2.jpg,/Users/ashley/Desktop/python/CS156-Machine-Learning/final/data/retail_images/segmented/pullover/princess_polly_sweaters_42da6d7bc1d2_seg.jpg,/Users/ashley/Desktop/python/CS156-Machine-Learning/final/data/retail_images/segmentation_overlays/pullover/princess_polly_sweaters_42da6d7bc1d2_overlay.jpg,Pullover,Upper-clothes,Upper-clothes,0.2522513572736787,0.0,487.0,1344.0,1487.0,segmented,ok,mattmdjaga/segformer_b2_clothes,crop_masked
/Users/ashley/Desktop/python/CS156-Machine-Learning/final/data/retail_images/raw/pullover/princess_polly_sweaters_48c8bc4a87f6.jpg,/Users/ashley/Desktop/python/CS156-Machine-Learning/final/data/retail_images/segmented/pullover/princess_polly_sweaters_48c8bc4a87f6_seg.jpg,/Users/ashley/Desktop/python/CS156-Machine-Learning/final/data/retail_images/segmentation_overlays/pullover/princess_polly_sweaters_48c8bc4a87f6_overlay.jpg,Pullover,Upper-clothes,Upper-clothes,0.1799434196755625,0.0,539.0,1344.0,1498.0,segmented,ok,mattmdjaga/segformer_b2_clothes,crop_masked
/Users/ashley/Desktop/python/CS156-Machine-Learning/final/data/retail_images/raw/pullover/princess_polly_sweaters_4f260925543d.jpg,/Users/ashley/Desktop/python/CS156-Machine-Learning/final/data/retail_images/segmented/pullover/princess_polly_sweaters_4f260925543d_seg.jpg,/Users/ashley/Desktop/python/CS156-Machine-Learning/final/data/retail_images/segmentation_overlays/pullover/princess_polly_sweaters_4f260925543d_overlay.jpg,Pullover,Upper-clothes,Upper-clothes,0.2653188447240492,0.0,447.0,1345.0,1648.0,segmented,ok,mattmdjaga/segformer_b2_clothes,crop_masked
/Users/ashley/Desktop/python/CS156-Machine-Learning/final/data/retail_images/raw/pullover/princess_polly_sweaters_56962178e6b0.jpg,/Users/ashley/Desktop/python/CS156-Machine-Learning/final/data/retail_images/segmented/pullover/princess_polly_sweaters_56962178e6b0_seg.jpg,/Users/ashley/Desktop/python/CS156-Machine-Learning/final/data/retail_images/segmentation_overlays/pullover/princess_polly_sweaters_56962178e6b0_overlay.jpg,Pullover,Upper-clothes,Upper-clothes,0.4193820532575642,62.0,387.0,1299.0,1806.0,segmented,ok,mattmdjaga/segformer_b2_clothes,crop_masked
/Users/ashley/Desktop/python/CS156-Machine-Learning/final/data/retail_images/raw/pullover/princess_polly_sweaters_57d981d8d2d4.jpg,/Users/ashley/Desktop/python/CS156-Machine-Learning/final/data/retail_images/segmented/pullover/princess_polly_sweaters_57d981d8d2d4_seg.jpg,/Users/ashley/Desktop/python/CS156-Machine-Learning/final/data/retail_images/segmentation_overlays/pullover/princess_polly_sweaters_57d981d8d2d4_overlay.jpg,Pullover,Upper-clothes,Upper-clothes,0.2843016463090813,0.0,412.0,1345.0,1820.0,segmented,ok,mattmdjaga/segformer_b2_clothes,crop_masked
/Users/ashley/Desktop/python/CS156-Machine-Learning/final/data/retail_images/raw/pullover/princess_polly_sweaters_607d2e154d88.jpg,/Users/ashley/Desktop/python/CS156-Machine-Learning/final/data/retail_images/segmented/pullover/princess_polly_sweaters_607d2e154d88_seg.jpg,/Users/ashley/Desktop/python/CS156-Machine-Learning/final/data/retail_images/segmentation_overlays/pullover/princess_polly_sweaters_607d2e154d88_overlay.jpg,Pullover,Upper-clothes,Upper-clothes,0.1761455062794348,23.0,441.0,1260.0,1504.0,segmented,ok,mattmdjaga/segformer_b2_clothes,crop_masked
/Users/ashley/Desktop/python/CS156-Machine-Learning/final/data/retail_images/raw/pullover/princess_polly_sweaters_645d5f330caa.jpg,/Users/ashley/Desktop/python/CS156-Machine-Learning/final/data/retail_images/segmented/pullover/princess_polly_sweaters_645d5f330caa_seg.jpg,/Users/ashley/Desktop/python/CS156-Machine-Learning/final/data/retail_images/segmentation_overlays/pullover/princess_polly_sweaters_645d5f330caa_overlay.jpg,Pullover,Upper-clothes,Upper-clothes,0.2062843406593406,52.0,520.0,1221.0,1696.0,segmented,ok,mattmdjaga/segformer_b2_clothes,crop_masked
/Users/ashley/Desktop/python/CS156-Machine-Learning/final/data/retail_images/raw/pullover/princess_polly_sweaters_66867208a198.jpg,/Users/ashley/Desktop/python/CS156-Machine-Learning/final/data/retail_images/segmented/pullover/princess_polly_sweaters_66867208a198_seg.jpg,/Users/ashley/Desktop/python/CS156-Machine-Learning/final/data/retail_images/segmentation_overlays/pullover/princess_polly_sweaters_66867208a198_overlay.jpg,Pullover,Upper-clothes,Upper-clothes,0.4704384157509158,0.0,3.0,1344.0,1612.0,segmented,ok,mattmdjaga/segformer_b2_clothes,crop_masked
/Users/ashley/Desktop/python/CS156-Machine-Learning/final/data/retail_images/raw/pullover/princess_polly_sweaters_684ffdfbd94e.jpg,/Users/ashley/Desktop/python/CS156-Machine-Learning/final/data/retail_images/segmented/pullover/princess_polly_sweaters_684ffdfbd94e_seg.jpg,/Users/ashley/Desktop/python/CS156-Machine-Learning/final/data/retail_images/segmentation_overlays/pullover/princess_polly_sweaters_684ffdfbd94e_overlay.jpg,Pullover,Upper-clothes,Upper-clothes,0.2166703460230246,213.0,508.0,1180.0,1743.0,segmented,ok,mattmdjaga/segformer_b2_clothes,crop_masked
/Users/ashley/Desktop/python/CS156-Machine-Learning/final/data/retail_images/raw/pullover/princess_polly_sweaters_69b19fa2a506.jpg,/Users/ashley/Desktop/python/CS156-Machine-Learning/final/data/retail_images/segmented/pullover/princess_polly_sweaters_69b19fa2a506_seg.jpg,/Users/ashley/Desktop/python/CS156-Machine-Learning/final/data/retail_images/segmentation_overlays/pullover/princess_polly_sweaters_69b19fa2a506_overlay.jpg,Pullover,Upper-clothes,Upper-clothes,0.1354916459005678,275.0,159.0,1171.0,982.0,segmented,ok,mattmdjaga/segformer_b2_clothes,crop_masked
/Users/ashley/Desktop/python/CS156-Machine-Learning/final/data/retail_images/raw/pullover/princess_polly_sweaters_6c5942cc6b70.jpg,/Users/ashley/Desktop/python/CS156-Machine-Learning/final/data/retail_images/segmented/pullover/princess_polly_sweaters_6c5942cc6b70_seg.jpg,/Users/ashley/Desktop/python/CS156-Machine-Learning/final/data/retail_images/segmentation_overlays/pullover/princess_polly_sweaters_6c5942cc6b70_overlay.jpg,Pullover,Upper-clothes,Upper-clothes,0.3566232280730422,0.0,79.0,1309.0,1820.0,segmented,ok,mattmdjaga/segformer_b2_clothes,crop_masked
/Users/ashley/Desktop/python/CS156-Machine-Learning/final/data/retail_images/raw/pullover/princess_polly_sweaters_71ea450245e9.jpg,/Users/ashley/Desktop/python/CS156-Machine-Learning/final/data/retail_images/segmented/pullover/princess_polly_sweaters_71ea450245e9_seg.jpg,/Users/ashley/Desktop/python/CS156-Machine-Learning/final/data/retail_images/segmentation_overlays/pullover/princess_polly_sweaters_71ea450245e9_overlay.jpg,Pullover,Upper-clothes,Upper-clothes,0.2757792059131345,156.0,64.0,1344.0,1237.0,segmented,ok,mattmdjaga/segformer_b2_clothes,crop_masked
/Users/ashley/Desktop/python/CS156-Machine-Learning/final/data/retail_images/raw/pullover/princess_polly_sweaters_72fa5e801b08.jpg,/Users/ashley/Desktop/python/CS156-Machine-Learning/final/data/retail_images/segmented/pullover/princess_polly_sweaters_72fa5e801b08_seg.jpg,/Users/ashley/Desktop/python/CS156-Machine-Learning/final/data/retail_images/segmentation_overlays/pullover/princess_polly_sweaters_72fa5e801b08_overlay.jpg,Pullover,Upper-clothes,Upper-clothes,0.2782699456677152,0.0,450.0,1345.0,1496.0,segmented,ok,mattmdjaga/segformer_b2_clothes,crop_masked
/Users/ashley/Desktop/python/CS156-Machine-Learning/final/data/retail_images/raw/pullover/princess_polly_sweaters_7e6452a0f643.jpg,/Users/ashley/Desktop/python/CS156-Machine-Learning/final/data/retail_images/segmented/pullover/princess_polly_sweaters_7e6452a0f643_seg.jpg,/Users/ashley/Desktop/python/CS156-Machine-Learning/final/data/retail_images/segmentation_overlays/pullover/princess_polly_sweaters_7e6452a0f643_overlay.jpg,Pullover,Upper-clothes,Upper-clothes,0.1439687172946101,0.0,496.0,1312.0,1424.0,segmented,ok,mattmdjaga/segformer_b2_clothes,crop_masked
/Users/ashley/Desktop/python/CS156-Machine-Learning/final/data/retail_images/raw/pullover/princess_polly_sweaters_852ad5878eb2.jpg,/Users/ashley/Desktop/python/CS156-Machine-Learning/final/data/retail_images/segmented/pullover/princess_polly_sweaters_852ad5878eb2_seg.jpg,/Users/ashley/Desktop/python/CS156-Machine-Learning/final/data/retail_images/segmentation_overlays/pullover/princess_polly_sweaters_852ad5878eb2_overlay.jpg,Pullover,Upper-clothes,Upper-clothes,0.1109501733385662,293.0,460.0,1234.0,1333.0,segmented,ok,mattmdjaga/segformer_b2_clothes,crop_masked
/Users/ashley/Desktop/python/CS156-Machine-Learning/final/data/retail_images/raw/pullover/princess_polly_sweaters_89d9636266ba.jpg,/Users/ashley/Desktop/python/CS156-Machine-Learning/final/data/retail_images/segmented/pullover/princess_polly_sweaters_89d9636266ba_seg.jpg,/Users/ashley/Desktop/python/CS156-Machine-Learning/final/data/retail_images/segmentation_overlays/pullover/princess_polly_sweaters_89d9636266ba_overlay.jpg,Pullover,Upper-clothes,Upper-clothes,0.1317901058049757,304.0,210.0,1031.0,1369.0,segmented,ok,mattmdjaga/segformer_b2_clothes,crop_masked
/Users/ashley/Desktop/python/CS156-Machine-Learning/final/data/retail_images/raw/pullover/princess_polly_sweaters_9d1a6d05a60f.jpg,/Users/ashley/Desktop/python/CS156-Machine-Learning/final/data/retail_images/segmented/pullover/princess_polly_sweaters_9d1a6d05a60f_seg.jpg,/Users/ashley/Desktop/python/CS156-Machine-Learning/final/data/retail_images/segmentation_overlays/pullover/princess_polly_sweaters_9d1a6d05a60f_overlay.jpg,Pullover,Upper-clothes,Upper-clothes,0.3671973116169544,59.0,264.0,1344.0,1820.0,segmented,ok,mattmdjaga/segformer_b2_clothes,crop_masked
/Users/ashley/Desktop/python/CS156-Machine-Learning/final/data/retail_images/raw/pullover/princess_polly_sweaters_a503dcd57564.jpg,/Users/ashley/Desktop/python/CS156-Machine-Learning/final/data/retail_images/segmented/pullover/princess_polly_sweaters_a503dcd57564_seg.jpg,/Users/ashley/Desktop/python/CS156-Machine-Learning/final/data/retail_images/segmentation_overlays/pullover/princess_polly_sweaters_a503dcd57564_overlay.jpg,Pullover,Upper-clothes,Upper-clothes,0.4559312063401283,128.0,130.0,1345.0,1820.0,segmented,ok,mattmdjaga/segformer_b2_clothes,crop_masked
/Users/ashley/Desktop/python/CS156-Machine-Learning/final/data/retail_images/raw/pullover/princess_polly_sweaters_a571df3066f1.jpg,/Users/ashley/Desktop/python/CS156-Machine-Learning/final/data/retail_images/segmented/pullover/princess_polly_sweaters_a571df3066f1_seg.jpg,/Users/ashley/Desktop/python/CS156-Machine-Learning/final/data/retail_images/segmentation_overlays/pullover/princess_polly_sweaters_a571df3066f1_overlay.jpg,Pullover,Upper-clothes,Upper-clothes,0.381941255770252,32.0,272.0,1298.0,1749.0,segmented,ok,mattmdjaga/segformer_b2_clothes,crop_masked
/Users/ashley/Desktop/python/CS156-Machine-Learning/final/data/retail_images/raw/pullover/princess_polly_sweaters_b0189f669ce3.jpg,/Users/ashley/Desktop/python/CS156-Machine-Learning/final/data/retail_images/segmented/pullover/princess_polly_sweaters_b0189f669ce3_seg.jpg,/Users/ashley/Desktop/python/CS156-Machine-Learning/final/data/retail_images/segmentation_overlays/pullover/princess_polly_sweaters_b0189f669ce3_overlay.jpg,Pullover,Upper-clothes,Upper-clothes,0.1875591323174966,135.0,432.0,1198.0,1464.0,segmented,ok,mattmdjaga/segformer_b2_clothes,crop_masked
/Users/ashley/Desktop/python/CS156-Machine-Learning/final/data/retail_images/raw/pullover/princess_polly_sweaters_bbe6c20ecec5.jpg,/Users/ashley/Desktop/python/CS156-Machine-Learning/final/data/retail_images/segmented/pullover/princess_polly_sweaters_bbe6c20ecec5_seg.jpg,/Users/ashley/Desktop/python/CS156-Machine-Learning/final/data/retail_images/segmentation_overlays/pullover/princess_polly_sweaters_bbe6c20ecec5_overlay.jpg,Pullover,Upper-clothes,Upper-clothes,0.2034345277830515,171.0,427.0,1195.0,1548.0,segmented,ok,mattmdjaga/segformer_b2_clothes,crop_masked
/Users/ashley/Desktop/python/CS156-Machine-Learning/final/data/retail_images/raw/pullover/princess_polly_sweaters_c0f2ef625e8e.jpg,/Users/ashley/Desktop/python/CS156-Machine-Learning/final/data/retail_images/segmented/pullover/princess_polly_sweaters_c0f2ef625e8e_seg.jpg,/Users/ashley/Desktop/python/CS156-Machine-Learning/final/data/retail_images/segmentation_overlays/pullover/princess_polly_sweaters_c0f2ef625e8e_overlay.jpg,Pullover,Upper-clothes,Upper-clothes,0.1861047063055991,142.0,359.0,1344.0,1306.0,segmented,ok,mattmdjaga/segformer_b2_clothes,crop_masked
/Users/ashley/Desktop/python/CS156-Machine-Learning/final/data/retail_images/raw/pullover/princess_polly_sweaters_c67f46785e46.jpg,/Users/ashley/Desktop/python/CS156-Machine-Learning/final/data/retail_images/segmented/pullover/princess_polly_sweaters_c67f46785e46_seg.jpg,/Users/ashley/Desktop/python/CS156-Machine-Learning/final/data/retail_images/segmentation_overlays/pullover/princess_polly_sweaters_c67f46785e46_overlay.jpg,Pullover,Upper-clothes,Upper-clothes,0.1900685995552067,140.0,482.0,1226.0,1465.0,segmented,ok,mattmdjaga/segformer_b2_clothes,crop_masked
/Users/ashley/Desktop/python/CS156-Machine-Learning/final/data/retail_images/raw/pullover/princess_polly_sweaters_c6b4d84715de.jpg,/Users/ashley/Desktop/python/CS156-Machine-Learning/final/data/retail_images/segmented/pullover/princess_polly_sweaters_c6b4d84715de_seg.jpg,/Users/ashley/Desktop/python/CS156-Machine-Learning/final/data/retail_images/segmentation_overlays/pullover/princess_polly_sweaters_c6b4d84715de_overlay.jpg,Pullover,Upper-clothes,Upper-clothes,0.2105781495290423,108.0,377.0,1146.0,1532.0,segmented,ok,mattmdjaga/segformer_b2_clothes,crop_masked
/Users/ashley/Desktop/python/CS156-Machine-Learning/final/data/retail_images/raw/pullover/princess_polly_sweaters_c7b10781dedf.jpg,/Users/ashley/Desktop/python/CS156-Machine-Learning/final/data/retail_images/segmented/pullover/princess_polly_sweaters_c7b10781dedf_seg.jpg,/Users/ashley/Desktop/python/CS156-Machine-Learning/final/data/retail_images/segmentation_overlays/pullover/princess_polly_sweaters_c7b10781dedf_overlay.jpg,Pullover,Upper-clothes,Upper-clothes,0.2816672704584792,0.0,623.0,1205.0,1820.0,segmented,ok,mattmdjaga/segformer_b2_clothes,crop_masked
/Users/ashley/Desktop/python/CS156-Machine-Learning/final/data/retail_images/raw/pullover/princess_polly_sweaters_c90624ff69c1.jpg,/Users/ashley/Desktop/python/CS156-Machine-Learning/final/data/retail_images/segmented/pullover/princess_polly_sweaters_c90624ff69c1_seg.jpg,/Users/ashley/Desktop/python/CS156-Machine-Learning/final/data/retail_images/segmentation_overlays/pullover/princess_polly_sweaters_c90624ff69c1_overlay.jpg,Pullover,Upper-clothes,Upper-clothes,0.5460017660910518,90.0,0.0,1344.0,1820.0,segmented,ok,mattmdjaga/segformer_b2_clothes,crop_masked
/Users/ashley/Desktop/python/CS156-Machine-Learning/final/data/retail_images/raw/pullover/princess_polly_sweaters_cfa5d0ea0d16.jpg,/Users/ashley/Desktop/python/CS156-Machine-Learning/final/data/retail_images/segmented/pullover/princess_polly_sweaters_cfa5d0ea0d16_seg.jpg,/Users/ashley/Desktop/python/CS156-Machine-Learning/final/data/retail_images/segmentation_overlays/pullover/princess_polly_sweaters_cfa5d0ea0d16_overlay.jpg,Pullover,Upper-clothes,Upper-clothes,0.222773806119531,180.0,0.0,1193.0,1692.0,segmented,ok,mattmdjaga/segformer_b2_clothes,crop_masked
/Users/ashley/Desktop/python/CS156-Machine-Learning/final/data/retail_images/raw/pullover/princess_polly_sweaters_d04600d5482e.jpg,/Users/ashley/Desktop/python/CS156-Machine-Learning/final/data/retail_images/segmented/pullover/princess_polly_sweaters_d04600d5482e_seg.jpg,/Users/ashley/Desktop/python/CS156-Machine-Learning/final/data/retail_images/segmentation_overlays/pullover/princess_polly_sweaters_d04600d5482e_overlay.jpg,Pullover,Upper-clothes,Upper-clothes,0.2823664802459445,37.0,373.0,1293.0,1557.0,segmented,ok,mattmdjaga/segformer_b2_clothes,crop_masked
/Users/ashley/Desktop/python/CS156-Machine-Learning/final/data/retail_images/raw/pullover/princess_polly_sweaters_d5faa8bab27b.jpg,/Users/ashley/Desktop/python/CS156-Machine-Learning/final/data/retail_images/segmented/pullover/princess_polly_sweaters_d5faa8bab27b_seg.jpg,/Users/ashley/Desktop/python/CS156-Machine-Learning/final/data/retail_images/segmentation_overlays/pullover/princess_polly_sweaters_d5faa8bab27b_overlay.jpg,Pullover,Upper-clothes,Upper-clothes,0.3198500755749826,6.0,98.0,1215.0,1820.0,segmented,ok,mattmdjaga/segformer_b2_clothes,crop_masked
/Users/ashley/Desktop/python/CS156-Machine-Learning/final/data/retail_images/raw/pullover/princess_polly_sweaters_d9a9acb572d4.jpg,/Users/ashley/Desktop/python/CS156-Machine-Learning/final/data/retail_images/segmented/pullover/princess_polly_sweaters_d9a9acb572d4_seg.jpg,/Users/ashley/Desktop/python/CS156-Machine-Learning/final/data/retail_images/segmentation_overlays/pullover/princess_polly_sweaters_d9a9acb572d4_overlay.jpg,Pullover,Upper-clothes,Upper-clothes,0.1138699470172684,369.0,191.0,1013.0,1494.0,segmented,ok,mattmdjaga/segformer_b2_clothes,crop_masked
/Users/ashley/Desktop/python/CS156-Machine-Learning/final/data/retail_images/raw/pullover/princess_polly_sweaters_d9e33676d074.jpg,/Users/ashley/Desktop/python/CS156-Machine-Learning/final/data/retail_images/segmented/pullover/princess_polly_sweaters_d9e33676d074_seg.jpg,/Users/ashley/Desktop/python/CS156-Machine-Learning/final/data/retail_images/segmentation_overlays/pullover/princess_polly_sweaters_d9e33676d074_overlay.jpg,Pullover,Upper-clothes,Upper-clothes,0.2312463744434004,13.0,266.0,1345.0,1701.0,segmented,ok,mattmdjaga/segformer_b2_clothes,crop_masked
/Users/ashley/Desktop/python/CS156-Machine-Learning/final/data/retail_images/raw/pullover/princess_polly_sweaters_da58a62ce67c.jpg,/Users/ashley/Desktop/python/CS156-Machine-Learning/final/data/retail_images/segmented/pullover/princess_polly_sweaters_da58a62ce67c_seg.jpg,/Users/ashley/Desktop/python/CS156-Machine-Learning/final/data/retail_images/segmentation_overlays/pullover/princess_polly_sweaters_da58a62ce67c_overlay.jpg,Pullover,Upper-clothes,Upper-clothes,0.1934278519099947,161.0,450.0,1344.0,1407.0,segmented,ok,mattmdjaga/segformer_b2_clothes,crop_masked
/Users/ashley/Desktop/python/CS156-Machine-Learning/final/data/retail_images/raw/pullover/princess_polly_sweaters_df7c3908c449.jpg,/Users/ashley/Desktop/python/CS156-Machine-Learning/final/data/retail_images/segmented/pullover/princess_polly_sweaters_df7c3908c449_seg.jpg,/Users/ashley/Desktop/python/CS156-Machine-Learning/final/data/retail_images/segmentation_overlays/pullover/princess_polly_sweaters_df7c3908c449_overlay.jpg,Pullover,Upper-clothes,Upper-clothes,0.3185559050614813,0.0,434.0,1345.0,1820.0,segmented,ok,mattmdjaga/segformer_b2_clothes,crop_masked
/Users/ashley/Desktop/python/CS156-Machine-Learning/final/data/retail_images/raw/pullover/princess_polly_sweaters_e08480ed9bd4.jpg,/Users/ashley/Desktop/python/CS156-Machine-Learning/final/data/retail_images/segmented/pullover/princess_polly_sweaters_e08480ed9bd4_seg.jpg,/Users/ashley/Desktop/python/CS156-Machine-Learning/final/data/retail_images/segmentation_overlays/pullover/princess_polly_sweaters_e08480ed9bd4_overlay.jpg,Pullover,Upper-clothes,Upper-clothes,0.1669479962416765,208.0,312.0,1049.0,1410.0,segmented,ok,mattmdjaga/segformer_b2_clothes,crop_masked
/Users/ashley/Desktop/python/CS156-Machine-Learning/final/data/retail_images/raw/pullover/princess_polly_sweaters_f26c6ff6e69b.jpg,/Users/ashley/Desktop/python/CS156-Machine-Learning/final/data/retail_images/segmented/pullover/princess_polly_sweaters_f26c6ff6e69b_seg.jpg,/Users/ashley/Desktop/python/CS156-Machine-Learning/final/data/retail_images/segmentation_overlays/pullover/princess_polly_sweaters_f26c6ff6e69b_overlay.jpg,Pullover,Upper-clothes,Upper-clothes,0.3878606933427577,109.0,42.0,1344.0,1763.0,segmented,ok,mattmdjaga/segformer_b2_clothes,crop_masked
/Users/ashley/Desktop/python/CS156-Machine-Learning/final/data/retail_images/raw/pullover/princess_polly_sweaters_f7d230314216.jpg,/Users/ashley/Desktop/python/CS156-Machine-Learning/final/data/retail_images/segmented/pullover/princess_polly_sweaters_f7d230314216_seg.jpg,/Users/ashley/Desktop/python/CS156-Machine-Learning/final/data/retail_images/segmentation_overlays/pullover/princess_polly_sweaters_f7d230314216_overlay.jpg,Pullover,Upper-clothes,Upper-clothes,0.2685898116753135,140.0,397.0,1311.0,1754.0,segmented,ok,mattmdjaga/segformer_b2_clothes,crop_masked
/Users/ashley/Desktop/python/CS156-Machine-Learning/final/data/retail_images/raw/pullover/reformation_sweaters_074426fd9698.jpg,/Users/ashley/Desktop/python/CS156-Machine-Learning/final/data/retail_images/segmented/pullover/reformation_sweaters_074426fd9698_seg.jpg,/Users/ashley/Desktop/python/CS156-Machine-Learning/final/data/retail_images/segmentation_overlays/pullover/reformation_sweaters_074426fd9698_overlay.jpg,Pullover,Upper-clothes,Upper-clothes,0.0858291666666666,176.0,113.0,434.0,476.0,segmented,ok,mattmdjaga/segformer_b2_clothes,crop_masked
/Users/ashley/Desktop/python/CS156-Machine-Learning/final/data/retail_images/raw/pullover/reformation_sweaters_0a4d6ee26d0f.jpg,/Users/ashley/Desktop/python/CS156-Machine-Learning/final/data/retail_images/segmented/pullover/reformation_sweaters_0a4d6ee26d0f_seg.jpg,/Users/ashley/Desktop/python/CS156-Machine-Learning/final/data/retail_images/segmentation_overlays/pullover/reformation_sweaters_0a4d6ee26d0f_overlay.jpg,Pullover,Upper-clothes,Upper-clothes,0.2252458333333333,46.0,158.0,541.0,753.0,segmented,ok,mattmdjaga/segformer_b2_clothes,crop_masked
/Users/ashley/Desktop/python/CS156-Machine-Learning/final/data/retail_images/raw/pullover/reformation_sweaters_0ed0156c9d52.jpg,/Users/ashley/Desktop/python/CS156-Machine-Learning/final/data/retail_images/segmented/pullover/reformation_sweaters_0ed0156c9d52_seg.jpg,/Users/ashley/Desktop/python/CS156-Machine-Learning/final/data/retail_images/segmentation_overlays/pullover/reformation_sweaters_0ed0156c9d52_overlay.jpg,Pullover,Upper-clothes,Upper-clothes,0.26331875,90.0,134.0,600.0,671.0,segmented,ok,mattmdjaga/segformer_b2_clothes,crop_masked
/Users/ashley/Desktop/python/CS156-Machine-Learning/final/data/retail_images/raw/pullover/reformation_sweaters_15a8d5a40b93.jpg,/Users/ashley/Desktop/python/CS156-Machine-Learning/final/data/retail_images/segmented/pullover/reformation_sweaters_15a8d5a40b93_seg.jpg,/Users/ashley/Desktop/python/CS156-Machine-Learning/final/data/retail_images/segmentation_overlays/pullover/reformation_sweaters_15a8d5a40b93_overlay.jpg,Pullover,Upper-clothes,Upper-clothes,0.3985666666666667,0.0,0.0,600.0,652.0,segmented,ok,mattmdjaga/segformer_b2_clothes,crop_masked
/Users/ashley/Desktop/python/CS156-Machine-Learning/final/data/retail_images/raw/pullover/reformation_sweaters_1676b6210042.jpg,/Users/ashley/Desktop/python/CS156-Machine-Learning/final/data/retail_images/segmented/pullover/reformation_sweaters_1676b6210042_seg.jpg,/Users/ashley/Desktop/python/CS156-Machine-Learning/final/data/retail_images/segmentation_overlays/pullover/reformation_sweaters_1676b6210042_overlay.jpg,Pullover,Upper-clothes,Upper-clothes,0.1426395833333333,124.0,161.0,503.0,553.0,segmented,ok,mattmdjaga/segformer_b2_clothes,crop_masked
/Users/ashley/Desktop/python/CS156-Machine-Learning/final/data/retail_images/raw/pullover/reformation_sweaters_183683dd24eb.jpg,/Users/ashley/Desktop/python/CS156-Machine-Learning/final/data/retail_images/segmented/pullover/reformation_sweaters_183683dd24eb_seg.jpg,/Users/ashley/Desktop/python/CS156-Machine-Learning/final/data/retail_images/segmentation_overlays/pullover/reformation_sweaters_183683dd24eb_overlay.jpg,Pullover,Upper-clothes,Upper-clothes,0.0537708333333333,210.0,238.0,409.0,497.0,segmented,ok,mattmdjaga/segformer_b2_clothes,crop_masked
/Users/ashley/Desktop/python/CS156-Machine-Learning/final/data/retail_images/raw/pullover/reformation_sweaters_1ca371f410c4.jpg,/Users/ashley/Desktop/python/CS156-Machine-Learning/final/data/retail_images/segmented/pullover/reformation_sweaters_1ca371f410c4_seg.jpg,/Users/ashley/Desktop/python/CS156-Machine-Learning/final/data/retail_images/segmentation_overlays/pullover/reformation_sweaters_1ca371f410c4_overlay.jpg,Pullover,Upper-clothes,Upper-clothes,0.1695875,158.0,174.0,590.0,556.0,segmented,ok,mattmdjaga/segformer_b2_clothes,crop_masked
/Users/ashley/Desktop/python/CS156-Machine-Learning/final/data/retail_images/raw/pullover/reformation_sweaters_1e434645ad45.jpg,/Users/ashley/Desktop/python/CS156-Machine-Learning/final/data/retail_images/segmented/pullover/reformation_sweaters_1e434645ad45_seg.jpg,/Users/ashley/Desktop/python/CS156-Machine-Learning/final/data/retail_images/segmentation_overlays/pullover/reformation_sweaters_1e434645ad45_overlay.jpg,Pullover,Upper-clothes,,,,,,,fallback_copy,missing_target_mask,mattmdjaga/segformer_b2_clothes,copy
/Users/ashley/Desktop/python/CS156-Machine-Learning/final/data/retail_images/raw/pullover/reformation_sweaters_1ec9b8c27d10.jpg,/Users/ashley/Desktop/python/CS156-Machine-Learning/final/data/retail_images/segmented/pullover/reformation_sweaters_1ec9b8c27d10_seg.jpg,/Users/ashley/Desktop/python/CS156-Machine-Learning/final/data/retail_images/segmentation_overlays/pullover/reformation_sweaters_1ec9b8c27d10_overlay.jpg,Pullover,Upper-clothes,Upper-clothes,0.1214520833333333,136.0,178.0,538.0,546.0,segmented,ok,mattmdjaga/segformer_b2_clothes,crop_masked
/Users/ashley/Desktop/python/CS156-Machine-Learning/final/data/retail_images/raw/pullover/reformation_sweaters_2544545bb673.jpg,/Users/ashley/Desktop/python/CS156-Machine-Learning/final/data/retail_images/segmented/pullover/reformation_sweaters_2544545bb673_seg.jpg,/Users/ashley/Desktop/python/CS156-Machine-Learning/final/data/retail_images/segmentation_overlays/pullover/reformation_sweaters_2544545bb673_overlay.jpg,Pullover,Upper-clothes,Upper-clothes,0.04223125,201.0,140.0,391.0,342.0,segmented,ok,mattmdjaga/segformer_b2_clothes,crop_masked
/Users/ashley/Desktop/python/CS156-Machine-Learning/final/data/retail_images/raw/pullover/reformation_sweaters_2ae17a905e45.jpg,/Users/ashley/Desktop/python/CS156-Machine-Learning/final/data/retail_images/segmented/pullover/reformation_sweaters_2ae17a905e45_seg.jpg,/Users/ashley/Desktop/python/CS156-Machine-Learning/final/data/retail_images/segmentation_overlays/pullover/reformation_sweaters_2ae17a905e45_overlay.jpg,Pullover,Upper-clothes,,,,,,,fallback_copy,segmented_too_small:93x194,mattmdjaga/segformer_b2_clothes,copy
/Users/ashley/Desktop/python/CS156-Machine-Learning/final/data/retail_images/raw/pullover/reformation_sweaters_2afdc11facd6.jpg,/Users/ashley/Desktop/python/CS156-Machine-Learning/final/data/retail_images/segmented/pullover/reformation_sweaters_2afdc11facd6_seg.jpg,/Users/ashley/Desktop/python/CS156-Machine-Learning/final/data/retail_images/segmentation_overlays/pullover/reformation_sweaters_2afdc11facd6_overlay.jpg,Pullover,Upper-clothes,Upper-clothes,0.06440625,184.0,142.0,407.0,451.0,segmented,ok,mattmdjaga/segformer_b2_clothes,crop_masked
/Users/ashley/Desktop/python/CS156-Machine-Learning/final/data/retail_images/raw/pullover/reformation_sweaters_2bace5924092.jpg,/Users/ashley/Desktop/python/CS156-Machine-Learning/final/data/retail_images/segmented/pullover/reformation_sweaters_2bace5924092_seg.jpg,/Users/ashley/Desktop/python/CS156-Machine-Learning/final/data/retail_images/segmentation_overlays/pullover/reformation_sweaters_2bace5924092_overlay.jpg,Pullover,Upper-clothes,Upper-clothes,0.21466875,121.0,181.0,487.0,708.0,segmented,ok,mattmdjaga/segformer_b2_clothes,crop_masked
/Users/ashley/Desktop/python/CS156-Machine-Learning/final/data/retail_images/raw/pullover/reformation_sweaters_391c6d4ec656.jpg,/Users/ashley/Desktop/python/CS156-Machine-Learning/final/data/retail_images/segmented/pullover/reformation_sweaters_391c6d4ec656_seg.jpg,/Users/ashley/Desktop/python/CS156-Machine-Learning/final/data/retail_images/segmentation_overlays/pullover/reformation_sweaters_391c6d4ec656_overlay.jpg,Pullover,Upper-clothes,Upper-clothes,0.41405625,0.0,337.0,600.0,800.0,segmented,ok,mattmdjaga/segformer_b2_clothes,crop_masked
/Users/ashley/Desktop/python/CS156-Machine-Learning/final/data/retail_images/raw/pullover/reformation_sweaters_3bcc37187f06.jpg,/Users/ashley/Desktop/python/CS156-Machine-Learning/final/data/retail_images/segmented/pullover/reformation_sweaters_3bcc37187f06_seg.jpg,/Users/ashley/Desktop/python/CS156-Machine-Learning/final/data/retail_images/segmentation_overlays/pullover/reformation_sweaters_3bcc37187f06_overlay.jpg,Pullover,Upper-clothes,Upper-clothes,0.4903395833333333,0.0,215.0,600.0,800.0,segmented,ok,mattmdjaga/segformer_b2_clothes,crop_masked
/Users/ashley/Desktop/python/CS156-Machine-Learning/final/data/retail_images/raw/pullover/reformation_sweaters_3eafa1daace2.jpg,/Users/ashley/Desktop/python/CS156-Machine-Learning/final/data/retail_images/segmented/pullover/reformation_sweaters_3eafa1daace2_seg.jpg,/Users/ashley/Desktop/python/CS156-Machine-Learning/final/data/retail_images/segmentation_overlays/pullover/reformation_sweaters_3eafa1daace2_overlay.jpg,Pullover,Upper-clothes,Upper-clothes,0.1905333333333333,84.0,162.0,502.0,722.0,segmented,ok,mattmdjaga/segformer_b2_clothes,crop_masked
/Users/ashley/Desktop/python/CS156-Machine-Learning/final/data/retail_images/raw/pullover/reformation_sweaters_41fbdfde8281.jpg,/Users/ashley/Desktop/python/CS156-Machine-Learning/final/data/retail_images/segmented/pullover/reformation_sweaters_41fbdfde8281_seg.jpg,/Users/ashley/Desktop/python/CS156-Machine-Learning/final/data/retail_images/segmentation_overlays/pullover/reformation_sweaters_41fbdfde8281_overlay.jpg,Pullover,Upper-clothes,Upper-clothes,0.2472660054901266,70.0,98.0,303.0,404.0,segmented,ok,mattmdjaga/segformer_b2_clothes,crop_masked
/Users/ashley/Desktop/python/CS156-Machine-Learning/final/data/retail_images/raw/pullover/reformation_sweaters_42238ed525c5.jpg,/Users/ashley/Desktop/python/CS156-Machine-Learning/final/data/retail_images/segmented/pullover/reformation_sweaters_42238ed525c5_seg.jpg,/Users/ashley/Desktop/python/CS156-Machine-Learning/final/data/retail_images/segmentation_overlays/pullover/reformation_sweaters_42238ed525c5_overlay.jpg,Pullover,Upper-clothes,Upper-clothes,0.0619020833333333,194.0,143.0,399.0,471.0,segmented,ok,mattmdjaga/segformer_b2_clothes,crop_masked
/Users/ashley/Desktop/python/CS156-Machine-Learning/final/data/retail_images/raw/pullover/reformation_sweaters_46bf2361ab31.jpg,/Users/ashley/Desktop/python/CS156-Machine-Learning/final/data/retail_images/segmented/pullover/reformation_sweaters_46bf2361ab31_seg.jpg,/Users/ashley/Desktop/python/CS156-Machine-Learning/final/data/retail_images/segmentation_overlays/pullover/reformation_sweaters_46bf2361ab31_overlay.jpg,Pullover,Upper-clothes,Upper-clothes,0.10169375,186.0,148.0,398.0,612.0,segmented,ok,mattmdjaga/segformer_b2_clothes,crop_masked
/Users/ashley/Desktop/python/CS156-Machine-Learning/final/data/retail_images/raw/pullover/reformation_sweaters_471b08ad4c56.jpg,/Users/ashley/Desktop/python/CS156-Machine-Learning/final/data/retail_images/segmented/pullover/reformation_sweaters_471b08ad4c56_seg.jpg,/Users/ashley/Desktop/python/CS156-Machine-Learning/final/data/retail_images/segmentation_overlays/pullover/reformation_sweaters_471b08ad4c56_overlay.jpg,Pullover,Upper-clothes,Upper-clothes,0.0717229166666666,204.0,28.0,402.0,454.0,segmented,ok,mattmdjaga/segformer_b2_clothes,crop_masked
/Users/ashley/Desktop/python/CS156-Machine-Learning/final/data/retail_images/raw/pullover/reformation_sweaters_4766242960d7.jpg,/Users/ashley/Desktop/python/CS156-Machine-Learning/final/data/retail_images/segmented/pullover/reformation_sweaters_4766242960d7_seg.jpg,/Users/ashley/Desktop/python/CS156-Machine-Learning/final/data/retail_images/segmentation_overlays/pullover/reformation_sweaters_4766242960d7_overlay.jpg,Pullover,Upper-clothes,Upper-clothes,0.4714416666666666,0.0,227.0,600.0,800.0,segmented,ok,mattmdjaga/segformer_b2_clothes,crop_masked
/Users/ashley/Desktop/python/CS156-Machine-Learning/final/data/retail_images/raw/pullover/reformation_sweaters_51c2ead33c5d.jpg,/Users/ashley/Desktop/python/CS156-Machine-Learning/final/data/retail_images/segmented/pullover/reformation_sweaters_51c2ead33c5d_seg.jpg,/Users/ashley/Desktop/python/CS156-Machine-Learning/final/data/retail_images/segmentation_overlays/pullover/reformation_sweaters_51c2ead33c5d_overlay.jpg,Pullover,Upper-clothes,Upper-clothes,0.3364895833333333,0.0,0.0,600.0,800.0,segmented,ok,mattmdjaga/segformer_b2_clothes,crop_masked
/Users/ashley/Desktop/python/CS156-Machine-Learning/final/data/retail_images/raw/pullover/reformation_sweaters_537576b3b3ca.jpg,/Users/ashley/Desktop/python/CS156-Machine-Learning/final/data/retail_images/segmented/pullover/reformation_sweaters_537576b3b3ca_seg.jpg,/Users/ashley/Desktop/python/CS156-Machine-Learning/final/data/retail_images/segmentation_overlays/pullover/reformation_sweaters_537576b3b3ca_overlay.jpg,Pullover,Upper-clothes,Upper-clothes,0.1527708333333333,108.0,156.0,530.0,500.0,segmented,ok,mattmdjaga/segformer_b2_clothes,crop_masked
/Users/ashley/Desktop/python/CS156-Machine-Learning/final/data/retail_images/raw/pullover/reformation_sweaters_5c59d4005a88.jpg,/Users/ashley/Desktop/python/CS156-Machine-Learning/final/data/retail_images/segmented/pullover/reformation_sweaters_5c59d4005a88_seg.jpg,/Users/ashley/Desktop/python/CS156-Machine-Learning/final/data/retail_images/segmentation_overlays/pullover/reformation_sweaters_5c59d4005a88_overlay.jpg,Pullover,Upper-clothes,Upper-clothes,0.08219375,155.0,143.0,422.0,400.0,segmented,ok,mattmdjaga/segformer_b2_clothes,crop_masked
/Users/ashley/Desktop/python/CS156-Machine-Learning/final/data/retail_images/raw/pullover/reformation_sweaters_604eadc6af71.jpg,/Users/ashley/Desktop/python/CS156-Machine-Learning/final/data/retail_images/segmented/pullover/reformation_sweaters_604eadc6af71_seg.jpg,/Users/ashley/Desktop/python/CS156-Machine-Learning/final/data/retail_images/segmentation_overlays/pullover/reformation_sweaters_604eadc6af71_overlay.jpg,Pullover,Upper-clothes,Upper-clothes,0.4125395833333333,49.0,115.0,597.0,800.0,segmented,ok,mattmdjaga/segformer_b2_clothes,crop_masked
/Users/ashley/Desktop/python/CS156-Machine-Learning/final/data/retail_images/raw/pullover/reformation_sweaters_60b5dd1e9aff.jpg,/Users/ashley/Desktop/python/CS156-Machine-Learning/final/data/retail_images/segmented/pullover/reformation_sweaters_60b5dd1e9aff_seg.jpg,/Users/ashley/Desktop/python/CS156-Machine-Learning/final/data/retail_images/segmentation_overlays/pullover/reformation_sweaters_60b5dd1e9aff_overlay.jpg,Pullover,Upper-clothes,Upper-clothes,0.5359854166666667,0.0,227.0,600.0,800.0,segmented,ok,mattmdjaga/segformer_b2_clothes,crop_masked
/Users/ashley/Desktop/python/CS156-Machine-Learning/final/data/retail_images/raw/pullover/reformation_sweaters_61fd999d364f.jpg,/Users/ashley/Desktop/python/CS156-Machine-Learning/final/data/retail_images/segmented/pullover/reformation_sweaters_61fd999d364f_seg.jpg,/Users/ashley/Desktop/python/CS156-Machine-Learning/final/data/retail_images/segmentation_overlays/pullover/reformation_sweaters_61fd999d364f_overlay.jpg,Pullover,Upper-clothes,Upper-clothes,0.1214125,143.0,168.0,436.0,536.0,segmented,ok,mattmdjaga/segformer_b2_clothes,crop_masked
/Users/ashley/Desktop/python/CS156-Machine-Learning/final/data/retail_images/raw/pullover/reformation_sweaters_6230a7599957.jpg,/Users/ashley/Desktop/python/CS156-Machine-Learning/final/data/retail_images/segmented/pullover/reformation_sweaters_6230a7599957_seg.jpg,/Users/ashley/Desktop/python/CS156-Machine-Learning/final/data/retail_images/segmentation_overlays/pullover/reformation_sweaters_6230a7599957_overlay.jpg,Pullover,Upper-clothes,Upper-clothes,0.38609375,42.0,313.0,600.0,800.0,segmented,ok,mattmdjaga/segformer_b2_clothes,crop_masked
/Users/ashley/Desktop/python/CS156-Machine-Learning/final/data/retail_images/raw/pullover/reformation_sweaters_6db11aecd2b2.jpg,/Users/ashley/Desktop/python/CS156-Machine-Learning/final/data/retail_images/segmented/pullover/reformation_sweaters_6db11aecd2b2_seg.jpg,/Users/ashley/Desktop/python/CS156-Machine-Learning/final/data/retail_images/segmentation_overlays/pullover/reformation_sweaters_6db11aecd2b2_overlay.jpg,Pullover,Upper-clothes,Upper-clothes,0.42978125,0.0,104.0,600.0,754.0,segmented,ok,mattmdjaga/segformer_b2_clothes,crop_masked
/Users/ashley/Desktop/python/CS156-Machine-Learning/final/data/retail_images/raw/pullover/reformation_sweaters_6efc14599891.jpg,/Users/ashley/Desktop/python/CS156-Machine-Learning/final/data/retail_images/segmented/pullover/reformation_sweaters_6efc14599891_seg.jpg,/Users/ashley/Desktop/python/CS156-Machine-Learning/final/data/retail_images/segmentation_overlays/pullover/reformation_sweaters_6efc14599891_overlay.jpg,Pullover,Upper-clothes,Upper-clothes,0.4775041666666667,0.0,153.0,580.0,800.0,segmented,ok,mattmdjaga/segformer_b2_clothes,crop_masked
/Users/ashley/Desktop/python/CS156-Machine-Learning/final/data/retail_images/raw/pullover/reformation_sweaters_7511e6c7daf1.jpg,/Users/ashley/Desktop/python/CS156-Machine-Learning/final/data/retail_images/segmented/pullover/reformation_sweaters_7511e6c7daf1_seg.jpg,/Users/ashley/Desktop/python/CS156-Machine-Learning/final/data/retail_images/segmentation_overlays/pullover/reformation_sweaters_7511e6c7daf1_overlay.jpg,Pullover,Upper-clothes,Upper-clothes,0.0501583333333333,220.0,127.0,390.0,460.0,segmented,ok,mattmdjaga/segformer_b2_clothes,crop_masked
/Users/ashley/Desktop/python/CS156-Machine-Learning/final/data/retail_images/raw/pullover/reformation_sweaters_79d15457e890.jpg,/Users/ashley/Desktop/python/CS156-Machine-Learning/final/data/retail_images/segmented/pullover/reformation_sweaters_79d15457e890_seg.jpg,/Users/ashley/Desktop/python/CS156-Machine-Learning/final/data/retail_images/segmentation_overlays/pullover/reformation_sweaters_79d15457e890_overlay.jpg,Pullover,Upper-clothes,Upper-clothes,0.04044375,231.0,127.0,399.0,432.0,segmented,ok,mattmdjaga/segformer_b2_clothes,crop_masked
/Users/ashley/Desktop/python/CS156-Machine-Learning/final/data/retail_images/raw/pullover/reformation_sweaters_7fe2d8054e22.jpg,/Users/ashley/Desktop/python/CS156-Machine-Learning/final/data/retail_images/segmented/pullover/reformation_sweaters_7fe2d8054e22_seg.jpg,/Users/ashley/Desktop/python/CS156-Machine-Learning/final/data/retail_images/segmentation_overlays/pullover/reformation_sweaters_7fe2d8054e22_overlay.jpg,Pullover,Upper-clothes,Upper-clothes,0.5674375,9.0,0.0,600.0,800.0,segmented,ok,mattmdjaga/segformer_b2_clothes,crop_masked
/Users/ashley/Desktop/python/CS156-Machine-Learning/final/data/retail_images/raw/pullover/reformation_sweaters_83735f5fed34.jpg,/Users/ashley/Desktop/python/CS156-Machine-Learning/final/data/retail_images/segmented/pullover/reformation_sweaters_83735f5fed34_seg.jpg,/Users/ashley/Desktop/python/CS156-Machine-Learning/final/data/retail_images/segmentation_overlays/pullover/reformation_sweaters_83735f5fed34_overlay.jpg,Pullover,Upper-clothes,Upper-clothes,0.0491625,194.0,131.0,387.0,481.0,segmented,ok,mattmdjaga/segformer_b2_clothes,crop_masked
/Users/ashley/Desktop/python/CS156-Machine-Learning/final/data/retail_images/raw/pullover/reformation_sweaters_85475593add3.jpg,/Users/ashley/Desktop/python/CS156-Machine-Learning/final/data/retail_images/segmented/pullover/reformation_sweaters_85475593add3_seg.jpg,/Users/ashley/Desktop/python/CS156-Machine-Learning/final/data/retail_images/segmentation_overlays/pullover/reformation_sweaters_85475593add3_overlay.jpg,Pullover,Upper-clothes,Upper-clothes,0.044,206.0,131.0,392.0,447.0,segmented,ok,mattmdjaga/segformer_b2_clothes,crop_masked
/Users/ashley/Desktop/python/CS156-Machine-Learning/final/data/retail_images/raw/pullover/reformation_sweaters_91ab8bd242ae.jpg,/Users/ashley/Desktop/python/CS156-Machine-Learning/final/data/retail_images/segmented/pullover/reformation_sweaters_91ab8bd242ae_seg.jpg,/Users/ashley/Desktop/python/CS156-Machine-Learning/final/data/retail_images/segmentation_overlays/pullover/reformation_sweaters_91ab8bd242ae_overlay.jpg,Pullover,Upper-clothes,Upper-clothes,0.1289479166666666,148.0,153.0,491.0,499.0,segmented,ok,mattmdjaga/segformer_b2_clothes,crop_masked
/Users/ashley/Desktop/python/CS156-Machine-Learning/final/data/retail_images/raw/pullover/reformation_sweaters_9487e53a791a.jpg,/Users/ashley/Desktop/python/CS156-Machine-Learning/final/data/retail_images/segmented/pullover/reformation_sweaters_9487e53a791a_seg.jpg,/Users/ashley/Desktop/python/CS156-Machine-Learning/final/data/retail_images/segmentation_overlays/pullover/reformation_sweaters_9487e53a791a_overlay.jpg,Pullover,Upper-clothes,Upper-clothes,0.0620166666666666,155.0,134.0,340.0,470.0,segmented,ok,mattmdjaga/segformer_b2_clothes,crop_masked
/Users/ashley/Desktop/python/CS156-Machine-Learning/final/data/retail_images/raw/pullover/reformation_sweaters_9c4ef391115c.jpg,/Users/ashley/Desktop/python/CS156-Machine-Learning/final/data/retail_images/segmented/pullover/reformation_sweaters_9c4ef391115c_seg.jpg,/Users/ashley/Desktop/python/CS156-Machine-Learning/final/data/retail_images/segmentation_overlays/pullover/reformation_sweaters_9c4ef391115c_overlay.jpg,Pullover,Upper-clothes,Upper-clothes,0.2714270833333333,62.0,167.0,590.0,606.0,segmented,ok,mattmdjaga/segformer_b2_clothes,crop_masked
/Users/ashley/Desktop/python/CS156-Machine-Learning/final/data/retail_images/raw/pullover/reformation_sweaters_9e8c715e1d4f.jpg,/Users/ashley/Desktop/python/CS156-Machine-Learning/final/data/retail_images/segmented/pullover/reformation_sweaters_9e8c715e1d4f_seg.jpg,/Users/ashley/Desktop/python/CS156-Machine-Learning/final/data/retail_images/segmentation_overlays/pullover/reformation_sweaters_9e8c715e1d4f_overlay.jpg,Pullover,Upper-clothes,Upper-clothes,0.0471375,203.0,152.0,395.0,367.0,segmented,ok,mattmdjaga/segformer_b2_clothes,crop_masked
/Users/ashley/Desktop/python/CS156-Machine-Learning/final/data/retail_images/raw/pullover/reformation_sweaters_a054ab37b873.jpg,/Users/ashley/Desktop/python/CS156-Machine-Learning/final/data/retail_images/segmented/pullover/reformation_sweaters_a054ab37b873_seg.jpg,/Users/ashley/Desktop/python/CS156-Machine-Learning/final/data/retail_images/segmentation_overlays/pullover/reformation_sweaters_a054ab37b873_overlay.jpg,Pullover,Upper-clothes,Upper-clothes,0.2059145833333333,126.0,182.0,493.0,664.0,segmented,ok,mattmdjaga/segformer_b2_clothes,crop_masked
/Users/ashley/Desktop/python/CS156-Machine-Learning/final/data/retail_images/raw/pullover/reformation_sweaters_a78036cfb0ee.jpg,/Users/ashley/Desktop/python/CS156-Machine-Learning/final/data/retail_images/segmented/pullover/reformation_sweaters_a78036cfb0ee_seg.jpg,/Users/ashley/Desktop/python/CS156-Machine-Learning/final/data/retail_images/segmentation_overlays/pullover/reformation_sweaters_a78036cfb0ee_overlay.jpg,Pullover,Upper-clothes,Upper-clothes,0.04695625,196.0,148.0,390.0,352.0,segmented,ok,mattmdjaga/segformer_b2_clothes,crop_masked
/Users/ashley/Desktop/python/CS156-Machine-Learning/final/data/retail_images/raw/pullover/reformation_sweaters_b094837bf4d0.jpg,/Users/ashley/Desktop/python/CS156-Machine-Learning/final/data/retail_images/segmented/pullover/reformation_sweaters_b094837bf4d0_seg.jpg,/Users/ashley/Desktop/python/CS156-Machine-Learning/final/data/retail_images/segmentation_overlays/pullover/reformation_sweaters_b094837bf4d0_overlay.jpg,Pullover,Upper-clothes,Upper-clothes,0.0430770833333333,191.0,154.0,374.0,344.0,segmented,ok,mattmdjaga/segformer_b2_clothes,crop_masked
/Users/ashley/Desktop/python/CS156-Machine-Learning/final/data/retail_images/raw/pullover/reformation_sweaters_b85176d138ad.jpg,/Users/ashley/Desktop/python/CS156-Machine-Learning/final/data/retail_images/segmented/pullover/reformation_sweaters_b85176d138ad_seg.jpg,/Users/ashley/Desktop/python/CS156-Machine-Learning/final/data/retail_images/segmentation_overlays/pullover/reformation_sweaters_b85176d138ad_overlay.jpg,Pullover,Upper-clothes,Upper-clothes,0.3849541666666666,0.0,54.0,600.0,695.0,segmented,ok,mattmdjaga/segformer_b2_clothes,crop_masked
/Users/ashley/Desktop/python/CS156-Machine-Learning/final/data/retail_images/raw/pullover/reformation_sweaters_ba9a83f8f84a.jpg,/Users/ashley/Desktop/python/CS156-Machine-Learning/final/data/retail_images/segmented/pullover/reformation_sweaters_ba9a83f8f84a_seg.jpg,/Users/ashley/Desktop/python/CS156-Machine-Learning/final/data/retail_images/segmentation_overlays/pullover/reformation_sweaters_ba9a83f8f84a_overlay.jpg,Pullover,Upper-clothes,Upper-clothes,0.2260333333333333,59.0,77.0,600.0,782.0,segmented,ok,mattmdjaga/segformer_b2_clothes,crop_masked
/Users/ashley/Desktop/python/CS156-Machine-Learning/final/data/retail_images/raw/pullover/reformation_sweaters_bb1738bd3d5a.jpg,/Users/ashley/Desktop/python/CS156-Machine-Learning/final/data/retail_images/segmented/pullover/reformation_sweaters_bb1738bd3d5a_seg.jpg,/Users/ashley/Desktop/python/CS156-Machine-Learning/final/data/retail_images/segmentation_overlays/pullover/reformation_sweaters_bb1738bd3d5a_overlay.jpg,Pullover,Upper-clothes,Upper-clothes,0.2191458333333333,70.0,158.0,600.0,724.0,segmented,ok,mattmdjaga/segformer_b2_clothes,crop_masked
/Users/ashley/Desktop/python/CS156-Machine-Learning/final/data/retail_images/raw/pullover/reformation_sweaters_c00fb071cb69.jpg,/Users/ashley/Desktop/python/CS156-Machine-Learning/final/data/retail_images/segmented/pullover/reformation_sweaters_c00fb071cb69_seg.jpg,/Users/ashley/Desktop/python/CS156-Machine-Learning/final/data/retail_images/segmentation_overlays/pullover/reformation_sweaters_c00fb071cb69_overlay.jpg,Pullover,Upper-clothes,Upper-clothes,0.443175,0.0,296.0,600.0,800.0,segmented,ok,mattmdjaga/segformer_b2_clothes,crop_masked
/Users/ashley/Desktop/python/CS156-Machine-Learning/final/data/retail_images/raw/pullover/reformation_sweaters_c1c6c9b8963c.jpg,/Users/ashley/Desktop/python/CS156-Machine-Learning/final/data/retail_images/segmented/pullover/reformation_sweaters_c1c6c9b8963c_seg.jpg,/Users/ashley/Desktop/python/CS156-Machine-Learning/final/data/retail_images/segmentation_overlays/pullover/reformation_sweaters_c1c6c9b8963c_overlay.jpg,Pullover,Upper-clothes,Upper-clothes,0.3328145833333333,45.0,183.0,600.0,800.0,segmented,ok,mattmdjaga/segformer_b2_clothes,crop_masked
/Users/ashley/Desktop/python/CS156-Machine-Learning/final/data/retail_images/raw/pullover/reformation_sweaters_c296d24b0835.jpg,/Users/ashley/Desktop/python/CS156-Machine-Learning/final/data/retail_images/segmented/pullover/reformation_sweaters_c296d24b0835_seg.jpg,/Users/ashley/Desktop/python/CS156-Machine-Learning/final/data/retail_images/segmentation_overlays/pullover/reformation_sweaters_c296d24b0835_overlay.jpg,Pullover,Upper-clothes,Upper-clothes,0.14705,146.0,125.0,434.0,747.0,segmented,ok,mattmdjaga/segformer_b2_clothes,crop_masked
/Users/ashley/Desktop/python/CS156-Machine-Learning/final/data/retail_images/raw/pullover/reformation_sweaters_c4f5a89ac9a5.jpg,/Users/ashley/Desktop/python/CS156-Machine-Learning/final/data/retail_images/segmented/pullover/reformation_sweaters_c4f5a89ac9a5_seg.jpg,/Users/ashley/Desktop/python/CS156-Machine-Learning/final/data/retail_images/segmentation_overlays/pullover/reformation_sweaters_c4f5a89ac9a5_overlay.jpg,Pullover,Upper-clothes,Upper-clothes,0.1592791666666666,77.0,146.0,468.0,698.0,segmented,ok,mattmdjaga/segformer_b2_clothes,crop_masked
/Users/ashley/Desktop/python/CS156-Machine-Learning/final/data/retail_images/raw/pullover/reformation_sweaters_c858ea0c75e4.jpg,/Users/ashley/Desktop/python/CS156-Machine-Learning/final/data/retail_images/segmented/pullover/reformation_sweaters_c858ea0c75e4_seg.jpg,/Users/ashley/Desktop/python/CS156-Machine-Learning/final/data/retail_images/segmentation_overlays/pullover/reformation_sweaters_c858ea0c75e4_overlay.jpg,Pullover,Upper-clothes,Upper-clothes,0.16244375,147.0,140.0,481.0,536.0,segmented,ok,mattmdjaga/segformer_b2_clothes,crop_masked
/Users/ashley/Desktop/python/CS156-Machine-Learning/final/data/retail_images/raw/pullover/reformation_sweaters_c8bd53c996ec.jpg,/Users/ashley/Desktop/python/CS156-Machine-Learning/final/data/retail_images/segmented/pullover/reformation_sweaters_c8bd53c996ec_seg.jpg,/Users/ashley/Desktop/python/CS156-Machine-Learning/final/data/retail_images/segmentation_overlays/pullover/reformation_sweaters_c8bd53c996ec_overlay.jpg,Pullover,Upper-clothes,Upper-clothes,0.1988270833333333,112.0,174.0,470.0,739.0,segmented,ok,mattmdjaga/segformer_b2_clothes,crop_masked
/Users/ashley/Desktop/python/CS156-Machine-Learning/final/data/retail_images/raw/pullover/reformation_sweaters_cc7ef8bbb370.jpg,/Users/ashley/Desktop/python/CS156-Machine-Learning/final/data/retail_images/segmented/pullover/reformation_sweaters_cc7ef8bbb370_seg.jpg,/Users/ashley/Desktop/python/CS156-Machine-Learning/final/data/retail_images/segmentation_overlays/pullover/reformation_sweaters_cc7ef8bbb370_overlay.jpg,Pullover,Upper-clothes,Upper-clothes,0.0370458333333333,198.0,134.0,366.0,348.0,segmented,ok,mattmdjaga/segformer_b2_clothes,crop_masked
/Users/ashley/Desktop/python/CS156-Machine-Learning/final/data/retail_images/raw/pullover/reformation_sweaters_ce320d7369ef.jpg,/Users/ashley/Desktop/python/CS156-Machine-Learning/final/data/retail_images/segmented/pullover/reformation_sweaters_ce320d7369ef_seg.jpg,/Users/ashley/Desktop/python/CS156-Machine-Learning/final/data/retail_images/segmentation_overlays/pullover/reformation_sweaters_ce320d7369ef_overlay.jpg,Pullover,Upper-clothes,Upper-clothes,0.08929375,138.0,138.0,401.0,440.0,segmented,ok,mattmdjaga/segformer_b2_clothes,crop_masked
/Users/ashley/Desktop/python/CS156-Machine-Learning/final/data/retail_images/raw/pullover/reformation_sweaters_d4d752df616a.jpg,/Users/ashley/Desktop/python/CS156-Machine-Learning/final/data/retail_images/segmented/pullover/reformation_sweaters_d4d752df616a_seg.jpg,/Users/ashley/Desktop/python/CS156-Machine-Learning/final/data/retail_images/segmentation_overlays/pullover/reformation_sweaters_d4d752df616a_overlay.jpg,Pullover,Upper-clothes,Upper-clothes,0.13030625,107.0,123.0,466.0,459.0,segmented,ok,mattmdjaga/segformer_b2_clothes,crop_masked
/Users/ashley/Desktop/python/CS156-Machine-Learning/final/data/retail_images/raw/pullover/reformation_sweaters_d913b3afffa7.jpg,/Users/ashley/Desktop/python/CS156-Machine-Learning/final/data/retail_images/segmented/pullover/reformation_sweaters_d913b3afffa7_seg.jpg,/Users/ashley/Desktop/python/CS156-Machine-Learning/final/data/retail_images/segmentation_overlays/pullover/reformation_sweaters_d913b3afffa7_overlay.jpg,Pullover,Upper-clothes,Upper-clothes,0.2029104166666666,49.0,98.0,432.0,705.0,segmented,ok,mattmdjaga/segformer_b2_clothes,crop_masked
/Users/ashley/Desktop/python/CS156-Machine-Learning/final/data/retail_images/raw/pullover/reformation_sweaters_dc6adcac5df8.jpg,/Users/ashley/Desktop/python/CS156-Machine-Learning/final/data/retail_images/segmented/pullover/reformation_sweaters_dc6adcac5df8_seg.jpg,/Users/ashley/Desktop/python/CS156-Machine-Learning/final/data/retail_images/segmentation_overlays/pullover/reformation_sweaters_dc6adcac5df8_overlay.jpg,Pullover,Upper-clothes,Upper-clothes,0.02445,216.0,270.0,362.0,430.0,fallback_copy,validation_too_small:146x160_fallback_copy,mattmdjaga/segformer_b2_clothes,copy
/Users/ashley/Desktop/python/CS156-Machine-Learning/final/data/retail_images/raw/pullover/reformation_sweaters_ddaa40e94a0b.jpg,/Users/ashley/Desktop/python/CS156-Machine-Learning/final/data/retail_images/segmented/pullover/reformation_sweaters_ddaa40e94a0b_seg.jpg,/Users/ashley/Desktop/python/CS156-Machine-Learning/final/data/retail_images/segmentation_overlays/pullover/reformation_sweaters_ddaa40e94a0b_overlay.jpg,Pullover,Upper-clothes,Upper-clothes,0.0244479166666666,223.0,222.0,366.0,407.0,fallback_copy,validation_too_small:143x185_fallback_copy,mattmdjaga/segformer_b2_clothes,copy
/Users/ashley/Desktop/python/CS156-Machine-Learning/final/data/retail_images/raw/pullover/reformation_sweaters_e8f678ab26a2.jpg,/Users/ashley/Desktop/python/CS156-Machine-Learning/final/data/retail_images/segmented/pullover/reformation_sweaters_e8f678ab26a2_seg.jpg,/Users/ashley/Desktop/python/CS156-Machine-Learning/final/data/retail_images/segmentation_overlays/pullover/reformation_sweaters_e8f678ab26a2_overlay.jpg,Pullover,Upper-clothes,Upper-clothes,0.0480458333333333,205.0,135.0,388.0,449.0,segmented,ok,mattmdjaga/segformer_b2_clothes,crop_masked
/Users/ashley/Desktop/python/CS156-Machine-Learning/final/data/retail_images/raw/pullover/reformation_sweaters_f2218c440e44.jpg,/Users/ashley/Desktop/python/CS156-Machine-Learning/final/data/retail_images/segmented/pullover/reformation_sweaters_f2218c440e44_seg.jpg,/Users/ashley/Desktop/python/CS156-Machine-Learning/final/data/retail_images/segmentation_overlays/pullover/reformation_sweaters_f2218c440e44_overlay.jpg,Pullover,Upper-clothes,Upper-clothes,0.4252666666666667,34.0,198.0,572.0,800.0,segmented,ok,mattmdjaga/segformer_b2_clothes,crop_masked
/Users/ashley/Desktop/python/CS156-Machine-Learning/final/data/retail_images/raw/pullover/reformation_sweaters_f6ce077f4290.jpg,/Users/ashley/Desktop/python/CS156-Machine-Learning/final/data/retail_images/segmented/pullover/reformation_sweaters_f6ce077f4290_seg.jpg,/Users/ashley/Desktop/python/CS156-Machine-Learning/final/data/retail_images/segmentation_overlays/pullover/reformation_sweaters_f6ce077f4290_overlay.jpg,Pullover,Upper-clothes,Upper-clothes,0.5014666666666666,10.0,41.0,558.0,800.0,segmented,ok,mattmdjaga/segformer_b2_clothes,crop_masked
/Users/ashley/Desktop/python/CS156-Machine-Learning/final/data/retail_images/raw/pullover/reformation_sweaters_facbb2bff10f.jpg,/Users/ashley/Desktop/python/CS156-Machine-Learning/final/data/retail_images/segmented/pullover/reformation_sweaters_facbb2bff10f_seg.jpg,/Users/ashley/Desktop/python/CS156-Machine-Learning/final/data/retail_images/segmentation_overlays/pullover/reformation_sweaters_facbb2bff10f_overlay.jpg,Pullover,Upper-clothes,Upper-clothes,0.1304854166666666,108.0,123.0,466.0,459.0,segmented,ok,mattmdjaga/segformer_b2_clothes,crop_masked
/Users/ashley/Desktop/python/CS156-Machine-Learning/final/data/retail_images/raw/pullover/reformation_sweaters_fd4ec7b76057.jpg,/Users/ashley/Desktop/python/CS156-Machine-Learning/final/data/retail_images/segmented/pullover/reformation_sweaters_fd4ec7b76057_seg.jpg,/Users/ashley/Desktop/python/CS156-Machine-Learning/final/data/retail_images/segmentation_overlays/pullover/reformation_sweaters_fd4ec7b76057_overlay.jpg,Pullover,Upper-clothes,Upper-clothes,0.047475,203.0,148.0,403.0,351.0,segmented,ok,mattmdjaga/segformer_b2_clothes,crop_masked
/Users/ashley/Desktop/python/CS156-Machine-Learning/final/data/retail_images/raw/pullover/reformation_sweaters_fecf9d4e0a16.jpg,/Users/ashley/Desktop/python/CS156-Machine-Learning/final/data/retail_images/segmented/pullover/reformation_sweaters_fecf9d4e0a16_seg.jpg,/Users/ashley/Desktop/python/CS156-Machine-Learning/final/data/retail_images/segmentation_overlays/pullover/reformation_sweaters_fecf9d4e0a16_overlay.jpg,Pullover,Upper-clothes,Upper-clothes,0.18190625,54.0,182.0,509.0,633.0,segmented,ok,mattmdjaga/segformer_b2_clothes,crop_masked
/Users/ashley/Desktop/python/CS156-Machine-Learning/final/data/retail_images/raw/pullover/reformation_sweaters_ff15b60d562c.jpg,/Users/ashley/Desktop/python/CS156-Machine-Learning/final/data/retail_images/segmented/pullover/reformation_sweaters_ff15b60d562c_seg.jpg,/Users/ashley/Desktop/python/CS156-Machine-Learning/final/data/retail_images/segmentation_overlays/pullover/reformation_sweaters_ff15b60d562c_overlay.jpg,Pullover,Upper-clothes,Upper-clothes,0.0281770833333333,207.0,228.0,357.0,398.0,fallback_copy,validation_too_small:150x170_fallback_copy,mattmdjaga/segformer_b2_clothes,copy
/Users/ashley/Desktop/python/CS156-Machine-Learning/final/data/retail_images/raw/dress/anthropologie_dresses_03739bd32419.jpg,/Users/ashley/Desktop/python/CS156-Machine-Learning/final/data/retail_images/segmented/dress/anthropologie_dresses_03739bd32419_seg.jpg,/Users/ashley/Desktop/python/CS156-Machine-Learning/final/data/retail_images/segmentation_overlays/dress/anthropologie_dresses_03739bd32419_overlay.jpg,Dress,Dress,Dress,0.2864452930251415,34.0,118.0,285.0,495.0,segmented,ok,mattmdjaga/segformer_b2_clothes,crop_masked
/Users/ashley/Desktop/python/CS156-Machine-Learning/final/data/retail_images/raw/dress/anthropologie_dresses_0568f016f5ba.jpg,/Users/ashley/Desktop/python/CS156-Machine-Learning/final/data/retail_images/segmented/dress/anthropologie_dresses_0568f016f5ba_seg.jpg,/Users/ashley/Desktop/python/CS156-Machine-Learning/final/data/retail_images/segmentation_overlays/dress/anthropologie_dresses_0568f016f5ba_overlay.jpg,Dress,Dress,Dress,0.078848608698987,109.0,102.0,240.0,354.0,fallback_copy,validation_too_small:131x252_fallback_copy,mattmdjaga/segformer_b2_clothes,copy
/Users/ashley/Desktop/python/CS156-Machine-Learning/final/data/retail_images/raw/dress/anthropologie_dresses_0c5c2c816eb3.jpg,/Users/ashley/Desktop/python/CS156-Machine-Learning/final/data/retail_images/segmented/dress/anthropologie_dresses_0c5c2c816eb3_seg.jpg,/Users/ashley/Desktop/python/CS156-Machine-Learning/final/data/retail_images/segmentation_overlays/dress/anthropologie_dresses_0c5c2c816eb3_overlay.jpg,Dress,Dress,Dress,0.1636853725750163,93.0,87.0,252.0,421.0,fallback_copy,validation_too_small:159x334_fallback_copy,mattmdjaga/segformer_b2_clothes,copy
/Users/ashley/Desktop/python/CS156-Machine-Learning/final/data/retail_images/raw/dress/anthropologie_dresses_0e959bea8724.jpg,/Users/ashley/Desktop/python/CS156-Machine-Learning/final/data/retail_images/segmented/dress/anthropologie_dresses_0e959bea8724_seg.jpg,/Users/ashley/Desktop/python/CS156-Machine-Learning/final/data/retail_images/segmentation_overlays/dress/anthropologie_dresses_0e959bea8724_overlay.jpg,Dress,Dress,Dress,0.1345061278605357,122.0,78.0,263.0,424.0,fallback_copy,validation_too_small:141x346_fallback_copy,mattmdjaga/segformer_b2_clothes,copy
/Users/ashley/Desktop/python/CS156-Machine-Learning/final/data/retail_images/raw/dress/anthropologie_dresses_107b1f57e15f.jpg,/Users/ashley/Desktop/python/CS156-Machine-Learning/final/data/retail_images/segmented/dress/anthropologie_dresses_107b1f57e15f_seg.jpg,/Users/ashley/Desktop/python/CS156-Machine-Learning/final/data/retail_images/segmentation_overlays/dress/anthropologie_dresses_107b1f57e15f_overlay.jpg,Dress,Dress,Dress,0.1737058079078711,108.0,160.0,313.0,513.0,segmented,ok,mattmdjaga/segformer_b2_clothes,crop_masked
/Users/ashley/Desktop/python/CS156-Machine-Learning/final/data/retail_images/raw/dress/anthropologie_dresses_1a720671e357.jpg,/Users/ashley/Desktop/python/CS156-Machine-Learning/final/data/retail_images/segmented/dress/anthropologie_dresses_1a720671e357_seg.jpg,/Users/ashley/Desktop/python/CS156-Machine-Learning/final/data/retail_images/segmentation_overlays/dress/anthropologie_dresses_1a720671e357_overlay.jpg,Dress,Dress,Dress,0.1112931237570332,88.0,128.0,291.0,435.0,segmented,ok,mattmdjaga/segformer_b2_clothes,crop_masked
/Users/ashley/Desktop/python/CS156-Machine-Learning/final/data/retail_images/raw/dress/anthropologie_dresses_1eb0f4c69358.jpg,/Users/ashley/Desktop/python/CS156-Machine-Learning/final/data/retail_images/segmented/dress/anthropologie_dresses_1eb0f4c69358_seg.jpg,/Users/ashley/Desktop/python/CS156-Machine-Learning/final/data/retail_images/segmentation_overlays/dress/anthropologie_dresses_1eb0f4c69358_overlay.jpg,Dress,Dress,Dress,0.16574671144543,215.0,321.0,626.0,1028.0,segmented,ok,mattmdjaga/segformer_b2_clothes,crop_masked
/Users/ashley/Desktop/python/CS156-Machine-Learning/final/data/retail_images/raw/dress/anthropologie_dresses_37e095016f9e.jpg,/Users/ashley/Desktop/python/CS156-Machine-Learning/final/data/retail_images/segmented/dress/anthropologie_dresses_37e095016f9e_seg.jpg,/Users/ashley/Desktop/python/CS156-Machine-Learning/final/data/retail_images/segmentation_overlays/dress/anthropologie_dresses_37e095016f9e_overlay.jpg,Dress,Dress,Dress,0.2784903055438373,64.0,78.0,309.0,523.0,segmented,ok,mattmdjaga/segformer_b2_clothes,crop_masked
/Users/ashley/Desktop/python/CS156-Machine-Learning/final/data/retail_images/raw/dress/anthropologie_dresses_38414873a0d9.jpg,/Users/ashley/Desktop/python/CS156-Machine-Learning/final/data/retail_images/segmented/dress/anthropologie_dresses_38414873a0d9_seg.jpg,/Users/ashley/Desktop/python/CS156-Machine-Learning/final/data/retail_images/segmentation_overlays/dress/anthropologie_dresses_38414873a0d9_overlay.jpg,Dress,Dress,Dress,0.2612325847682809,89.0,93.0,311.0,517.0,segmented,ok,mattmdjaga/segformer_b2_clothes,crop_masked
/Users/ashley/Desktop/python/CS156-Machine-Learning/final/data/retail_images/raw/dress/anthropologie_dresses_3d72579929c8.webp,/Users/ashley/Desktop/python/CS156-Machine-Learning/final/data/retail_images/segmented/dress/anthropologie_dresses_3d72579929c8_seg.jpg,/Users/ashley/Desktop/python/CS156-Machine-Learning/final/data/retail_images/segmentation_overlays/dress/anthropologie_dresses_3d72579929c8_overlay.jpg,Dress,Dress,Dress,0.1852862864124211,138.0,153.0,487.0,998.0,segmented,ok,mattmdjaga/segformer_b2_clothes,crop_masked
/Users/ashley/Desktop/python/CS156-Machine-Learning/final/data/retail_images/raw/dress/anthropologie_dresses_3f289df22bfe.jpg,/Users/ashley/Desktop/python/CS156-Machine-Learning/final/data/retail_images/segmented/dress/anthropologie_dresses_3f289df22bfe_seg.jpg,/Users/ashley/Desktop/python/CS156-Machine-Learning/final/data/retail_images/segmentation_overlays/dress/anthropologie_dresses_3f289df22bfe_overlay.jpg,Dress,Dress,Dress,0.0250659722222222,2325.0,187.0,2587.0,500.0,segmented,ok,mattmdjaga/segformer_b2_clothes,crop_masked
/Users/ashley/Desktop/python/CS156-Machine-Learning/final/data/retail_images/raw/dress/anthropologie_dresses_43f5c2b249d0.jpg,/Users/ashley/Desktop/python/CS156-Machine-Learning/final/data/retail_images/segmented/dress/anthropologie_dresses_43f5c2b249d0_seg.jpg,/Users/ashley/Desktop/python/CS156-Machine-Learning/final/data/retail_images/segmentation_overlays/dress/anthropologie_dresses_43f5c2b249d0_overlay.jpg,Dress,Dress,Dress,0.17534392172117,98.0,112.0,256.0,518.0,fallback_copy,validation_too_small:158x406_fallback_copy,mattmdjaga/segformer_b2_clothes,copy
/Users/ashley/Desktop/python/CS156-Machine-Learning/final/data/retail_images/raw/dress/anthropologie_dresses_4dcfb3f211e5.jpg,/Users/ashley/Desktop/python/CS156-Machine-Learning/final/data/retail_images/segmented/dress/anthropologie_dresses_4dcfb3f211e5_seg.jpg,/Users/ashley/Desktop/python/CS156-Machine-Learning/final/data/retail_images/segmentation_overlays/dress/anthropologie_dresses_4dcfb3f211e5_overlay.jpg,Dress,Dress,Dress,0.2294455066921606,68.0,50.0,268.0,523.0,segmented,ok,mattmdjaga/segformer_b2_clothes,crop_masked
/Users/ashley/Desktop/python/CS156-Machine-Learning/final/data/retail_images/raw/dress/anthropologie_dresses_54545b288f7b.jpg,/Users/ashley/Desktop/python/CS156-Machine-Learning/final/data/retail_images/segmented/dress/anthropologie_dresses_54545b288f7b_seg.jpg,/Users/ashley/Desktop/python/CS156-Machine-Learning/final/data/retail_images/segmentation_overlays/dress/anthropologie_dresses_54545b288f7b_overlay.jpg,Dress,Dress,Dress,0.0950544303034619,70.0,148.0,234.0,384.0,segmented,ok,mattmdjaga/segformer_b2_clothes,crop_masked
/Users/ashley/Desktop/python/CS156-Machine-Learning/final/data/retail_images/raw/dress/anthropologie_dresses_55612251baec.jpg,/Users/ashley/Desktop/python/CS156-Machine-Learning/final/data/retail_images/segmented/dress/anthropologie_dresses_55612251baec_seg.jpg,/Users/ashley/Desktop/python/CS156-Machine-Learning/final/data/retail_images/segmentation_overlays/dress/anthropologie_dresses_55612251baec_overlay.jpg,Dress,Dress,Dress,0.1003741912155462,79.0,81.0,229.0,347.0,fallback_copy,validation_too_small:150x266_fallback_copy,mattmdjaga/segformer_b2_clothes,copy
/Users/ashley/Desktop/python/CS156-Machine-Learning/final/data/retail_images/raw/dress/anthropologie_dresses_67f26adcc793.jpg,/Users/ashley/Desktop/python/CS156-Machine-Learning/final/data/retail_images/segmented/dress/anthropologie_dresses_67f26adcc793_seg.jpg,/Users/ashley/Desktop/python/CS156-Machine-Learning/final/data/retail_images/segmentation_overlays/dress/anthropologie_dresses_67f26adcc793_overlay.jpg,Dress,Dress,Dress,0.1851726046009631,138.0,153.0,487.0,998.0,segmented,ok,mattmdjaga/segformer_b2_clothes,crop_masked
/Users/ashley/Desktop/python/CS156-Machine-Learning/final/data/retail_images/raw/dress/anthropologie_dresses_72ad522d3670.webp,/Users/ashley/Desktop/python/CS156-Machine-Learning/final/data/retail_images/segmented/dress/anthropologie_dresses_72ad522d3670_seg.jpg,/Users/ashley/Desktop/python/CS156-Machine-Learning/final/data/retail_images/segmentation_overlays/dress/anthropologie_dresses_72ad522d3670_overlay.jpg,Dress,Dress,Dress,0.0231541666666666,2323.0,182.0,2585.0,500.0,segmented,ok,mattmdjaga/segformer_b2_clothes,crop_masked
/Users/ashley/Desktop/python/CS156-Machine-Learning/final/data/retail_images/raw/dress/anthropologie_dresses_7dac61d21fde.webp,/Users/ashley/Desktop/python/CS156-Machine-Learning/final/data/retail_images/segmented/dress/anthropologie_dresses_7dac61d21fde_seg.jpg,/Users/ashley/Desktop/python/CS156-Machine-Learning/final/data/retail_images/segmentation_overlays/dress/anthropologie_dresses_7dac61d21fde_overlay.jpg,Dress,Dress,,,,,,,fallback_copy,mask_area_out_of_range:0.0088,mattmdjaga/segformer_b2_clothes,copy
/Users/ashley/Desktop/python/CS156-Machine-Learning/final/data/retail_images/raw/dress/anthropologie_dresses_8930bf052ee9.jpg,/Users/ashley/Desktop/python/CS156-Machine-Learning/final/data/retail_images/segmented/dress/anthropologie_dresses_8930bf052ee9_seg.jpg,/Users/ashley/Desktop/python/CS156-Machine-Learning/final/data/retail_images/segmentation_overlays/dress/anthropologie_dresses_8930bf052ee9_overlay.jpg,Dress,Dress,Dress,0.1443841185139733,100.0,56.0,246.0,460.0,fallback_copy,validation_too_small:146x404_fallback_copy,mattmdjaga/segformer_b2_clothes,copy
/Users/ashley/Desktop/python/CS156-Machine-Learning/final/data/retail_images/raw/dress/anthropologie_dresses_90042e7bfb3b.jpg,/Users/ashley/Desktop/python/CS156-Machine-Learning/final/data/retail_images/segmented/dress/anthropologie_dresses_90042e7bfb3b_seg.jpg,/Users/ashley/Desktop/python/CS156-Machine-Learning/final/data/retail_images/segmentation_overlays/dress/anthropologie_dresses_90042e7bfb3b_overlay.jpg,Dress,Dress,Dress,0.2528612205317569,50.0,94.0,273.0,504.0,segmented,ok,mattmdjaga/segformer_b2_clothes,crop_masked
/Users/ashley/Desktop/python/CS156-Machine-Learning/final/data/retail_images/raw/dress/anthropologie_dresses_906abde74b35.jpg,/Users/ashley/Desktop/python/CS156-Machine-Learning/final/data/retail_images/segmented/dress/anthropologie_dresses_906abde74b35_seg.jpg,/Users/ashley/Desktop/python/CS156-Machine-Learning/final/data/retail_images/segmentation_overlays/dress/anthropologie_dresses_906abde74b35_overlay.jpg,Dress,Dress,Dress,0.2360308337944523,87.0,48.0,259.0,523.0,segmented,ok,mattmdjaga/segformer_b2_clothes,crop_masked
/Users/ashley/Desktop/python/CS156-Machine-Learning/final/data/retail_images/raw/dress/anthropologie_dresses_92237ad3185a.jpg,/Users/ashley/Desktop/python/CS156-Machine-Learning/final/data/retail_images/segmented/dress/anthropologie_dresses_92237ad3185a_seg.jpg,/Users/ashley/Desktop/python/CS156-Machine-Learning/final/data/retail_images/segmentation_overlays/dress/anthropologie_dresses_92237ad3185a_overlay.jpg,Dress,Dress,,,,,,,fallback_copy,missing_target_mask,mattmdjaga/segformer_b2_clothes,copy
/Users/ashley/Desktop/python/CS156-Machine-Learning/final/data/retail_images/raw/dress/anthropologie_dresses_93709564dbe5.jpg,/Users/ashley/Desktop/python/CS156-Machine-Learning/final/data/retail_images/segmented/dress/anthropologie_dresses_93709564dbe5_seg.jpg,/Users/ashley/Desktop/python/CS156-Machine-Learning/final/data/retail_images/segmentation_overlays/dress/anthropologie_dresses_93709564dbe5_overlay.jpg,Dress,Dress,Dress,0.1894678595495461,93.0,80.0,280.0,473.0,segmented,ok,mattmdjaga/segformer_b2_clothes,crop_masked
/Users/ashley/Desktop/python/CS156-Machine-Learning/final/data/retail_images/raw/dress/anthropologie_dresses_941ef9d80f8b.jpg,/Users/ashley/Desktop/python/CS156-Machine-Learning/final/data/retail_images/segmented/dress/anthropologie_dresses_941ef9d80f8b_seg.jpg,/Users/ashley/Desktop/python/CS156-Machine-Learning/final/data/retail_images/segmentation_overlays/dress/anthropologie_dresses_941ef9d80f8b_overlay.jpg,Dress,Dress,Dress,0.1515611388999983,120.0,59.0,276.0,419.0,fallback_copy,validation_too_small:156x360_fallback_copy,mattmdjaga/segformer_b2_clothes,copy
/Users/ashley/Desktop/python/CS156-Machine-Learning/final/data/retail_images/raw/dress/anthropologie_dresses_9d62e4ddc65b.jpg,/Users/ashley/Desktop/python/CS156-Machine-Learning/final/data/retail_images/segmented/dress/anthropologie_dresses_9d62e4ddc65b_seg.jpg,/Users/ashley/Desktop/python/CS156-Machine-Learning/final/data/retail_images/segmentation_overlays/dress/anthropologie_dresses_9d62e4ddc65b_overlay.jpg,Dress,Dress,Dress,0.0633933609822108,14.0,142.0,329.0,389.0,segmented,ok,mattmdjaga/segformer_b2_clothes,crop_masked
/Users/ashley/Desktop/python/CS156-Machine-Learning/final/data/retail_images/raw/dress/anthropologie_dresses_9dfb6faeb4f1.jpg,/Users/ashley/Desktop/python/CS156-Machine-Learning/final/data/retail_images/segmented/dress/anthropologie_dresses_9dfb6faeb4f1_seg.jpg,/Users/ashley/Desktop/python/CS156-Machine-Learning/final/data/retail_images/segmentation_overlays/dress/anthropologie_dresses_9dfb6faeb4f1_overlay.jpg,Dress,Dress,Dress,0.1279153221167279,87.0,51.0,229.0,356.0,fallback_copy,validation_too_small:142x305_fallback_copy,mattmdjaga/segformer_b2_clothes,copy
/Users/ashley/Desktop/python/CS156-Machine-Learning/final/data/retail_images/raw/dress/anthropologie_dresses_9e283d1db6f3.jpg,/Users/ashley/Desktop/python/CS156-Machine-Learning/final/data/retail_images/segmented/dress/anthropologie_dresses_9e283d1db6f3_seg.jpg,/Users/ashley/Desktop/python/CS156-Machine-Learning/final/data/retail_images/segmentation_overlays/dress/anthropologie_dresses_9e283d1db6f3_overlay.jpg,Dress,Dress,Dress,0.1688462528831351,140.0,221.0,345.0,520.0,segmented,ok,mattmdjaga/segformer_b2_clothes,crop_masked
/Users/ashley/Desktop/python/CS156-Machine-Learning/final/data/retail_images/raw/dress/anthropologie_dresses_9f0301d40c25.jpg,/Users/ashley/Desktop/python/CS156-Machine-Learning/final/data/retail_images/segmented/dress/anthropologie_dresses_9f0301d40c25_seg.jpg,/Users/ashley/Desktop/python/CS156-Machine-Learning/final/data/retail_images/segmentation_overlays/dress/anthropologie_dresses_9f0301d40c25_overlay.jpg,Dress,Dress,Dress,0.1969352479359218,45.0,48.0,223.0,455.0,segmented,ok,mattmdjaga/segformer_b2_clothes,crop_masked
/Users/ashley/Desktop/python/CS156-Machine-Learning/final/data/retail_images/raw/dress/anthropologie_dresses_a1c17e695cc8.jpg,/Users/ashley/Desktop/python/CS156-Machine-Learning/final/data/retail_images/segmented/dress/anthropologie_dresses_a1c17e695cc8_seg.jpg,/Users/ashley/Desktop/python/CS156-Machine-Learning/final/data/retail_images/segmentation_overlays/dress/anthropologie_dresses_a1c17e695cc8_overlay.jpg,Dress,Dress,Dress,0.1386315449221211,81.0,64.0,272.0,337.0,segmented,ok,mattmdjaga/segformer_b2_clothes,crop_masked
/Users/ashley/Desktop/python/CS156-Machine-Learning/final/data/retail_images/raw/dress/anthropologie_dresses_a41ae77bf8f5.jpg,/Users/ashley/Desktop/python/CS156-Machine-Learning/final/data/retail_images/segmented/dress/anthropologie_dresses_a41ae77bf8f5_seg.jpg,/Users/ashley/Desktop/python/CS156-Machine-Learning/final/data/retail_images/segmentation_overlays/dress/anthropologie_dresses_a41ae77bf8f5_overlay.jpg,Dress,Dress,,,,,,,fallback_copy,segmented_too_small:84x217,mattmdjaga/segformer_b2_clothes,copy
/Users/ashley/Desktop/python/CS156-Machine-Learning/final/data/retail_images/raw/dress/anthropologie_dresses_a51ba1949f79.jpg,/Users/ashley/Desktop/python/CS156-Machine-Learning/final/data/retail_images/segmented/dress/anthropologie_dresses_a51ba1949f79_seg.jpg,/Users/ashley/Desktop/python/CS156-Machine-Learning/final/data/retail_images/segmentation_overlays/dress/anthropologie_dresses_a51ba1949f79_overlay.jpg,Dress,Dress,Dress,0.126381302492234,53.0,92.0,257.0,460.0,segmented,ok,mattmdjaga/segformer_b2_clothes,crop_masked
/Users/ashley/Desktop/python/CS156-Machine-Learning/final/data/retail_images/raw/dress/anthropologie_dresses_a86a4b9f3394.jpg,/Users/ashley/Desktop/python/CS156-Machine-Learning/final/data/retail_images/segmented/dress/anthropologie_dresses_a86a4b9f3394_seg.jpg,/Users/ashley/Desktop/python/CS156-Machine-Learning/final/data/retail_images/segmentation_overlays/dress/anthropologie_dresses_a86a4b9f3394_overlay.jpg,Dress,Dress,Dress,0.2263774674431728,60.0,50.0,259.0,499.0,segmented,ok,mattmdjaga/segformer_b2_clothes,crop_masked
/Users/ashley/Desktop/python/CS156-Machine-Learning/final/data/retail_images/raw/dress/anthropologie_dresses_a97f6f082a46.jpg,/Users/ashley/Desktop/python/CS156-Machine-Learning/final/data/retail_images/segmented/dress/anthropologie_dresses_a97f6f082a46_seg.jpg,/Users/ashley/Desktop/python/CS156-Machine-Learning/final/data/retail_images/segmentation_overlays/dress/anthropologie_dresses_a97f6f082a46_overlay.jpg,Dress,Dress,Dress,0.0648671155500282,87.0,64.0,261.0,445.0,segmented,ok,mattmdjaga/segformer_b2_clothes,crop_masked
/Users/ashley/Desktop/python/CS156-Machine-Learning/final/data/retail_images/raw/dress/anthropologie_dresses_b2690778f3e2.webp,/Users/ashley/Desktop/python/CS156-Machine-Learning/final/data/retail_images/segmented/dress/anthropologie_dresses_b2690778f3e2_seg.jpg,/Users/ashley/Desktop/python/CS156-Machine-Learning/final/data/retail_images/segmentation_overlays/dress/anthropologie_dresses_b2690778f3e2_overlay.jpg,Dress,Dress,Dress,0.1681011576369523,109.0,160.0,312.0,513.0,segmented,ok,mattmdjaga/segformer_b2_clothes,crop_masked
/Users/ashley/Desktop/python/CS156-Machine-Learning/final/data/retail_images/raw/dress/anthropologie_dresses_b52d77c3a6a9.jpg,/Users/ashley/Desktop/python/CS156-Machine-Learning/final/data/retail_images/segmented/dress/anthropologie_dresses_b52d77c3a6a9_seg.jpg,/Users/ashley/Desktop/python/CS156-Machine-Learning/final/data/retail_images/segmentation_overlays/dress/anthropologie_dresses_b52d77c3a6a9_overlay.jpg,Dress,Dress,Dress,0.1838960811277235,69.0,77.0,243.0,498.0,segmented,ok,mattmdjaga/segformer_b2_clothes,crop_masked
/Users/ashley/Desktop/python/CS156-Machine-Learning/final/data/retail_images/raw/dress/anthropologie_dresses_be35cabe0416.jpg,/Users/ashley/Desktop/python/CS156-Machine-Learning/final/data/retail_images/segmented/dress/anthropologie_dresses_be35cabe0416_seg.jpg,/Users/ashley/Desktop/python/CS156-Machine-Learning/final/data/retail_images/segmentation_overlays/dress/anthropologie_dresses_be35cabe0416_overlay.jpg,Dress,Dress,Dress,0.0486832085116174,127.0,124.0,228.0,379.0,fallback_copy,validation_too_small:101x255_fallback_copy,mattmdjaga/segformer_b2_clothes,copy
/Users/ashley/Desktop/python/CS156-Machine-Learning/final/data/retail_images/raw/dress/anthropologie_dresses_c136ed4afdfe.webp,/Users/ashley/Desktop/python/CS156-Machine-Learning/final/data/retail_images/segmented/dress/anthropologie_dresses_c136ed4afdfe_seg.jpg,/Users/ashley/Desktop/python/CS156-Machine-Learning/final/data/retail_images/segmentation_overlays/dress/anthropologie_dresses_c136ed4afdfe_overlay.jpg,Dress,Dress,Dress,0.1832934305609581,69.0,77.0,243.0,498.0,segmented,ok,mattmdjaga/segformer_b2_clothes,crop_masked
/Users/ashley/Desktop/python/CS156-Machine-Learning/final/data/retail_images/raw/dress/anthropologie_dresses_c4c77ccfaf12.jpg,/Users/ashley/Desktop/python/CS156-Machine-Learning/final/data/retail_images/segmented/dress/anthropologie_dresses_c4c77ccfaf12_seg.jpg,/Users/ashley/Desktop/python/CS156-Machine-Learning/final/data/retail_images/segmentation_overlays/dress/anthropologie_dresses_c4c77ccfaf12_overlay.jpg,Dress,Dress,Dress,0.1737058079078711,108.0,160.0,313.0,513.0,segmented,ok,mattmdjaga/segformer_b2_clothes,crop_masked
/Users/ashley/Desktop/python/CS156-Machine-Learning/final/data/retail_images/raw/dress/anthropologie_dresses_c7a037229073.jpg,/Users/ashley/Desktop/python/CS156-Machine-Learning/final/data/retail_images/segmented/dress/anthropologie_dresses_c7a037229073_seg.jpg,/Users/ashley/Desktop/python/CS156-Machine-Learning/final/data/retail_images/segmentation_overlays/dress/anthropologie_dresses_c7a037229073_overlay.jpg,Dress,Dress,Dress,0.1838960811277235,69.0,77.0,243.0,498.0,segmented,ok,mattmdjaga/segformer_b2_clothes,crop_masked
/Users/ashley/Desktop/python/CS156-Machine-Learning/final/data/retail_images/raw/dress/anthropologie_dresses_c9038e3b13de.webp,/Users/ashley/Desktop/python/CS156-Machine-Learning/final/data/retail_images/segmented/dress/anthropologie_dresses_c9038e3b13de_seg.jpg,/Users/ashley/Desktop/python/CS156-Machine-Learning/final/data/retail_images/segmentation_overlays/dress/anthropologie_dresses_c9038e3b13de_overlay.jpg,Dress,Dress,Dress,0.0409418880494392,127.0,125.0,227.0,380.0,fallback_copy,validation_too_small:100x255_fallback_copy,mattmdjaga/segformer_b2_clothes,copy
/Users/ashley/Desktop/python/CS156-Machine-Learning/final/data/retail_images/raw/dress/anthropologie_dresses_ce6bf818f061.jpg,/Users/ashley/Desktop/python/CS156-Machine-Learning/final/data/retail_images/segmented/dress/anthropologie_dresses_ce6bf818f061_seg.jpg,/Users/ashley/Desktop/python/CS156-Machine-Learning/final/data/retail_images/segmentation_overlays/dress/anthropologie_dresses_ce6bf818f061_overlay.jpg,Dress,Dress,Dress,0.0486832085116174,127.0,124.0,228.0,379.0,fallback_copy,validation_too_small:101x255_fallback_copy,mattmdjaga/segformer_b2_clothes,copy
/Users/ashley/Desktop/python/CS156-Machine-Learning/final/data/retail_images/raw/dress/anthropologie_dresses_d2e785499b2b.jpg,/Users/ashley/Desktop/python/CS156-Machine-Learning/final/data/retail_images/segmented/dress/anthropologie_dresses_d2e785499b2b_seg.jpg,/Users/ashley/Desktop/python/CS156-Machine-Learning/final/data/retail_images/segmentation_overlays/dress/anthropologie_dresses_d2e785499b2b_overlay.jpg,Dress,Dress,Dress,0.1366811485424074,139.0,105.0,285.0,451.0,fallback_copy,validation_too_small:146x346_fallback_copy,mattmdjaga/segformer_b2_clothes,copy
/Users/ashley/Desktop/python/CS156-Machine-Learning/final/data/retail_images/raw/dress/anthropologie_dresses_d586b0c1bd86.jpg,/Users/ashley/Desktop/python/CS156-Machine-Learning/final/data/retail_images/segmented/dress/anthropologie_dresses_d586b0c1bd86_seg.jpg,/Users/ashley/Desktop/python/CS156-Machine-Learning/final/data/retail_images/segmentation_overlays/dress/anthropologie_dresses_d586b0c1bd86_overlay.jpg,Dress,Dress,Dress,0.2044409868129098,59.0,50.0,264.0,481.0,segmented,ok,mattmdjaga/segformer_b2_clothes,crop_masked
/Users/ashley/Desktop/python/CS156-Machine-Learning/final/data/retail_images/raw/dress/anthropologie_dresses_d80ce7d56813.jpg,/Users/ashley/Desktop/python/CS156-Machine-Learning/final/data/retail_images/segmented/dress/anthropologie_dresses_d80ce7d56813_seg.jpg,/Users/ashley/Desktop/python/CS156-Machine-Learning/final/data/retail_images/segmentation_overlays/dress/anthropologie_dresses_d80ce7d56813_overlay.jpg,Dress,Dress,Dress,0.1203931473151917,83.0,107.0,231.0,377.0,fallback_copy,validation_too_small:148x270_fallback_copy,mattmdjaga/segformer_b2_clothes,copy
/Users/ashley/Desktop/python/CS156-Machine-Learning/final/data/retail_images/raw/dress/anthropologie_dresses_e6a4b66763f1.jpg,/Users/ashley/Desktop/python/CS156-Machine-Learning/final/data/retail_images/segmented/dress/anthropologie_dresses_e6a4b66763f1_seg.jpg,/Users/ashley/Desktop/python/CS156-Machine-Learning/final/data/retail_images/segmentation_overlays/dress/anthropologie_dresses_e6a4b66763f1_overlay.jpg,Dress,Dress,Dress,0.0125529373736488,253.0,252.0,465.0,742.0,segmented,ok,mattmdjaga/segformer_b2_clothes,crop_masked
/Users/ashley/Desktop/python/CS156-Machine-Learning/final/data/retail_images/raw/dress/anthropologie_dresses_effbad416e99.webp,/Users/ashley/Desktop/python/CS156-Machine-Learning/final/data/retail_images/segmented/dress/anthropologie_dresses_effbad416e99_seg.jpg,/Users/ashley/Desktop/python/CS156-Machine-Learning/final/data/retail_images/segmentation_overlays/dress/anthropologie_dresses_effbad416e99_overlay.jpg,Dress,Dress,Dress,0.1680299352972437,214.0,320.0,625.0,1028.0,segmented,ok,mattmdjaga/segformer_b2_clothes,crop_masked
/Users/ashley/Desktop/python/CS156-Machine-Learning/final/data/retail_images/raw/dress/anthropologie_dresses_effe7202148e.jpg,/Users/ashley/Desktop/python/CS156-Machine-Learning/final/data/retail_images/segmented/dress/anthropologie_dresses_effe7202148e_seg.jpg,/Users/ashley/Desktop/python/CS156-Machine-Learning/final/data/retail_images/segmentation_overlays/dress/anthropologie_dresses_effe7202148e_overlay.jpg,Dress,Dress,Dress,0.2096511748946731,68.0,63.0,270.0,471.0,segmented,ok,mattmdjaga/segformer_b2_clothes,crop_masked
/Users/ashley/Desktop/python/CS156-Machine-Learning/final/data/retail_images/raw/dress/anthropologie_dresses_f2ce4408648d.jpg,/Users/ashley/Desktop/python/CS156-Machine-Learning/final/data/retail_images/segmented/dress/anthropologie_dresses_f2ce4408648d_seg.jpg,/Users/ashley/Desktop/python/CS156-Machine-Learning/final/data/retail_images/segmentation_overlays/dress/anthropologie_dresses_f2ce4408648d_overlay.jpg,Dress,Dress,Dress,0.2441173086721416,94.0,124.0,286.0,523.0,segmented,ok,mattmdjaga/segformer_b2_clothes,crop_masked
/Users/ashley/Desktop/python/CS156-Machine-Learning/final/data/retail_images/raw/dress/anthropologie_dresses_f34b47920890.jpg,/Users/ashley/Desktop/python/CS156-Machine-Learning/final/data/retail_images/segmented/dress/anthropologie_dresses_f34b47920890_seg.jpg,/Users/ashley/Desktop/python/CS156-Machine-Learning/final/data/retail_images/segmentation_overlays/dress/anthropologie_dresses_f34b47920890_overlay.jpg,Dress,Dress,Dress,0.2189210363398291,85.0,60.0,272.0,522.0,segmented,ok,mattmdjaga/segformer_b2_clothes,crop_masked
/Users/ashley/Desktop/python/CS156-Machine-Learning/final/data/retail_images/raw/dress/anthropologie_dresses_fe2ab9ab1c13.jpg,/Users/ashley/Desktop/python/CS156-Machine-Learning/final/data/retail_images/segmented/dress/anthropologie_dresses_fe2ab9ab1c13_seg.jpg,/Users/ashley/Desktop/python/CS156-Machine-Learning/final/data/retail_images/segmentation_overlays/dress/anthropologie_dresses_fe2ab9ab1c13_overlay.jpg,Dress,Dress,Dress,0.1547661441868874,84.0,82.0,228.0,453.0,fallback_copy,validation_too_small:144x371_fallback_copy,mattmdjaga/segformer_b2_clothes,copy
/Users/ashley/Desktop/python/CS156-Machine-Learning/final/data/retail_images/raw/dress/princess_polly_dresses_04b694269dae.jpg,/Users/ashley/Desktop/python/CS156-Machine-Learning/final/data/retail_images/segmented/dress/princess_polly_dresses_04b694269dae_seg.jpg,/Users/ashley/Desktop/python/CS156-Machine-Learning/final/data/retail_images/segmentation_overlays/dress/princess_polly_dresses_04b694269dae_overlay.jpg,Dress,Dress,Dress,0.1009578591051805,357.0,69.0,894.0,1592.0,segmented,ok,mattmdjaga/segformer_b2_clothes,crop_masked
/Users/ashley/Desktop/python/CS156-Machine-Learning/final/data/retail_images/raw/dress/princess_polly_dresses_0d382889aebe.jpg,/Users/ashley/Desktop/python/CS156-Machine-Learning/final/data/retail_images/segmented/dress/princess_polly_dresses_0d382889aebe_seg.jpg,/Users/ashley/Desktop/python/CS156-Machine-Learning/final/data/retail_images/segmentation_overlays/dress/princess_polly_dresses_0d382889aebe_overlay.jpg,Dress,Dress,,,,,,,fallback_copy,missing_target_mask,mattmdjaga/segformer_b2_clothes,copy
/Users/ashley/Desktop/python/CS156-Machine-Learning/final/data/retail_images/raw/dress/princess_polly_dresses_16bd05f57460.jpg,/Users/ashley/Desktop/python/CS156-Machine-Learning/final/data/retail_images/segmented/dress/princess_polly_dresses_16bd05f57460_seg.jpg,/Users/ashley/Desktop/python/CS156-Machine-Learning/final/data/retail_images/segmentation_overlays/dress/princess_polly_dresses_16bd05f57460_overlay.jpg,Dress,Dress,Dress,0.2856664540816326,147.0,154.0,1203.0,1820.0,segmented,ok,mattmdjaga/segformer_b2_clothes,crop_masked
/Users/ashley/Desktop/python/CS156-Machine-Learning/final/data/retail_images/raw/dress/princess_polly_dresses_209c5fbb6a50.jpg,/Users/ashley/Desktop/python/CS156-Machine-Learning/final/data/retail_images/segmented/dress/princess_polly_dresses_209c5fbb6a50_seg.jpg,/Users/ashley/Desktop/python/CS156-Machine-Learning/final/data/retail_images/segmentation_overlays/dress/princess_polly_dresses_209c5fbb6a50_overlay.jpg,Dress,Dress,Dress,0.0735486111111111,84.0,112.0,459.0,240.0,fallback_copy,validation_too_small:375x128_fallback_copy,mattmdjaga/segformer_b2_clothes,copy
/Users/ashley/Desktop/python/CS156-Machine-Learning/final/data/retail_images/raw/dress/princess_polly_dresses_2288645bbfe9.jpg,/Users/ashley/Desktop/python/CS156-Machine-Learning/final/data/retail_images/segmented/dress/princess_polly_dresses_2288645bbfe9_seg.jpg,/Users/ashley/Desktop/python/CS156-Machine-Learning/final/data/retail_images/segmentation_overlays/dress/princess_polly_dresses_2288645bbfe9_overlay.jpg,Dress,Dress,Dress,0.2804851026949241,218.0,0.0,1344.0,1817.0,segmented,ok,mattmdjaga/segformer_b2_clothes,crop_masked
/Users/ashley/Desktop/python/CS156-Machine-Learning/final/data/retail_images/raw/dress/princess_polly_dresses_23aa8033e263.jpg,/Users/ashley/Desktop/python/CS156-Machine-Learning/final/data/retail_images/segmented/dress/princess_polly_dresses_23aa8033e263_seg.jpg,/Users/ashley/Desktop/python/CS156-Machine-Learning/final/data/retail_images/segmentation_overlays/dress/princess_polly_dresses_23aa8033e263_overlay.jpg,Dress,Dress,,,,,,,fallback_copy,missing_target_mask,mattmdjaga/segformer_b2_clothes,copy
/Users/ashley/Desktop/python/CS156-Machine-Learning/final/data/retail_images/raw/dress/princess_polly_dresses_23fad99c1afb.jpg,/Users/ashley/Desktop/python/CS156-Machine-Learning/final/data/retail_images/segmented/dress/princess_polly_dresses_23fad99c1afb_seg.jpg,/Users/ashley/Desktop/python/CS156-Machine-Learning/final/data/retail_images/segmentation_overlays/dress/princess_polly_dresses_23fad99c1afb_overlay.jpg,Dress,Dress,Dress,0.2218230801936159,331.0,181.0,1055.0,1745.0,segmented,ok,mattmdjaga/segformer_b2_clothes,crop_masked
/Users/ashley/Desktop/python/CS156-Machine-Learning/final/data/retail_images/raw/dress/princess_polly_dresses_2b8437c2a06d.jpg,/Users/ashley/Desktop/python/CS156-Machine-Learning/final/data/retail_images/segmented/dress/princess_polly_dresses_2b8437c2a06d_seg.jpg,/Users/ashley/Desktop/python/CS156-Machine-Learning/final/data/retail_images/segmentation_overlays/dress/princess_polly_dresses_2b8437c2a06d_overlay.jpg,Dress,Dress,Dress,0.1924139848246991,411.0,181.0,1003.0,1820.0,segmented,ok,mattmdjaga/segformer_b2_clothes,crop_masked
/Users/ashley/Desktop/python/CS156-Machine-Learning/final/data/retail_images/raw/dress/princess_polly_dresses_3b244e396b7a.jpg,/Users/ashley/Desktop/python/CS156-Machine-Learning/final/data/retail_images/segmented/dress/princess_polly_dresses_3b244e396b7a_seg.jpg,/Users/ashley/Desktop/python/CS156-Machine-Learning/final/data/retail_images/segmentation_overlays/dress/princess_polly_dresses_3b244e396b7a_overlay.jpg,Dress,Dress,Dress,0.0523485436496588,473.0,411.0,810.0,1074.0,segmented,ok,mattmdjaga/segformer_b2_clothes,crop_masked
/Users/ashley/Desktop/python/CS156-Machine-Learning/final/data/retail_images/raw/dress/princess_polly_dresses_3cf853b30f46.jpg,/Users/ashley/Desktop/python/CS156-Machine-Learning/final/data/retail_images/segmented/dress/princess_polly_dresses_3cf853b30f46_seg.jpg,/Users/ashley/Desktop/python/CS156-Machine-Learning/final/data/retail_images/segmentation_overlays/dress/princess_polly_dresses_3cf853b30f46_overlay.jpg,Dress,Dress,Dress,0.2333992720205614,340.0,363.0,1089.0,1782.0,segmented,ok,mattmdjaga/segformer_b2_clothes,crop_masked
/Users/ashley/Desktop/python/CS156-Machine-Learning/final/data/retail_images/raw/dress/princess_polly_dresses_4093f31ee93a.jpg,/Users/ashley/Desktop/python/CS156-Machine-Learning/final/data/retail_images/segmented/dress/princess_polly_dresses_4093f31ee93a_seg.jpg,/Users/ashley/Desktop/python/CS156-Machine-Learning/final/data/retail_images/segmentation_overlays/dress/princess_polly_dresses_4093f31ee93a_overlay.jpg,Dress,Dress,Dress,0.3373002700832297,0.0,344.0,1331.0,1821.0,segmented,ok,mattmdjaga/segformer_b2_clothes,crop_masked
/Users/ashley/Desktop/python/CS156-Machine-Learning/final/data/retail_images/raw/dress/princess_polly_dresses_48235fb927fe.jpg,/Users/ashley/Desktop/python/CS156-Machine-Learning/final/data/retail_images/segmented/dress/princess_polly_dresses_48235fb927fe_seg.jpg,/Users/ashley/Desktop/python/CS156-Machine-Learning/final/data/retail_images/segmentation_overlays/dress/princess_polly_dresses_48235fb927fe_overlay.jpg,Dress,Dress,Dress,0.1667251275510204,325.0,117.0,1006.0,1428.0,segmented,ok,mattmdjaga/segformer_b2_clothes,crop_masked
/Users/ashley/Desktop/python/CS156-Machine-Learning/final/data/retail_images/raw/dress/princess_polly_dresses_48b1235e8fd3.jpg,/Users/ashley/Desktop/python/CS156-Machine-Learning/final/data/retail_images/segmented/dress/princess_polly_dresses_48b1235e8fd3_seg.jpg,/Users/ashley/Desktop/python/CS156-Machine-Learning/final/data/retail_images/segmentation_overlays/dress/princess_polly_dresses_48b1235e8fd3_overlay.jpg,Dress,Dress,,,,,,,fallback_copy,missing_target_mask,mattmdjaga/segformer_b2_clothes,copy
/Users/ashley/Desktop/python/CS156-Machine-Learning/final/data/retail_images/raw/dress/princess_polly_dresses_49073f7948af.jpg,/Users/ashley/Desktop/python/CS156-Machine-Learning/final/data/retail_images/segmented/dress/princess_polly_dresses_49073f7948af_seg.jpg,/Users/ashley/Desktop/python/CS156-Machine-Learning/final/data/retail_images/segmentation_overlays/dress/princess_polly_dresses_49073f7948af_overlay.jpg,Dress,Dress,Dress,0.0691437558723804,454.0,238.0,965.0,1160.0,segmented,ok,mattmdjaga/segformer_b2_clothes,crop_masked
/Users/ashley/Desktop/python/CS156-Machine-Learning/final/data/retail_images/raw/dress/princess_polly_dresses_49135f32438c.jpg,/Users/ashley/Desktop/python/CS156-Machine-Learning/final/data/retail_images/segmented/dress/princess_polly_dresses_49135f32438c_seg.jpg,/Users/ashley/Desktop/python/CS156-Machine-Learning/final/data/retail_images/segmentation_overlays/dress/princess_polly_dresses_49135f32438c_overlay.jpg,Dress,Dress,,,,,,,fallback_copy,missing_target_mask,mattmdjaga/segformer_b2_clothes,copy
/Users/ashley/Desktop/python/CS156-Machine-Learning/final/data/retail_images/raw/dress/princess_polly_dresses_49c45731c55c.jpg,/Users/ashley/Desktop/python/CS156-Machine-Learning/final/data/retail_images/segmented/dress/princess_polly_dresses_49c45731c55c_seg.jpg,/Users/ashley/Desktop/python/CS156-Machine-Learning/final/data/retail_images/segmentation_overlays/dress/princess_polly_dresses_49c45731c55c_overlay.jpg,Dress,Dress,Dress,0.3426566145893939,238.0,230.0,1114.0,1821.0,segmented,ok,mattmdjaga/segformer_b2_clothes,crop_masked
/Users/ashley/Desktop/python/CS156-Machine-Learning/final/data/retail_images/raw/dress/princess_polly_dresses_4ada95b194a7.jpg,/Users/ashley/Desktop/python/CS156-Machine-Learning/final/data/retail_images/segmented/dress/princess_polly_dresses_4ada95b194a7_seg.jpg,/Users/ashley/Desktop/python/CS156-Machine-Learning/final/data/retail_images/segmentation_overlays/dress/princess_polly_dresses_4ada95b194a7_overlay.jpg,Dress,Dress,Dress,0.2290284863945578,53.0,417.0,1344.0,1820.0,segmented,ok,mattmdjaga/segformer_b2_clothes,crop_masked
/Users/ashley/Desktop/python/CS156-Machine-Learning/final/data/retail_images/raw/dress/princess_polly_dresses_530040a5b529.jpg,/Users/ashley/Desktop/python/CS156-Machine-Learning/final/data/retail_images/segmented/dress/princess_polly_dresses_530040a5b529_seg.jpg,/Users/ashley/Desktop/python/CS156-Machine-Learning/final/data/retail_images/segmentation_overlays/dress/princess_polly_dresses_530040a5b529_overlay.jpg,Dress,Dress,Dress,0.1965140142595499,79.0,0.0,1205.0,1379.0,segmented,ok,mattmdjaga/segformer_b2_clothes,crop_masked
/Users/ashley/Desktop/python/CS156-Machine-Learning/final/data/retail_images/raw/dress/princess_polly_dresses_531c29fce30e.jpg,/Users/ashley/Desktop/python/CS156-Machine-Learning/final/data/retail_images/segmented/dress/princess_polly_dresses_531c29fce30e_seg.jpg,/Users/ashley/Desktop/python/CS156-Machine-Learning/final/data/retail_images/segmentation_overlays/dress/princess_polly_dresses_531c29fce30e_overlay.jpg,Dress,Dress,Dress,0.144916867519098,458.0,476.0,1135.0,1424.0,segmented,ok,mattmdjaga/segformer_b2_clothes,crop_masked
/Users/ashley/Desktop/python/CS156-Machine-Learning/final/data/retail_images/raw/dress/princess_polly_dresses_57f83e80ef51.jpg,/Users/ashley/Desktop/python/CS156-Machine-Learning/final/data/retail_images/segmented/dress/princess_polly_dresses_57f83e80ef51_seg.jpg,/Users/ashley/Desktop/python/CS156-Machine-Learning/final/data/retail_images/segmentation_overlays/dress/princess_polly_dresses_57f83e80ef51_overlay.jpg,Dress,Dress,Dress,0.1754807692307692,375.0,180.0,1001.0,1820.0,segmented,ok,mattmdjaga/segformer_b2_clothes,crop_masked
/Users/ashley/Desktop/python/CS156-Machine-Learning/final/data/retail_images/raw/dress/princess_polly_dresses_5abbbdb9ed2e.jpg,/Users/ashley/Desktop/python/CS156-Machine-Learning/final/data/retail_images/segmented/dress/princess_polly_dresses_5abbbdb9ed2e_seg.jpg,/Users/ashley/Desktop/python/CS156-Machine-Learning/final/data/retail_images/segmentation_overlays/dress/princess_polly_dresses_5abbbdb9ed2e_overlay.jpg,Dress,Dress,,,,,,,fallback_copy,missing_target_mask,mattmdjaga/segformer_b2_clothes,copy
/Users/ashley/Desktop/python/CS156-Machine-Learning/final/data/retail_images/raw/dress/princess_polly_dresses_5c9715103bfd.jpg,/Users/ashley/Desktop/python/CS156-Machine-Learning/final/data/retail_images/segmented/dress/princess_polly_dresses_5c9715103bfd_seg.jpg,/Users/ashley/Desktop/python/CS156-Machine-Learning/final/data/retail_images/segmentation_overlays/dress/princess_polly_dresses_5c9715103bfd_overlay.jpg,Dress,Dress,Dress,0.0666420196903468,448.0,307.0,828.0,1133.0,segmented,ok,mattmdjaga/segformer_b2_clothes,crop_masked
/Users/ashley/Desktop/python/CS156-Machine-Learning/final/data/retail_images/raw/dress/princess_polly_dresses_644d2e36868a.jpg,/Users/ashley/Desktop/python/CS156-Machine-Learning/final/data/retail_images/segmented/dress/princess_polly_dresses_644d2e36868a_seg.jpg,/Users/ashley/Desktop/python/CS156-Machine-Learning/final/data/retail_images/segmentation_overlays/dress/princess_polly_dresses_644d2e36868a_overlay.jpg,Dress,Dress,Dress,0.3723058935112506,211.0,164.0,1344.0,1820.0,segmented,ok,mattmdjaga/segformer_b2_clothes,crop_masked
/Users/ashley/Desktop/python/CS156-Machine-Learning/final/data/retail_images/raw/dress/princess_polly_dresses_6514496d8fbc.jpg,/Users/ashley/Desktop/python/CS156-Machine-Learning/final/data/retail_images/segmented/dress/princess_polly_dresses_6514496d8fbc_seg.jpg,/Users/ashley/Desktop/python/CS156-Machine-Learning/final/data/retail_images/segmentation_overlays/dress/princess_polly_dresses_6514496d8fbc_overlay.jpg,Dress,Dress,,,,,,,fallback_copy,segmented_too_small:274x85,mattmdjaga/segformer_b2_clothes,copy
/Users/ashley/Desktop/python/CS156-Machine-Learning/final/data/retail_images/raw/dress/princess_polly_dresses_65f4a44bba20.jpg,/Users/ashley/Desktop/python/CS156-Machine-Learning/final/data/retail_images/segmented/dress/princess_polly_dresses_65f4a44bba20_seg.jpg,/Users/ashley/Desktop/python/CS156-Machine-Learning/final/data/retail_images/segmentation_overlays/dress/princess_polly_dresses_65f4a44bba20_overlay.jpg,Dress,Dress,Dress,0.1753274627158556,326.0,467.0,1077.0,1778.0,segmented,ok,mattmdjaga/segformer_b2_clothes,crop_masked
/Users/ashley/Desktop/python/CS156-Machine-Learning/final/data/retail_images/raw/dress/princess_polly_dresses_6d79938a812a.jpg,/Users/ashley/Desktop/python/CS156-Machine-Learning/final/data/retail_images/segmented/dress/princess_polly_dresses_6d79938a812a_seg.jpg,/Users/ashley/Desktop/python/CS156-Machine-Learning/final/data/retail_images/segmentation_overlays/dress/princess_polly_dresses_6d79938a812a_overlay.jpg,Dress,Dress,Dress,0.2321768076389434,352.0,138.0,1097.0,1644.0,segmented,ok,mattmdjaga/segformer_b2_clothes,crop_masked
/Users/ashley/Desktop/python/CS156-Machine-Learning/final/data/retail_images/raw/dress/princess_polly_dresses_71e11be3e3e1.jpg,/Users/ashley/Desktop/python/CS156-Machine-Learning/final/data/retail_images/segmented/dress/princess_polly_dresses_71e11be3e3e1_seg.jpg,/Users/ashley/Desktop/python/CS156-Machine-Learning/final/data/retail_images/segmentation_overlays/dress/princess_polly_dresses_71e11be3e3e1_overlay.jpg,Dress,Dress,Dress,0.2334608843537415,130.0,445.0,1093.0,1820.0,segmented,ok,mattmdjaga/segformer_b2_clothes,crop_masked
/Users/ashley/Desktop/python/CS156-Machine-Learning/final/data/retail_images/raw/dress/princess_polly_dresses_733fa24e5dae.jpg,/Users/ashley/Desktop/python/CS156-Machine-Learning/final/data/retail_images/segmented/dress/princess_polly_dresses_733fa24e5dae_seg.jpg,/Users/ashley/Desktop/python/CS156-Machine-Learning/final/data/retail_images/segmentation_overlays/dress/princess_polly_dresses_733fa24e5dae_overlay.jpg,Dress,Dress,Dress,0.2168616725536368,261.0,337.0,1072.0,1665.0,segmented,ok,mattmdjaga/segformer_b2_clothes,crop_masked
/Users/ashley/Desktop/python/CS156-Machine-Learning/final/data/retail_images/raw/dress/princess_polly_dresses_74b5f97df124.jpg,/Users/ashley/Desktop/python/CS156-Machine-Learning/final/data/retail_images/segmented/dress/princess_polly_dresses_74b5f97df124_seg.jpg,/Users/ashley/Desktop/python/CS156-Machine-Learning/final/data/retail_images/segmentation_overlays/dress/princess_polly_dresses_74b5f97df124_overlay.jpg,Dress,Dress,Dress,0.1375668828557371,416.0,344.0,915.0,1809.0,segmented,ok,mattmdjaga/segformer_b2_clothes,crop_masked
/Users/ashley/Desktop/python/CS156-Machine-Learning/final/data/retail_images/raw/dress/princess_polly_dresses_786e71449fa8.jpg,/Users/ashley/Desktop/python/CS156-Machine-Learning/final/data/retail_images/segmented/dress/princess_polly_dresses_786e71449fa8_seg.jpg,/Users/ashley/Desktop/python/CS156-Machine-Learning/final/data/retail_images/segmentation_overlays/dress/princess_polly_dresses_786e71449fa8_overlay.jpg,Dress,Dress,Dress,0.0206371527777777,622.0,202.0,922.0,480.0,segmented,ok,mattmdjaga/segformer_b2_clothes,crop_masked
/Users/ashley/Desktop/python/CS156-Machine-Learning/final/data/retail_images/raw/dress/princess_polly_dresses_7ed8d09f145d.jpg,/Users/ashley/Desktop/python/CS156-Machine-Learning/final/data/retail_images/segmented/dress/princess_polly_dresses_7ed8d09f145d_seg.jpg,/Users/ashley/Desktop/python/CS156-Machine-Learning/final/data/retail_images/segmentation_overlays/dress/princess_polly_dresses_7ed8d09f145d_overlay.jpg,Dress,Dress,Dress,0.141800024089056,401.0,327.0,893.0,1821.0,segmented,ok,mattmdjaga/segformer_b2_clothes,crop_masked
/Users/ashley/Desktop/python/CS156-Machine-Learning/final/data/retail_images/raw/dress/princess_polly_dresses_80be84982a39.jpg,/Users/ashley/Desktop/python/CS156-Machine-Learning/final/data/retail_images/segmented/dress/princess_polly_dresses_80be84982a39_seg.jpg,/Users/ashley/Desktop/python/CS156-Machine-Learning/final/data/retail_images/segmentation_overlays/dress/princess_polly_dresses_80be84982a39_overlay.jpg,Dress,Dress,,,,,,,fallback_copy,missing_target_mask,mattmdjaga/segformer_b2_clothes,copy
/Users/ashley/Desktop/python/CS156-Machine-Learning/final/data/retail_images/raw/dress/princess_polly_dresses_876c1dc77bb9.jpg,/Users/ashley/Desktop/python/CS156-Machine-Learning/final/data/retail_images/segmented/dress/princess_polly_dresses_876c1dc77bb9_seg.jpg,/Users/ashley/Desktop/python/CS156-Machine-Learning/final/data/retail_images/segmentation_overlays/dress/princess_polly_dresses_876c1dc77bb9_overlay.jpg,Dress,Dress,Dress,0.1931858320251177,309.0,307.0,918.0,1820.0,segmented,ok,mattmdjaga/segformer_b2_clothes,crop_masked
/Users/ashley/Desktop/python/CS156-Machine-Learning/final/data/retail_images/raw/dress/princess_polly_dresses_87b9d9926d27.jpg,/Users/ashley/Desktop/python/CS156-Machine-Learning/final/data/retail_images/segmented/dress/princess_polly_dresses_87b9d9926d27_seg.jpg,/Users/ashley/Desktop/python/CS156-Machine-Learning/final/data/retail_images/segmentation_overlays/dress/princess_polly_dresses_87b9d9926d27_overlay.jpg,Dress,Dress,Dress,0.1070095826792255,345.0,251.0,984.0,1111.0,segmented,ok,mattmdjaga/segformer_b2_clothes,crop_masked
/Users/ashley/Desktop/python/CS156-Machine-Learning/final/data/retail_images/raw/dress/princess_polly_dresses_8a4ea6be29f3.jpg,/Users/ashley/Desktop/python/CS156-Machine-Learning/final/data/retail_images/segmented/dress/princess_polly_dresses_8a4ea6be29f3_seg.jpg,/Users/ashley/Desktop/python/CS156-Machine-Learning/final/data/retail_images/segmentation_overlays/dress/princess_polly_dresses_8a4ea6be29f3_overlay.jpg,Dress,Dress,Dress,0.208046752354788,287.0,341.0,967.0,1751.0,segmented,ok,mattmdjaga/segformer_b2_clothes,crop_masked
/Users/ashley/Desktop/python/CS156-Machine-Learning/final/data/retail_images/raw/dress/princess_polly_dresses_94adafd09c8c.jpg,/Users/ashley/Desktop/python/CS156-Machine-Learning/final/data/retail_images/segmented/dress/princess_polly_dresses_94adafd09c8c_seg.jpg,/Users/ashley/Desktop/python/CS156-Machine-Learning/final/data/retail_images/segmentation_overlays/dress/princess_polly_dresses_94adafd09c8c_overlay.jpg,Dress,Dress,Dress,0.2333992720205614,340.0,363.0,1089.0,1782.0,segmented,ok,mattmdjaga/segformer_b2_clothes,crop_masked
/Users/ashley/Desktop/python/CS156-Machine-Learning/final/data/retail_images/raw/dress/princess_polly_dresses_94f42d463585.jpg,/Users/ashley/Desktop/python/CS156-Machine-Learning/final/data/retail_images/segmented/dress/princess_polly_dresses_94f42d463585_seg.jpg,/Users/ashley/Desktop/python/CS156-Machine-Learning/final/data/retail_images/segmentation_overlays/dress/princess_polly_dresses_94f42d463585_overlay.jpg,Dress,Dress,Dress,0.1118957679225536,481.0,303.0,840.0,1783.0,segmented,ok,mattmdjaga/segformer_b2_clothes,crop_masked
/Users/ashley/Desktop/python/CS156-Machine-Learning/final/data/retail_images/raw/dress/princess_polly_dresses_963ad7ba0253.jpg,/Users/ashley/Desktop/python/CS156-Machine-Learning/final/data/retail_images/segmented/dress/princess_polly_dresses_963ad7ba0253_seg.jpg,/Users/ashley/Desktop/python/CS156-Machine-Learning/final/data/retail_images/segmentation_overlays/dress/princess_polly_dresses_963ad7ba0253_overlay.jpg,Dress,Dress,Dress,0.2183064331501831,351.0,153.0,1333.0,1400.0,segmented,ok,mattmdjaga/segformer_b2_clothes,crop_masked
/Users/ashley/Desktop/python/CS156-Machine-Learning/final/data/retail_images/raw/dress/princess_polly_dresses_9c2b9cbd8fe0.jpg,/Users/ashley/Desktop/python/CS156-Machine-Learning/final/data/retail_images/segmented/dress/princess_polly_dresses_9c2b9cbd8fe0_seg.jpg,/Users/ashley/Desktop/python/CS156-Machine-Learning/final/data/retail_images/segmentation_overlays/dress/princess_polly_dresses_9c2b9cbd8fe0_overlay.jpg,Dress,Dress,Dress,0.1486506801748437,182.0,321.0,945.0,1820.0,segmented,ok,mattmdjaga/segformer_b2_clothes,crop_masked
/Users/ashley/Desktop/python/CS156-Machine-Learning/final/data/retail_images/raw/dress/princess_polly_dresses_9d89ef293dc2.jpg,/Users/ashley/Desktop/python/CS156-Machine-Learning/final/data/retail_images/segmented/dress/princess_polly_dresses_9d89ef293dc2_seg.jpg,/Users/ashley/Desktop/python/CS156-Machine-Learning/final/data/retail_images/segmentation_overlays/dress/princess_polly_dresses_9d89ef293dc2_overlay.jpg,Dress,Dress,Dress,0.0939503205128205,336.0,419.0,1017.0,1569.0,segmented,ok,mattmdjaga/segformer_b2_clothes,crop_masked
/Users/ashley/Desktop/python/CS156-Machine-Learning/final/data/retail_images/raw/dress/princess_polly_dresses_9dc2864756e0.jpg,/Users/ashley/Desktop/python/CS156-Machine-Learning/final/data/retail_images/segmented/dress/princess_polly_dresses_9dc2864756e0_seg.jpg,/Users/ashley/Desktop/python/CS156-Machine-Learning/final/data/retail_images/segmentation_overlays/dress/princess_polly_dresses_9dc2864756e0_overlay.jpg,Dress,Dress,Dress,0.1919236896932064,358.0,132.0,1078.0,1820.0,segmented,ok,mattmdjaga/segformer_b2_clothes,crop_masked
/Users/ashley/Desktop/python/CS156-Machine-Learning/final/data/retail_images/raw/dress/princess_polly_dresses_9de67b5d4c08.jpg,/Users/ashley/Desktop/python/CS156-Machine-Learning/final/data/retail_images/segmented/dress/princess_polly_dresses_9de67b5d4c08_seg.jpg,/Users/ashley/Desktop/python/CS156-Machine-Learning/final/data/retail_images/segmentation_overlays/dress/princess_polly_dresses_9de67b5d4c08_overlay.jpg,Dress,Dress,Dress,0.0709435212278474,107.0,146.0,591.0,307.0,segmented,ok,mattmdjaga/segformer_b2_clothes,crop_masked
/Users/ashley/Desktop/python/CS156-Machine-Learning/final/data/retail_images/raw/dress/princess_polly_dresses_9ee7524bb046.jpg,/Users/ashley/Desktop/python/CS156-Machine-Learning/final/data/retail_images/segmented/dress/princess_polly_dresses_9ee7524bb046_seg.jpg,/Users/ashley/Desktop/python/CS156-Machine-Learning/final/data/retail_images/segmentation_overlays/dress/princess_polly_dresses_9ee7524bb046_overlay.jpg,Dress,Dress,Dress,0.0545443558133913,16.0,126.0,630.0,315.0,segmented,ok,mattmdjaga/segformer_b2_clothes,crop_masked
/Users/ashley/Desktop/python/CS156-Machine-Learning/final/data/retail_images/raw/dress/princess_polly_dresses_a088d7e0db79.jpg,/Users/ashley/Desktop/python/CS156-Machine-Learning/final/data/retail_images/segmented/dress/princess_polly_dresses_a088d7e0db79_seg.jpg,/Users/ashley/Desktop/python/CS156-Machine-Learning/final/data/retail_images/segmentation_overlays/dress/princess_polly_dresses_a088d7e0db79_overlay.jpg,Dress,Dress,Dress,0.234333845736135,296.0,351.0,1052.0,1821.0,segmented,ok,mattmdjaga/segformer_b2_clothes,crop_masked
/Users/ashley/Desktop/python/CS156-Machine-Learning/final/data/retail_images/raw/dress/princess_polly_dresses_a5e147022229.jpg,/Users/ashley/Desktop/python/CS156-Machine-Learning/final/data/retail_images/segmented/dress/princess_polly_dresses_a5e147022229_seg.jpg,/Users/ashley/Desktop/python/CS156-Machine-Learning/final/data/retail_images/segmentation_overlays/dress/princess_polly_dresses_a5e147022229_overlay.jpg,Dress,Dress,,,,,,,fallback_copy,mask_area_out_of_range:0.0033,mattmdjaga/segformer_b2_clothes,copy
/Users/ashley/Desktop/python/CS156-Machine-Learning/final/data/retail_images/raw/dress/princess_polly_dresses_a761db4771b8.jpg,/Users/ashley/Desktop/python/CS156-Machine-Learning/final/data/retail_images/segmented/dress/princess_polly_dresses_a761db4771b8_seg.jpg,/Users/ashley/Desktop/python/CS156-Machine-Learning/final/data/retail_images/segmentation_overlays/dress/princess_polly_dresses_a761db4771b8_overlay.jpg,Dress,Dress,Dress,0.282662055206698,0.0,370.0,1344.0,1820.0,segmented,ok,mattmdjaga/segformer_b2_clothes,crop_masked
/Users/ashley/Desktop/python/CS156-Machine-Learning/final/data/retail_images/raw/dress/princess_polly_dresses_b1c141c079e8.jpg,/Users/ashley/Desktop/python/CS156-Machine-Learning/final/data/retail_images/segmented/dress/princess_polly_dresses_b1c141c079e8_seg.jpg,/Users/ashley/Desktop/python/CS156-Machine-Learning/final/data/retail_images/segmentation_overlays/dress/princess_polly_dresses_b1c141c079e8_overlay.jpg,Dress,Dress,Dress,0.1611312794348508,291.0,537.0,1103.0,1572.0,segmented,ok,mattmdjaga/segformer_b2_clothes,crop_masked
/Users/ashley/Desktop/python/CS156-Machine-Learning/final/data/retail_images/raw/dress/princess_polly_dresses_b235da9bde7c.jpg,/Users/ashley/Desktop/python/CS156-Machine-Learning/final/data/retail_images/segmented/dress/princess_polly_dresses_b235da9bde7c_seg.jpg,/Users/ashley/Desktop/python/CS156-Machine-Learning/final/data/retail_images/segmentation_overlays/dress/princess_polly_dresses_b235da9bde7c_overlay.jpg,Dress,Dress,,,,,,,fallback_copy,missing_target_mask,mattmdjaga/segformer_b2_clothes,copy
/Users/ashley/Desktop/python/CS156-Machine-Learning/final/data/retail_images/raw/dress/princess_polly_dresses_c29a48622ee9.jpg,/Users/ashley/Desktop/python/CS156-Machine-Learning/final/data/retail_images/segmented/dress/princess_polly_dresses_c29a48622ee9_seg.jpg,/Users/ashley/Desktop/python/CS156-Machine-Learning/final/data/retail_images/segmentation_overlays/dress/princess_polly_dresses_c29a48622ee9_overlay.jpg,Dress,Dress,Dress,0.1347580618785976,481.0,328.0,862.0,1803.0,segmented,ok,mattmdjaga/segformer_b2_clothes,crop_masked
/Users/ashley/Desktop/python/CS156-Machine-Learning/final/data/retail_images/raw/dress/princess_polly_dresses_c71d6fb7031e.jpg,/Users/ashley/Desktop/python/CS156-Machine-Learning/final/data/retail_images/segmented/dress/princess_polly_dresses_c71d6fb7031e_seg.jpg,/Users/ashley/Desktop/python/CS156-Machine-Learning/final/data/retail_images/segmentation_overlays/dress/princess_polly_dresses_c71d6fb7031e_overlay.jpg,Dress,Dress,Dress,0.0993602008110936,344.0,278.0,1022.0,1065.0,segmented,ok,mattmdjaga/segformer_b2_clothes,crop_masked
/Users/ashley/Desktop/python/CS156-Machine-Learning/final/data/retail_images/raw/dress/princess_polly_dresses_c980e89bde47.jpg,/Users/ashley/Desktop/python/CS156-Machine-Learning/final/data/retail_images/segmented/dress/princess_polly_dresses_c980e89bde47_seg.jpg,/Users/ashley/Desktop/python/CS156-Machine-Learning/final/data/retail_images/segmentation_overlays/dress/princess_polly_dresses_c980e89bde47_overlay.jpg,Dress,Dress,Dress,0.1458337421507064,410.0,374.0,891.0,1820.0,segmented,ok,mattmdjaga/segformer_b2_clothes,crop_masked
/Users/ashley/Desktop/python/CS156-Machine-Learning/final/data/retail_images/raw/dress/princess_polly_dresses_cbe8bcc60c0d.jpg,/Users/ashley/Desktop/python/CS156-Machine-Learning/final/data/retail_images/segmented/dress/princess_polly_dresses_cbe8bcc60c0d_seg.jpg,/Users/ashley/Desktop/python/CS156-Machine-Learning/final/data/retail_images/segmentation_overlays/dress/princess_polly_dresses_cbe8bcc60c0d_overlay.jpg,Dress,Dress,Dress,0.2307038686220842,255.0,623.0,1279.0,1820.0,segmented,ok,mattmdjaga/segformer_b2_clothes,crop_masked
/Users/ashley/Desktop/python/CS156-Machine-Learning/final/data/retail_images/raw/dress/princess_polly_dresses_cc2b3cbecd36.jpg,/Users/ashley/Desktop/python/CS156-Machine-Learning/final/data/retail_images/segmented/dress/princess_polly_dresses_cc2b3cbecd36_seg.jpg,/Users/ashley/Desktop/python/CS156-Machine-Learning/final/data/retail_images/segmentation_overlays/dress/princess_polly_dresses_cc2b3cbecd36_overlay.jpg,Dress,Dress,Dress,0.1119595434327577,490.0,213.0,896.0,1716.0,segmented,ok,mattmdjaga/segformer_b2_clothes,crop_masked
/Users/ashley/Desktop/python/CS156-Machine-Learning/final/data/retail_images/raw/dress/princess_polly_dresses_d8e65a2a445f.jpg,/Users/ashley/Desktop/python/CS156-Machine-Learning/final/data/retail_images/segmented/dress/princess_polly_dresses_d8e65a2a445f_seg.jpg,/Users/ashley/Desktop/python/CS156-Machine-Learning/final/data/retail_images/segmentation_overlays/dress/princess_polly_dresses_d8e65a2a445f_overlay.jpg,Dress,Dress,Dress,0.2348737571951857,320.0,235.0,1078.0,1761.0,segmented,ok,mattmdjaga/segformer_b2_clothes,crop_masked
/Users/ashley/Desktop/python/CS156-Machine-Learning/final/data/retail_images/raw/dress/princess_polly_dresses_e17521e02180.jpg,/Users/ashley/Desktop/python/CS156-Machine-Learning/final/data/retail_images/segmented/dress/princess_polly_dresses_e17521e02180_seg.jpg,/Users/ashley/Desktop/python/CS156-Machine-Learning/final/data/retail_images/segmentation_overlays/dress/princess_polly_dresses_e17521e02180_overlay.jpg,Dress,Dress,Dress,0.0780599087482642,109.0,117.0,562.0,282.0,segmented,ok,mattmdjaga/segformer_b2_clothes,crop_masked
/Users/ashley/Desktop/python/CS156-Machine-Learning/final/data/retail_images/raw/dress/princess_polly_dresses_eb57701c117a.jpg,/Users/ashley/Desktop/python/CS156-Machine-Learning/final/data/retail_images/segmented/dress/princess_polly_dresses_eb57701c117a_seg.jpg,/Users/ashley/Desktop/python/CS156-Machine-Learning/final/data/retail_images/segmentation_overlays/dress/princess_polly_dresses_eb57701c117a_overlay.jpg,Dress,Dress,Dress,0.2626876097879815,270.0,354.0,1154.0,1713.0,segmented,ok,mattmdjaga/segformer_b2_clothes,crop_masked
/Users/ashley/Desktop/python/CS156-Machine-Learning/final/data/retail_images/raw/dress/princess_polly_dresses_ed7621507678.jpg,/Users/ashley/Desktop/python/CS156-Machine-Learning/final/data/retail_images/segmented/dress/princess_polly_dresses_ed7621507678_seg.jpg,/Users/ashley/Desktop/python/CS156-Machine-Learning/final/data/retail_images/segmentation_overlays/dress/princess_polly_dresses_ed7621507678_overlay.jpg,Dress,Dress,Dress,0.0477527803285379,136.0,150.0,793.0,396.0,segmented,ok,mattmdjaga/segformer_b2_clothes,crop_masked
/Users/ashley/Desktop/python/CS156-Machine-Learning/final/data/retail_images/raw/dress/princess_polly_dresses_f377026b6a9d.jpg,/Users/ashley/Desktop/python/CS156-Machine-Learning/final/data/retail_images/segmented/dress/princess_polly_dresses_f377026b6a9d_seg.jpg,/Users/ashley/Desktop/python/CS156-Machine-Learning/final/data/retail_images/segmentation_overlays/dress/princess_polly_dresses_f377026b6a9d_overlay.jpg,Dress,Dress,,,,,,,fallback_copy,missing_target_mask,mattmdjaga/segformer_b2_clothes,copy
/Users/ashley/Desktop/python/CS156-Machine-Learning/final/data/retail_images/raw/dress/princess_polly_dresses_f90cb1d9db97.jpg,/Users/ashley/Desktop/python/CS156-Machine-Learning/final/data/retail_images/segmented/dress/princess_polly_dresses_f90cb1d9db97_seg.jpg,/Users/ashley/Desktop/python/CS156-Machine-Learning/final/data/retail_images/segmentation_overlays/dress/princess_polly_dresses_f90cb1d9db97_overlay.jpg,Dress,Dress,,,,,,,fallback_copy,missing_target_mask,mattmdjaga/segformer_b2_clothes,copy
/Users/ashley/Desktop/python/CS156-Machine-Learning/final/data/retail_images/raw/dress/reformation_dresses_0204ab59067f.jpg,/Users/ashley/Desktop/python/CS156-Machine-Learning/final/data/retail_images/segmented/dress/reformation_dresses_0204ab59067f_seg.jpg,/Users/ashley/Desktop/python/CS156-Machine-Learning/final/data/retail_images/segmentation_overlays/dress/reformation_dresses_0204ab59067f_overlay.jpg,Dress,Dress,Dress,0.2540958333333333,148.0,119.0,491.0,800.0,segmented,ok,mattmdjaga/segformer_b2_clothes,crop_masked
/Users/ashley/Desktop/python/CS156-Machine-Learning/final/data/retail_images/raw/dress/reformation_dresses_039fe2eae544.jpg,/Users/ashley/Desktop/python/CS156-Machine-Learning/final/data/retail_images/segmented/dress/reformation_dresses_039fe2eae544_seg.jpg,/Users/ashley/Desktop/python/CS156-Machine-Learning/final/data/retail_images/segmentation_overlays/dress/reformation_dresses_039fe2eae544_overlay.jpg,Dress,Dress,Dress,0.150975,174.0,128.0,440.0,739.0,segmented,ok,mattmdjaga/segformer_b2_clothes,crop_masked
/Users/ashley/Desktop/python/CS156-Machine-Learning/final/data/retail_images/raw/dress/reformation_dresses_091796faa073.jpg,/Users/ashley/Desktop/python/CS156-Machine-Learning/final/data/retail_images/segmented/dress/reformation_dresses_091796faa073_seg.jpg,/Users/ashley/Desktop/python/CS156-Machine-Learning/final/data/retail_images/segmentation_overlays/dress/reformation_dresses_091796faa073_overlay.jpg,Dress,Dress,Dress,0.1294791666666666,208.0,170.0,382.0,791.0,segmented,ok,mattmdjaga/segformer_b2_clothes,crop_masked
/Users/ashley/Desktop/python/CS156-Machine-Learning/final/data/retail_images/raw/dress/reformation_dresses_0e1fe8b0e856.jpg,/Users/ashley/Desktop/python/CS156-Machine-Learning/final/data/retail_images/segmented/dress/reformation_dresses_0e1fe8b0e856_seg.jpg,/Users/ashley/Desktop/python/CS156-Machine-Learning/final/data/retail_images/segmentation_overlays/dress/reformation_dresses_0e1fe8b0e856_overlay.jpg,Dress,Dress,Dress,0.2215375,142.0,106.0,409.0,800.0,segmented,ok,mattmdjaga/segformer_b2_clothes,crop_masked
/Users/ashley/Desktop/python/CS156-Machine-Learning/final/data/retail_images/raw/dress/reformation_dresses_132b71e165fc.jpg,/Users/ashley/Desktop/python/CS156-Machine-Learning/final/data/retail_images/segmented/dress/reformation_dresses_132b71e165fc_seg.jpg,/Users/ashley/Desktop/python/CS156-Machine-Learning/final/data/retail_images/segmentation_overlays/dress/reformation_dresses_132b71e165fc_overlay.jpg,Dress,Dress,Dress,0.1992104166666666,120.0,71.0,513.0,739.0,segmented,ok,mattmdjaga/segformer_b2_clothes,crop_masked
/Users/ashley/Desktop/python/CS156-Machine-Learning/final/data/retail_images/raw/dress/reformation_dresses_146a4e97557f.jpg,/Users/ashley/Desktop/python/CS156-Machine-Learning/final/data/retail_images/segmented/dress/reformation_dresses_146a4e97557f_seg.jpg,/Users/ashley/Desktop/python/CS156-Machine-Learning/final/data/retail_images/segmentation_overlays/dress/reformation_dresses_146a4e97557f_overlay.jpg,Dress,Dress,Dress,0.2096,184.0,152.0,435.0,800.0,segmented,ok,mattmdjaga/segformer_b2_clothes,crop_masked
/Users/ashley/Desktop/python/CS156-Machine-Learning/final/data/retail_images/raw/dress/reformation_dresses_15e660e7ad2c.jpg,/Users/ashley/Desktop/python/CS156-Machine-Learning/final/data/retail_images/segmented/dress/reformation_dresses_15e660e7ad2c_seg.jpg,/Users/ashley/Desktop/python/CS156-Machine-Learning/final/data/retail_images/segmentation_overlays/dress/reformation_dresses_15e660e7ad2c_overlay.jpg,Dress,Dress,Dress,0.1137166666666666,195.0,96.0,409.0,731.0,segmented,ok,mattmdjaga/segformer_b2_clothes,crop_masked
/Users/ashley/Desktop/python/CS156-Machine-Learning/final/data/retail_images/raw/dress/reformation_dresses_1754474d9677.jpg,/Users/ashley/Desktop/python/CS156-Machine-Learning/final/data/retail_images/segmented/dress/reformation_dresses_1754474d9677_seg.jpg,/Users/ashley/Desktop/python/CS156-Machine-Learning/final/data/retail_images/segmentation_overlays/dress/reformation_dresses_1754474d9677_overlay.jpg,Dress,Dress,Dress,0.1299729166666666,212.0,110.0,412.0,777.0,segmented,ok,mattmdjaga/segformer_b2_clothes,crop_masked
/Users/ashley/Desktop/python/CS156-Machine-Learning/final/data/retail_images/raw/dress/reformation_dresses_1ccd7d123612.jpg,/Users/ashley/Desktop/python/CS156-Machine-Learning/final/data/retail_images/segmented/dress/reformation_dresses_1ccd7d123612_seg.jpg,/Users/ashley/Desktop/python/CS156-Machine-Learning/final/data/retail_images/segmentation_overlays/dress/reformation_dresses_1ccd7d123612_overlay.jpg,Dress,Dress,,,,,,,fallback_copy,missing_target_mask,mattmdjaga/segformer_b2_clothes,copy
/Users/ashley/Desktop/python/CS156-Machine-Learning/final/data/retail_images/raw/dress/reformation_dresses_1f7a4792ee1c.jpg,/Users/ashley/Desktop/python/CS156-Machine-Learning/final/data/retail_images/segmented/dress/reformation_dresses_1f7a4792ee1c_seg.jpg,/Users/ashley/Desktop/python/CS156-Machine-Learning/final/data/retail_images/segmentation_overlays/dress/reformation_dresses_1f7a4792ee1c_overlay.jpg,Dress,Dress,Dress,0.1931020833333333,105.0,106.0,574.0,768.0,segmented,ok,mattmdjaga/segformer_b2_clothes,crop_masked
/Users/ashley/Desktop/python/CS156-Machine-Learning/final/data/retail_images/raw/dress/reformation_dresses_221f975bbb23.jpg,/Users/ashley/Desktop/python/CS156-Machine-Learning/final/data/retail_images/segmented/dress/reformation_dresses_221f975bbb23_seg.jpg,/Users/ashley/Desktop/python/CS156-Machine-Learning/final/data/retail_images/segmentation_overlays/dress/reformation_dresses_221f975bbb23_overlay.jpg,Dress,Dress,Dress,0.1685003984769326,116.0,73.0,265.0,491.0,fallback_copy,validation_too_small:149x418_fallback_copy,mattmdjaga/segformer_b2_clothes,copy
/Users/ashley/Desktop/python/CS156-Machine-Learning/final/data/retail_images/raw/dress/reformation_dresses_2389feb43a96.jpg,/Users/ashley/Desktop/python/CS156-Machine-Learning/final/data/retail_images/segmented/dress/reformation_dresses_2389feb43a96_seg.jpg,/Users/ashley/Desktop/python/CS156-Machine-Learning/final/data/retail_images/segmentation_overlays/dress/reformation_dresses_2389feb43a96_overlay.jpg,Dress,Dress,Dress,0.13093125,177.0,124.0,428.0,721.0,segmented,ok,mattmdjaga/segformer_b2_clothes,crop_masked
/Users/ashley/Desktop/python/CS156-Machine-Learning/final/data/retail_images/raw/dress/reformation_dresses_2648b19a152a.jpg,/Users/ashley/Desktop/python/CS156-Machine-Learning/final/data/retail_images/segmented/dress/reformation_dresses_2648b19a152a_seg.jpg,/Users/ashley/Desktop/python/CS156-Machine-Learning/final/data/retail_images/segmentation_overlays/dress/reformation_dresses_2648b19a152a_overlay.jpg,Dress,Dress,Dress,0.1217958333333333,211.0,172.0,417.0,769.0,segmented,ok,mattmdjaga/segformer_b2_clothes,crop_masked
/Users/ashley/Desktop/python/CS156-Machine-Learning/final/data/retail_images/raw/dress/reformation_dresses_3436d9bcd856.jpg,/Users/ashley/Desktop/python/CS156-Machine-Learning/final/data/retail_images/segmented/dress/reformation_dresses_3436d9bcd856_seg.jpg,/Users/ashley/Desktop/python/CS156-Machine-Learning/final/data/retail_images/segmentation_overlays/dress/reformation_dresses_3436d9bcd856_overlay.jpg,Dress,Dress,Dress,0.09275625,212.0,123.0,392.0,683.0,segmented,ok,mattmdjaga/segformer_b2_clothes,crop_masked
/Users/ashley/Desktop/python/CS156-Machine-Learning/final/data/retail_images/raw/dress/reformation_dresses_39f2661032b0.jpg,/Users/ashley/Desktop/python/CS156-Machine-Learning/final/data/retail_images/segmented/dress/reformation_dresses_39f2661032b0_seg.jpg,/Users/ashley/Desktop/python/CS156-Machine-Learning/final/data/retail_images/segmentation_overlays/dress/reformation_dresses_39f2661032b0_overlay.jpg,Dress,Dress,Dress,0.05225625,218.0,110.0,411.0,485.0,segmented,ok,mattmdjaga/segformer_b2_clothes,crop_masked
/Users/ashley/Desktop/python/CS156-Machine-Learning/final/data/retail_images/raw/dress/reformation_dresses_3a093c6971d9.jpg,/Users/ashley/Desktop/python/CS156-Machine-Learning/final/data/retail_images/segmented/dress/reformation_dresses_3a093c6971d9_seg.jpg,/Users/ashley/Desktop/python/CS156-Machine-Learning/final/data/retail_images/segmentation_overlays/dress/reformation_dresses_3a093c6971d9_overlay.jpg,Dress,Dress,Dress,0.27375625,170.0,119.0,494.0,800.0,segmented,ok,mattmdjaga/segformer_b2_clothes,crop_masked
/Users/ashley/Desktop/python/CS156-Machine-Learning/final/data/retail_images/raw/dress/reformation_dresses_4117f82e4f14.jpg,/Users/ashley/Desktop/python/CS156-Machine-Learning/final/data/retail_images/segmented/dress/reformation_dresses_4117f82e4f14_seg.jpg,/Users/ashley/Desktop/python/CS156-Machine-Learning/final/data/retail_images/segmentation_overlays/dress/reformation_dresses_4117f82e4f14_overlay.jpg,Dress,Dress,Dress,0.0353145833333333,133.0,475.0,537.0,800.0,segmented,ok,mattmdjaga/segformer_b2_clothes,crop_masked
/Users/ashley/Desktop/python/CS156-Machine-Learning/final/data/retail_images/raw/dress/reformation_dresses_499482c8b61d.jpg,/Users/ashley/Desktop/python/CS156-Machine-Learning/final/data/retail_images/segmented/dress/reformation_dresses_499482c8b61d_seg.jpg,/Users/ashley/Desktop/python/CS156-Machine-Learning/final/data/retail_images/segmentation_overlays/dress/reformation_dresses_499482c8b61d_overlay.jpg,Dress,Dress,Dress,0.1110854166666666,247.0,182.0,410.0,745.0,segmented,ok,mattmdjaga/segformer_b2_clothes,crop_masked
/Users/ashley/Desktop/python/CS156-Machine-Learning/final/data/retail_images/raw/dress/reformation_dresses_4c596e7982a4.jpg,/Users/ashley/Desktop/python/CS156-Machine-Learning/final/data/retail_images/segmented/dress/reformation_dresses_4c596e7982a4_seg.jpg,/Users/ashley/Desktop/python/CS156-Machine-Learning/final/data/retail_images/segmentation_overlays/dress/reformation_dresses_4c596e7982a4_overlay.jpg,Dress,Dress,Dress,0.1515375,179.0,115.0,384.0,794.0,segmented,ok,mattmdjaga/segformer_b2_clothes,crop_masked
/Users/ashley/Desktop/python/CS156-Machine-Learning/final/data/retail_images/raw/dress/reformation_dresses_508374da0950.jpg,/Users/ashley/Desktop/python/CS156-Machine-Learning/final/data/retail_images/segmented/dress/reformation_dresses_508374da0950_seg.jpg,/Users/ashley/Desktop/python/CS156-Machine-Learning/final/data/retail_images/segmentation_overlays/dress/reformation_dresses_508374da0950_overlay.jpg,Dress,Dress,Dress,0.2364270833333333,132.0,104.0,433.0,800.0,segmented,ok,mattmdjaga/segformer_b2_clothes,crop_masked
/Users/ashley/Desktop/python/CS156-Machine-Learning/final/data/retail_images/raw/dress/reformation_dresses_541de5b33a2c.jpg,/Users/ashley/Desktop/python/CS156-Machine-Learning/final/data/retail_images/segmented/dress/reformation_dresses_541de5b33a2c_seg.jpg,/Users/ashley/Desktop/python/CS156-Machine-Learning/final/data/retail_images/segmentation_overlays/dress/reformation_dresses_541de5b33a2c_overlay.jpg,Dress,Dress,Dress,0.2220583333333333,158.0,177.0,461.0,800.0,segmented,ok,mattmdjaga/segformer_b2_clothes,crop_masked
/Users/ashley/Desktop/python/CS156-Machine-Learning/final/data/retail_images/raw/dress/reformation_dresses_6844991396d1.jpg,/Users/ashley/Desktop/python/CS156-Machine-Learning/final/data/retail_images/segmented/dress/reformation_dresses_6844991396d1_seg.jpg,/Users/ashley/Desktop/python/CS156-Machine-Learning/final/data/retail_images/segmentation_overlays/dress/reformation_dresses_6844991396d1_overlay.jpg,Dress,Dress,,,,,,,fallback_copy,segmented_too_small:52x163,mattmdjaga/segformer_b2_clothes,copy
/Users/ashley/Desktop/python/CS156-Machine-Learning/final/data/retail_images/raw/dress/reformation_dresses_68d7b377682d.jpg,/Users/ashley/Desktop/python/CS156-Machine-Learning/final/data/retail_images/segmented/dress/reformation_dresses_68d7b377682d_seg.jpg,/Users/ashley/Desktop/python/CS156-Machine-Learning/final/data/retail_images/segmentation_overlays/dress/reformation_dresses_68d7b377682d_overlay.jpg,Dress,Dress,Dress,0.1381291666666666,176.0,109.0,404.0,701.0,segmented,ok,mattmdjaga/segformer_b2_clothes,crop_masked
/Users/ashley/Desktop/python/CS156-Machine-Learning/final/data/retail_images/raw/dress/reformation_dresses_697b69729137.jpg,/Users/ashley/Desktop/python/CS156-Machine-Learning/final/data/retail_images/segmented/dress/reformation_dresses_697b69729137_seg.jpg,/Users/ashley/Desktop/python/CS156-Machine-Learning/final/data/retail_images/segmentation_overlays/dress/reformation_dresses_697b69729137_overlay.jpg,Dress,Dress,Dress,0.1382,206.0,125.0,407.0,758.0,segmented,ok,mattmdjaga/segformer_b2_clothes,crop_masked
/Users/ashley/Desktop/python/CS156-Machine-Learning/final/data/retail_images/raw/dress/reformation_dresses_6a21db345b62.jpg,/Users/ashley/Desktop/python/CS156-Machine-Learning/final/data/retail_images/segmented/dress/reformation_dresses_6a21db345b62_seg.jpg,/Users/ashley/Desktop/python/CS156-Machine-Learning/final/data/retail_images/segmentation_overlays/dress/reformation_dresses_6a21db345b62_overlay.jpg,Dress,Dress,,,,,,,fallback_copy,mask_area_out_of_range:0.0076,mattmdjaga/segformer_b2_clothes,copy
/Users/ashley/Desktop/python/CS156-Machine-Learning/final/data/retail_images/raw/dress/reformation_dresses_6f25b97744be.jpg,/Users/ashley/Desktop/python/CS156-Machine-Learning/final/data/retail_images/segmented/dress/reformation_dresses_6f25b97744be_seg.jpg,/Users/ashley/Desktop/python/CS156-Machine-Learning/final/data/retail_images/segmentation_overlays/dress/reformation_dresses_6f25b97744be_overlay.jpg,Dress,Dress,Dress,0.0780041666666666,220.0,109.0,365.0,695.0,fallback_copy,validation_too_small:145x586_fallback_copy,mattmdjaga/segformer_b2_clothes,copy
/Users/ashley/Desktop/python/CS156-Machine-Learning/final/data/retail_images/raw/dress/reformation_dresses_6f3f6aeb1c79.jpg,/Users/ashley/Desktop/python/CS156-Machine-Learning/final/data/retail_images/segmented/dress/reformation_dresses_6f3f6aeb1c79_seg.jpg,/Users/ashley/Desktop/python/CS156-Machine-Learning/final/data/retail_images/segmentation_overlays/dress/reformation_dresses_6f3f6aeb1c79_overlay.jpg,Dress,Dress,Dress,0.1787854166666666,144.0,226.0,462.0,724.0,segmented,ok,mattmdjaga/segformer_b2_clothes,crop_masked
/Users/ashley/Desktop/python/CS156-Machine-Learning/final/data/retail_images/raw/dress/reformation_dresses_705ec6569b59.jpg,/Users/ashley/Desktop/python/CS156-Machine-Learning/final/data/retail_images/segmented/dress/reformation_dresses_705ec6569b59_seg.jpg,/Users/ashley/Desktop/python/CS156-Machine-Learning/final/data/retail_images/segmentation_overlays/dress/reformation_dresses_705ec6569b59_overlay.jpg,Dress,Dress,,,,,,,fallback_copy,missing_target_mask,mattmdjaga/segformer_b2_clothes,copy
/Users/ashley/Desktop/python/CS156-Machine-Learning/final/data/retail_images/raw/dress/reformation_dresses_71e18755ec0a.jpg,/Users/ashley/Desktop/python/CS156-Machine-Learning/final/data/retail_images/segmented/dress/reformation_dresses_71e18755ec0a_seg.jpg,/Users/ashley/Desktop/python/CS156-Machine-Learning/final/data/retail_images/segmentation_overlays/dress/reformation_dresses_71e18755ec0a_overlay.jpg,Dress,Dress,Dress,0.1133833333333333,217.0,140.0,420.0,688.0,segmented,ok,mattmdjaga/segformer_b2_clothes,crop_masked
/Users/ashley/Desktop/python/CS156-Machine-Learning/final/data/retail_images/raw/dress/reformation_dresses_726b0f232199.jpg,/Users/ashley/Desktop/python/CS156-Machine-Learning/final/data/retail_images/segmented/dress/reformation_dresses_726b0f232199_seg.jpg,/Users/ashley/Desktop/python/CS156-Machine-Learning/final/data/retail_images/segmentation_overlays/dress/reformation_dresses_726b0f232199_overlay.jpg,Dress,Dress,Dress,0.22311875,165.0,100.0,437.0,800.0,segmented,ok,mattmdjaga/segformer_b2_clothes,crop_masked
/Users/ashley/Desktop/python/CS156-Machine-Learning/final/data/retail_images/raw/dress/reformation_dresses_74414faee27f.jpg,/Users/ashley/Desktop/python/CS156-Machine-Learning/final/data/retail_images/segmented/dress/reformation_dresses_74414faee27f_seg.jpg,/Users/ashley/Desktop/python/CS156-Machine-Learning/final/data/retail_images/segmentation_overlays/dress/reformation_dresses_74414faee27f_overlay.jpg,Dress,Dress,,,,,,,fallback_copy,missing_target_mask,mattmdjaga/segformer_b2_clothes,copy
/Users/ashley/Desktop/python/CS156-Machine-Learning/final/data/retail_images/raw/dress/reformation_dresses_75465779997b.jpg,/Users/ashley/Desktop/python/CS156-Machine-Learning/final/data/retail_images/segmented/dress/reformation_dresses_75465779997b_seg.jpg,/Users/ashley/Desktop/python/CS156-Machine-Learning/final/data/retail_images/segmentation_overlays/dress/reformation_dresses_75465779997b_overlay.jpg,Dress,Dress,Dress,0.1832125,116.0,77.0,506.0,725.0,segmented,ok,mattmdjaga/segformer_b2_clothes,crop_masked
/Users/ashley/Desktop/python/CS156-Machine-Learning/final/data/retail_images/raw/dress/reformation_dresses_837c8d323b64.jpg,/Users/ashley/Desktop/python/CS156-Machine-Learning/final/data/retail_images/segmented/dress/reformation_dresses_837c8d323b64_seg.jpg,/Users/ashley/Desktop/python/CS156-Machine-Learning/final/data/retail_images/segmentation_overlays/dress/reformation_dresses_837c8d323b64_overlay.jpg,Dress,Dress,Dress,0.2037520833333333,227.0,251.0,600.0,800.0,segmented,ok,mattmdjaga/segformer_b2_clothes,crop_masked
/Users/ashley/Desktop/python/CS156-Machine-Learning/final/data/retail_images/raw/dress/reformation_dresses_84972b1acf7f.jpg,/Users/ashley/Desktop/python/CS156-Machine-Learning/final/data/retail_images/segmented/dress/reformation_dresses_84972b1acf7f_seg.jpg,/Users/ashley/Desktop/python/CS156-Machine-Learning/final/data/retail_images/segmentation_overlays/dress/reformation_dresses_84972b1acf7f_overlay.jpg,Dress,Dress,Dress,0.1137125,260.0,106.0,460.0,763.0,segmented,ok,mattmdjaga/segformer_b2_clothes,crop_masked
/Users/ashley/Desktop/python/CS156-Machine-Learning/final/data/retail_images/raw/dress/reformation_dresses_84fc5d9ad427.jpg,/Users/ashley/Desktop/python/CS156-Machine-Learning/final/data/retail_images/segmented/dress/reformation_dresses_84fc5d9ad427_seg.jpg,/Users/ashley/Desktop/python/CS156-Machine-Learning/final/data/retail_images/segmentation_overlays/dress/reformation_dresses_84fc5d9ad427_overlay.jpg,Dress,Dress,Dress,0.0934096342867262,101.0,90.0,258.0,377.0,fallback_copy,validation_too_small:157x287_fallback_copy,mattmdjaga/segformer_b2_clothes,copy
/Users/ashley/Desktop/python/CS156-Machine-Learning/final/data/retail_images/raw/dress/reformation_dresses_89ac33f2d39e.jpg,/Users/ashley/Desktop/python/CS156-Machine-Learning/final/data/retail_images/segmented/dress/reformation_dresses_89ac33f2d39e_seg.jpg,/Users/ashley/Desktop/python/CS156-Machine-Learning/final/data/retail_images/segmentation_overlays/dress/reformation_dresses_89ac33f2d39e_overlay.jpg,Dress,Dress,,,,,,,fallback_copy,segmented_too_small:58x128,mattmdjaga/segformer_b2_clothes,copy
/Users/ashley/Desktop/python/CS156-Machine-Learning/final/data/retail_images/raw/dress/reformation_dresses_8bf100070d45.jpg,/Users/ashley/Desktop/python/CS156-Machine-Learning/final/data/retail_images/segmented/dress/reformation_dresses_8bf100070d45_seg.jpg,/Users/ashley/Desktop/python/CS156-Machine-Learning/final/data/retail_images/segmentation_overlays/dress/reformation_dresses_8bf100070d45_overlay.jpg,Dress,Dress,Dress,0.1825645833333333,80.0,88.0,571.0,740.0,segmented,ok,mattmdjaga/segformer_b2_clothes,crop_masked
/Users/ashley/Desktop/python/CS156-Machine-Learning/final/data/retail_images/raw/dress/reformation_dresses_9107af58ed68.jpg,/Users/ashley/Desktop/python/CS156-Machine-Learning/final/data/retail_images/segmented/dress/reformation_dresses_9107af58ed68_seg.jpg,/Users/ashley/Desktop/python/CS156-Machine-Learning/final/data/retail_images/segmentation_overlays/dress/reformation_dresses_9107af58ed68_overlay.jpg,Dress,Dress,Dress,0.2432375,58.0,235.0,513.0,800.0,segmented,ok,mattmdjaga/segformer_b2_clothes,crop_masked
/Users/ashley/Desktop/python/CS156-Machine-Learning/final/data/retail_images/raw/dress/reformation_dresses_9709cf03dfed.jpg,/Users/ashley/Desktop/python/CS156-Machine-Learning/final/data/retail_images/segmented/dress/reformation_dresses_9709cf03dfed_seg.jpg,/Users/ashley/Desktop/python/CS156-Machine-Learning/final/data/retail_images/segmentation_overlays/dress/reformation_dresses_9709cf03dfed_overlay.jpg,Dress,Dress,Dress,0.0698020833333333,210.0,140.0,361.0,561.0,fallback_copy,validation_too_small:151x421_fallback_copy,mattmdjaga/segformer_b2_clothes,copy
/Users/ashley/Desktop/python/CS156-Machine-Learning/final/data/retail_images/raw/dress/reformation_dresses_97d066afdb76.jpg,/Users/ashley/Desktop/python/CS156-Machine-Learning/final/data/retail_images/segmented/dress/reformation_dresses_97d066afdb76_seg.jpg,/Users/ashley/Desktop/python/CS156-Machine-Learning/final/data/retail_images/segmentation_overlays/dress/reformation_dresses_97d066afdb76_overlay.jpg,Dress,Dress,Dress,0.2216958333333333,160.0,177.0,461.0,800.0,segmented,ok,mattmdjaga/segformer_b2_clothes,crop_masked
/Users/ashley/Desktop/python/CS156-Machine-Learning/final/data/retail_images/raw/dress/reformation_dresses_9c3f1e3b4183.jpg,/Users/ashley/Desktop/python/CS156-Machine-Learning/final/data/retail_images/segmented/dress/reformation_dresses_9c3f1e3b4183_seg.jpg,/Users/ashley/Desktop/python/CS156-Machine-Learning/final/data/retail_images/segmentation_overlays/dress/reformation_dresses_9c3f1e3b4183_overlay.jpg,Dress,Dress,Dress,0.0565625,205.0,493.0,600.0,800.0,segmented,ok,mattmdjaga/segformer_b2_clothes,crop_masked
/Users/ashley/Desktop/python/CS156-Machine-Learning/final/data/retail_images/raw/dress/reformation_dresses_9cb23b38fede.jpg,/Users/ashley/Desktop/python/CS156-Machine-Learning/final/data/retail_images/segmented/dress/reformation_dresses_9cb23b38fede_seg.jpg,/Users/ashley/Desktop/python/CS156-Machine-Learning/final/data/retail_images/segmentation_overlays/dress/reformation_dresses_9cb23b38fede_overlay.jpg,Dress,Dress,Dress,0.1570182291666666,69.0,56.0,184.0,293.0,fallback_copy,validation_too_small:115x237_fallback_copy,mattmdjaga/segformer_b2_clothes,copy
/Users/ashley/Desktop/python/CS156-Machine-Learning/final/data/retail_images/raw/dress/reformation_dresses_a66d477fb82c.jpg,/Users/ashley/Desktop/python/CS156-Machine-Learning/final/data/retail_images/segmented/dress/reformation_dresses_a66d477fb82c_seg.jpg,/Users/ashley/Desktop/python/CS156-Machine-Learning/final/data/retail_images/segmentation_overlays/dress/reformation_dresses_a66d477fb82c_overlay.jpg,Dress,Dress,Dress,0.1736395833333333,157.0,177.0,405.0,800.0,segmented,ok,mattmdjaga/segformer_b2_clothes,crop_masked
/Users/ashley/Desktop/python/CS156-Machine-Learning/final/data/retail_images/raw/dress/reformation_dresses_ab795ec1bf46.jpg,/Users/ashley/Desktop/python/CS156-Machine-Learning/final/data/retail_images/segmented/dress/reformation_dresses_ab795ec1bf46_seg.jpg,/Users/ashley/Desktop/python/CS156-Machine-Learning/final/data/retail_images/segmentation_overlays/dress/reformation_dresses_ab795ec1bf46_overlay.jpg,Dress,Dress,Dress,0.30999375,0.0,164.0,600.0,800.0,segmented,ok,mattmdjaga/segformer_b2_clothes,crop_masked
/Users/ashley/Desktop/python/CS156-Machine-Learning/final/data/retail_images/raw/dress/reformation_dresses_ac4d52f6f71a.jpg,/Users/ashley/Desktop/python/CS156-Machine-Learning/final/data/retail_images/segmented/dress/reformation_dresses_ac4d52f6f71a_seg.jpg,/Users/ashley/Desktop/python/CS156-Machine-Learning/final/data/retail_images/segmentation_overlays/dress/reformation_dresses_ac4d52f6f71a_overlay.jpg,Dress,Dress,Dress,0.1235395833333333,187.0,150.0,443.0,717.0,segmented,ok,mattmdjaga/segformer_b2_clothes,crop_masked
/Users/ashley/Desktop/python/CS156-Machine-Learning/final/data/retail_images/raw/dress/reformation_dresses_b5c8b68dfd39.jpg,/Users/ashley/Desktop/python/CS156-Machine-Learning/final/data/retail_images/segmented/dress/reformation_dresses_b5c8b68dfd39_seg.jpg,/Users/ashley/Desktop/python/CS156-Machine-Learning/final/data/retail_images/segmentation_overlays/dress/reformation_dresses_b5c8b68dfd39_overlay.jpg,Dress,Dress,Dress,0.0553875,203.0,129.0,373.0,568.0,segmented,ok,mattmdjaga/segformer_b2_clothes,crop_masked
/Users/ashley/Desktop/python/CS156-Machine-Learning/final/data/retail_images/raw/dress/reformation_dresses_b5ca22ac4597.jpg,/Users/ashley/Desktop/python/CS156-Machine-Learning/final/data/retail_images/segmented/dress/reformation_dresses_b5ca22ac4597_seg.jpg,/Users/ashley/Desktop/python/CS156-Machine-Learning/final/data/retail_images/segmentation_overlays/dress/reformation_dresses_b5ca22ac4597_overlay.jpg,Dress,Dress,Dress,0.2395354166666666,116.0,120.0,467.0,797.0,segmented,ok,mattmdjaga/segformer_b2_clothes,crop_masked
/Users/ashley/Desktop/python/CS156-Machine-Learning/final/data/retail_images/raw/dress/reformation_dresses_b6ea2b87f9c2.jpg,/Users/ashley/Desktop/python/CS156-Machine-Learning/final/data/retail_images/segmented/dress/reformation_dresses_b6ea2b87f9c2_seg.jpg,/Users/ashley/Desktop/python/CS156-Machine-Learning/final/data/retail_images/segmentation_overlays/dress/reformation_dresses_b6ea2b87f9c2_overlay.jpg,Dress,Dress,,,,,,,fallback_copy,missing_target_mask,mattmdjaga/segformer_b2_clothes,copy
/Users/ashley/Desktop/python/CS156-Machine-Learning/final/data/retail_images/raw/dress/reformation_dresses_baae977ec6c6.jpg,/Users/ashley/Desktop/python/CS156-Machine-Learning/final/data/retail_images/segmented/dress/reformation_dresses_baae977ec6c6_seg.jpg,/Users/ashley/Desktop/python/CS156-Machine-Learning/final/data/retail_images/segmentation_overlays/dress/reformation_dresses_baae977ec6c6_overlay.jpg,Dress,Dress,Dress,0.1133020833333333,179.0,118.0,411.0,708.0,segmented,ok,mattmdjaga/segformer_b2_clothes,crop_masked
/Users/ashley/Desktop/python/CS156-Machine-Learning/final/data/retail_images/raw/dress/reformation_dresses_bf219950f8a0.jpg,/Users/ashley/Desktop/python/CS156-Machine-Learning/final/data/retail_images/segmented/dress/reformation_dresses_bf219950f8a0_seg.jpg,/Users/ashley/Desktop/python/CS156-Machine-Learning/final/data/retail_images/segmentation_overlays/dress/reformation_dresses_bf219950f8a0_overlay.jpg,Dress,Dress,Dress,0.12946875,187.0,139.0,423.0,701.0,segmented,ok,mattmdjaga/segformer_b2_clothes,crop_masked
/Users/ashley/Desktop/python/CS156-Machine-Learning/final/data/retail_images/raw/dress/reformation_dresses_c2ad3dcb2e08.jpg,/Users/ashley/Desktop/python/CS156-Machine-Learning/final/data/retail_images/segmented/dress/reformation_dresses_c2ad3dcb2e08_seg.jpg,/Users/ashley/Desktop/python/CS156-Machine-Learning/final/data/retail_images/segmentation_overlays/dress/reformation_dresses_c2ad3dcb2e08_overlay.jpg,Dress,Dress,Dress,0.0638291666666666,0.0,359.0,600.0,800.0,segmented,ok,mattmdjaga/segformer_b2_clothes,crop_masked
/Users/ashley/Desktop/python/CS156-Machine-Learning/final/data/retail_images/raw/dress/reformation_dresses_c9949d97edfc.jpg,/Users/ashley/Desktop/python/CS156-Machine-Learning/final/data/retail_images/segmented/dress/reformation_dresses_c9949d97edfc_seg.jpg,/Users/ashley/Desktop/python/CS156-Machine-Learning/final/data/retail_images/segmentation_overlays/dress/reformation_dresses_c9949d97edfc_overlay.jpg,Dress,Dress,Dress,0.1397645833333333,185.0,122.0,437.0,692.0,segmented,ok,mattmdjaga/segformer_b2_clothes,crop_masked
/Users/ashley/Desktop/python/CS156-Machine-Learning/final/data/retail_images/raw/dress/reformation_dresses_d456450b8f5e.jpg,/Users/ashley/Desktop/python/CS156-Machine-Learning/final/data/retail_images/segmented/dress/reformation_dresses_d456450b8f5e_seg.jpg,/Users/ashley/Desktop/python/CS156-Machine-Learning/final/data/retail_images/segmentation_overlays/dress/reformation_dresses_d456450b8f5e_overlay.jpg,Dress,Dress,Dress,0.1337583333333333,175.0,173.0,398.0,724.0,segmented,ok,mattmdjaga/segformer_b2_clothes,crop_masked
/Users/ashley/Desktop/python/CS156-Machine-Learning/final/data/retail_images/raw/dress/reformation_dresses_dd06ee547d56.jpg,/Users/ashley/Desktop/python/CS156-Machine-Learning/final/data/retail_images/segmented/dress/reformation_dresses_dd06ee547d56_seg.jpg,/Users/ashley/Desktop/python/CS156-Machine-Learning/final/data/retail_images/segmentation_overlays/dress/reformation_dresses_dd06ee547d56_overlay.jpg,Dress,Dress,Dress,0.0986604166666666,224.0,134.0,381.0,674.0,fallback_copy,validation_too_small:157x540_fallback_copy,mattmdjaga/segformer_b2_clothes,copy
/Users/ashley/Desktop/python/CS156-Machine-Learning/final/data/retail_images/raw/dress/reformation_dresses_dd41ac870ebb.jpg,/Users/ashley/Desktop/python/CS156-Machine-Learning/final/data/retail_images/segmented/dress/reformation_dresses_dd41ac870ebb_seg.jpg,/Users/ashley/Desktop/python/CS156-Machine-Learning/final/data/retail_images/segmentation_overlays/dress/reformation_dresses_dd41ac870ebb_overlay.jpg,Dress,Dress,Dress,0.2015479166666666,182.0,176.0,425.0,800.0,segmented,ok,mattmdjaga/segformer_b2_clothes,crop_masked
/Users/ashley/Desktop/python/CS156-Machine-Learning/final/data/retail_images/raw/dress/reformation_dresses_e4aa13116d63.jpg,/Users/ashley/Desktop/python/CS156-Machine-Learning/final/data/retail_images/segmented/dress/reformation_dresses_e4aa13116d63_seg.jpg,/Users/ashley/Desktop/python/CS156-Machine-Learning/final/data/retail_images/segmentation_overlays/dress/reformation_dresses_e4aa13116d63_overlay.jpg,Dress,Dress,Dress,0.3323145833333333,120.0,86.0,488.0,800.0,segmented,ok,mattmdjaga/segformer_b2_clothes,crop_masked
/Users/ashley/Desktop/python/CS156-Machine-Learning/final/data/retail_images/raw/dress/reformation_dresses_ed47b8ca26cd.jpg,/Users/ashley/Desktop/python/CS156-Machine-Learning/final/data/retail_images/segmented/dress/reformation_dresses_ed47b8ca26cd_seg.jpg,/Users/ashley/Desktop/python/CS156-Machine-Learning/final/data/retail_images/segmentation_overlays/dress/reformation_dresses_ed47b8ca26cd_overlay.jpg,Dress,Dress,Dress,0.1458708333333333,186.0,113.0,402.0,798.0,segmented,ok,mattmdjaga/segformer_b2_clothes,crop_masked
/Users/ashley/Desktop/python/CS156-Machine-Learning/final/data/retail_images/raw/dress/reformation_dresses_ee3aa0096e0d.jpg,/Users/ashley/Desktop/python/CS156-Machine-Learning/final/data/retail_images/segmented/dress/reformation_dresses_ee3aa0096e0d_seg.jpg,/Users/ashley/Desktop/python/CS156-Machine-Learning/final/data/retail_images/segmentation_overlays/dress/reformation_dresses_ee3aa0096e0d_overlay.jpg,Dress,Dress,Dress,0.0945104166666666,174.0,148.0,397.0,638.0,segmented,ok,mattmdjaga/segformer_b2_clothes,crop_masked
/Users/ashley/Desktop/python/CS156-Machine-Learning/final/data/retail_images/raw/dress/reformation_dresses_ee963964fbd9.jpg,/Users/ashley/Desktop/python/CS156-Machine-Learning/final/data/retail_images/segmented/dress/reformation_dresses_ee963964fbd9_seg.jpg,/Users/ashley/Desktop/python/CS156-Machine-Learning/final/data/retail_images/segmentation_overlays/dress/reformation_dresses_ee963964fbd9_overlay.jpg,Dress,Dress,Dress,0.1930520833333333,138.0,136.0,400.0,800.0,segmented,ok,mattmdjaga/segformer_b2_clothes,crop_masked
/Users/ashley/Desktop/python/CS156-Machine-Learning/final/data/retail_images/raw/dress/reformation_dresses_eff2966ea5d2.jpg,/Users/ashley/Desktop/python/CS156-Machine-Learning/final/data/retail_images/segmented/dress/reformation_dresses_eff2966ea5d2_seg.jpg,/Users/ashley/Desktop/python/CS156-Machine-Learning/final/data/retail_images/segmentation_overlays/dress/reformation_dresses_eff2966ea5d2_overlay.jpg,Dress,Dress,,,,,,,fallback_copy,segmented_too_small:69x96,mattmdjaga/segformer_b2_clothes,copy
/Users/ashley/Desktop/python/CS156-Machine-Learning/final/data/retail_images/raw/dress/reformation_dresses_f753efa7d225.jpg,/Users/ashley/Desktop/python/CS156-Machine-Learning/final/data/retail_images/segmented/dress/reformation_dresses_f753efa7d225_seg.jpg,/Users/ashley/Desktop/python/CS156-Machine-Learning/final/data/retail_images/segmentation_overlays/dress/reformation_dresses_f753efa7d225_overlay.jpg,Dress,Dress,Dress,0.1261541666666666,0.0,347.0,434.0,800.0,segmented,ok,mattmdjaga/segformer_b2_clothes,crop_masked
/Users/ashley/Desktop/python/CS156-Machine-Learning/final/data/retail_images/raw/coat/princess_polly_jackets_2189cc5d8ba8.jpg,/Users/ashley/Desktop/python/CS156-Machine-Learning/final/data/retail_images/segmented/coat/princess_polly_jackets_2189cc5d8ba8_seg.jpg,/Users/ashley/Desktop/python/CS156-Machine-Learning/final/data/retail_images/segmentation_overlays/coat/princess_polly_jackets_2189cc5d8ba8_overlay.jpg,Coat,Coat|Upper-clothes,Upper-clothes,0.3001094815964704,35.0,414.0,1345.0,1565.0,segmented,ok,mattmdjaga/segformer_b2_clothes,crop_masked
/Users/ashley/Desktop/python/CS156-Machine-Learning/final/data/retail_images/raw/coat/princess_polly_jackets_2c147bbf740a.jpg,/Users/ashley/Desktop/python/CS156-Machine-Learning/final/data/retail_images/segmented/coat/princess_polly_jackets_2c147bbf740a_seg.jpg,/Users/ashley/Desktop/python/CS156-Machine-Learning/final/data/retail_images/segmentation_overlays/coat/princess_polly_jackets_2c147bbf740a_overlay.jpg,Coat,Coat|Upper-clothes,Upper-clothes,0.4515145354021758,0.0,920.0,2492.0,3375.0,segmented,ok,mattmdjaga/segformer_b2_clothes,crop_masked
/Users/ashley/Desktop/python/CS156-Machine-Learning/final/data/retail_images/raw/coat/princess_polly_jackets_2c35b97c51c4.jpg,/Users/ashley/Desktop/python/CS156-Machine-Learning/final/data/retail_images/segmented/coat/princess_polly_jackets_2c35b97c51c4_seg.jpg,/Users/ashley/Desktop/python/CS156-Machine-Learning/final/data/retail_images/segmentation_overlays/coat/princess_polly_jackets_2c35b97c51c4_overlay.jpg,Coat,Coat|Upper-clothes,Upper-clothes,0.2556351386708529,0.0,458.0,1297.0,1541.0,segmented,ok,mattmdjaga/segformer_b2_clothes,crop_masked
/Users/ashley/Desktop/python/CS156-Machine-Learning/final/data/retail_images/raw/coat/princess_polly_jackets_3a662a388f42.jpg,/Users/ashley/Desktop/python/CS156-Machine-Learning/final/data/retail_images/segmented/coat/princess_polly_jackets_3a662a388f42_seg.jpg,/Users/ashley/Desktop/python/CS156-Machine-Learning/final/data/retail_images/segmentation_overlays/coat/princess_polly_jackets_3a662a388f42_overlay.jpg,Coat,Coat|Upper-clothes,Upper-clothes,0.3392724375995751,13.0,340.0,1345.0,1592.0,segmented,ok,mattmdjaga/segformer_b2_clothes,crop_masked
/Users/ashley/Desktop/python/CS156-Machine-Learning/final/data/retail_images/raw/coat/princess_polly_jackets_3d1fa754d1b7.jpg,/Users/ashley/Desktop/python/CS156-Machine-Learning/final/data/retail_images/segmented/coat/princess_polly_jackets_3d1fa754d1b7_seg.jpg,/Users/ashley/Desktop/python/CS156-Machine-Learning/final/data/retail_images/segmentation_overlays/coat/princess_polly_jackets_3d1fa754d1b7_overlay.jpg,Coat,Coat|Upper-clothes,Upper-clothes,0.4480466705913134,0.0,86.0,1344.0,1820.0,segmented,ok,mattmdjaga/segformer_b2_clothes,crop_masked
/Users/ashley/Desktop/python/CS156-Machine-Learning/final/data/retail_images/raw/coat/princess_polly_jackets_5bed9999e48a.jpg,/Users/ashley/Desktop/python/CS156-Machine-Learning/final/data/retail_images/segmented/coat/princess_polly_jackets_5bed9999e48a_seg.jpg,/Users/ashley/Desktop/python/CS156-Machine-Learning/final/data/retail_images/segmentation_overlays/coat/princess_polly_jackets_5bed9999e48a_overlay.jpg,Coat,Coat|Upper-clothes,Upper-clothes,0.2684541852199845,43.0,381.0,1179.0,1702.0,segmented,ok,mattmdjaga/segformer_b2_clothes,crop_masked
/Users/ashley/Desktop/python/CS156-Machine-Learning/final/data/retail_images/raw/coat/princess_polly_jackets_5ceb66c18310.jpg,/Users/ashley/Desktop/python/CS156-Machine-Learning/final/data/retail_images/segmented/coat/princess_polly_jackets_5ceb66c18310_seg.jpg,/Users/ashley/Desktop/python/CS156-Machine-Learning/final/data/retail_images/segmentation_overlays/coat/princess_polly_jackets_5ceb66c18310_overlay.jpg,Coat,Coat|Upper-clothes,Upper-clothes,0.1241815334929743,30.0,381.0,1345.0,1551.0,segmented,ok,mattmdjaga/segformer_b2_clothes,crop_masked
/Users/ashley/Desktop/python/CS156-Machine-Learning/final/data/retail_images/raw/coat/princess_polly_jackets_5edde275b0b7.jpg,/Users/ashley/Desktop/python/CS156-Machine-Learning/final/data/retail_images/segmented/coat/princess_polly_jackets_5edde275b0b7_seg.jpg,/Users/ashley/Desktop/python/CS156-Machine-Learning/final/data/retail_images/segmentation_overlays/coat/princess_polly_jackets_5edde275b0b7_overlay.jpg,Coat,Coat|Upper-clothes,Upper-clothes,0.3069635197516238,214.0,404.0,1168.0,1737.0,segmented,ok,mattmdjaga/segformer_b2_clothes,crop_masked
/Users/ashley/Desktop/python/CS156-Machine-Learning/final/data/retail_images/raw/coat/princess_polly_jackets_5ee340a62e19.jpg,/Users/ashley/Desktop/python/CS156-Machine-Learning/final/data/retail_images/segmented/coat/princess_polly_jackets_5ee340a62e19_seg.jpg,/Users/ashley/Desktop/python/CS156-Machine-Learning/final/data/retail_images/segmentation_overlays/coat/princess_polly_jackets_5ee340a62e19_overlay.jpg,Coat,Coat|Upper-clothes,Upper-clothes,0.3718933967817896,0.0,323.0,1299.0,1745.0,segmented,ok,mattmdjaga/segformer_b2_clothes,crop_masked
/Users/ashley/Desktop/python/CS156-Machine-Learning/final/data/retail_images/raw/coat/princess_polly_jackets_6bd564c5f9be.jpg,/Users/ashley/Desktop/python/CS156-Machine-Learning/final/data/retail_images/segmented/coat/princess_polly_jackets_6bd564c5f9be_seg.jpg,/Users/ashley/Desktop/python/CS156-Machine-Learning/final/data/retail_images/segmentation_overlays/coat/princess_polly_jackets_6bd564c5f9be_overlay.jpg,Coat,Coat|Upper-clothes,Upper-clothes,0.4273057299843014,72.0,141.0,1321.0,1769.0,segmented,ok,mattmdjaga/segformer_b2_clothes,crop_masked
/Users/ashley/Desktop/python/CS156-Machine-Learning/final/data/retail_images/raw/coat/princess_polly_jackets_795f00684060.jpg,/Users/ashley/Desktop/python/CS156-Machine-Learning/final/data/retail_images/segmented/coat/princess_polly_jackets_795f00684060_seg.jpg,/Users/ashley/Desktop/python/CS156-Machine-Learning/final/data/retail_images/segmentation_overlays/coat/princess_polly_jackets_795f00684060_overlay.jpg,Coat,Coat|Upper-clothes,Upper-clothes,0.3900322148090005,71.0,290.0,1259.0,1810.0,segmented,ok,mattmdjaga/segformer_b2_clothes,crop_masked
/Users/ashley/Desktop/python/CS156-Machine-Learning/final/data/retail_images/raw/coat/princess_polly_jackets_7b274a6fddc1.jpg,/Users/ashley/Desktop/python/CS156-Machine-Learning/final/data/retail_images/segmented/coat/princess_polly_jackets_7b274a6fddc1_seg.jpg,/Users/ashley/Desktop/python/CS156-Machine-Learning/final/data/retail_images/segmentation_overlays/coat/princess_polly_jackets_7b274a6fddc1_overlay.jpg,Coat,Coat|Upper-clothes,Upper-clothes,0.111477138932496,372.0,38.0,1174.0,853.0,segmented,ok,mattmdjaga/segformer_b2_clothes,crop_masked
/Users/ashley/Desktop/python/CS156-Machine-Learning/final/data/retail_images/raw/coat/princess_polly_jackets_849e4ddc1e46.jpg,/Users/ashley/Desktop/python/CS156-Machine-Learning/final/data/retail_images/segmented/coat/princess_polly_jackets_849e4ddc1e46_seg.jpg,/Users/ashley/Desktop/python/CS156-Machine-Learning/final/data/retail_images/segmentation_overlays/coat/princess_polly_jackets_849e4ddc1e46_overlay.jpg,Coat,Coat|Upper-clothes,Upper-clothes,0.2930160110564684,85.0,0.0,1268.0,1132.0,segmented,ok,mattmdjaga/segformer_b2_clothes,crop_masked
/Users/ashley/Desktop/python/CS156-Machine-Learning/final/data/retail_images/raw/coat/princess_polly_jackets_87ef68ad0b70.jpg,/Users/ashley/Desktop/python/CS156-Machine-Learning/final/data/retail_images/segmented/coat/princess_polly_jackets_87ef68ad0b70_seg.jpg,/Users/ashley/Desktop/python/CS156-Machine-Learning/final/data/retail_images/segmentation_overlays/coat/princess_polly_jackets_87ef68ad0b70_overlay.jpg,Coat,Coat|Upper-clothes,Upper-clothes,0.3250729196454103,55.0,323.0,1184.0,1656.0,segmented,ok,mattmdjaga/segformer_b2_clothes,crop_masked
/Users/ashley/Desktop/python/CS156-Machine-Learning/final/data/retail_images/raw/coat/princess_polly_jackets_8ff326aeda1f.jpg,/Users/ashley/Desktop/python/CS156-Machine-Learning/final/data/retail_images/segmented/coat/princess_polly_jackets_8ff326aeda1f_seg.jpg,/Users/ashley/Desktop/python/CS156-Machine-Learning/final/data/retail_images/segmentation_overlays/coat/princess_polly_jackets_8ff326aeda1f_overlay.jpg,Coat,Coat|Upper-clothes,Upper-clothes,0.2620249542124542,85.0,362.0,1336.0,1519.0,segmented,ok,mattmdjaga/segformer_b2_clothes,crop_masked
/Users/ashley/Desktop/python/CS156-Machine-Learning/final/data/retail_images/raw/coat/princess_polly_jackets_901cd8cdc415.jpg,/Users/ashley/Desktop/python/CS156-Machine-Learning/final/data/retail_images/segmented/coat/princess_polly_jackets_901cd8cdc415_seg.jpg,/Users/ashley/Desktop/python/CS156-Machine-Learning/final/data/retail_images/segmentation_overlays/coat/princess_polly_jackets_901cd8cdc415_overlay.jpg,Coat,Coat|Upper-clothes,Upper-clothes,0.1999771232484987,192.0,480.0,1241.0,1576.0,segmented,ok,mattmdjaga/segformer_b2_clothes,crop_masked
/Users/ashley/Desktop/python/CS156-Machine-Learning/final/data/retail_images/raw/coat/princess_polly_jackets_954a65f9d13e.jpg,/Users/ashley/Desktop/python/CS156-Machine-Learning/final/data/retail_images/segmented/coat/princess_polly_jackets_954a65f9d13e_seg.jpg,/Users/ashley/Desktop/python/CS156-Machine-Learning/final/data/retail_images/segmentation_overlays/coat/princess_polly_jackets_954a65f9d13e_overlay.jpg,Coat,Coat|Upper-clothes,Upper-clothes,0.1972208594976452,148.0,293.0,1139.0,1427.0,segmented,ok,mattmdjaga/segformer_b2_clothes,crop_masked
/Users/ashley/Desktop/python/CS156-Machine-Learning/final/data/retail_images/raw/coat/princess_polly_jackets_b09da89d72f2.jpg,/Users/ashley/Desktop/python/CS156-Machine-Learning/final/data/retail_images/segmented/coat/princess_polly_jackets_b09da89d72f2_seg.jpg,/Users/ashley/Desktop/python/CS156-Machine-Learning/final/data/retail_images/segmentation_overlays/coat/princess_polly_jackets_b09da89d72f2_overlay.jpg,Coat,Coat|Upper-clothes,Upper-clothes,0.2771060909350872,177.0,465.0,1317.0,1800.0,segmented,ok,mattmdjaga/segformer_b2_clothes,crop_masked
/Users/ashley/Desktop/python/CS156-Machine-Learning/final/data/retail_images/raw/coat/princess_polly_jackets_c27920dc154e.jpg,/Users/ashley/Desktop/python/CS156-Machine-Learning/final/data/retail_images/segmented/coat/princess_polly_jackets_c27920dc154e_seg.jpg,/Users/ashley/Desktop/python/CS156-Machine-Learning/final/data/retail_images/segmentation_overlays/coat/princess_polly_jackets_c27920dc154e_overlay.jpg,Coat,Coat|Upper-clothes,Upper-clothes,0.2426016319989534,78.0,398.0,1220.0,1511.0,segmented,ok,mattmdjaga/segformer_b2_clothes,crop_masked
/Users/ashley/Desktop/python/CS156-Machine-Learning/final/data/retail_images/raw/coat/princess_polly_jackets_f3fba15fb253.jpg,/Users/ashley/Desktop/python/CS156-Machine-Learning/final/data/retail_images/segmented/coat/princess_polly_jackets_f3fba15fb253_seg.jpg,/Users/ashley/Desktop/python/CS156-Machine-Learning/final/data/retail_images/segmentation_overlays/coat/princess_polly_jackets_f3fba15fb253_overlay.jpg,Coat,Coat|Upper-clothes,Upper-clothes,0.3915680138165026,0.0,69.0,1326.0,1821.0,segmented,ok,mattmdjaga/segformer_b2_clothes,crop_masked
/Users/ashley/Desktop/python/CS156-Machine-Learning/final/data/retail_images/raw/coat/reformation_jackets_and_coats_02fff60b76e3.jpg,/Users/ashley/Desktop/python/CS156-Machine-Learning/final/data/retail_images/segmented/coat/reformation_jackets_and_coats_02fff60b76e3_seg.jpg,/Users/ashley/Desktop/python/CS156-Machine-Learning/final/data/retail_images/segmentation_overlays/coat/reformation_jackets_and_coats_02fff60b76e3_overlay.jpg,Coat,Coat|Upper-clothes,,,,,,,fallback_copy,missing_target_mask,mattmdjaga/segformer_b2_clothes,copy
/Users/ashley/Desktop/python/CS156-Machine-Learning/final/data/retail_images/raw/coat/reformation_jackets_and_coats_06d426db7db4.jpg,/Users/ashley/Desktop/python/CS156-Machine-Learning/final/data/retail_images/segmented/coat/reformation_jackets_and_coats_06d426db7db4_seg.jpg,/Users/ashley/Desktop/python/CS156-Machine-Learning/final/data/retail_images/segmentation_overlays/coat/reformation_jackets_and_coats_06d426db7db4_overlay.jpg,Coat,Coat|Upper-clothes,Upper-clothes,0.0841541666666666,196.0,164.0,434.0,489.0,segmented,ok,mattmdjaga/segformer_b2_clothes,crop_masked
/Users/ashley/Desktop/python/CS156-Machine-Learning/final/data/retail_images/raw/coat/reformation_jackets_and_coats_0a0346e4a700.jpg,/Users/ashley/Desktop/python/CS156-Machine-Learning/final/data/retail_images/segmented/coat/reformation_jackets_and_coats_0a0346e4a700_seg.jpg,/Users/ashley/Desktop/python/CS156-Machine-Learning/final/data/retail_images/segmentation_overlays/coat/reformation_jackets_and_coats_0a0346e4a700_overlay.jpg,Coat,Coat|Upper-clothes,Upper-clothes,0.13138125,90.0,178.0,567.0,497.0,segmented,ok,mattmdjaga/segformer_b2_clothes,crop_masked
/Users/ashley/Desktop/python/CS156-Machine-Learning/final/data/retail_images/raw/coat/reformation_jackets_and_coats_0afc2460959e.jpg,/Users/ashley/Desktop/python/CS156-Machine-Learning/final/data/retail_images/segmented/coat/reformation_jackets_and_coats_0afc2460959e_seg.jpg,/Users/ashley/Desktop/python/CS156-Machine-Learning/final/data/retail_images/segmentation_overlays/coat/reformation_jackets_and_coats_0afc2460959e_overlay.jpg,Coat,Coat|Upper-clothes,Upper-clothes,0.1578645833333333,155.0,106.0,420.0,698.0,segmented,ok,mattmdjaga/segformer_b2_clothes,crop_masked
/Users/ashley/Desktop/python/CS156-Machine-Learning/final/data/retail_images/raw/coat/reformation_jackets_and_coats_0d1f199a8937.jpg,/Users/ashley/Desktop/python/CS156-Machine-Learning/final/data/retail_images/segmented/coat/reformation_jackets_and_coats_0d1f199a8937_seg.jpg,/Users/ashley/Desktop/python/CS156-Machine-Learning/final/data/retail_images/segmentation_overlays/coat/reformation_jackets_and_coats_0d1f199a8937_overlay.jpg,Coat,Coat|Upper-clothes,Upper-clothes,0.5270958333333333,0.0,233.0,600.0,800.0,segmented,ok,mattmdjaga/segformer_b2_clothes,crop_masked
/Users/ashley/Desktop/python/CS156-Machine-Learning/final/data/retail_images/raw/coat/reformation_jackets_and_coats_0efe4778e60f.jpg,/Users/ashley/Desktop/python/CS156-Machine-Learning/final/data/retail_images/segmented/coat/reformation_jackets_and_coats_0efe4778e60f_seg.jpg,/Users/ashley/Desktop/python/CS156-Machine-Learning/final/data/retail_images/segmentation_overlays/coat/reformation_jackets_and_coats_0efe4778e60f_overlay.jpg,Coat,Coat|Upper-clothes,Upper-clothes,0.1401083333333333,167.0,111.0,429.0,624.0,segmented,ok,mattmdjaga/segformer_b2_clothes,crop_masked
/Users/ashley/Desktop/python/CS156-Machine-Learning/final/data/retail_images/raw/coat/reformation_jackets_and_coats_0f05b41e66c8.jpg,/Users/ashley/Desktop/python/CS156-Machine-Learning/final/data/retail_images/segmented/coat/reformation_jackets_and_coats_0f05b41e66c8_seg.jpg,/Users/ashley/Desktop/python/CS156-Machine-Learning/final/data/retail_images/segmentation_overlays/coat/reformation_jackets_and_coats_0f05b41e66c8_overlay.jpg,Coat,Coat|Upper-clothes,Upper-clothes,0.16984375,180.0,98.0,436.0,659.0,segmented,ok,mattmdjaga/segformer_b2_clothes,crop_masked
/Users/ashley/Desktop/python/CS156-Machine-Learning/final/data/retail_images/raw/coat/reformation_jackets_and_coats_13afbe39d8ff.jpg,/Users/ashley/Desktop/python/CS156-Machine-Learning/final/data/retail_images/segmented/coat/reformation_jackets_and_coats_13afbe39d8ff_seg.jpg,/Users/ashley/Desktop/python/CS156-Machine-Learning/final/data/retail_images/segmentation_overlays/coat/reformation_jackets_and_coats_13afbe39d8ff_overlay.jpg,Coat,Coat|Upper-clothes,Upper-clothes,0.3573708333333333,0.0,419.0,600.0,800.0,segmented,ok,mattmdjaga/segformer_b2_clothes,crop_masked
/Users/ashley/Desktop/python/CS156-Machine-Learning/final/data/retail_images/raw/coat/reformation_jackets_and_coats_1876ebdcfe74.jpg,/Users/ashley/Desktop/python/CS156-Machine-Learning/final/data/retail_images/segmented/coat/reformation_jackets_and_coats_1876ebdcfe74_seg.jpg,/Users/ashley/Desktop/python/CS156-Machine-Learning/final/data/retail_images/segmentation_overlays/coat/reformation_jackets_and_coats_1876ebdcfe74_overlay.jpg,Coat,Coat|Upper-clothes,Upper-clothes,0.2739270833333333,89.0,118.0,513.0,683.0,segmented,ok,mattmdjaga/segformer_b2_clothes,crop_masked
/Users/ashley/Desktop/python/CS156-Machine-Learning/final/data/retail_images/raw/coat/reformation_jackets_and_coats_1c532533cdb2.jpg,/Users/ashley/Desktop/python/CS156-Machine-Learning/final/data/retail_images/segmented/coat/reformation_jackets_and_coats_1c532533cdb2_seg.jpg,/Users/ashley/Desktop/python/CS156-Machine-Learning/final/data/retail_images/segmentation_overlays/coat/reformation_jackets_and_coats_1c532533cdb2_overlay.jpg,Coat,Coat|Upper-clothes,Upper-clothes,0.0799520833333333,179.0,121.0,431.0,436.0,segmented,ok,mattmdjaga/segformer_b2_clothes,crop_masked
/Users/ashley/Desktop/python/CS156-Machine-Learning/final/data/retail_images/raw/coat/reformation_jackets_and_coats_1ecf8117cc1b.jpg,/Users/ashley/Desktop/python/CS156-Machine-Learning/final/data/retail_images/segmented/coat/reformation_jackets_and_coats_1ecf8117cc1b_seg.jpg,/Users/ashley/Desktop/python/CS156-Machine-Learning/final/data/retail_images/segmentation_overlays/coat/reformation_jackets_and_coats_1ecf8117cc1b_overlay.jpg,Coat,Coat|Upper-clothes,Upper-clothes,0.4886,0.0,261.0,600.0,800.0,segmented,ok,mattmdjaga/segformer_b2_clothes,crop_masked
/Users/ashley/Desktop/python/CS156-Machine-Learning/final/data/retail_images/raw/coat/reformation_jackets_and_coats_21098d0d610b.jpg,/Users/ashley/Desktop/python/CS156-Machine-Learning/final/data/retail_images/segmented/coat/reformation_jackets_and_coats_21098d0d610b_seg.jpg,/Users/ashley/Desktop/python/CS156-Machine-Learning/final/data/retail_images/segmentation_overlays/coat/reformation_jackets_and_coats_21098d0d610b_overlay.jpg,Coat,Coat|Upper-clothes,Upper-clothes,0.330775,160.0,136.0,576.0,800.0,segmented,ok,mattmdjaga/segformer_b2_clothes,crop_masked
/Users/ashley/Desktop/python/CS156-Machine-Learning/final/data/retail_images/raw/coat/reformation_jackets_and_coats_23165c9fa4c3.jpg,/Users/ashley/Desktop/python/CS156-Machine-Learning/final/data/retail_images/segmented/coat/reformation_jackets_and_coats_23165c9fa4c3_seg.jpg,/Users/ashley/Desktop/python/CS156-Machine-Learning/final/data/retail_images/segmentation_overlays/coat/reformation_jackets_and_coats_23165c9fa4c3_overlay.jpg,Coat,Coat|Upper-clothes,Upper-clothes,0.1726979166666666,107.0,87.0,436.0,654.0,segmented,ok,mattmdjaga/segformer_b2_clothes,crop_masked
/Users/ashley/Desktop/python/CS156-Machine-Learning/final/data/retail_images/raw/coat/reformation_jackets_and_coats_29301a8567d0.jpg,/Users/ashley/Desktop/python/CS156-Machine-Learning/final/data/retail_images/segmented/coat/reformation_jackets_and_coats_29301a8567d0_seg.jpg,/Users/ashley/Desktop/python/CS156-Machine-Learning/final/data/retail_images/segmentation_overlays/coat/reformation_jackets_and_coats_29301a8567d0_overlay.jpg,Coat,Coat|Upper-clothes,Upper-clothes,0.3585833333333333,10.0,132.0,552.0,773.0,segmented,ok,mattmdjaga/segformer_b2_clothes,crop_masked
/Users/ashley/Desktop/python/CS156-Machine-Learning/final/data/retail_images/raw/coat/reformation_jackets_and_coats_2aae12ce5928.jpg,/Users/ashley/Desktop/python/CS156-Machine-Learning/final/data/retail_images/segmented/coat/reformation_jackets_and_coats_2aae12ce5928_seg.jpg,/Users/ashley/Desktop/python/CS156-Machine-Learning/final/data/retail_images/segmentation_overlays/coat/reformation_jackets_and_coats_2aae12ce5928_overlay.jpg,Coat,Coat|Upper-clothes,Upper-clothes,0.1802645833333333,139.0,102.0,461.0,662.0,segmented,ok,mattmdjaga/segformer_b2_clothes,crop_masked
/Users/ashley/Desktop/python/CS156-Machine-Learning/final/data/retail_images/raw/coat/reformation_jackets_and_coats_2e09756d940b.jpg,/Users/ashley/Desktop/python/CS156-Machine-Learning/final/data/retail_images/segmented/coat/reformation_jackets_and_coats_2e09756d940b_seg.jpg,/Users/ashley/Desktop/python/CS156-Machine-Learning/final/data/retail_images/segmentation_overlays/coat/reformation_jackets_and_coats_2e09756d940b_overlay.jpg,Coat,Coat|Upper-clothes,Upper-clothes,0.091325,112.0,109.0,389.0,458.0,segmented,ok,mattmdjaga/segformer_b2_clothes,crop_masked
/Users/ashley/Desktop/python/CS156-Machine-Learning/final/data/retail_images/raw/coat/reformation_jackets_and_coats_30caf09d7112.jpg,/Users/ashley/Desktop/python/CS156-Machine-Learning/final/data/retail_images/segmented/coat/reformation_jackets_and_coats_30caf09d7112_seg.jpg,/Users/ashley/Desktop/python/CS156-Machine-Learning/final/data/retail_images/segmentation_overlays/coat/reformation_jackets_and_coats_30caf09d7112_overlay.jpg,Coat,Coat|Upper-clothes,Upper-clothes,0.20856875,77.0,132.0,472.0,667.0,segmented,ok,mattmdjaga/segformer_b2_clothes,crop_masked
/Users/ashley/Desktop/python/CS156-Machine-Learning/final/data/retail_images/raw/coat/reformation_jackets_and_coats_36381cc8b51d.jpg,/Users/ashley/Desktop/python/CS156-Machine-Learning/final/data/retail_images/segmented/coat/reformation_jackets_and_coats_36381cc8b51d_seg.jpg,/Users/ashley/Desktop/python/CS156-Machine-Learning/final/data/retail_images/segmentation_overlays/coat/reformation_jackets_and_coats_36381cc8b51d_overlay.jpg,Coat,Coat|Upper-clothes,Upper-clothes,0.19120625,51.0,120.0,533.0,609.0,segmented,ok,mattmdjaga/segformer_b2_clothes,crop_masked
/Users/ashley/Desktop/python/CS156-Machine-Learning/final/data/retail_images/raw/coat/reformation_jackets_and_coats_3975a6bc0aea.jpg,/Users/ashley/Desktop/python/CS156-Machine-Learning/final/data/retail_images/segmented/coat/reformation_jackets_and_coats_3975a6bc0aea_seg.jpg,/Users/ashley/Desktop/python/CS156-Machine-Learning/final/data/retail_images/segmentation_overlays/coat/reformation_jackets_and_coats_3975a6bc0aea_overlay.jpg,Coat,Coat|Upper-clothes,Upper-clothes,0.301925,41.0,86.0,518.0,800.0,segmented,ok,mattmdjaga/segformer_b2_clothes,crop_masked
/Users/ashley/Desktop/python/CS156-Machine-Learning/final/data/retail_images/raw/coat/reformation_jackets_and_coats_3f08fe36fbf2.jpg,/Users/ashley/Desktop/python/CS156-Machine-Learning/final/data/retail_images/segmented/coat/reformation_jackets_and_coats_3f08fe36fbf2_seg.jpg,/Users/ashley/Desktop/python/CS156-Machine-Learning/final/data/retail_images/segmentation_overlays/coat/reformation_jackets_and_coats_3f08fe36fbf2_overlay.jpg,Coat,Coat|Upper-clothes,Upper-clothes,0.07421875,164.0,150.0,420.0,430.0,segmented,ok,mattmdjaga/segformer_b2_clothes,crop_masked
/Users/ashley/Desktop/python/CS156-Machine-Learning/final/data/retail_images/raw/coat/reformation_jackets_and_coats_42cd43b01312.jpg,/Users/ashley/Desktop/python/CS156-Machine-Learning/final/data/retail_images/segmented/coat/reformation_jackets_and_coats_42cd43b01312_seg.jpg,/Users/ashley/Desktop/python/CS156-Machine-Learning/final/data/retail_images/segmentation_overlays/coat/reformation_jackets_and_coats_42cd43b01312_overlay.jpg,Coat,Coat|Upper-clothes,Upper-clothes,0.375925,64.0,94.0,554.0,800.0,segmented,ok,mattmdjaga/segformer_b2_clothes,crop_masked
/Users/ashley/Desktop/python/CS156-Machine-Learning/final/data/retail_images/raw/coat/reformation_jackets_and_coats_4612324284a6.jpg,/Users/ashley/Desktop/python/CS156-Machine-Learning/final/data/retail_images/segmented/coat/reformation_jackets_and_coats_4612324284a6_seg.jpg,/Users/ashley/Desktop/python/CS156-Machine-Learning/final/data/retail_images/segmentation_overlays/coat/reformation_jackets_and_coats_4612324284a6_overlay.jpg,Coat,Coat|Upper-clothes,Upper-clothes,0.268875,159.0,101.0,516.0,800.0,segmented,ok,mattmdjaga/segformer_b2_clothes,crop_masked
/Users/ashley/Desktop/python/CS156-Machine-Learning/final/data/retail_images/raw/coat/reformation_jackets_and_coats_47d035441c63.jpg,/Users/ashley/Desktop/python/CS156-Machine-Learning/final/data/retail_images/segmented/coat/reformation_jackets_and_coats_47d035441c63_seg.jpg,/Users/ashley/Desktop/python/CS156-Machine-Learning/final/data/retail_images/segmentation_overlays/coat/reformation_jackets_and_coats_47d035441c63_overlay.jpg,Coat,Coat|Upper-clothes,Upper-clothes,0.0764666666666666,166.0,109.0,440.0,477.0,segmented,ok,mattmdjaga/segformer_b2_clothes,crop_masked
/Users/ashley/Desktop/python/CS156-Machine-Learning/final/data/retail_images/raw/coat/reformation_jackets_and_coats_4a661b8dcf6e.jpg,/Users/ashley/Desktop/python/CS156-Machine-Learning/final/data/retail_images/segmented/coat/reformation_jackets_and_coats_4a661b8dcf6e_seg.jpg,/Users/ashley/Desktop/python/CS156-Machine-Learning/final/data/retail_images/segmentation_overlays/coat/reformation_jackets_and_coats_4a661b8dcf6e_overlay.jpg,Coat,Coat|Upper-clothes,Upper-clothes,0.0635791666666666,182.0,142.0,432.0,465.0,segmented,ok,mattmdjaga/segformer_b2_clothes,crop_masked
/Users/ashley/Desktop/python/CS156-Machine-Learning/final/data/retail_images/raw/coat/reformation_jackets_and_coats_4c7c5a1d4603.jpg,/Users/ashley/Desktop/python/CS156-Machine-Learning/final/data/retail_images/segmented/coat/reformation_jackets_and_coats_4c7c5a1d4603_seg.jpg,/Users/ashley/Desktop/python/CS156-Machine-Learning/final/data/retail_images/segmentation_overlays/coat/reformation_jackets_and_coats_4c7c5a1d4603_overlay.jpg,Coat,Coat|Upper-clothes,Upper-clothes,0.3045104166666667,100.0,130.0,506.0,800.0,segmented,ok,mattmdjaga/segformer_b2_clothes,crop_masked
/Users/ashley/Desktop/python/CS156-Machine-Learning/final/data/retail_images/raw/coat/reformation_jackets_and_coats_6289a8e0b47d.jpg,/Users/ashley/Desktop/python/CS156-Machine-Learning/final/data/retail_images/segmented/coat/reformation_jackets_and_coats_6289a8e0b47d_seg.jpg,/Users/ashley/Desktop/python/CS156-Machine-Learning/final/data/retail_images/segmentation_overlays/coat/reformation_jackets_and_coats_6289a8e0b47d_overlay.jpg,Coat,Coat|Upper-clothes,Upper-clothes,0.25419375,31.0,143.0,520.0,748.0,segmented,ok,mattmdjaga/segformer_b2_clothes,crop_masked
/Users/ashley/Desktop/python/CS156-Machine-Learning/final/data/retail_images/raw/coat/reformation_jackets_and_coats_709072f8bdc9.jpg,/Users/ashley/Desktop/python/CS156-Machine-Learning/final/data/retail_images/segmented/coat/reformation_jackets_and_coats_709072f8bdc9_seg.jpg,/Users/ashley/Desktop/python/CS156-Machine-Learning/final/data/retail_images/segmentation_overlays/coat/reformation_jackets_and_coats_709072f8bdc9_overlay.jpg,Coat,Coat|Upper-clothes,Upper-clothes,0.1243416666666666,204.0,104.0,402.0,645.0,segmented,ok,mattmdjaga/segformer_b2_clothes,crop_masked
/Users/ashley/Desktop/python/CS156-Machine-Learning/final/data/retail_images/raw/coat/reformation_jackets_and_coats_72692616bd22.jpg,/Users/ashley/Desktop/python/CS156-Machine-Learning/final/data/retail_images/segmented/coat/reformation_jackets_and_coats_72692616bd22_seg.jpg,/Users/ashley/Desktop/python/CS156-Machine-Learning/final/data/retail_images/segmentation_overlays/coat/reformation_jackets_and_coats_72692616bd22_overlay.jpg,Coat,Coat|Upper-clothes,Upper-clothes,0.3025,82.0,125.0,520.0,782.0,segmented,ok,mattmdjaga/segformer_b2_clothes,crop_masked
/Users/ashley/Desktop/python/CS156-Machine-Learning/final/data/retail_images/raw/coat/reformation_jackets_and_coats_7401cfb697a4.jpg,/Users/ashley/Desktop/python/CS156-Machine-Learning/final/data/retail_images/segmented/coat/reformation_jackets_and_coats_7401cfb697a4_seg.jpg,/Users/ashley/Desktop/python/CS156-Machine-Learning/final/data/retail_images/segmentation_overlays/coat/reformation_jackets_and_coats_7401cfb697a4_overlay.jpg,Coat,Coat|Upper-clothes,Upper-clothes,0.1536395833333333,173.0,101.0,411.0,635.0,segmented,ok,mattmdjaga/segformer_b2_clothes,crop_masked
/Users/ashley/Desktop/python/CS156-Machine-Learning/final/data/retail_images/raw/coat/reformation_jackets_and_coats_7c2dda78f0ff.jpg,/Users/ashley/Desktop/python/CS156-Machine-Learning/final/data/retail_images/segmented/coat/reformation_jackets_and_coats_7c2dda78f0ff_seg.jpg,/Users/ashley/Desktop/python/CS156-Machine-Learning/final/data/retail_images/segmentation_overlays/coat/reformation_jackets_and_coats_7c2dda78f0ff_overlay.jpg,Coat,Coat|Upper-clothes,Upper-clothes,0.1111145833333333,173.0,102.0,432.0,655.0,segmented,ok,mattmdjaga/segformer_b2_clothes,crop_masked
/Users/ashley/Desktop/python/CS156-Machine-Learning/final/data/retail_images/raw/coat/reformation_jackets_and_coats_7dbe15f8fe2f.jpg,/Users/ashley/Desktop/python/CS156-Machine-Learning/final/data/retail_images/segmented/coat/reformation_jackets_and_coats_7dbe15f8fe2f_seg.jpg,/Users/ashley/Desktop/python/CS156-Machine-Learning/final/data/retail_images/segmentation_overlays/coat/reformation_jackets_and_coats_7dbe15f8fe2f_overlay.jpg,Coat,Coat|Upper-clothes,Upper-clothes,0.2798875,172.0,95.0,495.0,800.0,segmented,ok,mattmdjaga/segformer_b2_clothes,crop_masked
/Users/ashley/Desktop/python/CS156-Machine-Learning/final/data/retail_images/raw/coat/reformation_jackets_and_coats_80e6db0da4a0.jpg,/Users/ashley/Desktop/python/CS156-Machine-Learning/final/data/retail_images/segmented/coat/reformation_jackets_and_coats_80e6db0da4a0_seg.jpg,/Users/ashley/Desktop/python/CS156-Machine-Learning/final/data/retail_images/segmentation_overlays/coat/reformation_jackets_and_coats_80e6db0da4a0_overlay.jpg,Coat,Coat|Upper-clothes,Upper-clothes,0.2586,78.0,107.0,489.0,800.0,segmented,ok,mattmdjaga/segformer_b2_clothes,crop_masked
/Users/ashley/Desktop/python/CS156-Machine-Learning/final/data/retail_images/raw/coat/reformation_jackets_and_coats_87efecb60c91.jpg,/Users/ashley/Desktop/python/CS156-Machine-Learning/final/data/retail_images/segmented/coat/reformation_jackets_and_coats_87efecb60c91_seg.jpg,/Users/ashley/Desktop/python/CS156-Machine-Learning/final/data/retail_images/segmentation_overlays/coat/reformation_jackets_and_coats_87efecb60c91_overlay.jpg,Coat,Coat|Upper-clothes,Upper-clothes,0.153475,164.0,125.0,497.0,594.0,segmented,ok,mattmdjaga/segformer_b2_clothes,crop_masked
/Users/ashley/Desktop/python/CS156-Machine-Learning/final/data/retail_images/raw/coat/reformation_jackets_and_coats_882b03539990.jpg,/Users/ashley/Desktop/python/CS156-Machine-Learning/final/data/retail_images/segmented/coat/reformation_jackets_and_coats_882b03539990_seg.jpg,/Users/ashley/Desktop/python/CS156-Machine-Learning/final/data/retail_images/segmentation_overlays/coat/reformation_jackets_and_coats_882b03539990_overlay.jpg,Coat,Coat|Upper-clothes,Upper-clothes,0.4038375,0.0,148.0,511.0,800.0,segmented,ok,mattmdjaga/segformer_b2_clothes,crop_masked
/Users/ashley/Desktop/python/CS156-Machine-Learning/final/data/retail_images/raw/coat/reformation_jackets_and_coats_89cd379bf09b.jpg,/Users/ashley/Desktop/python/CS156-Machine-Learning/final/data/retail_images/segmented/coat/reformation_jackets_and_coats_89cd379bf09b_seg.jpg,/Users/ashley/Desktop/python/CS156-Machine-Learning/final/data/retail_images/segmentation_overlays/coat/reformation_jackets_and_coats_89cd379bf09b_overlay.jpg,Coat,Coat|Upper-clothes,Upper-clothes,0.21774375,90.0,206.0,512.0,685.0,segmented,ok,mattmdjaga/segformer_b2_clothes,crop_masked
/Users/ashley/Desktop/python/CS156-Machine-Learning/final/data/retail_images/raw/coat/reformation_jackets_and_coats_8e422e30c599.jpg,/Users/ashley/Desktop/python/CS156-Machine-Learning/final/data/retail_images/segmented/coat/reformation_jackets_and_coats_8e422e30c599_seg.jpg,/Users/ashley/Desktop/python/CS156-Machine-Learning/final/data/retail_images/segmentation_overlays/coat/reformation_jackets_and_coats_8e422e30c599_overlay.jpg,Coat,Coat|Upper-clothes,Upper-clothes,0.46299375,57.0,162.0,600.0,800.0,segmented,ok,mattmdjaga/segformer_b2_clothes,crop_masked
/Users/ashley/Desktop/python/CS156-Machine-Learning/final/data/retail_images/raw/coat/reformation_jackets_and_coats_99b871e6e7c0.jpg,/Users/ashley/Desktop/python/CS156-Machine-Learning/final/data/retail_images/segmented/coat/reformation_jackets_and_coats_99b871e6e7c0_seg.jpg,/Users/ashley/Desktop/python/CS156-Machine-Learning/final/data/retail_images/segmentation_overlays/coat/reformation_jackets_and_coats_99b871e6e7c0_overlay.jpg,Coat,Coat|Upper-clothes,Upper-clothes,0.2158083333333333,74.0,84.0,432.0,800.0,segmented,ok,mattmdjaga/segformer_b2_clothes,crop_masked
/Users/ashley/Desktop/python/CS156-Machine-Learning/final/data/retail_images/raw/coat/reformation_jackets_and_coats_9c0273a1008e.jpg,/Users/ashley/Desktop/python/CS156-Machine-Learning/final/data/retail_images/segmented/coat/reformation_jackets_and_coats_9c0273a1008e_seg.jpg,/Users/ashley/Desktop/python/CS156-Machine-Learning/final/data/retail_images/segmentation_overlays/coat/reformation_jackets_and_coats_9c0273a1008e_overlay.jpg,Coat,Coat|Upper-clothes,Upper-clothes,0.2148833333333333,69.0,76.0,370.0,800.0,segmented,ok,mattmdjaga/segformer_b2_clothes,crop_masked
/Users/ashley/Desktop/python/CS156-Machine-Learning/final/data/retail_images/raw/coat/reformation_jackets_and_coats_9d19a411dd3d.jpg,/Users/ashley/Desktop/python/CS156-Machine-Learning/final/data/retail_images/segmented/coat/reformation_jackets_and_coats_9d19a411dd3d_seg.jpg,/Users/ashley/Desktop/python/CS156-Machine-Learning/final/data/retail_images/segmentation_overlays/coat/reformation_jackets_and_coats_9d19a411dd3d_overlay.jpg,Coat,Coat|Upper-clothes,Upper-clothes,0.09484375,183.0,102.0,448.0,463.0,segmented,ok,mattmdjaga/segformer_b2_clothes,crop_masked
/Users/ashley/Desktop/python/CS156-Machine-Learning/final/data/retail_images/raw/coat/reformation_jackets_and_coats_a308fc537cb4.jpg,/Users/ashley/Desktop/python/CS156-Machine-Learning/final/data/retail_images/segmented/coat/reformation_jackets_and_coats_a308fc537cb4_seg.jpg,/Users/ashley/Desktop/python/CS156-Machine-Learning/final/data/retail_images/segmentation_overlays/coat/reformation_jackets_and_coats_a308fc537cb4_overlay.jpg,Coat,Coat|Upper-clothes,Upper-clothes,0.3255375,79.0,112.0,540.0,800.0,segmented,ok,mattmdjaga/segformer_b2_clothes,crop_masked
/Users/ashley/Desktop/python/CS156-Machine-Learning/final/data/retail_images/raw/coat/reformation_jackets_and_coats_a4ff4a3dc717.jpg,/Users/ashley/Desktop/python/CS156-Machine-Learning/final/data/retail_images/segmented/coat/reformation_jackets_and_coats_a4ff4a3dc717_seg.jpg,/Users/ashley/Desktop/python/CS156-Machine-Learning/final/data/retail_images/segmentation_overlays/coat/reformation_jackets_and_coats_a4ff4a3dc717_overlay.jpg,Coat,Coat|Upper-clothes,Upper-clothes,0.4324020833333333,37.0,149.0,600.0,800.0,segmented,ok,mattmdjaga/segformer_b2_clothes,crop_masked
/Users/ashley/Desktop/python/CS156-Machine-Learning/final/data/retail_images/raw/coat/reformation_jackets_and_coats_a6b782f4d91c.jpg,/Users/ashley/Desktop/python/CS156-Machine-Learning/final/data/retail_images/segmented/coat/reformation_jackets_and_coats_a6b782f4d91c_seg.jpg,/Users/ashley/Desktop/python/CS156-Machine-Learning/final/data/retail_images/segmentation_overlays/coat/reformation_jackets_and_coats_a6b782f4d91c_overlay.jpg,Coat,Coat|Upper-clothes,Upper-clothes,0.55949375,0.0,154.0,598.0,800.0,segmented,ok,mattmdjaga/segformer_b2_clothes,crop_masked
/Users/ashley/Desktop/python/CS156-Machine-Learning/final/data/retail_images/raw/coat/reformation_jackets_and_coats_a6ed27452b5a.jpg,/Users/ashley/Desktop/python/CS156-Machine-Learning/final/data/retail_images/segmented/coat/reformation_jackets_and_coats_a6ed27452b5a_seg.jpg,/Users/ashley/Desktop/python/CS156-Machine-Learning/final/data/retail_images/segmentation_overlays/coat/reformation_jackets_and_coats_a6ed27452b5a_overlay.jpg,Coat,Coat|Upper-clothes,Upper-clothes,0.2542333333333333,66.0,146.0,545.0,626.0,segmented,ok,mattmdjaga/segformer_b2_clothes,crop_masked
/Users/ashley/Desktop/python/CS156-Machine-Learning/final/data/retail_images/raw/coat/reformation_jackets_and_coats_aad096cd727e.jpg,/Users/ashley/Desktop/python/CS156-Machine-Learning/final/data/retail_images/segmented/coat/reformation_jackets_and_coats_aad096cd727e_seg.jpg,/Users/ashley/Desktop/python/CS156-Machine-Learning/final/data/retail_images/segmentation_overlays/coat/reformation_jackets_and_coats_aad096cd727e_overlay.jpg,Coat,Coat|Upper-clothes,Upper-clothes,0.1506708333333333,169.0,86.0,434.0,638.0,segmented,ok,mattmdjaga/segformer_b2_clothes,crop_masked
/Users/ashley/Desktop/python/CS156-Machine-Learning/final/data/retail_images/raw/coat/reformation_jackets_and_coats_af76e2e3382e.jpg,/Users/ashley/Desktop/python/CS156-Machine-Learning/final/data/retail_images/segmented/coat/reformation_jackets_and_coats_af76e2e3382e_seg.jpg,/Users/ashley/Desktop/python/CS156-Machine-Learning/final/data/retail_images/segmentation_overlays/coat/reformation_jackets_and_coats_af76e2e3382e_overlay.jpg,Coat,Coat|Upper-clothes,Upper-clothes,0.3182625,0.0,133.0,580.0,678.0,segmented,ok,mattmdjaga/segformer_b2_clothes,crop_masked
/Users/ashley/Desktop/python/CS156-Machine-Learning/final/data/retail_images/raw/coat/reformation_jackets_and_coats_affdaefd465e.jpg,/Users/ashley/Desktop/python/CS156-Machine-Learning/final/data/retail_images/segmented/coat/reformation_jackets_and_coats_affdaefd465e_seg.jpg,/Users/ashley/Desktop/python/CS156-Machine-Learning/final/data/retail_images/segmentation_overlays/coat/reformation_jackets_and_coats_affdaefd465e_overlay.jpg,Coat,Coat|Upper-clothes,Upper-clothes,0.4517583333333333,29.0,259.0,600.0,800.0,segmented,ok,mattmdjaga/segformer_b2_clothes,crop_masked
/Users/ashley/Desktop/python/CS156-Machine-Learning/final/data/retail_images/raw/coat/reformation_jackets_and_coats_b16c9a6dd30b.jpg,/Users/ashley/Desktop/python/CS156-Machine-Learning/final/data/retail_images/segmented/coat/reformation_jackets_and_coats_b16c9a6dd30b_seg.jpg,/Users/ashley/Desktop/python/CS156-Machine-Learning/final/data/retail_images/segmentation_overlays/coat/reformation_jackets_and_coats_b16c9a6dd30b_overlay.jpg,Coat,Coat|Upper-clothes,Upper-clothes,0.1010875,158.0,84.0,462.0,448.0,segmented,ok,mattmdjaga/segformer_b2_clothes,crop_masked
/Users/ashley/Desktop/python/CS156-Machine-Learning/final/data/retail_images/raw/coat/reformation_jackets_and_coats_b4605e8b3005.jpg,/Users/ashley/Desktop/python/CS156-Machine-Learning/final/data/retail_images/segmented/coat/reformation_jackets_and_coats_b4605e8b3005_seg.jpg,/Users/ashley/Desktop/python/CS156-Machine-Learning/final/data/retail_images/segmentation_overlays/coat/reformation_jackets_and_coats_b4605e8b3005_overlay.jpg,Coat,Coat|Upper-clothes,Upper-clothes,0.1984875,92.0,139.0,518.0,800.0,segmented,ok,mattmdjaga/segformer_b2_clothes,crop_masked
/Users/ashley/Desktop/python/CS156-Machine-Learning/final/data/retail_images/raw/coat/reformation_jackets_and_coats_b7972cee35ce.jpg,/Users/ashley/Desktop/python/CS156-Machine-Learning/final/data/retail_images/segmented/coat/reformation_jackets_and_coats_b7972cee35ce_seg.jpg,/Users/ashley/Desktop/python/CS156-Machine-Learning/final/data/retail_images/segmentation_overlays/coat/reformation_jackets_and_coats_b7972cee35ce_overlay.jpg,Coat,Coat|Upper-clothes,Upper-clothes,0.270825,100.0,158.0,568.0,754.0,segmented,ok,mattmdjaga/segformer_b2_clothes,crop_masked
/Users/ashley/Desktop/python/CS156-Machine-Learning/final/data/retail_images/raw/coat/reformation_jackets_and_coats_b826af8d5264.jpg,/Users/ashley/Desktop/python/CS156-Machine-Learning/final/data/retail_images/segmented/coat/reformation_jackets_and_coats_b826af8d5264_seg.jpg,/Users/ashley/Desktop/python/CS156-Machine-Learning/final/data/retail_images/segmentation_overlays/coat/reformation_jackets_and_coats_b826af8d5264_overlay.jpg,Coat,Coat|Upper-clothes,Upper-clothes,0.2615229166666666,124.0,150.0,600.0,744.0,segmented,ok,mattmdjaga/segformer_b2_clothes,crop_masked
/Users/ashley/Desktop/python/CS156-Machine-Learning/final/data/retail_images/raw/coat/reformation_jackets_and_coats_d2dd2be1fe14.jpg,/Users/ashley/Desktop/python/CS156-Machine-Learning/final/data/retail_images/segmented/coat/reformation_jackets_and_coats_d2dd2be1fe14_seg.jpg,/Users/ashley/Desktop/python/CS156-Machine-Learning/final/data/retail_images/segmentation_overlays/coat/reformation_jackets_and_coats_d2dd2be1fe14_overlay.jpg,Coat,Coat|Upper-clothes,Upper-clothes,0.0531520833333333,165.0,132.0,379.0,441.0,segmented,ok,mattmdjaga/segformer_b2_clothes,crop_masked
/Users/ashley/Desktop/python/CS156-Machine-Learning/final/data/retail_images/raw/coat/reformation_jackets_and_coats_d568a1aff60e.jpg,/Users/ashley/Desktop/python/CS156-Machine-Learning/final/data/retail_images/segmented/coat/reformation_jackets_and_coats_d568a1aff60e_seg.jpg,/Users/ashley/Desktop/python/CS156-Machine-Learning/final/data/retail_images/segmentation_overlays/coat/reformation_jackets_and_coats_d568a1aff60e_overlay.jpg,Coat,Coat|Upper-clothes,Upper-clothes,0.4469541666666666,0.0,152.0,600.0,800.0,segmented,ok,mattmdjaga/segformer_b2_clothes,crop_masked
/Users/ashley/Desktop/python/CS156-Machine-Learning/final/data/retail_images/raw/coat/reformation_jackets_and_coats_e2b1ac9cb299.jpg,/Users/ashley/Desktop/python/CS156-Machine-Learning/final/data/retail_images/segmented/coat/reformation_jackets_and_coats_e2b1ac9cb299_seg.jpg,/Users/ashley/Desktop/python/CS156-Machine-Learning/final/data/retail_images/segmentation_overlays/coat/reformation_jackets_and_coats_e2b1ac9cb299_overlay.jpg,Coat,Coat|Upper-clothes,Upper-clothes,0.6023,0.0,16.0,600.0,782.0,segmented,ok,mattmdjaga/segformer_b2_clothes,crop_masked
/Users/ashley/Desktop/python/CS156-Machine-Learning/final/data/retail_images/raw/coat/reformation_jackets_and_coats_e73cf91f1fb7.jpg,/Users/ashley/Desktop/python/CS156-Machine-Learning/final/data/retail_images/segmented/coat/reformation_jackets_and_coats_e73cf91f1fb7_seg.jpg,/Users/ashley/Desktop/python/CS156-Machine-Learning/final/data/retail_images/segmentation_overlays/coat/reformation_jackets_and_coats_e73cf91f1fb7_overlay.jpg,Coat,Coat|Upper-clothes,Upper-clothes,0.1111770833333333,172.0,89.0,489.0,460.0,segmented,ok,mattmdjaga/segformer_b2_clothes,crop_masked
/Users/ashley/Desktop/python/CS156-Machine-Learning/final/data/retail_images/raw/coat/reformation_jackets_and_coats_e82782f50cb8.jpg,/Users/ashley/Desktop/python/CS156-Machine-Learning/final/data/retail_images/segmented/coat/reformation_jackets_and_coats_e82782f50cb8_seg.jpg,/Users/ashley/Desktop/python/CS156-Machine-Learning/final/data/retail_images/segmentation_overlays/coat/reformation_jackets_and_coats_e82782f50cb8_overlay.jpg,Coat,Coat|Upper-clothes,,,,,,,fallback_copy,missing_target_mask,mattmdjaga/segformer_b2_clothes,copy
/Users/ashley/Desktop/python/CS156-Machine-Learning/final/data/retail_images/raw/coat/reformation_jackets_and_coats_ed729dde31ec.jpg,/Users/ashley/Desktop/python/CS156-Machine-Learning/final/data/retail_images/segmented/coat/reformation_jackets_and_coats_ed729dde31ec_seg.jpg,/Users/ashley/Desktop/python/CS156-Machine-Learning/final/data/retail_images/segmentation_overlays/coat/reformation_jackets_and_coats_ed729dde31ec_overlay.jpg,Coat,Coat|Upper-clothes,Upper-clothes,0.26953125,122.0,130.0,530.0,773.0,segmented,ok,mattmdjaga/segformer_b2_clothes,crop_masked
/Users/ashley/Desktop/python/CS156-Machine-Learning/final/data/retail_images/raw/coat/reformation_jackets_and_coats_f22e27e1b462.jpg,/Users/ashley/Desktop/python/CS156-Machine-Learning/final/data/retail_images/segmented/coat/reformation_jackets_and_coats_f22e27e1b462_seg.jpg,/Users/ashley/Desktop/python/CS156-Machine-Learning/final/data/retail_images/segmentation_overlays/coat/reformation_jackets_and_coats_f22e27e1b462_overlay.jpg,Coat,Coat|Upper-clothes,Upper-clothes,0.4543395833333333,57.0,249.0,600.0,800.0,segmented,ok,mattmdjaga/segformer_b2_clothes,crop_masked
/Users/ashley/Desktop/python/CS156-Machine-Learning/final/data/retail_images/raw/coat/reformation_jackets_and_coats_f3b50ce21383.jpg,/Users/ashley/Desktop/python/CS156-Machine-Learning/final/data/retail_images/segmented/coat/reformation_jackets_and_coats_f3b50ce21383_seg.jpg,/Users/ashley/Desktop/python/CS156-Machine-Learning/final/data/retail_images/segmentation_overlays/coat/reformation_jackets_and_coats_f3b50ce21383_overlay.jpg,Coat,Coat|Upper-clothes,Upper-clothes,0.7602104166666667,0.0,32.0,600.0,800.0,segmented,ok,mattmdjaga/segformer_b2_clothes,crop_masked
/Users/ashley/Desktop/python/CS156-Machine-Learning/final/data/retail_images/raw/coat/reformation_jackets_and_coats_f8c4429dc9f3.jpg,/Users/ashley/Desktop/python/CS156-Machine-Learning/final/data/retail_images/segmented/coat/reformation_jackets_and_coats_f8c4429dc9f3_seg.jpg,/Users/ashley/Desktop/python/CS156-Machine-Learning/final/data/retail_images/segmentation_overlays/coat/reformation_jackets_and_coats_f8c4429dc9f3_overlay.jpg,Coat,Coat|Upper-clothes,Upper-clothes,0.1188541666666666,173.0,102.0,439.0,654.0,segmented,ok,mattmdjaga/segformer_b2_clothes,crop_masked
/Users/ashley/Desktop/python/CS156-Machine-Learning/final/data/retail_images/raw/coat/reformation_jackets_and_coats_faa1f808be69.jpg,/Users/ashley/Desktop/python/CS156-Machine-Learning/final/data/retail_images/segmented/coat/reformation_jackets_and_coats_faa1f808be69_seg.jpg,/Users/ashley/Desktop/python/CS156-Machine-Learning/final/data/retail_images/segmentation_overlays/coat/reformation_jackets_and_coats_faa1f808be69_overlay.jpg,Coat,Coat|Upper-clothes,Upper-clothes,0.2164020833333333,109.0,122.0,525.0,711.0,segmented,ok,mattmdjaga/segformer_b2_clothes,crop_masked
/Users/ashley/Desktop/python/CS156-Machine-Learning/final/data/retail_images/raw/coat/reformation_outerwear_00d408c08bd6.jpg,/Users/ashley/Desktop/python/CS156-Machine-Learning/final/data/retail_images/segmented/coat/reformation_outerwear_00d408c08bd6_seg.jpg,/Users/ashley/Desktop/python/CS156-Machine-Learning/final/data/retail_images/segmentation_overlays/coat/reformation_outerwear_00d408c08bd6_overlay.jpg,Coat,Coat|Upper-clothes,Upper-clothes,0.1048697916666666,45.0,52.0,191.0,245.0,fallback_copy,validation_too_small:146x193_fallback_copy,mattmdjaga/segformer_b2_clothes,copy
/Users/ashley/Desktop/python/CS156-Machine-Learning/final/data/retail_images/raw/coat/reformation_outerwear_0b656ad16fc5.jpg,/Users/ashley/Desktop/python/CS156-Machine-Learning/final/data/retail_images/segmented/coat/reformation_outerwear_0b656ad16fc5_seg.jpg,/Users/ashley/Desktop/python/CS156-Machine-Learning/final/data/retail_images/segmentation_overlays/coat/reformation_outerwear_0b656ad16fc5_overlay.jpg,Coat,Coat|Upper-clothes,Upper-clothes,0.4828666666666666,0.0,163.0,600.0,800.0,segmented,ok,mattmdjaga/segformer_b2_clothes,crop_masked
/Users/ashley/Desktop/python/CS156-Machine-Learning/final/data/retail_images/raw/coat/reformation_outerwear_1010aef461c4.jpg,/Users/ashley/Desktop/python/CS156-Machine-Learning/final/data/retail_images/segmented/coat/reformation_outerwear_1010aef461c4_seg.jpg,/Users/ashley/Desktop/python/CS156-Machine-Learning/final/data/retail_images/segmentation_overlays/coat/reformation_outerwear_1010aef461c4_overlay.jpg,Coat,Coat|Upper-clothes,Upper-clothes,0.4571979166666666,0.0,193.0,553.0,800.0,segmented,ok,mattmdjaga/segformer_b2_clothes,crop_masked
/Users/ashley/Desktop/python/CS156-Machine-Learning/final/data/retail_images/raw/coat/reformation_outerwear_128bb7478613.jpg,/Users/ashley/Desktop/python/CS156-Machine-Learning/final/data/retail_images/segmented/coat/reformation_outerwear_128bb7478613_seg.jpg,/Users/ashley/Desktop/python/CS156-Machine-Learning/final/data/retail_images/segmentation_overlays/coat/reformation_outerwear_128bb7478613_overlay.jpg,Coat,Coat|Upper-clothes,,,,,,,fallback_copy,missing_target_mask,mattmdjaga/segformer_b2_clothes,copy
/Users/ashley/Desktop/python/CS156-Machine-Learning/final/data/retail_images/raw/coat/reformation_outerwear_164d3fdbe683.jpg,/Users/ashley/Desktop/python/CS156-Machine-Learning/final/data/retail_images/segmented/coat/reformation_outerwear_164d3fdbe683_seg.jpg,/Users/ashley/Desktop/python/CS156-Machine-Learning/final/data/retail_images/segmentation_overlays/coat/reformation_outerwear_164d3fdbe683_overlay.jpg,Coat,Coat|Upper-clothes,Upper-clothes,0.0583875,189.0,101.0,374.0,472.0,segmented,ok,mattmdjaga/segformer_b2_clothes,crop_masked
/Users/ashley/Desktop/python/CS156-Machine-Learning/final/data/retail_images/raw/coat/reformation_outerwear_19f3164cc5f6.jpg,/Users/ashley/Desktop/python/CS156-Machine-Learning/final/data/retail_images/segmented/coat/reformation_outerwear_19f3164cc5f6_seg.jpg,/Users/ashley/Desktop/python/CS156-Machine-Learning/final/data/retail_images/segmentation_overlays/coat/reformation_outerwear_19f3164cc5f6_overlay.jpg,Coat,Coat|Upper-clothes,Upper-clothes,0.4700354166666666,0.0,259.0,600.0,800.0,segmented,ok,mattmdjaga/segformer_b2_clothes,crop_masked
/Users/ashley/Desktop/python/CS156-Machine-Learning/final/data/retail_images/raw/coat/reformation_outerwear_1c27ff4851c1.jpg,/Users/ashley/Desktop/python/CS156-Machine-Learning/final/data/retail_images/segmented/coat/reformation_outerwear_1c27ff4851c1_seg.jpg,/Users/ashley/Desktop/python/CS156-Machine-Learning/final/data/retail_images/segmentation_overlays/coat/reformation_outerwear_1c27ff4851c1_overlay.jpg,Coat,Coat|Upper-clothes,,,,,,,fallback_copy,segmented_too_small:83x110,mattmdjaga/segformer_b2_clothes,copy
/Users/ashley/Desktop/python/CS156-Machine-Learning/final/data/retail_images/raw/coat/reformation_outerwear_22fd2d4071e5.jpg,/Users/ashley/Desktop/python/CS156-Machine-Learning/final/data/retail_images/segmented/coat/reformation_outerwear_22fd2d4071e5_seg.jpg,/Users/ashley/Desktop/python/CS156-Machine-Learning/final/data/retail_images/segmentation_overlays/coat/reformation_outerwear_22fd2d4071e5_overlay.jpg,Coat,Coat|Upper-clothes,Upper-clothes,0.0942291666666666,132.0,85.0,416.0,385.0,segmented,ok,mattmdjaga/segformer_b2_clothes,crop_masked
/Users/ashley/Desktop/python/CS156-Machine-Learning/final/data/retail_images/raw/coat/reformation_outerwear_2320834481eb.jpg,/Users/ashley/Desktop/python/CS156-Machine-Learning/final/data/retail_images/segmented/coat/reformation_outerwear_2320834481eb_seg.jpg,/Users/ashley/Desktop/python/CS156-Machine-Learning/final/data/retail_images/segmentation_overlays/coat/reformation_outerwear_2320834481eb_overlay.jpg,Coat,Coat|Upper-clothes,Upper-clothes,0.31203125,37.0,152.0,600.0,718.0,segmented,ok,mattmdjaga/segformer_b2_clothes,crop_masked
/Users/ashley/Desktop/python/CS156-Machine-Learning/final/data/retail_images/raw/coat/reformation_outerwear_239dd220ab70.jpg,/Users/ashley/Desktop/python/CS156-Machine-Learning/final/data/retail_images/segmented/coat/reformation_outerwear_239dd220ab70_seg.jpg,/Users/ashley/Desktop/python/CS156-Machine-Learning/final/data/retail_images/segmentation_overlays/coat/reformation_outerwear_239dd220ab70_overlay.jpg,Coat,Coat|Upper-clothes,Upper-clothes,0.0528166666666666,157.0,177.0,435.0,394.0,segmented,ok,mattmdjaga/segformer_b2_clothes,crop_masked
/Users/ashley/Desktop/python/CS156-Machine-Learning/final/data/retail_images/raw/coat/reformation_outerwear_23aaba6f2c23.jpg,/Users/ashley/Desktop/python/CS156-Machine-Learning/final/data/retail_images/segmented/coat/reformation_outerwear_23aaba6f2c23_seg.jpg,/Users/ashley/Desktop/python/CS156-Machine-Learning/final/data/retail_images/segmentation_overlays/coat/reformation_outerwear_23aaba6f2c23_overlay.jpg,Coat,Coat|Upper-clothes,Upper-clothes,0.2411916666666666,190.0,108.0,478.0,800.0,segmented,ok,mattmdjaga/segformer_b2_clothes,crop_masked
/Users/ashley/Desktop/python/CS156-Machine-Learning/final/data/retail_images/raw/coat/reformation_outerwear_295b67e25630.jpg,/Users/ashley/Desktop/python/CS156-Machine-Learning/final/data/retail_images/segmented/coat/reformation_outerwear_295b67e25630_seg.jpg,/Users/ashley/Desktop/python/CS156-Machine-Learning/final/data/retail_images/segmentation_overlays/coat/reformation_outerwear_295b67e25630_overlay.jpg,Coat,Coat|Upper-clothes,Upper-clothes,0.23049375,101.0,199.0,495.0,732.0,segmented,ok,mattmdjaga/segformer_b2_clothes,crop_masked
/Users/ashley/Desktop/python/CS156-Machine-Learning/final/data/retail_images/raw/coat/reformation_outerwear_2a4a888cb2d2.jpg,/Users/ashley/Desktop/python/CS156-Machine-Learning/final/data/retail_images/segmented/coat/reformation_outerwear_2a4a888cb2d2_seg.jpg,/Users/ashley/Desktop/python/CS156-Machine-Learning/final/data/retail_images/segmentation_overlays/coat/reformation_outerwear_2a4a888cb2d2_overlay.jpg,Coat,Coat|Upper-clothes,Upper-clothes,0.5354083333333334,0.0,175.0,600.0,800.0,segmented,ok,mattmdjaga/segformer_b2_clothes,crop_masked
/Users/ashley/Desktop/python/CS156-Machine-Learning/final/data/retail_images/raw/coat/reformation_outerwear_2bb46a7c3025.jpg,/Users/ashley/Desktop/python/CS156-Machine-Learning/final/data/retail_images/segmented/coat/reformation_outerwear_2bb46a7c3025_seg.jpg,/Users/ashley/Desktop/python/CS156-Machine-Learning/final/data/retail_images/segmentation_overlays/coat/reformation_outerwear_2bb46a7c3025_overlay.jpg,Coat,Coat|Upper-clothes,Upper-clothes,0.1482479166666666,36.0,47.0,564.0,569.0,segmented,ok,mattmdjaga/segformer_b2_clothes,crop_masked
/Users/ashley/Desktop/python/CS156-Machine-Learning/final/data/retail_images/raw/coat/reformation_outerwear_2e81dbd48580.jpg,/Users/ashley/Desktop/python/CS156-Machine-Learning/final/data/retail_images/segmented/coat/reformation_outerwear_2e81dbd48580_seg.jpg,/Users/ashley/Desktop/python/CS156-Machine-Learning/final/data/retail_images/segmentation_overlays/coat/reformation_outerwear_2e81dbd48580_overlay.jpg,Coat,Coat|Upper-clothes,Upper-clothes,0.31740625,61.0,129.0,593.0,754.0,segmented,ok,mattmdjaga/segformer_b2_clothes,crop_masked
/Users/ashley/Desktop/python/CS156-Machine-Learning/final/data/retail_images/raw/coat/reformation_outerwear_33a50d76cc52.jpg,/Users/ashley/Desktop/python/CS156-Machine-Learning/final/data/retail_images/segmented/coat/reformation_outerwear_33a50d76cc52_seg.jpg,/Users/ashley/Desktop/python/CS156-Machine-Learning/final/data/retail_images/segmentation_overlays/coat/reformation_outerwear_33a50d76cc52_overlay.jpg,Coat,Coat|Upper-clothes,Upper-clothes,0.0692791666666666,151.0,112.0,386.0,456.0,segmented,ok,mattmdjaga/segformer_b2_clothes,crop_masked
/Users/ashley/Desktop/python/CS156-Machine-Learning/final/data/retail_images/raw/coat/reformation_outerwear_366a42983cd0.jpg,/Users/ashley/Desktop/python/CS156-Machine-Learning/final/data/retail_images/segmented/coat/reformation_outerwear_366a42983cd0_seg.jpg,/Users/ashley/Desktop/python/CS156-Machine-Learning/final/data/retail_images/segmentation_overlays/coat/reformation_outerwear_366a42983cd0_overlay.jpg,Coat,Coat|Upper-clothes,Upper-clothes,0.1928625,112.0,93.0,413.0,779.0,segmented,ok,mattmdjaga/segformer_b2_clothes,crop_masked
/Users/ashley/Desktop/python/CS156-Machine-Learning/final/data/retail_images/raw/coat/reformation_outerwear_3671d7ab4c43.jpg,/Users/ashley/Desktop/python/CS156-Machine-Learning/final/data/retail_images/segmented/coat/reformation_outerwear_3671d7ab4c43_seg.jpg,/Users/ashley/Desktop/python/CS156-Machine-Learning/final/data/retail_images/segmentation_overlays/coat/reformation_outerwear_3671d7ab4c43_overlay.jpg,Coat,Coat|Upper-clothes,Upper-clothes,0.0757833333333333,189.0,125.0,415.0,420.0,segmented,ok,mattmdjaga/segformer_b2_clothes,crop_masked
/Users/ashley/Desktop/python/CS156-Machine-Learning/final/data/retail_images/raw/coat/reformation_outerwear_39593c953ee1.jpg,/Users/ashley/Desktop/python/CS156-Machine-Learning/final/data/retail_images/segmented/coat/reformation_outerwear_39593c953ee1_seg.jpg,/Users/ashley/Desktop/python/CS156-Machine-Learning/final/data/retail_images/segmentation_overlays/coat/reformation_outerwear_39593c953ee1_overlay.jpg,Coat,Coat|Upper-clothes,Upper-clothes,0.2541791666666667,55.0,146.0,510.0,686.0,segmented,ok,mattmdjaga/segformer_b2_clothes,crop_masked
/Users/ashley/Desktop/python/CS156-Machine-Learning/final/data/retail_images/raw/coat/reformation_outerwear_3c69163dc1e9.jpg,/Users/ashley/Desktop/python/CS156-Machine-Learning/final/data/retail_images/segmented/coat/reformation_outerwear_3c69163dc1e9_seg.jpg,/Users/ashley/Desktop/python/CS156-Machine-Learning/final/data/retail_images/segmentation_overlays/coat/reformation_outerwear_3c69163dc1e9_overlay.jpg,Coat,Coat|Upper-clothes,Upper-clothes,0.0593020833333333,153.0,122.0,390.0,430.0,segmented,ok,mattmdjaga/segformer_b2_clothes,crop_masked
/Users/ashley/Desktop/python/CS156-Machine-Learning/final/data/retail_images/raw/coat/reformation_outerwear_3d2885ab772b.jpg,/Users/ashley/Desktop/python/CS156-Machine-Learning/final/data/retail_images/segmented/coat/reformation_outerwear_3d2885ab772b_seg.jpg,/Users/ashley/Desktop/python/CS156-Machine-Learning/final/data/retail_images/segmentation_overlays/coat/reformation_outerwear_3d2885ab772b_overlay.jpg,Coat,Coat|Upper-clothes,Upper-clothes,0.2001020833333333,0.0,102.0,569.0,649.0,segmented,ok,mattmdjaga/segformer_b2_clothes,crop_masked
/Users/ashley/Desktop/python/CS156-Machine-Learning/final/data/retail_images/raw/coat/reformation_outerwear_3d6166fbba84.jpg,/Users/ashley/Desktop/python/CS156-Machine-Learning/final/data/retail_images/segmented/coat/reformation_outerwear_3d6166fbba84_seg.jpg,/Users/ashley/Desktop/python/CS156-Machine-Learning/final/data/retail_images/segmentation_overlays/coat/reformation_outerwear_3d6166fbba84_overlay.jpg,Coat,Coat|Upper-clothes,Upper-clothes,0.2664229166666667,77.0,112.0,498.0,704.0,segmented,ok,mattmdjaga/segformer_b2_clothes,crop_masked
/Users/ashley/Desktop/python/CS156-Machine-Learning/final/data/retail_images/raw/coat/reformation_outerwear_3ed665831cc5.jpg,/Users/ashley/Desktop/python/CS156-Machine-Learning/final/data/retail_images/segmented/coat/reformation_outerwear_3ed665831cc5_seg.jpg,/Users/ashley/Desktop/python/CS156-Machine-Learning/final/data/retail_images/segmentation_overlays/coat/reformation_outerwear_3ed665831cc5_overlay.jpg,Coat,Coat|Upper-clothes,Upper-clothes,0.25084375,156.0,104.0,470.0,800.0,segmented,ok,mattmdjaga/segformer_b2_clothes,crop_masked
/Users/ashley/Desktop/python/CS156-Machine-Learning/final/data/retail_images/raw/coat/reformation_outerwear_3f63dac10f02.jpg,/Users/ashley/Desktop/python/CS156-Machine-Learning/final/data/retail_images/segmented/coat/reformation_outerwear_3f63dac10f02_seg.jpg,/Users/ashley/Desktop/python/CS156-Machine-Learning/final/data/retail_images/segmentation_overlays/coat/reformation_outerwear_3f63dac10f02_overlay.jpg,Coat,Coat|Upper-clothes,Upper-clothes,0.3582333333333333,0.0,161.0,441.0,800.0,segmented,ok,mattmdjaga/segformer_b2_clothes,crop_masked
/Users/ashley/Desktop/python/CS156-Machine-Learning/final/data/retail_images/raw/coat/reformation_outerwear_417dc43dea0b.jpg,/Users/ashley/Desktop/python/CS156-Machine-Learning/final/data/retail_images/segmented/coat/reformation_outerwear_417dc43dea0b_seg.jpg,/Users/ashley/Desktop/python/CS156-Machine-Learning/final/data/retail_images/segmentation_overlays/coat/reformation_outerwear_417dc43dea0b_overlay.jpg,Coat,Coat|Upper-clothes,Upper-clothes,0.0927916666666666,142.0,66.0,437.0,371.0,segmented,ok,mattmdjaga/segformer_b2_clothes,crop_masked
/Users/ashley/Desktop/python/CS156-Machine-Learning/final/data/retail_images/raw/coat/reformation_outerwear_42d4864cc30a.jpg,/Users/ashley/Desktop/python/CS156-Machine-Learning/final/data/retail_images/segmented/coat/reformation_outerwear_42d4864cc30a_seg.jpg,/Users/ashley/Desktop/python/CS156-Machine-Learning/final/data/retail_images/segmentation_overlays/coat/reformation_outerwear_42d4864cc30a_overlay.jpg,Coat,Coat|Upper-clothes,Upper-clothes,0.2317625,123.0,119.0,437.0,796.0,segmented,ok,mattmdjaga/segformer_b2_clothes,crop_masked
/Users/ashley/Desktop/python/CS156-Machine-Learning/final/data/retail_images/raw/coat/reformation_outerwear_46b1bf5cc6fc.jpg,/Users/ashley/Desktop/python/CS156-Machine-Learning/final/data/retail_images/segmented/coat/reformation_outerwear_46b1bf5cc6fc_seg.jpg,/Users/ashley/Desktop/python/CS156-Machine-Learning/final/data/retail_images/segmentation_overlays/coat/reformation_outerwear_46b1bf5cc6fc_overlay.jpg,Coat,Coat|Upper-clothes,,,,,,,fallback_copy,missing_target_mask,mattmdjaga/segformer_b2_clothes,copy
/Users/ashley/Desktop/python/CS156-Machine-Learning/final/data/retail_images/raw/coat/reformation_outerwear_4da4866cc5a8.jpg,/Users/ashley/Desktop/python/CS156-Machine-Learning/final/data/retail_images/segmented/coat/reformation_outerwear_4da4866cc5a8_seg.jpg,/Users/ashley/Desktop/python/CS156-Machine-Learning/final/data/retail_images/segmentation_overlays/coat/reformation_outerwear_4da4866cc5a8_overlay.jpg,Coat,Coat|Upper-clothes,Upper-clothes,0.0699833333333333,159.0,106.0,436.0,342.0,segmented,ok,mattmdjaga/segformer_b2_clothes,crop_masked
/Users/ashley/Desktop/python/CS156-Machine-Learning/final/data/retail_images/raw/coat/reformation_outerwear_503eddb194b7.jpg,/Users/ashley/Desktop/python/CS156-Machine-Learning/final/data/retail_images/segmented/coat/reformation_outerwear_503eddb194b7_seg.jpg,/Users/ashley/Desktop/python/CS156-Machine-Learning/final/data/retail_images/segmentation_overlays/coat/reformation_outerwear_503eddb194b7_overlay.jpg,Coat,Coat|Upper-clothes,Upper-clothes,0.2054708333333333,63.0,156.0,496.0,739.0,segmented,ok,mattmdjaga/segformer_b2_clothes,crop_masked
/Users/ashley/Desktop/python/CS156-Machine-Learning/final/data/retail_images/raw/coat/reformation_outerwear_556e0bdd2822.jpg,/Users/ashley/Desktop/python/CS156-Machine-Learning/final/data/retail_images/segmented/coat/reformation_outerwear_556e0bdd2822_seg.jpg,/Users/ashley/Desktop/python/CS156-Machine-Learning/final/data/retail_images/segmentation_overlays/coat/reformation_outerwear_556e0bdd2822_overlay.jpg,Coat,Coat|Upper-clothes,Upper-clothes,0.1672145833333333,124.0,132.0,506.0,630.0,segmented,ok,mattmdjaga/segformer_b2_clothes,crop_masked
/Users/ashley/Desktop/python/CS156-Machine-Learning/final/data/retail_images/raw/coat/reformation_outerwear_5652d8dd7c0c.jpg,/Users/ashley/Desktop/python/CS156-Machine-Learning/final/data/retail_images/segmented/coat/reformation_outerwear_5652d8dd7c0c_seg.jpg,/Users/ashley/Desktop/python/CS156-Machine-Learning/final/data/retail_images/segmentation_overlays/coat/reformation_outerwear_5652d8dd7c0c_overlay.jpg,Coat,Coat|Upper-clothes,Upper-clothes,0.07796875,219.0,135.0,468.0,400.0,segmented,ok,mattmdjaga/segformer_b2_clothes,crop_masked
/Users/ashley/Desktop/python/CS156-Machine-Learning/final/data/retail_images/raw/coat/reformation_outerwear_5894b060a85c.jpg,/Users/ashley/Desktop/python/CS156-Machine-Learning/final/data/retail_images/segmented/coat/reformation_outerwear_5894b060a85c_seg.jpg,/Users/ashley/Desktop/python/CS156-Machine-Learning/final/data/retail_images/segmentation_overlays/coat/reformation_outerwear_5894b060a85c_overlay.jpg,Coat,Coat|Upper-clothes,,,,,,,fallback_copy,segmented_too_small:40x54,mattmdjaga/segformer_b2_clothes,copy
/Users/ashley/Desktop/python/CS156-Machine-Learning/final/data/retail_images/raw/coat/reformation_outerwear_599cd24cf0b9.jpg,/Users/ashley/Desktop/python/CS156-Machine-Learning/final/data/retail_images/segmented/coat/reformation_outerwear_599cd24cf0b9_seg.jpg,/Users/ashley/Desktop/python/CS156-Machine-Learning/final/data/retail_images/segmentation_overlays/coat/reformation_outerwear_599cd24cf0b9_overlay.jpg,Coat,Coat|Upper-clothes,Upper-clothes,0.4817979166666666,0.0,215.0,600.0,800.0,segmented,ok,mattmdjaga/segformer_b2_clothes,crop_masked
/Users/ashley/Desktop/python/CS156-Machine-Learning/final/data/retail_images/raw/coat/reformation_outerwear_5e05052f5795.jpg,/Users/ashley/Desktop/python/CS156-Machine-Learning/final/data/retail_images/segmented/coat/reformation_outerwear_5e05052f5795_seg.jpg,/Users/ashley/Desktop/python/CS156-Machine-Learning/final/data/retail_images/segmentation_overlays/coat/reformation_outerwear_5e05052f5795_overlay.jpg,Coat,Coat|Upper-clothes,Upper-clothes,0.0931979166666666,185.0,126.0,406.0,460.0,segmented,ok,mattmdjaga/segformer_b2_clothes,crop_masked
/Users/ashley/Desktop/python/CS156-Machine-Learning/final/data/retail_images/raw/coat/reformation_outerwear_60736ebf8d92.jpg,/Users/ashley/Desktop/python/CS156-Machine-Learning/final/data/retail_images/segmented/coat/reformation_outerwear_60736ebf8d92_seg.jpg,/Users/ashley/Desktop/python/CS156-Machine-Learning/final/data/retail_images/segmentation_overlays/coat/reformation_outerwear_60736ebf8d92_overlay.jpg,Coat,Coat|Upper-clothes,,,,,,,fallback_copy,missing_target_mask,mattmdjaga/segformer_b2_clothes,copy
/Users/ashley/Desktop/python/CS156-Machine-Learning/final/data/retail_images/raw/coat/reformation_outerwear_6099779f3965.jpg,/Users/ashley/Desktop/python/CS156-Machine-Learning/final/data/retail_images/segmented/coat/reformation_outerwear_6099779f3965_seg.jpg,/Users/ashley/Desktop/python/CS156-Machine-Learning/final/data/retail_images/segmentation_overlays/coat/reformation_outerwear_6099779f3965_overlay.jpg,Coat,Coat|Upper-clothes,Upper-clothes,0.1580833333333333,45.0,1.0,507.0,506.0,segmented,ok,mattmdjaga/segformer_b2_clothes,crop_masked
/Users/ashley/Desktop/python/CS156-Machine-Learning/final/data/retail_images/raw/coat/reformation_outerwear_61f1843b14dd.jpg,/Users/ashley/Desktop/python/CS156-Machine-Learning/final/data/retail_images/segmented/coat/reformation_outerwear_61f1843b14dd_seg.jpg,/Users/ashley/Desktop/python/CS156-Machine-Learning/final/data/retail_images/segmentation_overlays/coat/reformation_outerwear_61f1843b14dd_overlay.jpg,Coat,Coat|Upper-clothes,Upper-clothes,0.0580291666666666,204.0,133.0,407.0,433.0,segmented,ok,mattmdjaga/segformer_b2_clothes,crop_masked
/Users/ashley/Desktop/python/CS156-Machine-Learning/final/data/retail_images/raw/coat/reformation_outerwear_64b6cd75f245.jpg,/Users/ashley/Desktop/python/CS156-Machine-Learning/final/data/retail_images/segmented/coat/reformation_outerwear_64b6cd75f245_seg.jpg,/Users/ashley/Desktop/python/CS156-Machine-Learning/final/data/retail_images/segmentation_overlays/coat/reformation_outerwear_64b6cd75f245_overlay.jpg,Coat,Coat|Upper-clothes,,,,,,,fallback_copy,missing_target_mask,mattmdjaga/segformer_b2_clothes,copy
/Users/ashley/Desktop/python/CS156-Machine-Learning/final/data/retail_images/raw/coat/reformation_outerwear_672804aa47a1.jpg,/Users/ashley/Desktop/python/CS156-Machine-Learning/final/data/retail_images/segmented/coat/reformation_outerwear_672804aa47a1_seg.jpg,/Users/ashley/Desktop/python/CS156-Machine-Learning/final/data/retail_images/segmentation_overlays/coat/reformation_outerwear_672804aa47a1_overlay.jpg,Coat,Coat|Upper-clothes,Upper-clothes,0.0713604166666666,179.0,140.0,406.0,426.0,segmented,ok,mattmdjaga/segformer_b2_clothes,crop_masked
/Users/ashley/Desktop/python/CS156-Machine-Learning/final/data/retail_images/raw/coat/reformation_outerwear_67c51a0c55dd.jpg,/Users/ashley/Desktop/python/CS156-Machine-Learning/final/data/retail_images/segmented/coat/reformation_outerwear_67c51a0c55dd_seg.jpg,/Users/ashley/Desktop/python/CS156-Machine-Learning/final/data/retail_images/segmentation_overlays/coat/reformation_outerwear_67c51a0c55dd_overlay.jpg,Coat,Coat|Upper-clothes,Upper-clothes,0.102675,170.0,74.0,524.0,447.0,segmented,ok,mattmdjaga/segformer_b2_clothes,crop_masked
/Users/ashley/Desktop/python/CS156-Machine-Learning/final/data/retail_images/raw/coat/reformation_outerwear_68460109bd47.jpg,/Users/ashley/Desktop/python/CS156-Machine-Learning/final/data/retail_images/segmented/coat/reformation_outerwear_68460109bd47_seg.jpg,/Users/ashley/Desktop/python/CS156-Machine-Learning/final/data/retail_images/segmentation_overlays/coat/reformation_outerwear_68460109bd47_overlay.jpg,Coat,Coat|Upper-clothes,Upper-clothes,0.0828979166666666,158.0,136.0,445.0,406.0,segmented,ok,mattmdjaga/segformer_b2_clothes,crop_masked
/Users/ashley/Desktop/python/CS156-Machine-Learning/final/data/retail_images/raw/coat/reformation_outerwear_6879e8144727.jpg,/Users/ashley/Desktop/python/CS156-Machine-Learning/final/data/retail_images/segmented/coat/reformation_outerwear_6879e8144727_seg.jpg,/Users/ashley/Desktop/python/CS156-Machine-Learning/final/data/retail_images/segmentation_overlays/coat/reformation_outerwear_6879e8144727_overlay.jpg,Coat,Coat|Upper-clothes,,,,,,,fallback_copy,missing_target_mask,mattmdjaga/segformer_b2_clothes,copy
/Users/ashley/Desktop/python/CS156-Machine-Learning/final/data/retail_images/raw/coat/reformation_outerwear_68c841d6580d.jpg,/Users/ashley/Desktop/python/CS156-Machine-Learning/final/data/retail_images/segmented/coat/reformation_outerwear_68c841d6580d_seg.jpg,/Users/ashley/Desktop/python/CS156-Machine-Learning/final/data/retail_images/segmentation_overlays/coat/reformation_outerwear_68c841d6580d_overlay.jpg,Coat,Coat|Upper-clothes,Upper-clothes,0.3760958333333333,0.0,244.0,596.0,800.0,segmented,ok,mattmdjaga/segformer_b2_clothes,crop_masked
/Users/ashley/Desktop/python/CS156-Machine-Learning/final/data/retail_images/raw/coat/reformation_outerwear_69553f841cca.jpg,/Users/ashley/Desktop/python/CS156-Machine-Learning/final/data/retail_images/segmented/coat/reformation_outerwear_69553f841cca_seg.jpg,/Users/ashley/Desktop/python/CS156-Machine-Learning/final/data/retail_images/segmentation_overlays/coat/reformation_outerwear_69553f841cca_overlay.jpg,Coat,Coat|Upper-clothes,Upper-clothes,0.2261270833333333,85.0,153.0,503.0,688.0,segmented,ok,mattmdjaga/segformer_b2_clothes,crop_masked
/Users/ashley/Desktop/python/CS156-Machine-Learning/final/data/retail_images/raw/coat/reformation_outerwear_69edfa222ddb.jpg,/Users/ashley/Desktop/python/CS156-Machine-Learning/final/data/retail_images/segmented/coat/reformation_outerwear_69edfa222ddb_seg.jpg,/Users/ashley/Desktop/python/CS156-Machine-Learning/final/data/retail_images/segmentation_overlays/coat/reformation_outerwear_69edfa222ddb_overlay.jpg,Coat,Coat|Upper-clothes,Upper-clothes,0.4502875,0.0,182.0,600.0,800.0,segmented,ok,mattmdjaga/segformer_b2_clothes,crop_masked
/Users/ashley/Desktop/python/CS156-Machine-Learning/final/data/retail_images/raw/coat/reformation_outerwear_6a165ba81861.jpg,/Users/ashley/Desktop/python/CS156-Machine-Learning/final/data/retail_images/segmented/coat/reformation_outerwear_6a165ba81861_seg.jpg,/Users/ashley/Desktop/python/CS156-Machine-Learning/final/data/retail_images/segmentation_overlays/coat/reformation_outerwear_6a165ba81861_overlay.jpg,Coat,Coat|Upper-clothes,Upper-clothes,0.3072166666666667,110.0,364.0,600.0,800.0,segmented,ok,mattmdjaga/segformer_b2_clothes,crop_masked
/Users/ashley/Desktop/python/CS156-Machine-Learning/final/data/retail_images/raw/coat/reformation_outerwear_6bb428e954f1.jpg,/Users/ashley/Desktop/python/CS156-Machine-Learning/final/data/retail_images/segmented/coat/reformation_outerwear_6bb428e954f1_seg.jpg,/Users/ashley/Desktop/python/CS156-Machine-Learning/final/data/retail_images/segmentation_overlays/coat/reformation_outerwear_6bb428e954f1_overlay.jpg,Coat,Coat|Upper-clothes,Upper-clothes,0.07689375,201.0,108.0,402.0,426.0,segmented,ok,mattmdjaga/segformer_b2_clothes,crop_masked
/Users/ashley/Desktop/python/CS156-Machine-Learning/final/data/retail_images/raw/coat/reformation_outerwear_6e062b9a20f8.jpg,/Users/ashley/Desktop/python/CS156-Machine-Learning/final/data/retail_images/segmented/coat/reformation_outerwear_6e062b9a20f8_seg.jpg,/Users/ashley/Desktop/python/CS156-Machine-Learning/final/data/retail_images/segmentation_overlays/coat/reformation_outerwear_6e062b9a20f8_overlay.jpg,Coat,Coat|Upper-clothes,,,,,,,fallback_copy,mask_area_out_of_range:0.0023,mattmdjaga/segformer_b2_clothes,copy
/Users/ashley/Desktop/python/CS156-Machine-Learning/final/data/retail_images/raw/coat/reformation_outerwear_6fa15881bfa7.jpg,/Users/ashley/Desktop/python/CS156-Machine-Learning/final/data/retail_images/segmented/coat/reformation_outerwear_6fa15881bfa7_seg.jpg,/Users/ashley/Desktop/python/CS156-Machine-Learning/final/data/retail_images/segmentation_overlays/coat/reformation_outerwear_6fa15881bfa7_overlay.jpg,Coat,Coat|Upper-clothes,Upper-clothes,0.3427979166666666,0.0,210.0,436.0,800.0,segmented,ok,mattmdjaga/segformer_b2_clothes,crop_masked
/Users/ashley/Desktop/python/CS156-Machine-Learning/final/data/retail_images/raw/coat/reformation_outerwear_725f60d2e991.jpg,/Users/ashley/Desktop/python/CS156-Machine-Learning/final/data/retail_images/segmented/coat/reformation_outerwear_725f60d2e991_seg.jpg,/Users/ashley/Desktop/python/CS156-Machine-Learning/final/data/retail_images/segmentation_overlays/coat/reformation_outerwear_725f60d2e991_overlay.jpg,Coat,Coat|Upper-clothes,Upper-clothes,0.2754979166666667,108.0,122.0,514.0,746.0,segmented,ok,mattmdjaga/segformer_b2_clothes,crop_masked
/Users/ashley/Desktop/python/CS156-Machine-Learning/final/data/retail_images/raw/coat/reformation_outerwear_73ee7224801d.jpg,/Users/ashley/Desktop/python/CS156-Machine-Learning/final/data/retail_images/segmented/coat/reformation_outerwear_73ee7224801d_seg.jpg,/Users/ashley/Desktop/python/CS156-Machine-Learning/final/data/retail_images/segmentation_overlays/coat/reformation_outerwear_73ee7224801d_overlay.jpg,Coat,Coat|Upper-clothes,,,,,,,fallback_copy,missing_target_mask,mattmdjaga/segformer_b2_clothes,copy
/Users/ashley/Desktop/python/CS156-Machine-Learning/final/data/retail_images/raw/coat/reformation_outerwear_76b2f66b7771.jpg,/Users/ashley/Desktop/python/CS156-Machine-Learning/final/data/retail_images/segmented/coat/reformation_outerwear_76b2f66b7771_seg.jpg,/Users/ashley/Desktop/python/CS156-Machine-Learning/final/data/retail_images/segmentation_overlays/coat/reformation_outerwear_76b2f66b7771_overlay.jpg,Coat,Coat|Upper-clothes,Upper-clothes,0.558775,0.0,184.0,600.0,800.0,segmented,ok,mattmdjaga/segformer_b2_clothes,crop_masked
/Users/ashley/Desktop/python/CS156-Machine-Learning/final/data/retail_images/raw/coat/reformation_outerwear_79698d33c358.jpg,/Users/ashley/Desktop/python/CS156-Machine-Learning/final/data/retail_images/segmented/coat/reformation_outerwear_79698d33c358_seg.jpg,/Users/ashley/Desktop/python/CS156-Machine-Learning/final/data/retail_images/segmentation_overlays/coat/reformation_outerwear_79698d33c358_overlay.jpg,Coat,Coat|Upper-clothes,,,,,,,fallback_copy,missing_target_mask,mattmdjaga/segformer_b2_clothes,copy
/Users/ashley/Desktop/python/CS156-Machine-Learning/final/data/retail_images/raw/coat/reformation_outerwear_7c5a1b9c0ec2.jpg,/Users/ashley/Desktop/python/CS156-Machine-Learning/final/data/retail_images/segmented/coat/reformation_outerwear_7c5a1b9c0ec2_seg.jpg,/Users/ashley/Desktop/python/CS156-Machine-Learning/final/data/retail_images/segmentation_overlays/coat/reformation_outerwear_7c5a1b9c0ec2_overlay.jpg,Coat,Coat|Upper-clothes,Upper-clothes,0.2244979166666666,47.0,168.0,470.0,680.0,segmented,ok,mattmdjaga/segformer_b2_clothes,crop_masked
/Users/ashley/Desktop/python/CS156-Machine-Learning/final/data/retail_images/raw/coat/reformation_outerwear_8121fdfe94a2.jpg,/Users/ashley/Desktop/python/CS156-Machine-Learning/final/data/retail_images/segmented/coat/reformation_outerwear_8121fdfe94a2_seg.jpg,/Users/ashley/Desktop/python/CS156-Machine-Learning/final/data/retail_images/segmentation_overlays/coat/reformation_outerwear_8121fdfe94a2_overlay.jpg,Coat,Coat|Upper-clothes,Upper-clothes,0.0953145833333333,172.0,116.0,415.0,453.0,segmented,ok,mattmdjaga/segformer_b2_clothes,crop_masked
/Users/ashley/Desktop/python/CS156-Machine-Learning/final/data/retail_images/raw/coat/reformation_outerwear_81311607ba67.jpg,/Users/ashley/Desktop/python/CS156-Machine-Learning/final/data/retail_images/segmented/coat/reformation_outerwear_81311607ba67_seg.jpg,/Users/ashley/Desktop/python/CS156-Machine-Learning/final/data/retail_images/segmentation_overlays/coat/reformation_outerwear_81311607ba67_overlay.jpg,Coat,Coat|Upper-clothes,Upper-clothes,0.1210333333333333,194.0,112.0,457.0,600.0,segmented,ok,mattmdjaga/segformer_b2_clothes,crop_masked
/Users/ashley/Desktop/python/CS156-Machine-Learning/final/data/retail_images/raw/coat/reformation_outerwear_85f357ee99b8.jpg,/Users/ashley/Desktop/python/CS156-Machine-Learning/final/data/retail_images/segmented/coat/reformation_outerwear_85f357ee99b8_seg.jpg,/Users/ashley/Desktop/python/CS156-Machine-Learning/final/data/retail_images/segmentation_overlays/coat/reformation_outerwear_85f357ee99b8_overlay.jpg,Coat,Coat|Upper-clothes,Upper-clothes,0.0805395833333333,202.0,105.0,395.0,468.0,segmented,ok,mattmdjaga/segformer_b2_clothes,crop_masked
/Users/ashley/Desktop/python/CS156-Machine-Learning/final/data/retail_images/raw/coat/reformation_outerwear_877a8ff3588c.jpg,/Users/ashley/Desktop/python/CS156-Machine-Learning/final/data/retail_images/segmented/coat/reformation_outerwear_877a8ff3588c_seg.jpg,/Users/ashley/Desktop/python/CS156-Machine-Learning/final/data/retail_images/segmentation_overlays/coat/reformation_outerwear_877a8ff3588c_overlay.jpg,Coat,Coat|Upper-clothes,,,,,,,fallback_copy,missing_target_mask,mattmdjaga/segformer_b2_clothes,copy
/Users/ashley/Desktop/python/CS156-Machine-Learning/final/data/retail_images/raw/coat/reformation_outerwear_8cab279e0dcd.jpg,/Users/ashley/Desktop/python/CS156-Machine-Learning/final/data/retail_images/segmented/coat/reformation_outerwear_8cab279e0dcd_seg.jpg,/Users/ashley/Desktop/python/CS156-Machine-Learning/final/data/retail_images/segmentation_overlays/coat/reformation_outerwear_8cab279e0dcd_overlay.jpg,Coat,Coat|Upper-clothes,,,,,,,fallback_copy,missing_target_mask,mattmdjaga/segformer_b2_clothes,copy
/Users/ashley/Desktop/python/CS156-Machine-Learning/final/data/retail_images/raw/coat/reformation_outerwear_8eeca859be11.jpg,/Users/ashley/Desktop/python/CS156-Machine-Learning/final/data/retail_images/segmented/coat/reformation_outerwear_8eeca859be11_seg.jpg,/Users/ashley/Desktop/python/CS156-Machine-Learning/final/data/retail_images/segmentation_overlays/coat/reformation_outerwear_8eeca859be11_overlay.jpg,Coat,Coat|Upper-clothes,Upper-clothes,0.6797229166666666,0.0,25.0,600.0,800.0,segmented,ok,mattmdjaga/segformer_b2_clothes,crop_masked
/Users/ashley/Desktop/python/CS156-Machine-Learning/final/data/retail_images/raw/coat/reformation_outerwear_951611324ff8.jpg,/Users/ashley/Desktop/python/CS156-Machine-Learning/final/data/retail_images/segmented/coat/reformation_outerwear_951611324ff8_seg.jpg,/Users/ashley/Desktop/python/CS156-Machine-Learning/final/data/retail_images/segmentation_overlays/coat/reformation_outerwear_951611324ff8_overlay.jpg,Coat,Coat|Upper-clothes,Upper-clothes,0.126875,35.0,166.0,320.0,707.0,segmented,ok,mattmdjaga/segformer_b2_clothes,crop_masked
/Users/ashley/Desktop/python/CS156-Machine-Learning/final/data/retail_images/raw/coat/reformation_outerwear_9c4ad16f47b5.jpg,/Users/ashley/Desktop/python/CS156-Machine-Learning/final/data/retail_images/segmented/coat/reformation_outerwear_9c4ad16f47b5_seg.jpg,/Users/ashley/Desktop/python/CS156-Machine-Learning/final/data/retail_images/segmentation_overlays/coat/reformation_outerwear_9c4ad16f47b5_overlay.jpg,Coat,Coat|Upper-clothes,Upper-clothes,0.3956145833333333,0.0,319.0,600.0,800.0,segmented,ok,mattmdjaga/segformer_b2_clothes,crop_masked
/Users/ashley/Desktop/python/CS156-Machine-Learning/final/data/retail_images/raw/coat/reformation_outerwear_a1cc97d05c06.jpg,/Users/ashley/Desktop/python/CS156-Machine-Learning/final/data/retail_images/segmented/coat/reformation_outerwear_a1cc97d05c06_seg.jpg,/Users/ashley/Desktop/python/CS156-Machine-Learning/final/data/retail_images/segmentation_overlays/coat/reformation_outerwear_a1cc97d05c06_overlay.jpg,Coat,Coat|Upper-clothes,,,,,,,fallback_copy,missing_target_mask,mattmdjaga/segformer_b2_clothes,copy
/Users/ashley/Desktop/python/CS156-Machine-Learning/final/data/retail_images/raw/coat/reformation_outerwear_a2e6df7c65d4.jpg,/Users/ashley/Desktop/python/CS156-Machine-Learning/final/data/retail_images/segmented/coat/reformation_outerwear_a2e6df7c65d4_seg.jpg,/Users/ashley/Desktop/python/CS156-Machine-Learning/final/data/retail_images/segmentation_overlays/coat/reformation_outerwear_a2e6df7c65d4_overlay.jpg,Coat,Coat|Upper-clothes,Upper-clothes,0.0858541666666666,155.0,140.0,441.0,404.0,segmented,ok,mattmdjaga/segformer_b2_clothes,crop_masked
/Users/ashley/Desktop/python/CS156-Machine-Learning/final/data/retail_images/raw/coat/reformation_outerwear_ab32524f3198.jpg,/Users/ashley/Desktop/python/CS156-Machine-Learning/final/data/retail_images/segmented/coat/reformation_outerwear_ab32524f3198_seg.jpg,/Users/ashley/Desktop/python/CS156-Machine-Learning/final/data/retail_images/segmentation_overlays/coat/reformation_outerwear_ab32524f3198_overlay.jpg,Coat,Coat|Upper-clothes,Upper-clothes,0.1910666666666666,132.0,128.0,480.0,663.0,segmented,ok,mattmdjaga/segformer_b2_clothes,crop_masked
/Users/ashley/Desktop/python/CS156-Machine-Learning/final/data/retail_images/raw/coat/reformation_outerwear_b5f2d2a8a66e.jpg,/Users/ashley/Desktop/python/CS156-Machine-Learning/final/data/retail_images/segmented/coat/reformation_outerwear_b5f2d2a8a66e_seg.jpg,/Users/ashley/Desktop/python/CS156-Machine-Learning/final/data/retail_images/segmentation_overlays/coat/reformation_outerwear_b5f2d2a8a66e_overlay.jpg,Coat,Coat|Upper-clothes,Upper-clothes,0.0713666666666666,228.0,96.0,419.0,457.0,segmented,ok,mattmdjaga/segformer_b2_clothes,crop_masked
/Users/ashley/Desktop/python/CS156-Machine-Learning/final/data/retail_images/raw/coat/reformation_outerwear_b6bc7237ca47.jpg,/Users/ashley/Desktop/python/CS156-Machine-Learning/final/data/retail_images/segmented/coat/reformation_outerwear_b6bc7237ca47_seg.jpg,/Users/ashley/Desktop/python/CS156-Machine-Learning/final/data/retail_images/segmentation_overlays/coat/reformation_outerwear_b6bc7237ca47_overlay.jpg,Coat,Coat|Upper-clothes,,,,,,,fallback_copy,missing_target_mask,mattmdjaga/segformer_b2_clothes,copy
/Users/ashley/Desktop/python/CS156-Machine-Learning/final/data/retail_images/raw/coat/reformation_outerwear_b6ce020a75ce.jpg,/Users/ashley/Desktop/python/CS156-Machine-Learning/final/data/retail_images/segmented/coat/reformation_outerwear_b6ce020a75ce_seg.jpg,/Users/ashley/Desktop/python/CS156-Machine-Learning/final/data/retail_images/segmentation_overlays/coat/reformation_outerwear_b6ce020a75ce_overlay.jpg,Coat,Coat|Upper-clothes,Upper-clothes,0.0963229166666666,187.0,114.0,404.0,464.0,segmented,ok,mattmdjaga/segformer_b2_clothes,crop_masked
/Users/ashley/Desktop/python/CS156-Machine-Learning/final/data/retail_images/raw/coat/reformation_outerwear_bc2dd615a3a5.jpg,/Users/ashley/Desktop/python/CS156-Machine-Learning/final/data/retail_images/segmented/coat/reformation_outerwear_bc2dd615a3a5_seg.jpg,/Users/ashley/Desktop/python/CS156-Machine-Learning/final/data/retail_images/segmentation_overlays/coat/reformation_outerwear_bc2dd615a3a5_overlay.jpg,Coat,Coat|Upper-clothes,Upper-clothes,0.2330875,59.0,150.0,533.0,728.0,segmented,ok,mattmdjaga/segformer_b2_clothes,crop_masked
/Users/ashley/Desktop/python/CS156-Machine-Learning/final/data/retail_images/raw/coat/reformation_outerwear_ca725f8b335b.jpg,/Users/ashley/Desktop/python/CS156-Machine-Learning/final/data/retail_images/segmented/coat/reformation_outerwear_ca725f8b335b_seg.jpg,/Users/ashley/Desktop/python/CS156-Machine-Learning/final/data/retail_images/segmentation_overlays/coat/reformation_outerwear_ca725f8b335b_overlay.jpg,Coat,Coat|Upper-clothes,Upper-clothes,0.4274895833333333,91.0,6.0,522.0,779.0,segmented,ok,mattmdjaga/segformer_b2_clothes,crop_masked
/Users/ashley/Desktop/python/CS156-Machine-Learning/final/data/retail_images/raw/coat/reformation_outerwear_cbad5d782328.jpg,/Users/ashley/Desktop/python/CS156-Machine-Learning/final/data/retail_images/segmented/coat/reformation_outerwear_cbad5d782328_seg.jpg,/Users/ashley/Desktop/python/CS156-Machine-Learning/final/data/retail_images/segmentation_overlays/coat/reformation_outerwear_cbad5d782328_overlay.jpg,Coat,Coat|Upper-clothes,Upper-clothes,0.22264375,142.0,100.0,501.0,782.0,segmented,ok,mattmdjaga/segformer_b2_clothes,crop_masked
/Users/ashley/Desktop/python/CS156-Machine-Learning/final/data/retail_images/raw/coat/reformation_outerwear_cd9162ebbaea.jpg,/Users/ashley/Desktop/python/CS156-Machine-Learning/final/data/retail_images/segmented/coat/reformation_outerwear_cd9162ebbaea_seg.jpg,/Users/ashley/Desktop/python/CS156-Machine-Learning/final/data/retail_images/segmentation_overlays/coat/reformation_outerwear_cd9162ebbaea_overlay.jpg,Coat,Coat|Upper-clothes,Upper-clothes,0.1134520833333333,132.0,59.0,474.0,372.0,segmented,ok,mattmdjaga/segformer_b2_clothes,crop_masked
/Users/ashley/Desktop/python/CS156-Machine-Learning/final/data/retail_images/raw/coat/reformation_outerwear_cf2c2b092879.jpg,/Users/ashley/Desktop/python/CS156-Machine-Learning/final/data/retail_images/segmented/coat/reformation_outerwear_cf2c2b092879_seg.jpg,/Users/ashley/Desktop/python/CS156-Machine-Learning/final/data/retail_images/segmentation_overlays/coat/reformation_outerwear_cf2c2b092879_overlay.jpg,Coat,Coat|Upper-clothes,Upper-clothes,0.0526354166666666,164.0,90.0,456.0,583.0,segmented,ok,mattmdjaga/segformer_b2_clothes,crop_masked
/Users/ashley/Desktop/python/CS156-Machine-Learning/final/data/retail_images/raw/coat/reformation_outerwear_cf9a30413e6f.jpg,/Users/ashley/Desktop/python/CS156-Machine-Learning/final/data/retail_images/segmented/coat/reformation_outerwear_cf9a30413e6f_seg.jpg,/Users/ashley/Desktop/python/CS156-Machine-Learning/final/data/retail_images/segmentation_overlays/coat/reformation_outerwear_cf9a30413e6f_overlay.jpg,Coat,Coat|Upper-clothes,Upper-clothes,0.1849,77.0,116.0,442.0,635.0,segmented,ok,mattmdjaga/segformer_b2_clothes,crop_masked
/Users/ashley/Desktop/python/CS156-Machine-Learning/final/data/retail_images/raw/coat/reformation_outerwear_cfc308e51d9a.jpg,/Users/ashley/Desktop/python/CS156-Machine-Learning/final/data/retail_images/segmented/coat/reformation_outerwear_cfc308e51d9a_seg.jpg,/Users/ashley/Desktop/python/CS156-Machine-Learning/final/data/retail_images/segmentation_overlays/coat/reformation_outerwear_cfc308e51d9a_overlay.jpg,Coat,Coat|Upper-clothes,Upper-clothes,0.0510145833333333,182.0,130.0,379.0,439.0,segmented,ok,mattmdjaga/segformer_b2_clothes,crop_masked
/Users/ashley/Desktop/python/CS156-Machine-Learning/final/data/retail_images/raw/coat/reformation_outerwear_d0d64817c12e.jpg,/Users/ashley/Desktop/python/CS156-Machine-Learning/final/data/retail_images/segmented/coat/reformation_outerwear_d0d64817c12e_seg.jpg,/Users/ashley/Desktop/python/CS156-Machine-Learning/final/data/retail_images/segmentation_overlays/coat/reformation_outerwear_d0d64817c12e_overlay.jpg,Coat,Coat|Upper-clothes,Upper-clothes,0.0833770833333333,189.0,129.0,420.0,465.0,segmented,ok,mattmdjaga/segformer_b2_clothes,crop_masked
/Users/ashley/Desktop/python/CS156-Machine-Learning/final/data/retail_images/raw/coat/reformation_outerwear_d1bd3c89b82f.jpg,/Users/ashley/Desktop/python/CS156-Machine-Learning/final/data/retail_images/segmented/coat/reformation_outerwear_d1bd3c89b82f_seg.jpg,/Users/ashley/Desktop/python/CS156-Machine-Learning/final/data/retail_images/segmentation_overlays/coat/reformation_outerwear_d1bd3c89b82f_overlay.jpg,Coat,Coat|Upper-clothes,Upper-clothes,0.1771833333333333,92.0,114.0,485.0,619.0,segmented,ok,mattmdjaga/segformer_b2_clothes,crop_masked
/Users/ashley/Desktop/python/CS156-Machine-Learning/final/data/retail_images/raw/coat/reformation_outerwear_d56db7d0ae80.jpg,/Users/ashley/Desktop/python/CS156-Machine-Learning/final/data/retail_images/segmented/coat/reformation_outerwear_d56db7d0ae80_seg.jpg,/Users/ashley/Desktop/python/CS156-Machine-Learning/final/data/retail_images/segmentation_overlays/coat/reformation_outerwear_d56db7d0ae80_overlay.jpg,Coat,Coat|Upper-clothes,,,,,,,fallback_copy,segmented_too_small:81x145,mattmdjaga/segformer_b2_clothes,copy
/Users/ashley/Desktop/python/CS156-Machine-Learning/final/data/retail_images/raw/coat/reformation_outerwear_dbc709607b50.jpg,/Users/ashley/Desktop/python/CS156-Machine-Learning/final/data/retail_images/segmented/coat/reformation_outerwear_dbc709607b50_seg.jpg,/Users/ashley/Desktop/python/CS156-Machine-Learning/final/data/retail_images/segmentation_overlays/coat/reformation_outerwear_dbc709607b50_overlay.jpg,Coat,Coat|Upper-clothes,,,,,,,fallback_copy,segmented_too_small:526x87,mattmdjaga/segformer_b2_clothes,copy
/Users/ashley/Desktop/python/CS156-Machine-Learning/final/data/retail_images/raw/coat/reformation_outerwear_de5c9aebdf6e.jpg,/Users/ashley/Desktop/python/CS156-Machine-Learning/final/data/retail_images/segmented/coat/reformation_outerwear_de5c9aebdf6e_seg.jpg,/Users/ashley/Desktop/python/CS156-Machine-Learning/final/data/retail_images/segmentation_overlays/coat/reformation_outerwear_de5c9aebdf6e_overlay.jpg,Coat,Coat|Upper-clothes,Upper-clothes,0.1998666666666666,122.0,153.0,450.0,727.0,segmented,ok,mattmdjaga/segformer_b2_clothes,crop_masked
/Users/ashley/Desktop/python/CS156-Machine-Learning/final/data/retail_images/raw/coat/reformation_outerwear_dea0a031cd41.jpg,/Users/ashley/Desktop/python/CS156-Machine-Learning/final/data/retail_images/segmented/coat/reformation_outerwear_dea0a031cd41_seg.jpg,/Users/ashley/Desktop/python/CS156-Machine-Learning/final/data/retail_images/segmentation_overlays/coat/reformation_outerwear_dea0a031cd41_overlay.jpg,Coat,Coat|Upper-clothes,Upper-clothes,0.4445458333333333,1.0,258.0,600.0,800.0,segmented,ok,mattmdjaga/segformer_b2_clothes,crop_masked
/Users/ashley/Desktop/python/CS156-Machine-Learning/final/data/retail_images/raw/coat/reformation_outerwear_deba6a0b656e.jpg,/Users/ashley/Desktop/python/CS156-Machine-Learning/final/data/retail_images/segmented/coat/reformation_outerwear_deba6a0b656e_seg.jpg,/Users/ashley/Desktop/python/CS156-Machine-Learning/final/data/retail_images/segmentation_overlays/coat/reformation_outerwear_deba6a0b656e_overlay.jpg,Coat,Coat|Upper-clothes,Upper-clothes,0.0328333333333333,208.0,134.0,373.0,426.0,segmented,ok,mattmdjaga/segformer_b2_clothes,crop_masked
/Users/ashley/Desktop/python/CS156-Machine-Learning/final/data/retail_images/raw/coat/reformation_outerwear_e4c20dc029fb.jpg,/Users/ashley/Desktop/python/CS156-Machine-Learning/final/data/retail_images/segmented/coat/reformation_outerwear_e4c20dc029fb_seg.jpg,/Users/ashley/Desktop/python/CS156-Machine-Learning/final/data/retail_images/segmentation_overlays/coat/reformation_outerwear_e4c20dc029fb_overlay.jpg,Coat,Coat|Upper-clothes,Upper-clothes,0.2896041666666666,63.0,98.0,600.0,619.0,segmented,ok,mattmdjaga/segformer_b2_clothes,crop_masked
/Users/ashley/Desktop/python/CS156-Machine-Learning/final/data/retail_images/raw/coat/reformation_outerwear_e79a66f58d40.jpg,/Users/ashley/Desktop/python/CS156-Machine-Learning/final/data/retail_images/segmented/coat/reformation_outerwear_e79a66f58d40_seg.jpg,/Users/ashley/Desktop/python/CS156-Machine-Learning/final/data/retail_images/segmentation_overlays/coat/reformation_outerwear_e79a66f58d40_overlay.jpg,Coat,Coat|Upper-clothes,Upper-clothes,0.1048271052864606,104.0,164.0,277.0,377.0,segmented,ok,mattmdjaga/segformer_b2_clothes,crop_masked
/Users/ashley/Desktop/python/CS156-Machine-Learning/final/data/retail_images/raw/coat/reformation_outerwear_eeb174e927f7.jpg,/Users/ashley/Desktop/python/CS156-Machine-Learning/final/data/retail_images/segmented/coat/reformation_outerwear_eeb174e927f7_seg.jpg,/Users/ashley/Desktop/python/CS156-Machine-Learning/final/data/retail_images/segmentation_overlays/coat/reformation_outerwear_eeb174e927f7_overlay.jpg,Coat,Coat|Upper-clothes,Upper-clothes,0.3622229166666666,0.0,206.0,600.0,800.0,segmented,ok,mattmdjaga/segformer_b2_clothes,crop_masked
/Users/ashley/Desktop/python/CS156-Machine-Learning/final/data/retail_images/raw/coat/reformation_outerwear_f4a90f725965.jpg,/Users/ashley/Desktop/python/CS156-Machine-Learning/final/data/retail_images/segmented/coat/reformation_outerwear_f4a90f725965_seg.jpg,/Users/ashley/Desktop/python/CS156-Machine-Learning/final/data/retail_images/segmentation_overlays/coat/reformation_outerwear_f4a90f725965_overlay.jpg,Coat,Coat|Upper-clothes,,,,,,,fallback_copy,segmented_too_small:96x90,mattmdjaga/segformer_b2_clothes,copy
/Users/ashley/Desktop/python/CS156-Machine-Learning/final/data/retail_images/raw/coat/reformation_outerwear_f4b0f7ba134a.jpg,/Users/ashley/Desktop/python/CS156-Machine-Learning/final/data/retail_images/segmented/coat/reformation_outerwear_f4b0f7ba134a_seg.jpg,/Users/ashley/Desktop/python/CS156-Machine-Learning/final/data/retail_images/segmentation_overlays/coat/reformation_outerwear_f4b0f7ba134a_overlay.jpg,Coat,Coat|Upper-clothes,Upper-clothes,0.1111166666666666,222.0,110.0,480.0,570.0,segmented,ok,mattmdjaga/segformer_b2_clothes,crop_masked
/Users/ashley/Desktop/python/CS156-Machine-Learning/final/data/retail_images/raw/coat/reformation_outerwear_f6f7e51a6a92.jpg,/Users/ashley/Desktop/python/CS156-Machine-Learning/final/data/retail_images/segmented/coat/reformation_outerwear_f6f7e51a6a92_seg.jpg,/Users/ashley/Desktop/python/CS156-Machine-Learning/final/data/retail_images/segmentation_overlays/coat/reformation_outerwear_f6f7e51a6a92_overlay.jpg,Coat,Coat|Upper-clothes,Upper-clothes,0.3431708333333333,26.0,109.0,528.0,800.0,segmented,ok,mattmdjaga/segformer_b2_clothes,crop_masked
/Users/ashley/Desktop/python/CS156-Machine-Learning/final/data/retail_images/raw/coat/reformation_outerwear_fbf2708f587a.jpg,/Users/ashley/Desktop/python/CS156-Machine-Learning/final/data/retail_images/segmented/coat/reformation_outerwear_fbf2708f587a_seg.jpg,/Users/ashley/Desktop/python/CS156-Machine-Learning/final/data/retail_images/segmentation_overlays/coat/reformation_outerwear_fbf2708f587a_overlay.jpg,Coat,Coat|Upper-clothes,Upper-clothes,0.2607333333333333,109.0,105.0,573.0,630.0,segmented,ok,mattmdjaga/segformer_b2_clothes,crop_masked
/Users/ashley/Desktop/python/CS156-Machine-Learning/final/data/retail_images/raw/coat/reformation_outerwear_fcee3831596b.jpg,/Users/ashley/Desktop/python/CS156-Machine-Learning/final/data/retail_images/segmented/coat/reformation_outerwear_fcee3831596b_seg.jpg,/Users/ashley/Desktop/python/CS156-Machine-Learning/final/data/retail_images/segmentation_overlays/coat/reformation_outerwear_fcee3831596b_overlay.jpg,Coat,Coat|Upper-clothes,Upper-clothes,0.0596617798353909,221.0,145.0,981.0,1011.0,segmented,ok,mattmdjaga/segformer_b2_clothes,crop_masked
/Users/ashley/Desktop/python/CS156-Machine-Learning/final/data/retail_images/raw/sandal/anthropologie_sandals_0132a973e475.jpg,/Users/ashley/Desktop/python/CS156-Machine-Learning/final/data/retail_images/segmented/sandal/anthropologie_sandals_0132a973e475_seg.jpg,/Users/ashley/Desktop/python/CS156-Machine-Learning/final/data/retail_images/segmentation_overlays/sandal/anthropologie_sandals_0132a973e475_overlay.jpg,Sandal,Left-shoe|Right-shoe,,,,,,,fallback_copy,missing_target_mask,mattmdjaga/segformer_b2_clothes,copy
/Users/ashley/Desktop/python/CS156-Machine-Learning/final/data/retail_images/raw/sandal/anthropologie_sandals_05a655ce26e9.jpg,/Users/ashley/Desktop/python/CS156-Machine-Learning/final/data/retail_images/segmented/sandal/anthropologie_sandals_05a655ce26e9_seg.jpg,/Users/ashley/Desktop/python/CS156-Machine-Learning/final/data/retail_images/segmentation_overlays/sandal/anthropologie_sandals_05a655ce26e9_overlay.jpg,Sandal,Left-shoe|Right-shoe,Left-shoe|Right-shoe,0.0714360067277717,0.0,292.0,349.0,426.0,fallback_copy,validation_too_small:349x134_fallback_copy,mattmdjaga/segformer_b2_clothes,copy
/Users/ashley/Desktop/python/CS156-Machine-Learning/final/data/retail_images/raw/sandal/anthropologie_sandals_07835f4576eb.jpg,/Users/ashley/Desktop/python/CS156-Machine-Learning/final/data/retail_images/segmented/sandal/anthropologie_sandals_07835f4576eb_seg.jpg,/Users/ashley/Desktop/python/CS156-Machine-Learning/final/data/retail_images/segmentation_overlays/sandal/anthropologie_sandals_07835f4576eb_overlay.jpg,Sandal,Left-shoe|Right-shoe,,,,,,,fallback_copy,segmented_too_small:11x5,mattmdjaga/segformer_b2_clothes,copy
/Users/ashley/Desktop/python/CS156-Machine-Learning/final/data/retail_images/raw/sandal/anthropologie_sandals_088ebda349fb.jpg,/Users/ashley/Desktop/python/CS156-Machine-Learning/final/data/retail_images/segmented/sandal/anthropologie_sandals_088ebda349fb_seg.jpg,/Users/ashley/Desktop/python/CS156-Machine-Learning/final/data/retail_images/segmentation_overlays/sandal/anthropologie_sandals_088ebda349fb_overlay.jpg,Sandal,Left-shoe|Right-shoe,,,,,,,fallback_copy,segmented_too_small:314x31,mattmdjaga/segformer_b2_clothes,copy
/Users/ashley/Desktop/python/CS156-Machine-Learning/final/data/retail_images/raw/sandal/anthropologie_sandals_0c38f0f6d3d2.jpg,/Users/ashley/Desktop/python/CS156-Machine-Learning/final/data/retail_images/segmented/sandal/anthropologie_sandals_0c38f0f6d3d2_seg.jpg,/Users/ashley/Desktop/python/CS156-Machine-Learning/final/data/retail_images/segmentation_overlays/sandal/anthropologie_sandals_0c38f0f6d3d2_overlay.jpg,Sandal,Left-shoe|Right-shoe,,,,,,,fallback_copy,mask_area_out_of_range:0.0089,mattmdjaga/segformer_b2_clothes,copy
/Users/ashley/Desktop/python/CS156-Machine-Learning/final/data/retail_images/raw/sandal/anthropologie_sandals_1c76185c4fbf.jpg,/Users/ashley/Desktop/python/CS156-Machine-Learning/final/data/retail_images/segmented/sandal/anthropologie_sandals_1c76185c4fbf_seg.jpg,/Users/ashley/Desktop/python/CS156-Machine-Learning/final/data/retail_images/segmentation_overlays/sandal/anthropologie_sandals_1c76185c4fbf_overlay.jpg,Sandal,Left-shoe|Right-shoe,,,,,,,fallback_copy,missing_target_mask,mattmdjaga/segformer_b2_clothes,copy
/Users/ashley/Desktop/python/CS156-Machine-Learning/final/data/retail_images/raw/sandal/anthropologie_sandals_1dc07f4d9ad6.jpg,/Users/ashley/Desktop/python/CS156-Machine-Learning/final/data/retail_images/segmented/sandal/anthropologie_sandals_1dc07f4d9ad6_seg.jpg,/Users/ashley/Desktop/python/CS156-Machine-Learning/final/data/retail_images/segmentation_overlays/sandal/anthropologie_sandals_1dc07f4d9ad6_overlay.jpg,Sandal,Left-shoe|Right-shoe,,,,,,,fallback_copy,mask_area_out_of_range:0.0037,mattmdjaga/segformer_b2_clothes,copy
/Users/ashley/Desktop/python/CS156-Machine-Learning/final/data/retail_images/raw/sandal/anthropologie_sandals_1f5eb71ab012.jpg,/Users/ashley/Desktop/python/CS156-Machine-Learning/final/data/retail_images/segmented/sandal/anthropologie_sandals_1f5eb71ab012_seg.jpg,/Users/ashley/Desktop/python/CS156-Machine-Learning/final/data/retail_images/segmentation_overlays/sandal/anthropologie_sandals_1f5eb71ab012_overlay.jpg,Sandal,Left-shoe|Right-shoe,Left-shoe|Right-shoe,0.0153566321694872,7.0,121.0,349.0,456.0,segmented,ok,mattmdjaga/segformer_b2_clothes,crop_masked
/Users/ashley/Desktop/python/CS156-Machine-Learning/final/data/retail_images/raw/sandal/anthropologie_sandals_226537cd6a54.jpg,/Users/ashley/Desktop/python/CS156-Machine-Learning/final/data/retail_images/segmented/sandal/anthropologie_sandals_226537cd6a54_seg.jpg,/Users/ashley/Desktop/python/CS156-Machine-Learning/final/data/retail_images/segmentation_overlays/sandal/anthropologie_sandals_226537cd6a54_overlay.jpg,Sandal,Left-shoe|Right-shoe,,,,,,,fallback_copy,missing_target_mask,mattmdjaga/segformer_b2_clothes,copy
/Users/ashley/Desktop/python/CS156-Machine-Learning/final/data/retail_images/raw/sandal/anthropologie_sandals_283f029376d2.jpg,/Users/ashley/Desktop/python/CS156-Machine-Learning/final/data/retail_images/segmented/sandal/anthropologie_sandals_283f029376d2_seg.jpg,/Users/ashley/Desktop/python/CS156-Machine-Learning/final/data/retail_images/segmentation_overlays/sandal/anthropologie_sandals_283f029376d2_overlay.jpg,Sandal,Left-shoe|Right-shoe,Left-shoe|Right-shoe,0.0720496145775693,0.0,353.0,291.0,495.0,fallback_copy,validation_too_small:291x142_fallback_copy,mattmdjaga/segformer_b2_clothes,copy
/Users/ashley/Desktop/python/CS156-Machine-Learning/final/data/retail_images/raw/sandal/anthropologie_sandals_2f2e6a6a08ad.webp,/Users/ashley/Desktop/python/CS156-Machine-Learning/final/data/retail_images/segmented/sandal/anthropologie_sandals_2f2e6a6a08ad_seg.jpg,/Users/ashley/Desktop/python/CS156-Machine-Learning/final/data/retail_images/segmentation_overlays/sandal/anthropologie_sandals_2f2e6a6a08ad_overlay.jpg,Sandal,Left-shoe|Right-shoe,,,,,,,fallback_copy,segmented_too_small:168x88,mattmdjaga/segformer_b2_clothes,copy
/Users/ashley/Desktop/python/CS156-Machine-Learning/final/data/retail_images/raw/sandal/anthropologie_sandals_35878f49cca5.jpg,/Users/ashley/Desktop/python/CS156-Machine-Learning/final/data/retail_images/segmented/sandal/anthropologie_sandals_35878f49cca5_seg.jpg,/Users/ashley/Desktop/python/CS156-Machine-Learning/final/data/retail_images/segmentation_overlays/sandal/anthropologie_sandals_35878f49cca5_overlay.jpg,Sandal,Left-shoe|Right-shoe,,,,,,,fallback_copy,segmented_too_small:118x56,mattmdjaga/segformer_b2_clothes,copy
/Users/ashley/Desktop/python/CS156-Machine-Learning/final/data/retail_images/raw/sandal/anthropologie_sandals_3a19c41f3e72.jpg,/Users/ashley/Desktop/python/CS156-Machine-Learning/final/data/retail_images/segmented/sandal/anthropologie_sandals_3a19c41f3e72_seg.jpg,/Users/ashley/Desktop/python/CS156-Machine-Learning/final/data/retail_images/segmentation_overlays/sandal/anthropologie_sandals_3a19c41f3e72_overlay.jpg,Sandal,Left-shoe|Right-shoe,,,,,,,fallback_copy,segmented_too_small:72x126,mattmdjaga/segformer_b2_clothes,copy
/Users/ashley/Desktop/python/CS156-Machine-Learning/final/data/retail_images/raw/sandal/anthropologie_sandals_3b12b4a0265a.jpg,/Users/ashley/Desktop/python/CS156-Machine-Learning/final/data/retail_images/segmented/sandal/anthropologie_sandals_3b12b4a0265a_seg.jpg,/Users/ashley/Desktop/python/CS156-Machine-Learning/final/data/retail_images/segmentation_overlays/sandal/anthropologie_sandals_3b12b4a0265a_overlay.jpg,Sandal,Left-shoe|Right-shoe,Left-shoe|Right-shoe,0.0262810433524903,0.0,229.0,332.0,391.0,segmented,ok,mattmdjaga/segformer_b2_clothes,crop_masked
/Users/ashley/Desktop/python/CS156-Machine-Learning/final/data/retail_images/raw/sandal/anthropologie_sandals_3b5f5000215f.webp,/Users/ashley/Desktop/python/CS156-Machine-Learning/final/data/retail_images/segmented/sandal/anthropologie_sandals_3b5f5000215f_seg.jpg,/Users/ashley/Desktop/python/CS156-Machine-Learning/final/data/retail_images/segmentation_overlays/sandal/anthropologie_sandals_3b5f5000215f_overlay.jpg,Sandal,Left-shoe|Right-shoe,,,,,,,fallback_copy,missing_target_mask,mattmdjaga/segformer_b2_clothes,copy
/Users/ashley/Desktop/python/CS156-Machine-Learning/final/data/retail_images/raw/sandal/anthropologie_sandals_3b63204a2d90.jpg,/Users/ashley/Desktop/python/CS156-Machine-Learning/final/data/retail_images/segmented/sandal/anthropologie_sandals_3b63204a2d90_seg.jpg,/Users/ashley/Desktop/python/CS156-Machine-Learning/final/data/retail_images/segmentation_overlays/sandal/anthropologie_sandals_3b63204a2d90_overlay.jpg,Sandal,Left-shoe|Right-shoe,Left-shoe|Right-shoe,0.0458452722063037,0.0,159.0,344.0,364.0,segmented,ok,mattmdjaga/segformer_b2_clothes,crop_masked
/Users/ashley/Desktop/python/CS156-Machine-Learning/final/data/retail_images/raw/sandal/anthropologie_sandals_41318a271565.jpg,/Users/ashley/Desktop/python/CS156-Machine-Learning/final/data/retail_images/segmented/sandal/anthropologie_sandals_41318a271565_seg.jpg,/Users/ashley/Desktop/python/CS156-Machine-Learning/final/data/retail_images/segmentation_overlays/sandal/anthropologie_sandals_41318a271565_overlay.jpg,Sandal,Left-shoe|Right-shoe,,,,,,,fallback_copy,mask_area_out_of_range:0.0040,mattmdjaga/segformer_b2_clothes,copy
/Users/ashley/Desktop/python/CS156-Machine-Learning/final/data/retail_images/raw/sandal/anthropologie_sandals_454ef752e1b8.jpg,/Users/ashley/Desktop/python/CS156-Machine-Learning/final/data/retail_images/segmented/sandal/anthropologie_sandals_454ef752e1b8_seg.jpg,/Users/ashley/Desktop/python/CS156-Machine-Learning/final/data/retail_images/segmentation_overlays/sandal/anthropologie_sandals_454ef752e1b8_overlay.jpg,Sandal,Left-shoe|Right-shoe,Left-shoe|Right-shoe,0.011800993825571,260.0,830.0,588.0,1005.0,segmented,ok,mattmdjaga/segformer_b2_clothes,crop_masked
/Users/ashley/Desktop/python/CS156-Machine-Learning/final/data/retail_images/raw/sandal/anthropologie_sandals_4621bf9fea91.jpg,/Users/ashley/Desktop/python/CS156-Machine-Learning/final/data/retail_images/segmented/sandal/anthropologie_sandals_4621bf9fea91_seg.jpg,/Users/ashley/Desktop/python/CS156-Machine-Learning/final/data/retail_images/segmentation_overlays/sandal/anthropologie_sandals_4621bf9fea91_overlay.jpg,Sandal,Left-shoe|Right-shoe,Left-shoe|Right-shoe,0.0152689739052304,0.0,144.0,349.0,367.0,segmented,ok,mattmdjaga/segformer_b2_clothes,crop_masked
/Users/ashley/Desktop/python/CS156-Machine-Learning/final/data/retail_images/raw/sandal/anthropologie_sandals_4c4a69af4a0c.jpg,/Users/ashley/Desktop/python/CS156-Machine-Learning/final/data/retail_images/segmented/sandal/anthropologie_sandals_4c4a69af4a0c_seg.jpg,/Users/ashley/Desktop/python/CS156-Machine-Learning/final/data/retail_images/segmentation_overlays/sandal/anthropologie_sandals_4c4a69af4a0c_overlay.jpg,Sandal,Left-shoe|Right-shoe,,,,,,,fallback_copy,segmented_too_small:2x3,mattmdjaga/segformer_b2_clothes,copy
/Users/ashley/Desktop/python/CS156-Machine-Learning/final/data/retail_images/raw/sandal/anthropologie_sandals_4c7537437009.jpg,/Users/ashley/Desktop/python/CS156-Machine-Learning/final/data/retail_images/segmented/sandal/anthropologie_sandals_4c7537437009_seg.jpg,/Users/ashley/Desktop/python/CS156-Machine-Learning/final/data/retail_images/segmentation_overlays/sandal/anthropologie_sandals_4c7537437009_overlay.jpg,Sandal,Left-shoe|Right-shoe,,,,,,,fallback_copy,missing_target_mask,mattmdjaga/segformer_b2_clothes,copy
/Users/ashley/Desktop/python/CS156-Machine-Learning/final/data/retail_images/raw/sandal/anthropologie_sandals_4e01024ecaae.jpg,/Users/ashley/Desktop/python/CS156-Machine-Learning/final/data/retail_images/segmented/sandal/anthropologie_sandals_4e01024ecaae_seg.jpg,/Users/ashley/Desktop/python/CS156-Machine-Learning/final/data/retail_images/segmentation_overlays/sandal/anthropologie_sandals_4e01024ecaae_overlay.jpg,Sandal,Left-shoe|Right-shoe,Left-shoe|Right-shoe,0.1023300662367759,0.0,164.0,349.0,435.0,segmented,ok,mattmdjaga/segformer_b2_clothes,crop_masked
/Users/ashley/Desktop/python/CS156-Machine-Learning/final/data/retail_images/raw/sandal/anthropologie_sandals_6160a08db2e2.jpg,/Users/ashley/Desktop/python/CS156-Machine-Learning/final/data/retail_images/segmented/sandal/anthropologie_sandals_6160a08db2e2_seg.jpg,/Users/ashley/Desktop/python/CS156-Machine-Learning/final/data/retail_images/segmentation_overlays/sandal/anthropologie_sandals_6160a08db2e2_overlay.jpg,Sandal,Left-shoe|Right-shoe,,,,,,,fallback_copy,mask_area_out_of_range:0.0018,mattmdjaga/segformer_b2_clothes,copy
/Users/ashley/Desktop/python/CS156-Machine-Learning/final/data/retail_images/raw/sandal/anthropologie_sandals_62f982e7b463.jpg,/Users/ashley/Desktop/python/CS156-Machine-Learning/final/data/retail_images/segmented/sandal/anthropologie_sandals_62f982e7b463_seg.jpg,/Users/ashley/Desktop/python/CS156-Machine-Learning/final/data/retail_images/segmentation_overlays/sandal/anthropologie_sandals_62f982e7b463_overlay.jpg,Sandal,Left-shoe|Right-shoe,Left-shoe|Right-shoe,0.0776213929993918,1.0,60.0,348.0,509.0,segmented,ok,mattmdjaga/segformer_b2_clothes,crop_masked
/Users/ashley/Desktop/python/CS156-Machine-Learning/final/data/retail_images/raw/sandal/anthropologie_sandals_65f575e88930.jpg,/Users/ashley/Desktop/python/CS156-Machine-Learning/final/data/retail_images/segmented/sandal/anthropologie_sandals_65f575e88930_seg.jpg,/Users/ashley/Desktop/python/CS156-Machine-Learning/final/data/retail_images/segmentation_overlays/sandal/anthropologie_sandals_65f575e88930_overlay.jpg,Sandal,Left-shoe|Right-shoe,,,,,,,fallback_copy,segmented_too_small:204x32,mattmdjaga/segformer_b2_clothes,copy
/Users/ashley/Desktop/python/CS156-Machine-Learning/final/data/retail_images/raw/sandal/anthropologie_sandals_6ad05c6dc538.jpg,/Users/ashley/Desktop/python/CS156-Machine-Learning/final/data/retail_images/segmented/sandal/anthropologie_sandals_6ad05c6dc538_seg.jpg,/Users/ashley/Desktop/python/CS156-Machine-Learning/final/data/retail_images/segmentation_overlays/sandal/anthropologie_sandals_6ad05c6dc538_overlay.jpg,Sandal,Left-shoe|Right-shoe,Left-shoe|Right-shoe,0.0304886400368164,0.0,304.0,339.0,408.0,fallback_copy,validation_too_small:339x104_fallback_copy,mattmdjaga/segformer_b2_clothes,copy
/Users/ashley/Desktop/python/CS156-Machine-Learning/final/data/retail_images/raw/sandal/anthropologie_sandals_6e9b6bb0d5ad.jpg,/Users/ashley/Desktop/python/CS156-Machine-Learning/final/data/retail_images/segmented/sandal/anthropologie_sandals_6e9b6bb0d5ad_seg.jpg,/Users/ashley/Desktop/python/CS156-Machine-Learning/final/data/retail_images/segmentation_overlays/sandal/anthropologie_sandals_6e9b6bb0d5ad_overlay.jpg,Sandal,Left-shoe|Right-shoe,,,,,,,fallback_copy,segmented_too_small:139x27,mattmdjaga/segformer_b2_clothes,copy
/Users/ashley/Desktop/python/CS156-Machine-Learning/final/data/retail_images/raw/sandal/anthropologie_sandals_6fc670011928.jpg,/Users/ashley/Desktop/python/CS156-Machine-Learning/final/data/retail_images/segmented/sandal/anthropologie_sandals_6fc670011928_seg.jpg,/Users/ashley/Desktop/python/CS156-Machine-Learning/final/data/retail_images/segmentation_overlays/sandal/anthropologie_sandals_6fc670011928_overlay.jpg,Sandal,Left-shoe|Right-shoe,Left-shoe|Right-shoe,0.075325842204167,0.0,71.0,349.0,476.0,segmented,ok,mattmdjaga/segformer_b2_clothes,crop_masked
/Users/ashley/Desktop/python/CS156-Machine-Learning/final/data/retail_images/raw/sandal/anthropologie_sandals_73763eb25177.jpg,/Users/ashley/Desktop/python/CS156-Machine-Learning/final/data/retail_images/segmented/sandal/anthropologie_sandals_73763eb25177_seg.jpg,/Users/ashley/Desktop/python/CS156-Machine-Learning/final/data/retail_images/segmentation_overlays/sandal/anthropologie_sandals_73763eb25177_overlay.jpg,Sandal,Left-shoe|Right-shoe,,,,,,,fallback_copy,segmented_too_small:301x72,mattmdjaga/segformer_b2_clothes,copy
/Users/ashley/Desktop/python/CS156-Machine-Learning/final/data/retail_images/raw/sandal/anthropologie_sandals_7395b039639c.jpg,/Users/ashley/Desktop/python/CS156-Machine-Learning/final/data/retail_images/segmented/sandal/anthropologie_sandals_7395b039639c_seg.jpg,/Users/ashley/Desktop/python/CS156-Machine-Learning/final/data/retail_images/segmentation_overlays/sandal/anthropologie_sandals_7395b039639c_overlay.jpg,Sandal,Left-shoe|Right-shoe,,,,,,,fallback_copy,segmented_too_small:74x17,mattmdjaga/segformer_b2_clothes,copy
/Users/ashley/Desktop/python/CS156-Machine-Learning/final/data/retail_images/raw/sandal/anthropologie_sandals_75513da258a3.jpg,/Users/ashley/Desktop/python/CS156-Machine-Learning/final/data/retail_images/segmented/sandal/anthropologie_sandals_75513da258a3_seg.jpg,/Users/ashley/Desktop/python/CS156-Machine-Learning/final/data/retail_images/segmentation_overlays/sandal/anthropologie_sandals_75513da258a3_overlay.jpg,Sandal,Left-shoe|Right-shoe,,,,,,,fallback_copy,segmented_too_small:344x74,mattmdjaga/segformer_b2_clothes,copy
/Users/ashley/Desktop/python/CS156-Machine-Learning/final/data/retail_images/raw/sandal/anthropologie_sandals_7865485eb852.jpg,/Users/ashley/Desktop/python/CS156-Machine-Learning/final/data/retail_images/segmented/sandal/anthropologie_sandals_7865485eb852_seg.jpg,/Users/ashley/Desktop/python/CS156-Machine-Learning/final/data/retail_images/segmentation_overlays/sandal/anthropologie_sandals_7865485eb852_overlay.jpg,Sandal,Left-shoe|Right-shoe,,,,,,,fallback_copy,mask_area_out_of_range:0.0020,mattmdjaga/segformer_b2_clothes,copy
/Users/ashley/Desktop/python/CS156-Machine-Learning/final/data/retail_images/raw/sandal/anthropologie_sandals_78a207c094d9.jpg,/Users/ashley/Desktop/python/CS156-Machine-Learning/final/data/retail_images/segmented/sandal/anthropologie_sandals_78a207c094d9_seg.jpg,/Users/ashley/Desktop/python/CS156-Machine-Learning/final/data/retail_images/segmentation_overlays/sandal/anthropologie_sandals_78a207c094d9_overlay.jpg,Sandal,Left-shoe|Right-shoe,,,,,,,fallback_copy,missing_target_mask,mattmdjaga/segformer_b2_clothes,copy
/Users/ashley/Desktop/python/CS156-Machine-Learning/final/data/retail_images/raw/sandal/anthropologie_sandals_7d7f36a38a9d.jpg,/Users/ashley/Desktop/python/CS156-Machine-Learning/final/data/retail_images/segmented/sandal/anthropologie_sandals_7d7f36a38a9d_seg.jpg,/Users/ashley/Desktop/python/CS156-Machine-Learning/final/data/retail_images/segmentation_overlays/sandal/anthropologie_sandals_7d7f36a38a9d_overlay.jpg,Sandal,Left-shoe|Right-shoe,Left-shoe|Right-shoe,0.0333977986818388,3.0,183.0,347.0,341.0,fallback_copy,validation_too_small:344x158_fallback_copy,mattmdjaga/segformer_b2_clothes,copy
/Users/ashley/Desktop/python/CS156-Machine-Learning/final/data/retail_images/raw/sandal/anthropologie_sandals_811da68ac597.jpg,/Users/ashley/Desktop/python/CS156-Machine-Learning/final/data/retail_images/segmented/sandal/anthropologie_sandals_811da68ac597_seg.jpg,/Users/ashley/Desktop/python/CS156-Machine-Learning/final/data/retail_images/segmentation_overlays/sandal/anthropologie_sandals_811da68ac597_overlay.jpg,Sandal,Left-shoe|Right-shoe,,,,,,,fallback_copy,segmented_too_small:165x90,mattmdjaga/segformer_b2_clothes,copy
/Users/ashley/Desktop/python/CS156-Machine-Learning/final/data/retail_images/raw/sandal/anthropologie_sandals_82856235c9fb.jpg,/Users/ashley/Desktop/python/CS156-Machine-Learning/final/data/retail_images/segmented/sandal/anthropologie_sandals_82856235c9fb_seg.jpg,/Users/ashley/Desktop/python/CS156-Machine-Learning/final/data/retail_images/segmentation_overlays/sandal/anthropologie_sandals_82856235c9fb_overlay.jpg,Sandal,Left-shoe|Right-shoe,,,,,,,fallback_copy,mask_area_out_of_range:0.0071,mattmdjaga/segformer_b2_clothes,copy
/Users/ashley/Desktop/python/CS156-Machine-Learning/final/data/retail_images/raw/sandal/anthropologie_sandals_8d47fff021d3.jpg,/Users/ashley/Desktop/python/CS156-Machine-Learning/final/data/retail_images/segmented/sandal/anthropologie_sandals_8d47fff021d3_seg.jpg,/Users/ashley/Desktop/python/CS156-Machine-Learning/final/data/retail_images/segmentation_overlays/sandal/anthropologie_sandals_8d47fff021d3_overlay.jpg,Sandal,Left-shoe|Right-shoe,Left-shoe|Right-shoe,0.0474669500950544,1.0,129.0,348.0,419.0,segmented,ok,mattmdjaga/segformer_b2_clothes,crop_masked
/Users/ashley/Desktop/python/CS156-Machine-Learning/final/data/retail_images/raw/sandal/anthropologie_sandals_93d02195216e.webp,/Users/ashley/Desktop/python/CS156-Machine-Learning/final/data/retail_images/segmented/sandal/anthropologie_sandals_93d02195216e_seg.jpg,/Users/ashley/Desktop/python/CS156-Machine-Learning/final/data/retail_images/segmentation_overlays/sandal/anthropologie_sandals_93d02195216e_overlay.jpg,Sandal,Left-shoe|Right-shoe,,,,,,,fallback_copy,missing_target_mask,mattmdjaga/segformer_b2_clothes,copy
/Users/ashley/Desktop/python/CS156-Machine-Learning/final/data/retail_images/raw/sandal/anthropologie_sandals_97a6493eea1e.webp,/Users/ashley/Desktop/python/CS156-Machine-Learning/final/data/retail_images/segmented/sandal/anthropologie_sandals_97a6493eea1e_seg.jpg,/Users/ashley/Desktop/python/CS156-Machine-Learning/final/data/retail_images/segmentation_overlays/sandal/anthropologie_sandals_97a6493eea1e_overlay.jpg,Sandal,Left-shoe|Right-shoe,,,,,,,fallback_copy,missing_target_mask,mattmdjaga/segformer_b2_clothes,copy
/Users/ashley/Desktop/python/CS156-Machine-Learning/final/data/retail_images/raw/sandal/anthropologie_sandals_9e41421fb996.webp,/Users/ashley/Desktop/python/CS156-Machine-Learning/final/data/retail_images/segmented/sandal/anthropologie_sandals_9e41421fb996_seg.jpg,/Users/ashley/Desktop/python/CS156-Machine-Learning/final/data/retail_images/segmentation_overlays/sandal/anthropologie_sandals_9e41421fb996_overlay.jpg,Sandal,Left-shoe|Right-shoe,Left-shoe|Right-shoe,0.0115489763158327,260.0,829.0,590.0,1005.0,segmented,ok,mattmdjaga/segformer_b2_clothes,crop_masked
/Users/ashley/Desktop/python/CS156-Machine-Learning/final/data/retail_images/raw/sandal/anthropologie_sandals_a66b88b74678.jpg,/Users/ashley/Desktop/python/CS156-Machine-Learning/final/data/retail_images/segmented/sandal/anthropologie_sandals_a66b88b74678_seg.jpg,/Users/ashley/Desktop/python/CS156-Machine-Learning/final/data/retail_images/segmentation_overlays/sandal/anthropologie_sandals_a66b88b74678_overlay.jpg,Sandal,Left-shoe|Right-shoe,,,,,,,fallback_copy,missing_target_mask,mattmdjaga/segformer_b2_clothes,copy
/Users/ashley/Desktop/python/CS156-Machine-Learning/final/data/retail_images/raw/sandal/anthropologie_sandals_ace0313458e5.jpg,/Users/ashley/Desktop/python/CS156-Machine-Learning/final/data/retail_images/segmented/sandal/anthropologie_sandals_ace0313458e5_seg.jpg,/Users/ashley/Desktop/python/CS156-Machine-Learning/final/data/retail_images/segmentation_overlays/sandal/anthropologie_sandals_ace0313458e5_overlay.jpg,Sandal,Left-shoe|Right-shoe,Left-shoe|Right-shoe,0.0769639560174659,0.0,69.0,349.0,487.0,segmented,ok,mattmdjaga/segformer_b2_clothes,crop_masked
/Users/ashley/Desktop/python/CS156-Machine-Learning/final/data/retail_images/raw/sandal/anthropologie_sandals_b0257f9660c3.jpg,/Users/ashley/Desktop/python/CS156-Machine-Learning/final/data/retail_images/segmented/sandal/anthropologie_sandals_b0257f9660c3_seg.jpg,/Users/ashley/Desktop/python/CS156-Machine-Learning/final/data/retail_images/segmentation_overlays/sandal/anthropologie_sandals_b0257f9660c3_overlay.jpg,Sandal,Left-shoe|Right-shoe,,,,,,,fallback_copy,mask_area_out_of_range:0.0072,mattmdjaga/segformer_b2_clothes,copy
/Users/ashley/Desktop/python/CS156-Machine-Learning/final/data/retail_images/raw/sandal/anthropologie_sandals_b97afcd02fce.jpg,/Users/ashley/Desktop/python/CS156-Machine-Learning/final/data/retail_images/segmented/sandal/anthropologie_sandals_b97afcd02fce_seg.jpg,/Users/ashley/Desktop/python/CS156-Machine-Learning/final/data/retail_images/segmentation_overlays/sandal/anthropologie_sandals_b97afcd02fce_overlay.jpg,Sandal,Left-shoe|Right-shoe,Left-shoe|Right-shoe,0.0156524788113539,0.0,265.0,349.0,422.0,fallback_copy,validation_too_small:349x157_fallback_copy,mattmdjaga/segformer_b2_clothes,copy
/Users/ashley/Desktop/python/CS156-Machine-Learning/final/data/retail_images/raw/sandal/anthropologie_sandals_be81e62cc8e5.jpg,/Users/ashley/Desktop/python/CS156-Machine-Learning/final/data/retail_images/segmented/sandal/anthropologie_sandals_be81e62cc8e5_seg.jpg,/Users/ashley/Desktop/python/CS156-Machine-Learning/final/data/retail_images/segmentation_overlays/sandal/anthropologie_sandals_be81e62cc8e5_overlay.jpg,Sandal,Left-shoe|Right-shoe,Left-shoe|Right-shoe,0.0200573065902578,5.0,98.0,314.0,480.0,segmented,ok,mattmdjaga/segformer_b2_clothes,crop_masked
/Users/ashley/Desktop/python/CS156-Machine-Learning/final/data/retail_images/raw/sandal/anthropologie_sandals_c20a72c68b28.jpg,/Users/ashley/Desktop/python/CS156-Machine-Learning/final/data/retail_images/segmented/sandal/anthropologie_sandals_c20a72c68b28_seg.jpg,/Users/ashley/Desktop/python/CS156-Machine-Learning/final/data/retail_images/segmentation_overlays/sandal/anthropologie_sandals_c20a72c68b28_overlay.jpg,Sandal,Left-shoe|Right-shoe,,,,,,,fallback_copy,missing_target_mask,mattmdjaga/segformer_b2_clothes,copy
/Users/ashley/Desktop/python/CS156-Machine-Learning/final/data/retail_images/raw/sandal/anthropologie_sandals_c3f97577c0d9.jpg,/Users/ashley/Desktop/python/CS156-Machine-Learning/final/data/retail_images/segmented/sandal/anthropologie_sandals_c3f97577c0d9_seg.jpg,/Users/ashley/Desktop/python/CS156-Machine-Learning/final/data/retail_images/segmentation_overlays/sandal/anthropologie_sandals_c3f97577c0d9_overlay.jpg,Sandal,Left-shoe|Right-shoe,,,,,,,fallback_copy,segmented_too_small:285x93,mattmdjaga/segformer_b2_clothes,copy
/Users/ashley/Desktop/python/CS156-Machine-Learning/final/data/retail_images/raw/sandal/anthropologie_sandals_cf0ddd1554d5.jpg,/Users/ashley/Desktop/python/CS156-Machine-Learning/final/data/retail_images/segmented/sandal/anthropologie_sandals_cf0ddd1554d5_seg.jpg,/Users/ashley/Desktop/python/CS156-Machine-Learning/final/data/retail_images/segmentation_overlays/sandal/anthropologie_sandals_cf0ddd1554d5_overlay.jpg,Sandal,Left-shoe|Right-shoe,,,,,,,fallback_copy,missing_target_mask,mattmdjaga/segformer_b2_clothes,copy
/Users/ashley/Desktop/python/CS156-Machine-Learning/final/data/retail_images/raw/sandal/anthropologie_sandals_d85d4123c0be.jpg,/Users/ashley/Desktop/python/CS156-Machine-Learning/final/data/retail_images/segmented/sandal/anthropologie_sandals_d85d4123c0be_seg.jpg,/Users/ashley/Desktop/python/CS156-Machine-Learning/final/data/retail_images/segmentation_overlays/sandal/anthropologie_sandals_d85d4123c0be_overlay.jpg,Sandal,Left-shoe|Right-shoe,,,,,,,fallback_copy,segmented_too_small:204x29,mattmdjaga/segformer_b2_clothes,copy
/Users/ashley/Desktop/python/CS156-Machine-Learning/final/data/retail_images/raw/sandal/anthropologie_sandals_d9f01a9ac24b.jpg,/Users/ashley/Desktop/python/CS156-Machine-Learning/final/data/retail_images/segmented/sandal/anthropologie_sandals_d9f01a9ac24b_seg.jpg,/Users/ashley/Desktop/python/CS156-Machine-Learning/final/data/retail_images/segmentation_overlays/sandal/anthropologie_sandals_d9f01a9ac24b_overlay.jpg,Sandal,Left-shoe|Right-shoe,,,,,,,fallback_copy,missing_target_mask,mattmdjaga/segformer_b2_clothes,copy
/Users/ashley/Desktop/python/CS156-Machine-Learning/final/data/retail_images/raw/sandal/anthropologie_sandals_da2c5c25f84a.jpg,/Users/ashley/Desktop/python/CS156-Machine-Learning/final/data/retail_images/segmented/sandal/anthropologie_sandals_da2c5c25f84a_seg.jpg,/Users/ashley/Desktop/python/CS156-Machine-Learning/final/data/retail_images/segmentation_overlays/sandal/anthropologie_sandals_da2c5c25f84a_overlay.jpg,Sandal,Left-shoe|Right-shoe,,,,,,,fallback_copy,missing_target_mask,mattmdjaga/segformer_b2_clothes,copy
/Users/ashley/Desktop/python/CS156-Machine-Learning/final/data/retail_images/raw/sandal/anthropologie_sandals_e0e76b21d0bb.jpg,/Users/ashley/Desktop/python/CS156-Machine-Learning/final/data/retail_images/segmented/sandal/anthropologie_sandals_e0e76b21d0bb_seg.jpg,/Users/ashley/Desktop/python/CS156-Machine-Learning/final/data/retail_images/segmentation_overlays/sandal/anthropologie_sandals_e0e76b21d0bb_overlay.jpg,Sandal,Left-shoe|Right-shoe,,,,,,,fallback_copy,segmented_too_small:204x64,mattmdjaga/segformer_b2_clothes,copy
/Users/ashley/Desktop/python/CS156-Machine-Learning/final/data/retail_images/raw/sandal/anthropologie_sandals_e60fed91ff9b.webp,/Users/ashley/Desktop/python/CS156-Machine-Learning/final/data/retail_images/segmented/sandal/anthropologie_sandals_e60fed91ff9b_seg.jpg,/Users/ashley/Desktop/python/CS156-Machine-Learning/final/data/retail_images/segmentation_overlays/sandal/anthropologie_sandals_e60fed91ff9b_overlay.jpg,Sandal,Left-shoe|Right-shoe,,,,,,,fallback_copy,missing_target_mask,mattmdjaga/segformer_b2_clothes,copy
/Users/ashley/Desktop/python/CS156-Machine-Learning/final/data/retail_images/raw/sandal/anthropologie_sandals_e783fe1e479c.jpg,/Users/ashley/Desktop/python/CS156-Machine-Learning/final/data/retail_images/segmented/sandal/anthropologie_sandals_e783fe1e479c_seg.jpg,/Users/ashley/Desktop/python/CS156-Machine-Learning/final/data/retail_images/segmentation_overlays/sandal/anthropologie_sandals_e783fe1e479c_overlay.jpg,Sandal,Left-shoe|Right-shoe,,,,,,,fallback_copy,segmented_too_small:165x90,mattmdjaga/segformer_b2_clothes,copy
/Users/ashley/Desktop/python/CS156-Machine-Learning/final/data/retail_images/raw/sandal/anthropologie_sandals_e8aecc70cd8e.jpg,/Users/ashley/Desktop/python/CS156-Machine-Learning/final/data/retail_images/segmented/sandal/anthropologie_sandals_e8aecc70cd8e_seg.jpg,/Users/ashley/Desktop/python/CS156-Machine-Learning/final/data/retail_images/segmentation_overlays/sandal/anthropologie_sandals_e8aecc70cd8e_overlay.jpg,Sandal,Left-shoe|Right-shoe,,,,,,,fallback_copy,missing_target_mask,mattmdjaga/segformer_b2_clothes,copy
/Users/ashley/Desktop/python/CS156-Machine-Learning/final/data/retail_images/raw/sandal/anthropologie_sandals_ef540867a790.jpg,/Users/ashley/Desktop/python/CS156-Machine-Learning/final/data/retail_images/segmented/sandal/anthropologie_sandals_ef540867a790_seg.jpg,/Users/ashley/Desktop/python/CS156-Machine-Learning/final/data/retail_images/segmentation_overlays/sandal/anthropologie_sandals_ef540867a790_overlay.jpg,Sandal,Left-shoe|Right-shoe,Left-shoe|Right-shoe,0.085143567800928,0.0,345.0,328.0,523.0,segmented,ok,mattmdjaga/segformer_b2_clothes,crop_masked
/Users/ashley/Desktop/python/CS156-Machine-Learning/final/data/retail_images/raw/sandal/anthropologie_sandals_ef9ea52d03c3.jpg,/Users/ashley/Desktop/python/CS156-Machine-Learning/final/data/retail_images/segmented/sandal/anthropologie_sandals_ef9ea52d03c3_seg.jpg,/Users/ashley/Desktop/python/CS156-Machine-Learning/final/data/retail_images/segmentation_overlays/sandal/anthropologie_sandals_ef9ea52d03c3_overlay.jpg,Sandal,Left-shoe|Right-shoe,Left-shoe|Right-shoe,0.0644726533608726,3.0,245.0,295.0,378.0,fallback_copy,validation_too_small:292x133_fallback_copy,mattmdjaga/segformer_b2_clothes,copy
/Users/ashley/Desktop/python/CS156-Machine-Learning/final/data/retail_images/raw/sandal/anthropologie_sandals_efb621779509.jpg,/Users/ashley/Desktop/python/CS156-Machine-Learning/final/data/retail_images/segmented/sandal/anthropologie_sandals_efb621779509_seg.jpg,/Users/ashley/Desktop/python/CS156-Machine-Learning/final/data/retail_images/segmentation_overlays/sandal/anthropologie_sandals_efb621779509_overlay.jpg,Sandal,Left-shoe|Right-shoe,,,,,,,fallback_copy,mask_area_out_of_range:0.0026,mattmdjaga/segformer_b2_clothes,copy
/Users/ashley/Desktop/python/CS156-Machine-Learning/final/data/retail_images/raw/sandal/anthropologie_sandals_f4d9bd0bbf18.jpg,/Users/ashley/Desktop/python/CS156-Machine-Learning/final/data/retail_images/segmented/sandal/anthropologie_sandals_f4d9bd0bbf18_seg.jpg,/Users/ashley/Desktop/python/CS156-Machine-Learning/final/data/retail_images/segmentation_overlays/sandal/anthropologie_sandals_f4d9bd0bbf18_overlay.jpg,Sandal,Left-shoe|Right-shoe,,,,,,,fallback_copy,missing_target_mask,mattmdjaga/segformer_b2_clothes,copy
/Users/ashley/Desktop/python/CS156-Machine-Learning/final/data/retail_images/raw/sandal/anthropologie_sandals_f9512eda0d77.jpg,/Users/ashley/Desktop/python/CS156-Machine-Learning/final/data/retail_images/segmented/sandal/anthropologie_sandals_f9512eda0d77_seg.jpg,/Users/ashley/Desktop/python/CS156-Machine-Learning/final/data/retail_images/segmentation_overlays/sandal/anthropologie_sandals_f9512eda0d77_overlay.jpg,Sandal,Left-shoe|Right-shoe,Left-shoe|Right-shoe,0.0256509995781446,0.0,168.0,349.0,444.0,segmented,ok,mattmdjaga/segformer_b2_clothes,crop_masked
/Users/ashley/Desktop/python/CS156-Machine-Learning/final/data/retail_images/raw/sandal/anthropologie_sandals_fbf11e4fd66d.jpg,/Users/ashley/Desktop/python/CS156-Machine-Learning/final/data/retail_images/segmented/sandal/anthropologie_sandals_fbf11e4fd66d_seg.jpg,/Users/ashley/Desktop/python/CS156-Machine-Learning/final/data/retail_images/segmentation_overlays/sandal/anthropologie_sandals_fbf11e4fd66d_overlay.jpg,Sandal,Left-shoe|Right-shoe,,,,,,,fallback_copy,mask_area_out_of_range:0.0068,mattmdjaga/segformer_b2_clothes,copy
/Users/ashley/Desktop/python/CS156-Machine-Learning/final/data/retail_images/raw/sandal/princess_polly_sandals_0627ad5e7869.jpg,/Users/ashley/Desktop/python/CS156-Machine-Learning/final/data/retail_images/segmented/sandal/princess_polly_sandals_0627ad5e7869_seg.jpg,/Users/ashley/Desktop/python/CS156-Machine-Learning/final/data/retail_images/segmentation_overlays/sandal/princess_polly_sandals_0627ad5e7869_overlay.jpg,Sandal,Left-shoe|Right-shoe,Left-shoe|Right-shoe,0.0160804225536368,243.0,1285.0,1161.0,1493.0,segmented,ok,mattmdjaga/segformer_b2_clothes,crop_masked
/Users/ashley/Desktop/python/CS156-Machine-Learning/final/data/retail_images/raw/sandal/princess_polly_sandals_0f15c79f2369.jpg,/Users/ashley/Desktop/python/CS156-Machine-Learning/final/data/retail_images/segmented/sandal/princess_polly_sandals_0f15c79f2369_seg.jpg,/Users/ashley/Desktop/python/CS156-Machine-Learning/final/data/retail_images/segmentation_overlays/sandal/princess_polly_sandals_0f15c79f2369_overlay.jpg,Sandal,Left-shoe|Right-shoe,Left-shoe|Right-shoe,0.0194207279709138,0.0,438.0,1324.0,1671.0,segmented,ok,mattmdjaga/segformer_b2_clothes,crop_masked
/Users/ashley/Desktop/python/CS156-Machine-Learning/final/data/retail_images/raw/sandal/princess_polly_sandals_11699986657e.jpg,/Users/ashley/Desktop/python/CS156-Machine-Learning/final/data/retail_images/segmented/sandal/princess_polly_sandals_11699986657e_seg.jpg,/Users/ashley/Desktop/python/CS156-Machine-Learning/final/data/retail_images/segmentation_overlays/sandal/princess_polly_sandals_11699986657e_overlay.jpg,Sandal,Left-shoe|Right-shoe,,,,,,,fallback_copy,mask_area_out_of_range:0.0099,mattmdjaga/segformer_b2_clothes,copy
/Users/ashley/Desktop/python/CS156-Machine-Learning/final/data/retail_images/raw/sandal/princess_polly_sandals_12024c815069.jpg,/Users/ashley/Desktop/python/CS156-Machine-Learning/final/data/retail_images/segmented/sandal/princess_polly_sandals_12024c815069_seg.jpg,/Users/ashley/Desktop/python/CS156-Machine-Learning/final/data/retail_images/segmentation_overlays/sandal/princess_polly_sandals_12024c815069_overlay.jpg,Sandal,Left-shoe|Right-shoe,Left-shoe|Right-shoe,0.034192667451596,234.0,1288.0,1185.0,1492.0,segmented,ok,mattmdjaga/segformer_b2_clothes,crop_masked
/Users/ashley/Desktop/python/CS156-Machine-Learning/final/data/retail_images/raw/sandal/princess_polly_sandals_1c9f67adc31d.jpg,/Users/ashley/Desktop/python/CS156-Machine-Learning/final/data/retail_images/segmented/sandal/princess_polly_sandals_1c9f67adc31d_seg.jpg,/Users/ashley/Desktop/python/CS156-Machine-Learning/final/data/retail_images/segmentation_overlays/sandal/princess_polly_sandals_1c9f67adc31d_overlay.jpg,Sandal,Left-shoe|Right-shoe,Left-shoe|Right-shoe,0.0416834281789638,201.0,1142.0,1161.0,1499.0,segmented,ok,mattmdjaga/segformer_b2_clothes,crop_masked
/Users/ashley/Desktop/python/CS156-Machine-Learning/final/data/retail_images/raw/sandal/princess_polly_sandals_1eee500984cf.jpg,/Users/ashley/Desktop/python/CS156-Machine-Learning/final/data/retail_images/segmented/sandal/princess_polly_sandals_1eee500984cf_seg.jpg,/Users/ashley/Desktop/python/CS156-Machine-Learning/final/data/retail_images/segmentation_overlays/sandal/princess_polly_sandals_1eee500984cf_overlay.jpg,Sandal,Left-shoe|Right-shoe,Left-shoe|Right-shoe,0.0850226724947914,107.0,416.0,1330.0,1820.0,segmented,ok,mattmdjaga/segformer_b2_clothes,crop_masked
/Users/ashley/Desktop/python/CS156-Machine-Learning/final/data/retail_images/raw/sandal/princess_polly_sandals_1f4cf18b96eb.jpg,/Users/ashley/Desktop/python/CS156-Machine-Learning/final/data/retail_images/segmented/sandal/princess_polly_sandals_1f4cf18b96eb_seg.jpg,/Users/ashley/Desktop/python/CS156-Machine-Learning/final/data/retail_images/segmentation_overlays/sandal/princess_polly_sandals_1f4cf18b96eb_overlay.jpg,Sandal,Left-shoe|Right-shoe,,,,,,,fallback_copy,mask_area_out_of_range:0.0077,mattmdjaga/segformer_b2_clothes,copy
/Users/ashley/Desktop/python/CS156-Machine-Learning/final/data/retail_images/raw/sandal/princess_polly_sandals_2a8312c1df1b.jpg,/Users/ashley/Desktop/python/CS156-Machine-Learning/final/data/retail_images/segmented/sandal/princess_polly_sandals_2a8312c1df1b_seg.jpg,/Users/ashley/Desktop/python/CS156-Machine-Learning/final/data/retail_images/segmentation_overlays/sandal/princess_polly_sandals_2a8312c1df1b_overlay.jpg,Sandal,Left-shoe|Right-shoe,Left-shoe|Right-shoe,0.0435577433718697,188.0,1229.0,1291.0,1815.0,segmented,ok,mattmdjaga/segformer_b2_clothes,crop_masked
/Users/ashley/Desktop/python/CS156-Machine-Learning/final/data/retail_images/raw/sandal/princess_polly_sandals_2c662fcd4314.jpg,/Users/ashley/Desktop/python/CS156-Machine-Learning/final/data/retail_images/segmented/sandal/princess_polly_sandals_2c662fcd4314_seg.jpg,/Users/ashley/Desktop/python/CS156-Machine-Learning/final/data/retail_images/segmentation_overlays/sandal/princess_polly_sandals_2c662fcd4314_overlay.jpg,Sandal,Left-shoe|Right-shoe,Left-shoe|Right-shoe,0.0443963402668759,254.0,1127.0,1344.0,1659.0,segmented,ok,mattmdjaga/segformer_b2_clothes,crop_masked
/Users/ashley/Desktop/python/CS156-Machine-Learning/final/data/retail_images/raw/sandal/princess_polly_sandals_30904d24464a.jpg,/Users/ashley/Desktop/python/CS156-Machine-Learning/final/data/retail_images/segmented/sandal/princess_polly_sandals_30904d24464a_seg.jpg,/Users/ashley/Desktop/python/CS156-Machine-Learning/final/data/retail_images/segmentation_overlays/sandal/princess_polly_sandals_30904d24464a_overlay.jpg,Sandal,Left-shoe|Right-shoe,Left-shoe|Right-shoe,0.031048044217687,178.0,1101.0,1158.0,1505.0,segmented,ok,mattmdjaga/segformer_b2_clothes,crop_masked
/Users/ashley/Desktop/python/CS156-Machine-Learning/final/data/retail_images/raw/sandal/princess_polly_sandals_309084ddb356.jpg,/Users/ashley/Desktop/python/CS156-Machine-Learning/final/data/retail_images/segmented/sandal/princess_polly_sandals_309084ddb356_seg.jpg,/Users/ashley/Desktop/python/CS156-Machine-Learning/final/data/retail_images/segmentation_overlays/sandal/princess_polly_sandals_309084ddb356_overlay.jpg,Sandal,Left-shoe|Right-shoe,Left-shoe|Right-shoe,0.0718680501046572,45.0,841.0,1344.0,1600.0,segmented,ok,mattmdjaga/segformer_b2_clothes,crop_masked
/Users/ashley/Desktop/python/CS156-Machine-Learning/final/data/retail_images/raw/sandal/princess_polly_sandals_3246ea0af440.jpg,/Users/ashley/Desktop/python/CS156-Machine-Learning/final/data/retail_images/segmented/sandal/princess_polly_sandals_3246ea0af440_seg.jpg,/Users/ashley/Desktop/python/CS156-Machine-Learning/final/data/retail_images/segmentation_overlays/sandal/princess_polly_sandals_3246ea0af440_overlay.jpg,Sandal,Left-shoe|Right-shoe,Left-shoe|Right-shoe,0.0156765109890109,252.0,1208.0,1166.0,1486.0,segmented,ok,mattmdjaga/segformer_b2_clothes,crop_masked
/Users/ashley/Desktop/python/CS156-Machine-Learning/final/data/retail_images/raw/sandal/princess_polly_sandals_33f5f2a5adaa.jpg,/Users/ashley/Desktop/python/CS156-Machine-Learning/final/data/retail_images/segmented/sandal/princess_polly_sandals_33f5f2a5adaa_seg.jpg,/Users/ashley/Desktop/python/CS156-Machine-Learning/final/data/retail_images/segmentation_overlays/sandal/princess_polly_sandals_33f5f2a5adaa_overlay.jpg,Sandal,Left-shoe|Right-shoe,Left-shoe|Right-shoe,0.0497097396650968,238.0,1162.0,1200.0,1494.0,segmented,ok,mattmdjaga/segformer_b2_clothes,crop_masked
/Users/ashley/Desktop/python/CS156-Machine-Learning/final/data/retail_images/raw/sandal/princess_polly_sandals_34e76dfb6574.jpg,/Users/ashley/Desktop/python/CS156-Machine-Learning/final/data/retail_images/segmented/sandal/princess_polly_sandals_34e76dfb6574_seg.jpg,/Users/ashley/Desktop/python/CS156-Machine-Learning/final/data/retail_images/segmentation_overlays/sandal/princess_polly_sandals_34e76dfb6574_overlay.jpg,Sandal,Left-shoe|Right-shoe,Left-shoe|Right-shoe,0.0172443256148613,176.0,1089.0,1179.0,1499.0,segmented,ok,mattmdjaga/segformer_b2_clothes,crop_masked
/Users/ashley/Desktop/python/CS156-Machine-Learning/final/data/retail_images/raw/sandal/princess_polly_sandals_36e1a2747668.jpg,/Users/ashley/Desktop/python/CS156-Machine-Learning/final/data/retail_images/segmented/sandal/princess_polly_sandals_36e1a2747668_seg.jpg,/Users/ashley/Desktop/python/CS156-Machine-Learning/final/data/retail_images/segmentation_overlays/sandal/princess_polly_sandals_36e1a2747668_overlay.jpg,Sandal,Left-shoe|Right-shoe,Left-shoe|Right-shoe,0.0187972211844874,518.0,901.0,1255.0,1776.0,segmented,ok,mattmdjaga/segformer_b2_clothes,crop_masked
/Users/ashley/Desktop/python/CS156-Machine-Learning/final/data/retail_images/raw/sandal/princess_polly_sandals_391346177b48.jpg,/Users/ashley/Desktop/python/CS156-Machine-Learning/final/data/retail_images/segmented/sandal/princess_polly_sandals_391346177b48_seg.jpg,/Users/ashley/Desktop/python/CS156-Machine-Learning/final/data/retail_images/segmentation_overlays/sandal/princess_polly_sandals_391346177b48_overlay.jpg,Sandal,Left-shoe|Right-shoe,Left-shoe|Right-shoe,0.0320287970957613,77.0,1044.0,1292.0,1504.0,segmented,ok,mattmdjaga/segformer_b2_clothes,crop_masked
/Users/ashley/Desktop/python/CS156-Machine-Learning/final/data/retail_images/raw/sandal/princess_polly_sandals_39f4799eb7cb.jpg,/Users/ashley/Desktop/python/CS156-Machine-Learning/final/data/retail_images/segmented/sandal/princess_polly_sandals_39f4799eb7cb_seg.jpg,/Users/ashley/Desktop/python/CS156-Machine-Learning/final/data/retail_images/segmentation_overlays/sandal/princess_polly_sandals_39f4799eb7cb_overlay.jpg,Sandal,Left-shoe|Right-shoe,Left-shoe|Right-shoe,0.0340033850078492,299.0,1155.0,1312.0,1820.0,segmented,ok,mattmdjaga/segformer_b2_clothes,crop_masked
/Users/ashley/Desktop/python/CS156-Machine-Learning/final/data/retail_images/raw/sandal/princess_polly_sandals_3b056c8a3b60.jpg,/Users/ashley/Desktop/python/CS156-Machine-Learning/final/data/retail_images/segmented/sandal/princess_polly_sandals_3b056c8a3b60_seg.jpg,/Users/ashley/Desktop/python/CS156-Machine-Learning/final/data/retail_images/segmentation_overlays/sandal/princess_polly_sandals_3b056c8a3b60_overlay.jpg,Sandal,Left-shoe|Right-shoe,,,,,,,fallback_copy,segmented_too_small:1086x90,mattmdjaga/segformer_b2_clothes,copy
/Users/ashley/Desktop/python/CS156-Machine-Learning/final/data/retail_images/raw/sandal/princess_polly_sandals_439db7060fc0.jpg,/Users/ashley/Desktop/python/CS156-Machine-Learning/final/data/retail_images/segmented/sandal/princess_polly_sandals_439db7060fc0_seg.jpg,/Users/ashley/Desktop/python/CS156-Machine-Learning/final/data/retail_images/segmentation_overlays/sandal/princess_polly_sandals_439db7060fc0_overlay.jpg,Sandal,Left-shoe|Right-shoe,Left-shoe|Right-shoe,0.0522583071690214,160.0,1076.0,1202.0,1499.0,segmented,ok,mattmdjaga/segformer_b2_clothes,crop_masked
/Users/ashley/Desktop/python/CS156-Machine-Learning/final/data/retail_images/raw/sandal/princess_polly_sandals_4884ec5155c7.jpg,/Users/ashley/Desktop/python/CS156-Machine-Learning/final/data/retail_images/segmented/sandal/princess_polly_sandals_4884ec5155c7_seg.jpg,/Users/ashley/Desktop/python/CS156-Machine-Learning/final/data/retail_images/segmentation_overlays/sandal/princess_polly_sandals_4884ec5155c7_overlay.jpg,Sandal,Left-shoe|Right-shoe,,,,,,,fallback_copy,mask_area_out_of_range:0.0033,mattmdjaga/segformer_b2_clothes,copy
/Users/ashley/Desktop/python/CS156-Machine-Learning/final/data/retail_images/raw/sandal/princess_polly_sandals_5031cb19ecc1.jpg,/Users/ashley/Desktop/python/CS156-Machine-Learning/final/data/retail_images/segmented/sandal/princess_polly_sandals_5031cb19ecc1_seg.jpg,/Users/ashley/Desktop/python/CS156-Machine-Learning/final/data/retail_images/segmentation_overlays/sandal/princess_polly_sandals_5031cb19ecc1_overlay.jpg,Sandal,Left-shoe|Right-shoe,Left-shoe|Right-shoe,0.0512963598901098,172.0,1100.0,1181.0,1496.0,segmented,ok,mattmdjaga/segformer_b2_clothes,crop_masked
/Users/ashley/Desktop/python/CS156-Machine-Learning/final/data/retail_images/raw/sandal/princess_polly_sandals_56ccea296b6d.jpg,/Users/ashley/Desktop/python/CS156-Machine-Learning/final/data/retail_images/segmented/sandal/princess_polly_sandals_56ccea296b6d_seg.jpg,/Users/ashley/Desktop/python/CS156-Machine-Learning/final/data/retail_images/segmentation_overlays/sandal/princess_polly_sandals_56ccea296b6d_overlay.jpg,Sandal,Left-shoe|Right-shoe,,,,,,,fallback_copy,mask_area_out_of_range:0.0065,mattmdjaga/segformer_b2_clothes,copy
/Users/ashley/Desktop/python/CS156-Machine-Learning/final/data/retail_images/raw/sandal/princess_polly_sandals_5859062b2d42.jpg,/Users/ashley/Desktop/python/CS156-Machine-Learning/final/data/retail_images/segmented/sandal/princess_polly_sandals_5859062b2d42_seg.jpg,/Users/ashley/Desktop/python/CS156-Machine-Learning/final/data/retail_images/segmentation_overlays/sandal/princess_polly_sandals_5859062b2d42_overlay.jpg,Sandal,Left-shoe|Right-shoe,Left-shoe|Right-shoe,0.0104456927001569,174.0,1285.0,1208.0,1486.0,segmented,ok,mattmdjaga/segformer_b2_clothes,crop_masked
/Users/ashley/Desktop/python/CS156-Machine-Learning/final/data/retail_images/raw/sandal/princess_polly_sandals_590830a82ba8.jpg,/Users/ashley/Desktop/python/CS156-Machine-Learning/final/data/retail_images/segmented/sandal/princess_polly_sandals_590830a82ba8_seg.jpg,/Users/ashley/Desktop/python/CS156-Machine-Learning/final/data/retail_images/segmentation_overlays/sandal/princess_polly_sandals_590830a82ba8_overlay.jpg,Sandal,Left-shoe|Right-shoe,Left-shoe|Right-shoe,0.0534021781789638,206.0,1086.0,1198.0,1508.0,segmented,ok,mattmdjaga/segformer_b2_clothes,crop_masked
/Users/ashley/Desktop/python/CS156-Machine-Learning/final/data/retail_images/raw/sandal/princess_polly_sandals_5e3d38691d31.jpg,/Users/ashley/Desktop/python/CS156-Machine-Learning/final/data/retail_images/segmented/sandal/princess_polly_sandals_5e3d38691d31_seg.jpg,/Users/ashley/Desktop/python/CS156-Machine-Learning/final/data/retail_images/segmentation_overlays/sandal/princess_polly_sandals_5e3d38691d31_overlay.jpg,Sandal,Left-shoe|Right-shoe,Left-shoe|Right-shoe,0.0174515960230245,225.0,1306.0,1168.0,1484.0,segmented,ok,mattmdjaga/segformer_b2_clothes,crop_masked
/Users/ashley/Desktop/python/CS156-Machine-Learning/final/data/retail_images/raw/sandal/princess_polly_sandals_658104dd4734.jpg,/Users/ashley/Desktop/python/CS156-Machine-Learning/final/data/retail_images/segmented/sandal/princess_polly_sandals_658104dd4734_seg.jpg,/Users/ashley/Desktop/python/CS156-Machine-Learning/final/data/retail_images/segmentation_overlays/sandal/princess_polly_sandals_658104dd4734_overlay.jpg,Sandal,Left-shoe|Right-shoe,,,,,,,fallback_copy,mask_area_out_of_range:0.0004,mattmdjaga/segformer_b2_clothes,copy
/Users/ashley/Desktop/python/CS156-Machine-Learning/final/data/retail_images/raw/sandal/princess_polly_sandals_684d495fc8a1.jpg,/Users/ashley/Desktop/python/CS156-Machine-Learning/final/data/retail_images/segmented/sandal/princess_polly_sandals_684d495fc8a1_seg.jpg,/Users/ashley/Desktop/python/CS156-Machine-Learning/final/data/retail_images/segmentation_overlays/sandal/princess_polly_sandals_684d495fc8a1_overlay.jpg,Sandal,Left-shoe|Right-shoe,Left-shoe|Right-shoe,0.0606366104133961,199.0,1084.0,1316.0,1799.0,segmented,ok,mattmdjaga/segformer_b2_clothes,crop_masked
/Users/ashley/Desktop/python/CS156-Machine-Learning/final/data/retail_images/raw/sandal/princess_polly_sandals_6aff9f2b1749.jpg,/Users/ashley/Desktop/python/CS156-Machine-Learning/final/data/retail_images/segmented/sandal/princess_polly_sandals_6aff9f2b1749_seg.jpg,/Users/ashley/Desktop/python/CS156-Machine-Learning/final/data/retail_images/segmentation_overlays/sandal/princess_polly_sandals_6aff9f2b1749_overlay.jpg,Sandal,Left-shoe|Right-shoe,Left-shoe|Right-shoe,0.0111769271620572,620.0,154.0,1252.0,1678.0,segmented,ok,mattmdjaga/segformer_b2_clothes,crop_masked
/Users/ashley/Desktop/python/CS156-Machine-Learning/final/data/retail_images/raw/sandal/princess_polly_sandals_6bd551807d42.jpg,/Users/ashley/Desktop/python/CS156-Machine-Learning/final/data/retail_images/segmented/sandal/princess_polly_sandals_6bd551807d42_seg.jpg,/Users/ashley/Desktop/python/CS156-Machine-Learning/final/data/retail_images/segmentation_overlays/sandal/princess_polly_sandals_6bd551807d42_overlay.jpg,Sandal,Left-shoe|Right-shoe,Left-shoe|Right-shoe,0.0626827076269455,106.0,0.0,1197.0,1820.0,segmented,ok,mattmdjaga/segformer_b2_clothes,crop_masked
/Users/ashley/Desktop/python/CS156-Machine-Learning/final/data/retail_images/raw/sandal/princess_polly_sandals_7141a14e8bd9.jpg,/Users/ashley/Desktop/python/CS156-Machine-Learning/final/data/retail_images/segmented/sandal/princess_polly_sandals_7141a14e8bd9_seg.jpg,/Users/ashley/Desktop/python/CS156-Machine-Learning/final/data/retail_images/segmentation_overlays/sandal/princess_polly_sandals_7141a14e8bd9_overlay.jpg,Sandal,Left-shoe|Right-shoe,,,,,,,fallback_copy,mask_area_out_of_range:0.0015,mattmdjaga/segformer_b2_clothes,copy
/Users/ashley/Desktop/python/CS156-Machine-Learning/final/data/retail_images/raw/sandal/princess_polly_sandals_7f7e7f19ebe5.jpg,/Users/ashley/Desktop/python/CS156-Machine-Learning/final/data/retail_images/segmented/sandal/princess_polly_sandals_7f7e7f19ebe5_seg.jpg,/Users/ashley/Desktop/python/CS156-Machine-Learning/final/data/retail_images/segmentation_overlays/sandal/princess_polly_sandals_7f7e7f19ebe5_overlay.jpg,Sandal,Left-shoe|Right-shoe,Left-shoe|Right-shoe,0.077851501177394,289.0,1002.0,1323.0,1802.0,segmented,ok,mattmdjaga/segformer_b2_clothes,crop_masked
/Users/ashley/Desktop/python/CS156-Machine-Learning/final/data/retail_images/raw/sandal/princess_polly_sandals_86c1d9b7ac96.jpg,/Users/ashley/Desktop/python/CS156-Machine-Learning/final/data/retail_images/segmented/sandal/princess_polly_sandals_86c1d9b7ac96_seg.jpg,/Users/ashley/Desktop/python/CS156-Machine-Learning/final/data/retail_images/segmentation_overlays/sandal/princess_polly_sandals_86c1d9b7ac96_overlay.jpg,Sandal,Left-shoe|Right-shoe,Left-shoe|Right-shoe,0.0228459412611198,244.0,1287.0,1173.0,1488.0,segmented,ok,mattmdjaga/segformer_b2_clothes,crop_masked
/Users/ashley/Desktop/python/CS156-Machine-Learning/final/data/retail_images/raw/sandal/princess_polly_sandals_8f74cfd637ff.jpg,/Users/ashley/Desktop/python/CS156-Machine-Learning/final/data/retail_images/segmented/sandal/princess_polly_sandals_8f74cfd637ff_seg.jpg,/Users/ashley/Desktop/python/CS156-Machine-Learning/final/data/retail_images/segmentation_overlays/sandal/princess_polly_sandals_8f74cfd637ff_overlay.jpg,Sandal,Left-shoe|Right-shoe,,,,,,,fallback_copy,segmented_too_small:956x91,mattmdjaga/segformer_b2_clothes,copy
/Users/ashley/Desktop/python/CS156-Machine-Learning/final/data/retail_images/raw/sandal/princess_polly_sandals_968a26b31783.jpg,/Users/ashley/Desktop/python/CS156-Machine-Learning/final/data/retail_images/segmented/sandal/princess_polly_sandals_968a26b31783_seg.jpg,/Users/ashley/Desktop/python/CS156-Machine-Learning/final/data/retail_images/segmentation_overlays/sandal/princess_polly_sandals_968a26b31783_overlay.jpg,Sandal,Left-shoe|Right-shoe,,,,,,,fallback_copy,mask_area_out_of_range:0.0014,mattmdjaga/segformer_b2_clothes,copy
/Users/ashley/Desktop/python/CS156-Machine-Learning/final/data/retail_images/raw/sandal/princess_polly_sandals_982f8ea66a8c.jpg,/Users/ashley/Desktop/python/CS156-Machine-Learning/final/data/retail_images/segmented/sandal/princess_polly_sandals_982f8ea66a8c_seg.jpg,/Users/ashley/Desktop/python/CS156-Machine-Learning/final/data/retail_images/segmentation_overlays/sandal/princess_polly_sandals_982f8ea66a8c_overlay.jpg,Sandal,Left-shoe|Right-shoe,Left-shoe|Right-shoe,0.0723488193354264,0.0,528.0,1344.0,1719.0,segmented,ok,mattmdjaga/segformer_b2_clothes,crop_masked
/Users/ashley/Desktop/python/CS156-Machine-Learning/final/data/retail_images/raw/sandal/princess_polly_sandals_9ad0237266c5.jpg,/Users/ashley/Desktop/python/CS156-Machine-Learning/final/data/retail_images/segmented/sandal/princess_polly_sandals_9ad0237266c5_seg.jpg,/Users/ashley/Desktop/python/CS156-Machine-Learning/final/data/retail_images/segmentation_overlays/sandal/princess_polly_sandals_9ad0237266c5_overlay.jpg,Sandal,Left-shoe|Right-shoe,,,,,,,fallback_copy,mask_area_out_of_range:0.0006,mattmdjaga/segformer_b2_clothes,copy
/Users/ashley/Desktop/python/CS156-Machine-Learning/final/data/retail_images/raw/sandal/princess_polly_sandals_9f56a8203726.jpg,/Users/ashley/Desktop/python/CS156-Machine-Learning/final/data/retail_images/segmented/sandal/princess_polly_sandals_9f56a8203726_seg.jpg,/Users/ashley/Desktop/python/CS156-Machine-Learning/final/data/retail_images/segmentation_overlays/sandal/princess_polly_sandals_9f56a8203726_overlay.jpg,Sandal,Left-shoe|Right-shoe,Left-shoe|Right-shoe,0.0400665876874055,274.0,1004.0,1068.0,1752.0,segmented,ok,mattmdjaga/segformer_b2_clothes,crop_masked
/Users/ashley/Desktop/python/CS156-Machine-Learning/final/data/retail_images/raw/sandal/princess_polly_sandals_a2f118251332.jpg,/Users/ashley/Desktop/python/CS156-Machine-Learning/final/data/retail_images/segmented/sandal/princess_polly_sandals_a2f118251332_seg.jpg,/Users/ashley/Desktop/python/CS156-Machine-Learning/final/data/retail_images/segmentation_overlays/sandal/princess_polly_sandals_a2f118251332_overlay.jpg,Sandal,Left-shoe|Right-shoe,Left-shoe|Right-shoe,0.0258989894034536,0.0,292.0,1292.0,1820.0,segmented,ok,mattmdjaga/segformer_b2_clothes,crop_masked
/Users/ashley/Desktop/python/CS156-Machine-Learning/final/data/retail_images/raw/sandal/princess_polly_sandals_ba4583750a14.jpg,/Users/ashley/Desktop/python/CS156-Machine-Learning/final/data/retail_images/segmented/sandal/princess_polly_sandals_ba4583750a14_seg.jpg,/Users/ashley/Desktop/python/CS156-Machine-Learning/final/data/retail_images/segmentation_overlays/sandal/princess_polly_sandals_ba4583750a14_overlay.jpg,Sandal,Left-shoe|Right-shoe,Left-shoe|Right-shoe,0.0352531397174254,195.0,1148.0,1184.0,1499.0,segmented,ok,mattmdjaga/segformer_b2_clothes,crop_masked
/Users/ashley/Desktop/python/CS156-Machine-Learning/final/data/retail_images/raw/sandal/princess_polly_sandals_c114aebce15c.jpg,/Users/ashley/Desktop/python/CS156-Machine-Learning/final/data/retail_images/segmented/sandal/princess_polly_sandals_c114aebce15c_seg.jpg,/Users/ashley/Desktop/python/CS156-Machine-Learning/final/data/retail_images/segmentation_overlays/sandal/princess_polly_sandals_c114aebce15c_overlay.jpg,Sandal,Left-shoe|Right-shoe,Left-shoe|Right-shoe,0.0616414835164835,32.0,548.0,990.0,1667.0,segmented,ok,mattmdjaga/segformer_b2_clothes,crop_masked
/Users/ashley/Desktop/python/CS156-Machine-Learning/final/data/retail_images/raw/sandal/princess_polly_sandals_c4fc4afafa65.jpg,/Users/ashley/Desktop/python/CS156-Machine-Learning/final/data/retail_images/segmented/sandal/princess_polly_sandals_c4fc4afafa65_seg.jpg,/Users/ashley/Desktop/python/CS156-Machine-Learning/final/data/retail_images/segmentation_overlays/sandal/princess_polly_sandals_c4fc4afafa65_overlay.jpg,Sandal,Left-shoe|Right-shoe,Left-shoe|Right-shoe,0.01798717563984,156.0,1285.0,1203.0,1487.0,segmented,ok,mattmdjaga/segformer_b2_clothes,crop_masked
/Users/ashley/Desktop/python/CS156-Machine-Learning/final/data/retail_images/raw/sandal/princess_polly_sandals_ec67041bdeff.jpg,/Users/ashley/Desktop/python/CS156-Machine-Learning/final/data/retail_images/segmented/sandal/princess_polly_sandals_ec67041bdeff_seg.jpg,/Users/ashley/Desktop/python/CS156-Machine-Learning/final/data/retail_images/segmentation_overlays/sandal/princess_polly_sandals_ec67041bdeff_overlay.jpg,Sandal,Left-shoe|Right-shoe,Left-shoe|Right-shoe,0.0109203296703296,200.0,1172.0,1250.0,1546.0,segmented,ok,mattmdjaga/segformer_b2_clothes,crop_masked
/Users/ashley/Desktop/python/CS156-Machine-Learning/final/data/retail_images/raw/sandal/princess_polly_sandals_f1ebaa08c378.jpg,/Users/ashley/Desktop/python/CS156-Machine-Learning/final/data/retail_images/segmented/sandal/princess_polly_sandals_f1ebaa08c378_seg.jpg,/Users/ashley/Desktop/python/CS156-Machine-Learning/final/data/retail_images/segmentation_overlays/sandal/princess_polly_sandals_f1ebaa08c378_overlay.jpg,Sandal,Left-shoe|Right-shoe,Left-shoe|Right-shoe,0.0294952117897556,202.0,1185.0,1132.0,1480.0,segmented,ok,mattmdjaga/segformer_b2_clothes,crop_masked
/Users/ashley/Desktop/python/CS156-Machine-Learning/final/data/retail_images/raw/sandal/princess_polly_sandals_f29c9ccfb066.jpg,/Users/ashley/Desktop/python/CS156-Machine-Learning/final/data/retail_images/segmented/sandal/princess_polly_sandals_f29c9ccfb066_seg.jpg,/Users/ashley/Desktop/python/CS156-Machine-Learning/final/data/retail_images/segmentation_overlays/sandal/princess_polly_sandals_f29c9ccfb066_overlay.jpg,Sandal,Left-shoe|Right-shoe,Left-shoe|Right-shoe,0.0162860576923076,233.0,1057.0,1144.0,1496.0,segmented,ok,mattmdjaga/segformer_b2_clothes,crop_masked
/Users/ashley/Desktop/python/CS156-Machine-Learning/final/data/retail_images/raw/sandal/princess_polly_sandals_f5096dcdb875.jpg,/Users/ashley/Desktop/python/CS156-Machine-Learning/final/data/retail_images/segmented/sandal/princess_polly_sandals_f5096dcdb875_seg.jpg,/Users/ashley/Desktop/python/CS156-Machine-Learning/final/data/retail_images/segmentation_overlays/sandal/princess_polly_sandals_f5096dcdb875_overlay.jpg,Sandal,Left-shoe|Right-shoe,Left-shoe|Right-shoe,0.0203889488487702,183.0,1288.0,1178.0,1480.0,segmented,ok,mattmdjaga/segformer_b2_clothes,crop_masked
/Users/ashley/Desktop/python/CS156-Machine-Learning/final/data/retail_images/raw/sandal/princess_polly_sandals_f512ad43030f.jpg,/Users/ashley/Desktop/python/CS156-Machine-Learning/final/data/retail_images/segmented/sandal/princess_polly_sandals_f512ad43030f_seg.jpg,/Users/ashley/Desktop/python/CS156-Machine-Learning/final/data/retail_images/segmentation_overlays/sandal/princess_polly_sandals_f512ad43030f_overlay.jpg,Sandal,Left-shoe|Right-shoe,Left-shoe|Right-shoe,0.0622551183935112,181.0,1079.0,1182.0,1504.0,segmented,ok,mattmdjaga/segformer_b2_clothes,crop_masked
/Users/ashley/Desktop/python/CS156-Machine-Learning/final/data/retail_images/raw/sandal/princess_polly_sandals_f55eb7aa707b.jpg,/Users/ashley/Desktop/python/CS156-Machine-Learning/final/data/retail_images/segmented/sandal/princess_polly_sandals_f55eb7aa707b_seg.jpg,/Users/ashley/Desktop/python/CS156-Machine-Learning/final/data/retail_images/segmentation_overlays/sandal/princess_polly_sandals_f55eb7aa707b_overlay.jpg,Sandal,Left-shoe|Right-shoe,Left-shoe|Right-shoe,0.0224489795918367,215.0,1239.0,1177.0,1489.0,segmented,ok,mattmdjaga/segformer_b2_clothes,crop_masked
/Users/ashley/Desktop/python/CS156-Machine-Learning/final/data/retail_images/raw/sandal/princess_polly_sandals_fa57afe7d8ab.jpg,/Users/ashley/Desktop/python/CS156-Machine-Learning/final/data/retail_images/segmented/sandal/princess_polly_sandals_fa57afe7d8ab_seg.jpg,/Users/ashley/Desktop/python/CS156-Machine-Learning/final/data/retail_images/segmentation_overlays/sandal/princess_polly_sandals_fa57afe7d8ab_overlay.jpg,Sandal,Left-shoe|Right-shoe,,,,,,,fallback_copy,mask_area_out_of_range:0.0036,mattmdjaga/segformer_b2_clothes,copy
/Users/ashley/Desktop/python/CS156-Machine-Learning/final/data/retail_images/raw/sandal/urban_outfitters_sandals_0107d6827432.jpg,/Users/ashley/Desktop/python/CS156-Machine-Learning/final/data/retail_images/segmented/sandal/urban_outfitters_sandals_0107d6827432_seg.jpg,/Users/ashley/Desktop/python/CS156-Machine-Learning/final/data/retail_images/segmentation_overlays/sandal/urban_outfitters_sandals_0107d6827432_overlay.jpg,Sandal,Left-shoe|Right-shoe,,,,,,,fallback_copy,segmented_too_small:58x206,mattmdjaga/segformer_b2_clothes,copy
/Users/ashley/Desktop/python/CS156-Machine-Learning/final/data/retail_images/raw/sandal/urban_outfitters_sandals_0aba4f1dfd89.jpg,/Users/ashley/Desktop/python/CS156-Machine-Learning/final/data/retail_images/segmented/sandal/urban_outfitters_sandals_0aba4f1dfd89_seg.jpg,/Users/ashley/Desktop/python/CS156-Machine-Learning/final/data/retail_images/segmentation_overlays/sandal/urban_outfitters_sandals_0aba4f1dfd89_overlay.jpg,Sandal,Left-shoe|Right-shoe,Left-shoe|Right-shoe,0.0466798353909465,7.0,269.0,444.0,485.0,segmented,ok,mattmdjaga/segformer_b2_clothes,crop_masked
/Users/ashley/Desktop/python/CS156-Machine-Learning/final/data/retail_images/raw/sandal/urban_outfitters_sandals_1130d71c2a10.webp,/Users/ashley/Desktop/python/CS156-Machine-Learning/final/data/retail_images/segmented/sandal/urban_outfitters_sandals_1130d71c2a10_seg.jpg,/Users/ashley/Desktop/python/CS156-Machine-Learning/final/data/retail_images/segmentation_overlays/sandal/urban_outfitters_sandals_1130d71c2a10_overlay.jpg,Sandal,Left-shoe|Right-shoe,,,,,,,fallback_copy,mask_area_out_of_range:0.0018,mattmdjaga/segformer_b2_clothes,copy
/Users/ashley/Desktop/python/CS156-Machine-Learning/final/data/retail_images/raw/sandal/urban_outfitters_sandals_140e4ed932cb.jpg,/Users/ashley/Desktop/python/CS156-Machine-Learning/final/data/retail_images/segmented/sandal/urban_outfitters_sandals_140e4ed932cb_seg.jpg,/Users/ashley/Desktop/python/CS156-Machine-Learning/final/data/retail_images/segmentation_overlays/sandal/urban_outfitters_sandals_140e4ed932cb_overlay.jpg,Sandal,Left-shoe|Right-shoe,Left-shoe|Right-shoe,0.0336592592592592,0.0,507.0,404.0,652.0,fallback_copy,validation_too_small:404x145_fallback_copy,mattmdjaga/segformer_b2_clothes,copy
/Users/ashley/Desktop/python/CS156-Machine-Learning/final/data/retail_images/raw/sandal/urban_outfitters_sandals_14f9c3a6b703.webp,/Users/ashley/Desktop/python/CS156-Machine-Learning/final/data/retail_images/segmented/sandal/urban_outfitters_sandals_14f9c3a6b703_seg.jpg,/Users/ashley/Desktop/python/CS156-Machine-Learning/final/data/retail_images/segmentation_overlays/sandal/urban_outfitters_sandals_14f9c3a6b703_overlay.jpg,Sandal,Left-shoe|Right-shoe,Left-shoe|Right-shoe,0.0225500884800604,57.0,424.0,349.0,520.0,fallback_copy,validation_too_small:292x96_fallback_copy,mattmdjaga/segformer_b2_clothes,copy
/Users/ashley/Desktop/python/CS156-Machine-Learning/final/data/retail_images/raw/sandal/urban_outfitters_sandals_25cd0ab63f96.jpg,/Users/ashley/Desktop/python/CS156-Machine-Learning/final/data/retail_images/segmented/sandal/urban_outfitters_sandals_25cd0ab63f96_seg.jpg,/Users/ashley/Desktop/python/CS156-Machine-Learning/final/data/retail_images/segmentation_overlays/sandal/urban_outfitters_sandals_25cd0ab63f96_overlay.jpg,Sandal,Left-shoe|Right-shoe,Left-shoe|Right-shoe,0.02245,65.0,486.0,400.0,597.0,fallback_copy,validation_too_small:335x111_fallback_copy,mattmdjaga/segformer_b2_clothes,copy
/Users/ashley/Desktop/python/CS156-Machine-Learning/final/data/retail_images/raw/sandal/urban_outfitters_sandals_26084908c8fb.jpg,/Users/ashley/Desktop/python/CS156-Machine-Learning/final/data/retail_images/segmented/sandal/urban_outfitters_sandals_26084908c8fb_seg.jpg,/Users/ashley/Desktop/python/CS156-Machine-Learning/final/data/retail_images/segmentation_overlays/sandal/urban_outfitters_sandals_26084908c8fb_overlay.jpg,Sandal,Left-shoe|Right-shoe,Left-shoe|Right-shoe,0.0236345679012345,73.0,545.0,450.0,671.0,fallback_copy,validation_too_small:377x126_fallback_copy,mattmdjaga/segformer_b2_clothes,copy
/Users/ashley/Desktop/python/CS156-Machine-Learning/final/data/retail_images/raw/sandal/urban_outfitters_sandals_266c6ba46124.jpg,/Users/ashley/Desktop/python/CS156-Machine-Learning/final/data/retail_images/segmented/sandal/urban_outfitters_sandals_266c6ba46124_seg.jpg,/Users/ashley/Desktop/python/CS156-Machine-Learning/final/data/retail_images/segmentation_overlays/sandal/urban_outfitters_sandals_266c6ba46124_overlay.jpg,Sandal,Left-shoe|Right-shoe,,,,,,,fallback_copy,mask_area_out_of_range:0.0071,mattmdjaga/segformer_b2_clothes,copy
/Users/ashley/Desktop/python/CS156-Machine-Learning/final/data/retail_images/raw/sandal/urban_outfitters_sandals_29157a959ca2.jpg,/Users/ashley/Desktop/python/CS156-Machine-Learning/final/data/retail_images/segmented/sandal/urban_outfitters_sandals_29157a959ca2_seg.jpg,/Users/ashley/Desktop/python/CS156-Machine-Learning/final/data/retail_images/segmentation_overlays/sandal/urban_outfitters_sandals_29157a959ca2_overlay.jpg,Sandal,Left-shoe|Right-shoe,Left-shoe|Right-shoe,0.071917695473251,34.0,76.0,402.0,675.0,segmented,ok,mattmdjaga/segformer_b2_clothes,crop_masked
/Users/ashley/Desktop/python/CS156-Machine-Learning/final/data/retail_images/raw/sandal/urban_outfitters_sandals_297d62913e70.jpg,/Users/ashley/Desktop/python/CS156-Machine-Learning/final/data/retail_images/segmented/sandal/urban_outfitters_sandals_297d62913e70_seg.jpg,/Users/ashley/Desktop/python/CS156-Machine-Learning/final/data/retail_images/segmentation_overlays/sandal/urban_outfitters_sandals_297d62913e70_overlay.jpg,Sandal,Left-shoe|Right-shoe,Left-shoe|Right-shoe,0.0249679012345679,0.0,337.0,450.0,674.0,segmented,ok,mattmdjaga/segformer_b2_clothes,crop_masked
/Users/ashley/Desktop/python/CS156-Machine-Learning/final/data/retail_images/raw/sandal/urban_outfitters_sandals_31b76b9b6ae7.jpg,/Users/ashley/Desktop/python/CS156-Machine-Learning/final/data/retail_images/segmented/sandal/urban_outfitters_sandals_31b76b9b6ae7_seg.jpg,/Users/ashley/Desktop/python/CS156-Machine-Learning/final/data/retail_images/segmentation_overlays/sandal/urban_outfitters_sandals_31b76b9b6ae7_overlay.jpg,Sandal,Left-shoe|Right-shoe,,,,,,,fallback_copy,mask_area_out_of_range:0.0042,mattmdjaga/segformer_b2_clothes,copy
/Users/ashley/Desktop/python/CS156-Machine-Learning/final/data/retail_images/raw/sandal/urban_outfitters_sandals_38cfa5f86bfb.jpg,/Users/ashley/Desktop/python/CS156-Machine-Learning/final/data/retail_images/segmented/sandal/urban_outfitters_sandals_38cfa5f86bfb_seg.jpg,/Users/ashley/Desktop/python/CS156-Machine-Learning/final/data/retail_images/segmentation_overlays/sandal/urban_outfitters_sandals_38cfa5f86bfb_overlay.jpg,Sandal,Left-shoe|Right-shoe,Left-shoe|Right-shoe,0.0137053497942386,102.0,491.0,369.0,652.0,segmented,ok,mattmdjaga/segformer_b2_clothes,crop_masked
/Users/ashley/Desktop/python/CS156-Machine-Learning/final/data/retail_images/raw/sandal/urban_outfitters_sandals_3ccb7d3e1bca.jpg,/Users/ashley/Desktop/python/CS156-Machine-Learning/final/data/retail_images/segmented/sandal/urban_outfitters_sandals_3ccb7d3e1bca_seg.jpg,/Users/ashley/Desktop/python/CS156-Machine-Learning/final/data/retail_images/segmentation_overlays/sandal/urban_outfitters_sandals_3ccb7d3e1bca_overlay.jpg,Sandal,Left-shoe|Right-shoe,,,,,,,fallback_copy,mask_area_out_of_range:0.0083,mattmdjaga/segformer_b2_clothes,copy
/Users/ashley/Desktop/python/CS156-Machine-Learning/final/data/retail_images/raw/sandal/urban_outfitters_sandals_3e9ed22301aa.webp,/Users/ashley/Desktop/python/CS156-Machine-Learning/final/data/retail_images/segmented/sandal/urban_outfitters_sandals_3e9ed22301aa_seg.jpg,/Users/ashley/Desktop/python/CS156-Machine-Learning/final/data/retail_images/segmentation_overlays/sandal/urban_outfitters_sandals_3e9ed22301aa_overlay.jpg,Sandal,Left-shoe|Right-shoe,Left-shoe|Right-shoe,0.0563491976529499,9.0,469.0,621.0,906.0,segmented,ok,mattmdjaga/segformer_b2_clothes,crop_masked
/Users/ashley/Desktop/python/CS156-Machine-Learning/final/data/retail_images/raw/sandal/urban_outfitters_sandals_418a266d0992.jpg,/Users/ashley/Desktop/python/CS156-Machine-Learning/final/data/retail_images/segmented/sandal/urban_outfitters_sandals_418a266d0992_seg.jpg,/Users/ashley/Desktop/python/CS156-Machine-Learning/final/data/retail_images/segmentation_overlays/sandal/urban_outfitters_sandals_418a266d0992_overlay.jpg,Sandal,Left-shoe|Right-shoe,Left-shoe|Right-shoe,0.0242074074074074,0.0,213.0,450.0,550.0,segmented,ok,mattmdjaga/segformer_b2_clothes,crop_masked
/Users/ashley/Desktop/python/CS156-Machine-Learning/final/data/retail_images/raw/sandal/urban_outfitters_sandals_4195fa00a423.jpg,/Users/ashley/Desktop/python/CS156-Machine-Learning/final/data/retail_images/segmented/sandal/urban_outfitters_sandals_4195fa00a423_seg.jpg,/Users/ashley/Desktop/python/CS156-Machine-Learning/final/data/retail_images/segmentation_overlays/sandal/urban_outfitters_sandals_4195fa00a423_overlay.jpg,Sandal,Left-shoe|Right-shoe,Left-shoe|Right-shoe,0.0554995884773662,60.0,226.0,450.0,651.0,segmented,ok,mattmdjaga/segformer_b2_clothes,crop_masked
/Users/ashley/Desktop/python/CS156-Machine-Learning/final/data/retail_images/raw/sandal/urban_outfitters_sandals_46bd4ee2b997.jpg,/Users/ashley/Desktop/python/CS156-Machine-Learning/final/data/retail_images/segmented/sandal/urban_outfitters_sandals_46bd4ee2b997_seg.jpg,/Users/ashley/Desktop/python/CS156-Machine-Learning/final/data/retail_images/segmentation_overlays/sandal/urban_outfitters_sandals_46bd4ee2b997_overlay.jpg,Sandal,Left-shoe|Right-shoe,Left-shoe|Right-shoe,0.0382551440329218,0.0,447.0,450.0,646.0,segmented,ok,mattmdjaga/segformer_b2_clothes,crop_masked
/Users/ashley/Desktop/python/CS156-Machine-Learning/final/data/retail_images/raw/sandal/urban_outfitters_sandals_4a42c33b40ed.jpg,/Users/ashley/Desktop/python/CS156-Machine-Learning/final/data/retail_images/segmented/sandal/urban_outfitters_sandals_4a42c33b40ed_seg.jpg,/Users/ashley/Desktop/python/CS156-Machine-Learning/final/data/retail_images/segmentation_overlays/sandal/urban_outfitters_sandals_4a42c33b40ed_overlay.jpg,Sandal,Left-shoe|Right-shoe,Left-shoe|Right-shoe,0.0593975308641975,125.0,481.0,319.0,631.0,fallback_copy,validation_too_small:194x150_fallback_copy,mattmdjaga/segformer_b2_clothes,copy
/Users/ashley/Desktop/python/CS156-Machine-Learning/final/data/retail_images/raw/sandal/urban_outfitters_sandals_4d37180b0161.jpg,/Users/ashley/Desktop/python/CS156-Machine-Learning/final/data/retail_images/segmented/sandal/urban_outfitters_sandals_4d37180b0161_seg.jpg,/Users/ashley/Desktop/python/CS156-Machine-Learning/final/data/retail_images/segmentation_overlays/sandal/urban_outfitters_sandals_4d37180b0161_overlay.jpg,Sandal,Left-shoe|Right-shoe,Left-shoe|Right-shoe,0.0953843621399176,0.0,346.0,433.0,635.0,segmented,ok,mattmdjaga/segformer_b2_clothes,crop_masked
/Users/ashley/Desktop/python/CS156-Machine-Learning/final/data/retail_images/raw/sandal/urban_outfitters_sandals_5289b61cb4da.jpg,/Users/ashley/Desktop/python/CS156-Machine-Learning/final/data/retail_images/segmented/sandal/urban_outfitters_sandals_5289b61cb4da_seg.jpg,/Users/ashley/Desktop/python/CS156-Machine-Learning/final/data/retail_images/segmentation_overlays/sandal/urban_outfitters_sandals_5289b61cb4da_overlay.jpg,Sandal,Left-shoe|Right-shoe,,,,,,,fallback_copy,mask_area_out_of_range:0.0016,mattmdjaga/segformer_b2_clothes,copy
/Users/ashley/Desktop/python/CS156-Machine-Learning/final/data/retail_images/raw/sandal/urban_outfitters_sandals_5c386186514d.jpg,/Users/ashley/Desktop/python/CS156-Machine-Learning/final/data/retail_images/segmented/sandal/urban_outfitters_sandals_5c386186514d_seg.jpg,/Users/ashley/Desktop/python/CS156-Machine-Learning/final/data/retail_images/segmentation_overlays/sandal/urban_outfitters_sandals_5c386186514d_overlay.jpg,Sandal,Left-shoe|Right-shoe,,,,,,,fallback_copy,missing_target_mask,mattmdjaga/segformer_b2_clothes,copy
/Users/ashley/Desktop/python/CS156-Machine-Learning/final/data/retail_images/raw/sandal/urban_outfitters_sandals_5caff8d83cbd.jpg,/Users/ashley/Desktop/python/CS156-Machine-Learning/final/data/retail_images/segmented/sandal/urban_outfitters_sandals_5caff8d83cbd_seg.jpg,/Users/ashley/Desktop/python/CS156-Machine-Learning/final/data/retail_images/segmentation_overlays/sandal/urban_outfitters_sandals_5caff8d83cbd_overlay.jpg,Sandal,Left-shoe|Right-shoe,Left-shoe|Right-shoe,0.0305119341563786,0.0,468.0,450.0,631.0,segmented,ok,mattmdjaga/segformer_b2_clothes,crop_masked
/Users/ashley/Desktop/python/CS156-Machine-Learning/final/data/retail_images/raw/sandal/urban_outfitters_sandals_5cebfcdf94a4.jpg,/Users/ashley/Desktop/python/CS156-Machine-Learning/final/data/retail_images/segmented/sandal/urban_outfitters_sandals_5cebfcdf94a4_seg.jpg,/Users/ashley/Desktop/python/CS156-Machine-Learning/final/data/retail_images/segmentation_overlays/sandal/urban_outfitters_sandals_5cebfcdf94a4_overlay.jpg,Sandal,Left-shoe|Right-shoe,Left-shoe|Right-shoe,0.025995061728395,0.0,78.0,450.0,659.0,segmented,ok,mattmdjaga/segformer_b2_clothes,crop_masked
/Users/ashley/Desktop/python/CS156-Machine-Learning/final/data/retail_images/raw/sandal/urban_outfitters_sandals_5f152e163095.jpg,/Users/ashley/Desktop/python/CS156-Machine-Learning/final/data/retail_images/segmented/sandal/urban_outfitters_sandals_5f152e163095_seg.jpg,/Users/ashley/Desktop/python/CS156-Machine-Learning/final/data/retail_images/segmentation_overlays/sandal/urban_outfitters_sandals_5f152e163095_overlay.jpg,Sandal,Left-shoe|Right-shoe,Left-shoe|Right-shoe,0.0589893004115226,6.0,302.0,401.0,583.0,segmented,ok,mattmdjaga/segformer_b2_clothes,crop_masked
/Users/ashley/Desktop/python/CS156-Machine-Learning/final/data/retail_images/raw/sandal/urban_outfitters_sandals_63b9a04da363.jpg,/Users/ashley/Desktop/python/CS156-Machine-Learning/final/data/retail_images/segmented/sandal/urban_outfitters_sandals_63b9a04da363_seg.jpg,/Users/ashley/Desktop/python/CS156-Machine-Learning/final/data/retail_images/segmentation_overlays/sandal/urban_outfitters_sandals_63b9a04da363_overlay.jpg,Sandal,Left-shoe|Right-shoe,Left-shoe|Right-shoe,0.012237037037037,51.0,317.0,373.0,535.0,segmented,ok,mattmdjaga/segformer_b2_clothes,crop_masked
/Users/ashley/Desktop/python/CS156-Machine-Learning/final/data/retail_images/raw/sandal/urban_outfitters_sandals_6573bc6d39b5.jpg,/Users/ashley/Desktop/python/CS156-Machine-Learning/final/data/retail_images/segmented/sandal/urban_outfitters_sandals_6573bc6d39b5_seg.jpg,/Users/ashley/Desktop/python/CS156-Machine-Learning/final/data/retail_images/segmentation_overlays/sandal/urban_outfitters_sandals_6573bc6d39b5_overlay.jpg,Sandal,Left-shoe|Right-shoe,,,,,,,fallback_copy,segmented_too_small:77x24,mattmdjaga/segformer_b2_clothes,copy
/Users/ashley/Desktop/python/CS156-Machine-Learning/final/data/retail_images/raw/sandal/urban_outfitters_sandals_6d72fedfb434.jpg,/Users/ashley/Desktop/python/CS156-Machine-Learning/final/data/retail_images/segmented/sandal/urban_outfitters_sandals_6d72fedfb434_seg.jpg,/Users/ashley/Desktop/python/CS156-Machine-Learning/final/data/retail_images/segmentation_overlays/sandal/urban_outfitters_sandals_6d72fedfb434_overlay.jpg,Sandal,Left-shoe|Right-shoe,Left-shoe|Right-shoe,0.0189695473251028,30.0,0.0,450.0,654.0,segmented,ok,mattmdjaga/segformer_b2_clothes,crop_masked
/Users/ashley/Desktop/python/CS156-Machine-Learning/final/data/retail_images/raw/sandal/urban_outfitters_sandals_6f2592d15543.jpg,/Users/ashley/Desktop/python/CS156-Machine-Learning/final/data/retail_images/segmented/sandal/urban_outfitters_sandals_6f2592d15543_seg.jpg,/Users/ashley/Desktop/python/CS156-Machine-Learning/final/data/retail_images/segmentation_overlays/sandal/urban_outfitters_sandals_6f2592d15543_overlay.jpg,Sandal,Left-shoe|Right-shoe,Left-shoe|Right-shoe,0.0748839506172839,9.0,308.0,440.0,480.0,segmented,ok,mattmdjaga/segformer_b2_clothes,crop_masked
/Users/ashley/Desktop/python/CS156-Machine-Learning/final/data/retail_images/raw/sandal/urban_outfitters_sandals_71c31ca993a9.jpg,/Users/ashley/Desktop/python/CS156-Machine-Learning/final/data/retail_images/segmented/sandal/urban_outfitters_sandals_71c31ca993a9_seg.jpg,/Users/ashley/Desktop/python/CS156-Machine-Learning/final/data/retail_images/segmentation_overlays/sandal/urban_outfitters_sandals_71c31ca993a9_overlay.jpg,Sandal,Left-shoe|Right-shoe,Left-shoe|Right-shoe,0.0221515173097678,114.0,847.0,698.0,1040.0,segmented,ok,mattmdjaga/segformer_b2_clothes,crop_masked
/Users/ashley/Desktop/python/CS156-Machine-Learning/final/data/retail_images/raw/sandal/urban_outfitters_sandals_758965d60842.jpg,/Users/ashley/Desktop/python/CS156-Machine-Learning/final/data/retail_images/segmented/sandal/urban_outfitters_sandals_758965d60842_seg.jpg,/Users/ashley/Desktop/python/CS156-Machine-Learning/final/data/retail_images/segmentation_overlays/sandal/urban_outfitters_sandals_758965d60842_overlay.jpg,Sandal,Left-shoe|Right-shoe,Left-shoe|Right-shoe,0.0109737189566475,60.0,50.0,349.0,505.0,segmented,ok,mattmdjaga/segformer_b2_clothes,crop_masked
/Users/ashley/Desktop/python/CS156-Machine-Learning/final/data/retail_images/raw/sandal/urban_outfitters_sandals_7ab0fd0b73cd.jpg,/Users/ashley/Desktop/python/CS156-Machine-Learning/final/data/retail_images/segmented/sandal/urban_outfitters_sandals_7ab0fd0b73cd_seg.jpg,/Users/ashley/Desktop/python/CS156-Machine-Learning/final/data/retail_images/segmentation_overlays/sandal/urban_outfitters_sandals_7ab0fd0b73cd_overlay.jpg,Sandal,Left-shoe|Right-shoe,Left-shoe|Right-shoe,0.0572016460905349,0.0,226.0,450.0,558.0,segmented,ok,mattmdjaga/segformer_b2_clothes,crop_masked
/Users/ashley/Desktop/python/CS156-Machine-Learning/final/data/retail_images/raw/sandal/urban_outfitters_sandals_7c4b51f2adec.jpg,/Users/ashley/Desktop/python/CS156-Machine-Learning/final/data/retail_images/segmented/sandal/urban_outfitters_sandals_7c4b51f2adec_seg.jpg,/Users/ashley/Desktop/python/CS156-Machine-Learning/final/data/retail_images/segmentation_overlays/sandal/urban_outfitters_sandals_7c4b51f2adec_overlay.jpg,Sandal,Left-shoe|Right-shoe,Left-shoe|Right-shoe,0.0517950768927336,9.0,468.0,620.0,905.0,segmented,ok,mattmdjaga/segformer_b2_clothes,crop_masked
/Users/ashley/Desktop/python/CS156-Machine-Learning/final/data/retail_images/raw/sandal/urban_outfitters_sandals_7de9a930b871.jpg,/Users/ashley/Desktop/python/CS156-Machine-Learning/final/data/retail_images/segmented/sandal/urban_outfitters_sandals_7de9a930b871_seg.jpg,/Users/ashley/Desktop/python/CS156-Machine-Learning/final/data/retail_images/segmentation_overlays/sandal/urban_outfitters_sandals_7de9a930b871_overlay.jpg,Sandal,Left-shoe|Right-shoe,Left-shoe|Right-shoe,0.0582927457307686,5.0,234.0,310.0,453.0,segmented,ok,mattmdjaga/segformer_b2_clothes,crop_masked
/Users/ashley/Desktop/python/CS156-Machine-Learning/final/data/retail_images/raw/sandal/urban_outfitters_sandals_7f9821cf4ed7.jpg,/Users/ashley/Desktop/python/CS156-Machine-Learning/final/data/retail_images/segmented/sandal/urban_outfitters_sandals_7f9821cf4ed7_seg.jpg,/Users/ashley/Desktop/python/CS156-Machine-Learning/final/data/retail_images/segmentation_overlays/sandal/urban_outfitters_sandals_7f9821cf4ed7_overlay.jpg,Sandal,Left-shoe|Right-shoe,Left-shoe|Right-shoe,0.0595857051285563,97.0,371.0,247.0,490.0,fallback_copy,validation_too_small:150x119_fallback_copy,mattmdjaga/segformer_b2_clothes,copy
/Users/ashley/Desktop/python/CS156-Machine-Learning/final/data/retail_images/raw/sandal/urban_outfitters_sandals_82b7c586f6dd.jpg,/Users/ashley/Desktop/python/CS156-Machine-Learning/final/data/retail_images/segmented/sandal/urban_outfitters_sandals_82b7c586f6dd_seg.jpg,/Users/ashley/Desktop/python/CS156-Machine-Learning/final/data/retail_images/segmentation_overlays/sandal/urban_outfitters_sandals_82b7c586f6dd_overlay.jpg,Sandal,Left-shoe|Right-shoe,,,,,,,fallback_copy,mask_area_out_of_range:0.0037,mattmdjaga/segformer_b2_clothes,copy
/Users/ashley/Desktop/python/CS156-Machine-Learning/final/data/retail_images/raw/sandal/urban_outfitters_sandals_9853dbdf1d9d.webp,/Users/ashley/Desktop/python/CS156-Machine-Learning/final/data/retail_images/segmented/sandal/urban_outfitters_sandals_9853dbdf1d9d_seg.jpg,/Users/ashley/Desktop/python/CS156-Machine-Learning/final/data/retail_images/segmentation_overlays/sandal/urban_outfitters_sandals_9853dbdf1d9d_overlay.jpg,Sandal,Left-shoe|Right-shoe,,,,,,,fallback_copy,mask_area_out_of_range:0.0052,mattmdjaga/segformer_b2_clothes,copy
/Users/ashley/Desktop/python/CS156-Machine-Learning/final/data/retail_images/raw/sandal/urban_outfitters_sandals_9b81ad8b96fa.jpg,/Users/ashley/Desktop/python/CS156-Machine-Learning/final/data/retail_images/segmented/sandal/urban_outfitters_sandals_9b81ad8b96fa_seg.jpg,/Users/ashley/Desktop/python/CS156-Machine-Learning/final/data/retail_images/segmentation_overlays/sandal/urban_outfitters_sandals_9b81ad8b96fa_overlay.jpg,Sandal,Left-shoe|Right-shoe,Left-shoe|Right-shoe,0.0205168724279835,143.0,507.0,385.0,668.0,segmented,ok,mattmdjaga/segformer_b2_clothes,crop_masked
/Users/ashley/Desktop/python/CS156-Machine-Learning/final/data/retail_images/raw/sandal/urban_outfitters_sandals_9c4911583043.jpg,/Users/ashley/Desktop/python/CS156-Machine-Learning/final/data/retail_images/segmented/sandal/urban_outfitters_sandals_9c4911583043_seg.jpg,/Users/ashley/Desktop/python/CS156-Machine-Learning/final/data/retail_images/segmentation_overlays/sandal/urban_outfitters_sandals_9c4911583043_overlay.jpg,Sandal,Left-shoe|Right-shoe,Left-shoe|Right-shoe,0.025356378600823,49.0,482.0,359.0,632.0,fallback_copy,validation_too_small:310x150_fallback_copy,mattmdjaga/segformer_b2_clothes,copy
/Users/ashley/Desktop/python/CS156-Machine-Learning/final/data/retail_images/raw/sandal/urban_outfitters_sandals_9e5fa3480bce.jpg,/Users/ashley/Desktop/python/CS156-Machine-Learning/final/data/retail_images/segmented/sandal/urban_outfitters_sandals_9e5fa3480bce_seg.jpg,/Users/ashley/Desktop/python/CS156-Machine-Learning/final/data/retail_images/segmentation_overlays/sandal/urban_outfitters_sandals_9e5fa3480bce_overlay.jpg,Sandal,Left-shoe|Right-shoe,,,,,,,fallback_copy,missing_target_mask,mattmdjaga/segformer_b2_clothes,copy
/Users/ashley/Desktop/python/CS156-Machine-Learning/final/data/retail_images/raw/sandal/urban_outfitters_sandals_a3ac613dd420.jpg,/Users/ashley/Desktop/python/CS156-Machine-Learning/final/data/retail_images/segmented/sandal/urban_outfitters_sandals_a3ac613dd420_seg.jpg,/Users/ashley/Desktop/python/CS156-Machine-Learning/final/data/retail_images/segmentation_overlays/sandal/urban_outfitters_sandals_a3ac613dd420_overlay.jpg,Sandal,Left-shoe|Right-shoe,Left-shoe|Right-shoe,0.0111868312757201,80.0,496.0,343.0,618.0,fallback_copy,validation_too_small:263x122_fallback_copy,mattmdjaga/segformer_b2_clothes,copy
/Users/ashley/Desktop/python/CS156-Machine-Learning/final/data/retail_images/raw/sandal/urban_outfitters_sandals_a54d3ac26f00.jpg,/Users/ashley/Desktop/python/CS156-Machine-Learning/final/data/retail_images/segmented/sandal/urban_outfitters_sandals_a54d3ac26f00_seg.jpg,/Users/ashley/Desktop/python/CS156-Machine-Learning/final/data/retail_images/segmentation_overlays/sandal/urban_outfitters_sandals_a54d3ac26f00_overlay.jpg,Sandal,Left-shoe|Right-shoe,Left-shoe|Right-shoe,0.0255572016460905,101.0,226.0,396.0,648.0,segmented,ok,mattmdjaga/segformer_b2_clothes,crop_masked
/Users/ashley/Desktop/python/CS156-Machine-Learning/final/data/retail_images/raw/sandal/urban_outfitters_sandals_b08e00e76a08.jpg,/Users/ashley/Desktop/python/CS156-Machine-Learning/final/data/retail_images/segmented/sandal/urban_outfitters_sandals_b08e00e76a08_seg.jpg,/Users/ashley/Desktop/python/CS156-Machine-Learning/final/data/retail_images/segmentation_overlays/sandal/urban_outfitters_sandals_b08e00e76a08_overlay.jpg,Sandal,Left-shoe|Right-shoe,Left-shoe|Right-shoe,0.0587063831652303,193.0,746.0,495.0,978.0,segmented,ok,mattmdjaga/segformer_b2_clothes,crop_masked
/Users/ashley/Desktop/python/CS156-Machine-Learning/final/data/retail_images/raw/sandal/urban_outfitters_sandals_bc6fd9c41609.jpg,/Users/ashley/Desktop/python/CS156-Machine-Learning/final/data/retail_images/segmented/sandal/urban_outfitters_sandals_bc6fd9c41609_seg.jpg,/Users/ashley/Desktop/python/CS156-Machine-Learning/final/data/retail_images/segmentation_overlays/sandal/urban_outfitters_sandals_bc6fd9c41609_overlay.jpg,Sandal,Left-shoe|Right-shoe,Left-shoe|Right-shoe,0.0194666666666666,0.0,87.0,450.0,648.0,segmented,ok,mattmdjaga/segformer_b2_clothes,crop_masked
/Users/ashley/Desktop/python/CS156-Machine-Learning/final/data/retail_images/raw/sandal/urban_outfitters_sandals_bdd07c2f9ece.jpg,/Users/ashley/Desktop/python/CS156-Machine-Learning/final/data/retail_images/segmented/sandal/urban_outfitters_sandals_bdd07c2f9ece_seg.jpg,/Users/ashley/Desktop/python/CS156-Machine-Learning/final/data/retail_images/segmentation_overlays/sandal/urban_outfitters_sandals_bdd07c2f9ece_overlay.jpg,Sandal,Left-shoe|Right-shoe,Left-shoe|Right-shoe,0.0165201646090535,67.0,87.0,450.0,664.0,segmented,ok,mattmdjaga/segformer_b2_clothes,crop_masked
/Users/ashley/Desktop/python/CS156-Machine-Learning/final/data/retail_images/raw/sandal/urban_outfitters_sandals_c640b39b2476.jpg,/Users/ashley/Desktop/python/CS156-Machine-Learning/final/data/retail_images/segmented/sandal/urban_outfitters_sandals_c640b39b2476_seg.jpg,/Users/ashley/Desktop/python/CS156-Machine-Learning/final/data/retail_images/segmentation_overlays/sandal/urban_outfitters_sandals_c640b39b2476_overlay.jpg,Sandal,Left-shoe|Right-shoe,,,,,,,fallback_copy,mask_area_out_of_range:0.0007,mattmdjaga/segformer_b2_clothes,copy
/Users/ashley/Desktop/python/CS156-Machine-Learning/final/data/retail_images/raw/sandal/urban_outfitters_sandals_c7bc5690c408.jpg,/Users/ashley/Desktop/python/CS156-Machine-Learning/final/data/retail_images/segmented/sandal/urban_outfitters_sandals_c7bc5690c408_seg.jpg,/Users/ashley/Desktop/python/CS156-Machine-Learning/final/data/retail_images/segmentation_overlays/sandal/urban_outfitters_sandals_c7bc5690c408_overlay.jpg,Sandal,Left-shoe|Right-shoe,,,,,,,fallback_copy,mask_area_out_of_range:0.0034,mattmdjaga/segformer_b2_clothes,copy
/Users/ashley/Desktop/python/CS156-Machine-Learning/final/data/retail_images/raw/sandal/urban_outfitters_sandals_c8a2f4ca36c8.webp,/Users/ashley/Desktop/python/CS156-Machine-Learning/final/data/retail_images/segmented/sandal/urban_outfitters_sandals_c8a2f4ca36c8_seg.jpg,/Users/ashley/Desktop/python/CS156-Machine-Learning/final/data/retail_images/segmentation_overlays/sandal/urban_outfitters_sandals_c8a2f4ca36c8_overlay.jpg,Sandal,Left-shoe|Right-shoe,Left-shoe|Right-shoe,0.0584762802215562,193.0,746.0,495.0,978.0,segmented,ok,mattmdjaga/segformer_b2_clothes,crop_masked
/Users/ashley/Desktop/python/CS156-Machine-Learning/final/data/retail_images/raw/sandal/urban_outfitters_sandals_c98a645d689a.jpg,/Users/ashley/Desktop/python/CS156-Machine-Learning/final/data/retail_images/segmented/sandal/urban_outfitters_sandals_c98a645d689a_seg.jpg,/Users/ashley/Desktop/python/CS156-Machine-Learning/final/data/retail_images/segmentation_overlays/sandal/urban_outfitters_sandals_c98a645d689a_overlay.jpg,Sandal,Left-shoe|Right-shoe,Left-shoe|Right-shoe,0.0940806584362139,0.0,89.0,450.0,615.0,segmented,ok,mattmdjaga/segformer_b2_clothes,crop_masked
/Users/ashley/Desktop/python/CS156-Machine-Learning/final/data/retail_images/raw/sandal/urban_outfitters_sandals_db4274519f39.webp,/Users/ashley/Desktop/python/CS156-Machine-Learning/final/data/retail_images/segmented/sandal/urban_outfitters_sandals_db4274519f39_seg.jpg,/Users/ashley/Desktop/python/CS156-Machine-Learning/final/data/retail_images/segmentation_overlays/sandal/urban_outfitters_sandals_db4274519f39_overlay.jpg,Sandal,Left-shoe|Right-shoe,Left-shoe|Right-shoe,0.058889917656018,97.0,373.0,247.0,489.0,fallback_copy,validation_too_small:150x116_fallback_copy,mattmdjaga/segformer_b2_clothes,copy
/Users/ashley/Desktop/python/CS156-Machine-Learning/final/data/retail_images/raw/sandal/urban_outfitters_sandals_dc7655b95a83.jpg,/Users/ashley/Desktop/python/CS156-Machine-Learning/final/data/retail_images/segmented/sandal/urban_outfitters_sandals_dc7655b95a83_seg.jpg,/Users/ashley/Desktop/python/CS156-Machine-Learning/final/data/retail_images/segmentation_overlays/sandal/urban_outfitters_sandals_dc7655b95a83_overlay.jpg,Sandal,Left-shoe|Right-shoe,Left-shoe|Right-shoe,0.0236951245569148,57.0,424.0,349.0,520.0,fallback_copy,validation_too_small:292x96_fallback_copy,mattmdjaga/segformer_b2_clothes,copy
/Users/ashley/Desktop/python/CS156-Machine-Learning/final/data/retail_images/raw/sandal/urban_outfitters_sandals_e2c58e379357.jpg,/Users/ashley/Desktop/python/CS156-Machine-Learning/final/data/retail_images/segmented/sandal/urban_outfitters_sandals_e2c58e379357_seg.jpg,/Users/ashley/Desktop/python/CS156-Machine-Learning/final/data/retail_images/segmentation_overlays/sandal/urban_outfitters_sandals_e2c58e379357_overlay.jpg,Sandal,Left-shoe|Right-shoe,,,,,,,fallback_copy,missing_target_mask,mattmdjaga/segformer_b2_clothes,copy
/Users/ashley/Desktop/python/CS156-Machine-Learning/final/data/retail_images/raw/sandal/urban_outfitters_sandals_e30bd50b0275.webp,/Users/ashley/Desktop/python/CS156-Machine-Learning/final/data/retail_images/segmented/sandal/urban_outfitters_sandals_e30bd50b0275_seg.jpg,/Users/ashley/Desktop/python/CS156-Machine-Learning/final/data/retail_images/segmentation_overlays/sandal/urban_outfitters_sandals_e30bd50b0275_overlay.jpg,Sandal,Left-shoe|Right-shoe,Left-shoe|Right-shoe,0.058999490486339,4.0,234.0,310.0,454.0,segmented,ok,mattmdjaga/segformer_b2_clothes,crop_masked
/Users/ashley/Desktop/python/CS156-Machine-Learning/final/data/retail_images/raw/sandal/urban_outfitters_sandals_e3c7fe4924b2.jpg,/Users/ashley/Desktop/python/CS156-Machine-Learning/final/data/retail_images/segmented/sandal/urban_outfitters_sandals_e3c7fe4924b2_seg.jpg,/Users/ashley/Desktop/python/CS156-Machine-Learning/final/data/retail_images/segmentation_overlays/sandal/urban_outfitters_sandals_e3c7fe4924b2_overlay.jpg,Sandal,Left-shoe|Right-shoe,Left-shoe|Right-shoe,0.0265679012345679,55.0,268.0,304.0,611.0,segmented,ok,mattmdjaga/segformer_b2_clothes,crop_masked
/Users/ashley/Desktop/python/CS156-Machine-Learning/final/data/retail_images/raw/sandal/urban_outfitters_sandals_e48be29800f3.jpg,/Users/ashley/Desktop/python/CS156-Machine-Learning/final/data/retail_images/segmented/sandal/urban_outfitters_sandals_e48be29800f3_seg.jpg,/Users/ashley/Desktop/python/CS156-Machine-Learning/final/data/retail_images/segmentation_overlays/sandal/urban_outfitters_sandals_e48be29800f3_overlay.jpg,Sandal,Left-shoe|Right-shoe,Left-shoe|Right-shoe,0.0351670781893004,17.0,483.0,382.0,663.0,segmented,ok,mattmdjaga/segformer_b2_clothes,crop_masked
/Users/ashley/Desktop/python/CS156-Machine-Learning/final/data/retail_images/raw/sandal/urban_outfitters_sandals_ed7ac690dfa2.jpg,/Users/ashley/Desktop/python/CS156-Machine-Learning/final/data/retail_images/segmented/sandal/urban_outfitters_sandals_ed7ac690dfa2_seg.jpg,/Users/ashley/Desktop/python/CS156-Machine-Learning/final/data/retail_images/segmentation_overlays/sandal/urban_outfitters_sandals_ed7ac690dfa2_overlay.jpg,Sandal,Left-shoe|Right-shoe,,,,,,,fallback_copy,segmented_too_small:16x18,mattmdjaga/segformer_b2_clothes,copy
/Users/ashley/Desktop/python/CS156-Machine-Learning/final/data/retail_images/raw/sandal/urban_outfitters_sandals_ee2849563c3c.jpg,/Users/ashley/Desktop/python/CS156-Machine-Learning/final/data/retail_images/segmented/sandal/urban_outfitters_sandals_ee2849563c3c_seg.jpg,/Users/ashley/Desktop/python/CS156-Machine-Learning/final/data/retail_images/segmentation_overlays/sandal/urban_outfitters_sandals_ee2849563c3c_overlay.jpg,Sandal,Left-shoe|Right-shoe,,,,,,,fallback_copy,mask_area_out_of_range:0.0011,mattmdjaga/segformer_b2_clothes,copy
/Users/ashley/Desktop/python/CS156-Machine-Learning/final/data/retail_images/raw/sandal/urban_outfitters_sandals_efb25691edd1.jpg,/Users/ashley/Desktop/python/CS156-Machine-Learning/final/data/retail_images/segmented/sandal/urban_outfitters_sandals_efb25691edd1_seg.jpg,/Users/ashley/Desktop/python/CS156-Machine-Learning/final/data/retail_images/segmentation_overlays/sandal/urban_outfitters_sandals_efb25691edd1_overlay.jpg,Sandal,Left-shoe|Right-shoe,Left-shoe|Right-shoe,0.0428378600823045,0.0,486.0,450.0,662.0,segmented,ok,mattmdjaga/segformer_b2_clothes,crop_masked
/Users/ashley/Desktop/python/CS156-Machine-Learning/final/data/retail_images/raw/sandal/urban_outfitters_sandals_f99f8c76505b.jpg,/Users/ashley/Desktop/python/CS156-Machine-Learning/final/data/retail_images/segmented/sandal/urban_outfitters_sandals_f99f8c76505b_seg.jpg,/Users/ashley/Desktop/python/CS156-Machine-Learning/final/data/retail_images/segmentation_overlays/sandal/urban_outfitters_sandals_f99f8c76505b_overlay.jpg,Sandal,Left-shoe|Right-shoe,,,,,,,fallback_copy,mask_area_out_of_range:0.0006,mattmdjaga/segformer_b2_clothes,copy
/Users/ashley/Desktop/python/CS156-Machine-Learning/final/data/retail_images/raw/sandal/urban_outfitters_sandals_fca71247551d.webp,/Users/ashley/Desktop/python/CS156-Machine-Learning/final/data/retail_images/segmented/sandal/urban_outfitters_sandals_fca71247551d_seg.jpg,/Users/ashley/Desktop/python/CS156-Machine-Learning/final/data/retail_images/segmentation_overlays/sandal/urban_outfitters_sandals_fca71247551d_overlay.jpg,Sandal,Left-shoe|Right-shoe,Left-shoe|Right-shoe,0.0224569515742876,113.0,847.0,698.0,1040.0,segmented,ok,mattmdjaga/segformer_b2_clothes,crop_masked
/Users/ashley/Desktop/python/CS156-Machine-Learning/final/data/retail_images/raw/sandal/urban_outfitters_sandals_fd018e28a343.jpg,/Users/ashley/Desktop/python/CS156-Machine-Learning/final/data/retail_images/segmented/sandal/urban_outfitters_sandals_fd018e28a343_seg.jpg,/Users/ashley/Desktop/python/CS156-Machine-Learning/final/data/retail_images/segmentation_overlays/sandal/urban_outfitters_sandals_fd018e28a343_overlay.jpg,Sandal,Left-shoe|Right-shoe,Left-shoe|Right-shoe,0.1294650205761316,1.0,24.0,404.0,621.0,segmented,ok,mattmdjaga/segformer_b2_clothes,crop_masked
/Users/ashley/Desktop/python/CS156-Machine-Learning/final/data/retail_images/raw/sandal/urban_outfitters_sandals_fe6031d00c36.jpg,/Users/ashley/Desktop/python/CS156-Machine-Learning/final/data/retail_images/segmented/sandal/urban_outfitters_sandals_fe6031d00c36_seg.jpg,/Users/ashley/Desktop/python/CS156-Machine-Learning/final/data/retail_images/segmentation_overlays/sandal/urban_outfitters_sandals_fe6031d00c36_overlay.jpg,Sandal,Left-shoe|Right-shoe,Left-shoe|Right-shoe,0.0353152263374485,0.0,421.0,450.0,594.0,segmented,ok,mattmdjaga/segformer_b2_clothes,crop_masked
/Users/ashley/Desktop/python/CS156-Machine-Learning/final/data/retail_images/raw/shirt/anthropologie_blouses_01523d8fc629.jpg,/Users/ashley/Desktop/python/CS156-Machine-Learning/final/data/retail_images/segmented/shirt/anthropologie_blouses_01523d8fc629_seg.jpg,/Users/ashley/Desktop/python/CS156-Machine-Learning/final/data/retail_images/segmentation_overlays/shirt/anthropologie_blouses_01523d8fc629_overlay.jpg,Shirt,Upper-clothes,Upper-clothes,0.1195247826348978,181.0,535.0,586.0,917.0,segmented,ok,mattmdjaga/segformer_b2_clothes,crop_masked
/Users/ashley/Desktop/python/CS156-Machine-Learning/final/data/retail_images/raw/shirt/anthropologie_blouses_023324ac90f8.jpg,/Users/ashley/Desktop/python/CS156-Machine-Learning/final/data/retail_images/segmented/shirt/anthropologie_blouses_023324ac90f8_seg.jpg,/Users/ashley/Desktop/python/CS156-Machine-Learning/final/data/retail_images/segmentation_overlays/shirt/anthropologie_blouses_023324ac90f8_overlay.jpg,Shirt,Upper-clothes,Upper-clothes,0.3545009779375106,0.0,80.0,349.0,467.0,segmented,ok,mattmdjaga/segformer_b2_clothes,crop_masked
/Users/ashley/Desktop/python/CS156-Machine-Learning/final/data/retail_images/raw/shirt/anthropologie_blouses_055fa41ceffb.jpg,/Users/ashley/Desktop/python/CS156-Machine-Learning/final/data/retail_images/segmented/shirt/anthropologie_blouses_055fa41ceffb_seg.jpg,/Users/ashley/Desktop/python/CS156-Machine-Learning/final/data/retail_images/segmentation_overlays/shirt/anthropologie_blouses_055fa41ceffb_overlay.jpg,Shirt,Upper-clothes,Upper-clothes,0.2535953584949076,35.0,91.0,324.0,433.0,segmented,ok,mattmdjaga/segformer_b2_clothes,crop_masked
/Users/ashley/Desktop/python/CS156-Machine-Learning/final/data/retail_images/raw/shirt/anthropologie_blouses_07347aded28d.jpg,/Users/ashley/Desktop/python/CS156-Machine-Learning/final/data/retail_images/segmented/shirt/anthropologie_blouses_07347aded28d_seg.jpg,/Users/ashley/Desktop/python/CS156-Machine-Learning/final/data/retail_images/segmentation_overlays/shirt/anthropologie_blouses_07347aded28d_overlay.jpg,Shirt,Upper-clothes,Upper-clothes,0.2900392818596701,50.0,95.0,349.0,520.0,segmented,ok,mattmdjaga/segformer_b2_clothes,crop_masked
/Users/ashley/Desktop/python/CS156-Machine-Learning/final/data/retail_images/raw/shirt/anthropologie_blouses_0a0a9b001e80.jpg,/Users/ashley/Desktop/python/CS156-Machine-Learning/final/data/retail_images/segmented/shirt/anthropologie_blouses_0a0a9b001e80_seg.jpg,/Users/ashley/Desktop/python/CS156-Machine-Learning/final/data/retail_images/segmentation_overlays/shirt/anthropologie_blouses_0a0a9b001e80_overlay.jpg,Shirt,Upper-clothes,Upper-clothes,0.4005763530874884,0.0,113.0,349.0,520.0,segmented,ok,mattmdjaga/segformer_b2_clothes,crop_masked
/Users/ashley/Desktop/python/CS156-Machine-Learning/final/data/retail_images/raw/shirt/anthropologie_blouses_0d69378e0e7b.jpg,/Users/ashley/Desktop/python/CS156-Machine-Learning/final/data/retail_images/segmented/shirt/anthropologie_blouses_0d69378e0e7b_seg.jpg,/Users/ashley/Desktop/python/CS156-Machine-Learning/final/data/retail_images/segmentation_overlays/shirt/anthropologie_blouses_0d69378e0e7b_overlay.jpg,Shirt,Upper-clothes,Upper-clothes,0.1179222799914533,95.0,81.0,325.0,328.0,segmented,ok,mattmdjaga/segformer_b2_clothes,crop_masked
/Users/ashley/Desktop/python/CS156-Machine-Learning/final/data/retail_images/raw/shirt/anthropologie_blouses_0f03dfea53d2.webp,/Users/ashley/Desktop/python/CS156-Machine-Learning/final/data/retail_images/segmented/shirt/anthropologie_blouses_0f03dfea53d2_seg.jpg,/Users/ashley/Desktop/python/CS156-Machine-Learning/final/data/retail_images/segmentation_overlays/shirt/anthropologie_blouses_0f03dfea53d2_overlay.jpg,Shirt,Upper-clothes,Upper-clothes,0.2055148005500556,56.0,202.0,323.0,511.0,segmented,ok,mattmdjaga/segformer_b2_clothes,crop_masked
/Users/ashley/Desktop/python/CS156-Machine-Learning/final/data/retail_images/raw/shirt/anthropologie_blouses_1063af002903.jpg,/Users/ashley/Desktop/python/CS156-Machine-Learning/final/data/retail_images/segmented/shirt/anthropologie_blouses_1063af002903_seg.jpg,/Users/ashley/Desktop/python/CS156-Machine-Learning/final/data/retail_images/segmentation_overlays/shirt/anthropologie_blouses_1063af002903_overlay.jpg,Shirt,Upper-clothes,Upper-clothes,0.1847343132796791,43.0,120.0,308.0,419.0,segmented,ok,mattmdjaga/segformer_b2_clothes,crop_masked
/Users/ashley/Desktop/python/CS156-Machine-Learning/final/data/retail_images/raw/shirt/anthropologie_blouses_11c784ee44d0.jpg,/Users/ashley/Desktop/python/CS156-Machine-Learning/final/data/retail_images/segmented/shirt/anthropologie_blouses_11c784ee44d0_seg.jpg,/Users/ashley/Desktop/python/CS156-Machine-Learning/final/data/retail_images/segmentation_overlays/shirt/anthropologie_blouses_11c784ee44d0_overlay.jpg,Shirt,Upper-clothes,Upper-clothes,0.2158639543738734,84.0,76.0,342.0,391.0,segmented,ok,mattmdjaga/segformer_b2_clothes,crop_masked
/Users/ashley/Desktop/python/CS156-Machine-Learning/final/data/retail_images/raw/shirt/anthropologie_blouses_134adf57382c.jpg,/Users/ashley/Desktop/python/CS156-Machine-Learning/final/data/retail_images/segmented/shirt/anthropologie_blouses_134adf57382c_seg.jpg,/Users/ashley/Desktop/python/CS156-Machine-Learning/final/data/retail_images/segmentation_overlays/shirt/anthropologie_blouses_134adf57382c_overlay.jpg,Shirt,Upper-clothes,Upper-clothes,0.345839245700636,0.0,105.0,349.0,473.0,segmented,ok,mattmdjaga/segformer_b2_clothes,crop_masked
/Users/ashley/Desktop/python/CS156-Machine-Learning/final/data/retail_images/raw/shirt/anthropologie_blouses_16653fdbfb32.jpg,/Users/ashley/Desktop/python/CS156-Machine-Learning/final/data/retail_images/segmented/shirt/anthropologie_blouses_16653fdbfb32_seg.jpg,/Users/ashley/Desktop/python/CS156-Machine-Learning/final/data/retail_images/segmentation_overlays/shirt/anthropologie_blouses_16653fdbfb32_overlay.jpg,Shirt,Upper-clothes,Upper-clothes,0.2930580133350134,11.0,153.0,334.0,460.0,segmented,ok,mattmdjaga/segformer_b2_clothes,crop_masked
/Users/ashley/Desktop/python/CS156-Machine-Learning/final/data/retail_images/raw/shirt/anthropologie_blouses_16f375d22249.jpg,/Users/ashley/Desktop/python/CS156-Machine-Learning/final/data/retail_images/segmented/shirt/anthropologie_blouses_16f375d22249_seg.jpg,/Users/ashley/Desktop/python/CS156-Machine-Learning/final/data/retail_images/segmentation_overlays/shirt/anthropologie_blouses_16f375d22249_overlay.jpg,Shirt,Upper-clothes,Upper-clothes,0.2611777983531204,59.0,104.0,275.0,507.0,segmented,ok,mattmdjaga/segformer_b2_clothes,crop_masked
/Users/ashley/Desktop/python/CS156-Machine-Learning/final/data/retail_images/raw/shirt/anthropologie_blouses_18699e9259ad.jpg,/Users/ashley/Desktop/python/CS156-Machine-Learning/final/data/retail_images/segmented/shirt/anthropologie_blouses_18699e9259ad_seg.jpg,/Users/ashley/Desktop/python/CS156-Machine-Learning/final/data/retail_images/segmentation_overlays/shirt/anthropologie_blouses_18699e9259ad_overlay.jpg,Shirt,Upper-clothes,Upper-clothes,0.0925191889419099,155.0,408.0,636.0,1012.0,segmented,ok,mattmdjaga/segformer_b2_clothes,crop_masked
/Users/ashley/Desktop/python/CS156-Machine-Learning/final/data/retail_images/raw/shirt/anthropologie_blouses_1c29d5987d67.jpg,/Users/ashley/Desktop/python/CS156-Machine-Learning/final/data/retail_images/segmented/shirt/anthropologie_blouses_1c29d5987d67_seg.jpg,/Users/ashley/Desktop/python/CS156-Machine-Learning/final/data/retail_images/segmentation_overlays/shirt/anthropologie_blouses_1c29d5987d67_overlay.jpg,Shirt,Upper-clothes,Upper-clothes,0.2789340755066373,18.0,124.0,319.0,495.0,segmented,ok,mattmdjaga/segformer_b2_clothes,crop_masked
/Users/ashley/Desktop/python/CS156-Machine-Learning/final/data/retail_images/raw/shirt/anthropologie_blouses_1f70509542de.jpg,/Users/ashley/Desktop/python/CS156-Machine-Learning/final/data/retail_images/segmented/shirt/anthropologie_blouses_1f70509542de_seg.jpg,/Users/ashley/Desktop/python/CS156-Machine-Learning/final/data/retail_images/segmentation_overlays/shirt/anthropologie_blouses_1f70509542de_overlay.jpg,Shirt,Upper-clothes,Upper-clothes,0.4025048349011379,0.0,98.0,349.0,523.0,segmented,ok,mattmdjaga/segformer_b2_clothes,crop_masked
/Users/ashley/Desktop/python/CS156-Machine-Learning/final/data/retail_images/raw/shirt/anthropologie_blouses_236050ed9915.jpg,/Users/ashley/Desktop/python/CS156-Machine-Learning/final/data/retail_images/segmented/shirt/anthropologie_blouses_236050ed9915_seg.jpg,/Users/ashley/Desktop/python/CS156-Machine-Learning/final/data/retail_images/segmentation_overlays/shirt/anthropologie_blouses_236050ed9915_overlay.jpg,Shirt,Upper-clothes,Upper-clothes,0.2371923057958548,22.0,100.0,282.0,414.0,segmented,ok,mattmdjaga/segformer_b2_clothes,crop_masked
/Users/ashley/Desktop/python/CS156-Machine-Learning/final/data/retail_images/raw/shirt/anthropologie_blouses_2524442e9dd9.jpg,/Users/ashley/Desktop/python/CS156-Machine-Learning/final/data/retail_images/segmented/shirt/anthropologie_blouses_2524442e9dd9_seg.jpg,/Users/ashley/Desktop/python/CS156-Machine-Learning/final/data/retail_images/segmentation_overlays/shirt/anthropologie_blouses_2524442e9dd9_overlay.jpg,Shirt,Upper-clothes,Upper-clothes,0.2074432823637051,33.0,92.0,325.0,407.0,segmented,ok,mattmdjaga/segformer_b2_clothes,crop_masked
/Users/ashley/Desktop/python/CS156-Machine-Learning/final/data/retail_images/raw/shirt/anthropologie_blouses_25799da75712.jpg,/Users/ashley/Desktop/python/CS156-Machine-Learning/final/data/retail_images/segmented/shirt/anthropologie_blouses_25799da75712_seg.jpg,/Users/ashley/Desktop/python/CS156-Machine-Learning/final/data/retail_images/segmentation_overlays/shirt/anthropologie_blouses_25799da75712_overlay.jpg,Shirt,Upper-clothes,Upper-clothes,0.2272485714442247,54.0,199.0,324.0,512.0,segmented,ok,mattmdjaga/segformer_b2_clothes,crop_masked
/Users/ashley/Desktop/python/CS156-Machine-Learning/final/data/retail_images/raw/shirt/anthropologie_blouses_2a1b9ffbc5d1.jpg,/Users/ashley/Desktop/python/CS156-Machine-Learning/final/data/retail_images/segmented/shirt/anthropologie_blouses_2a1b9ffbc5d1_seg.jpg,/Users/ashley/Desktop/python/CS156-Machine-Learning/final/data/retail_images/segmentation_overlays/shirt/anthropologie_blouses_2a1b9ffbc5d1_overlay.jpg,Shirt,Upper-clothes,Upper-clothes,0.2155681077320067,45.0,112.0,338.0,412.0,segmented,ok,mattmdjaga/segformer_b2_clothes,crop_masked
/Users/ashley/Desktop/python/CS156-Machine-Learning/final/data/retail_images/raw/shirt/anthropologie_blouses_2d4c74520fb4.jpg,/Users/ashley/Desktop/python/CS156-Machine-Learning/final/data/retail_images/segmented/shirt/anthropologie_blouses_2d4c74520fb4_seg.jpg,/Users/ashley/Desktop/python/CS156-Machine-Learning/final/data/retail_images/segmentation_overlays/shirt/anthropologie_blouses_2d4c74520fb4_overlay.jpg,Shirt,Upper-clothes,Upper-clothes,0.3132468073216565,5.0,117.0,341.0,499.0,segmented,ok,mattmdjaga/segformer_b2_clothes,crop_masked
/Users/ashley/Desktop/python/CS156-Machine-Learning/final/data/retail_images/raw/shirt/anthropologie_blouses_2e6ea528a682.jpg,/Users/ashley/Desktop/python/CS156-Machine-Learning/final/data/retail_images/segmented/shirt/anthropologie_blouses_2e6ea528a682_seg.jpg,/Users/ashley/Desktop/python/CS156-Machine-Learning/final/data/retail_images/segmentation_overlays/shirt/anthropologie_blouses_2e6ea528a682_overlay.jpg,Shirt,Upper-clothes,Upper-clothes,0.1158458748568704,92.0,268.0,283.0,437.0,segmented,ok,mattmdjaga/segformer_b2_clothes,crop_masked
/Users/ashley/Desktop/python/CS156-Machine-Learning/final/data/retail_images/raw/shirt/anthropologie_blouses_303f61679066.jpg,/Users/ashley/Desktop/python/CS156-Machine-Learning/final/data/retail_images/segmented/shirt/anthropologie_blouses_303f61679066_seg.jpg,/Users/ashley/Desktop/python/CS156-Machine-Learning/final/data/retail_images/segmentation_overlays/shirt/anthropologie_blouses_303f61679066_overlay.jpg,Shirt,Upper-clothes,,,,,,,fallback_copy,segmented_too_small:76x88,mattmdjaga/segformer_b2_clothes,copy
/Users/ashley/Desktop/python/CS156-Machine-Learning/final/data/retail_images/raw/shirt/anthropologie_blouses_34608eb0171c.jpg,/Users/ashley/Desktop/python/CS156-Machine-Learning/final/data/retail_images/segmented/shirt/anthropologie_blouses_34608eb0171c_seg.jpg,/Users/ashley/Desktop/python/CS156-Machine-Learning/final/data/retail_images/segmentation_overlays/shirt/anthropologie_blouses_34608eb0171c_overlay.jpg,Shirt,Upper-clothes,Upper-clothes,0.3378678222947838,14.0,77.0,342.0,464.0,segmented,ok,mattmdjaga/segformer_b2_clothes,crop_masked
/Users/ashley/Desktop/python/CS156-Machine-Learning/final/data/retail_images/raw/shirt/anthropologie_blouses_34dcbc53fbeb.jpg,/Users/ashley/Desktop/python/CS156-Machine-Learning/final/data/retail_images/segmented/shirt/anthropologie_blouses_34dcbc53fbeb_seg.jpg,/Users/ashley/Desktop/python/CS156-Machine-Learning/final/data/retail_images/segmentation_overlays/shirt/anthropologie_blouses_34dcbc53fbeb_overlay.jpg,Shirt,Upper-clothes,Upper-clothes,0.3141946123039331,16.0,98.0,349.0,459.0,segmented,ok,mattmdjaga/segformer_b2_clothes,crop_masked
/Users/ashley/Desktop/python/CS156-Machine-Learning/final/data/retail_images/raw/shirt/anthropologie_blouses_375842080d9c.jpg,/Users/ashley/Desktop/python/CS156-Machine-Learning/final/data/retail_images/segmented/shirt/anthropologie_blouses_375842080d9c_seg.jpg,/Users/ashley/Desktop/python/CS156-Machine-Learning/final/data/retail_images/segmentation_overlays/shirt/anthropologie_blouses_375842080d9c_overlay.jpg,Shirt,Upper-clothes,Upper-clothes,0.2242517545349455,20.0,89.0,335.0,403.0,segmented,ok,mattmdjaga/segformer_b2_clothes,crop_masked
/Users/ashley/Desktop/python/CS156-Machine-Learning/final/data/retail_images/raw/shirt/anthropologie_blouses_387c38398cea.jpg,/Users/ashley/Desktop/python/CS156-Machine-Learning/final/data/retail_images/segmented/shirt/anthropologie_blouses_387c38398cea_seg.jpg,/Users/ashley/Desktop/python/CS156-Machine-Learning/final/data/retail_images/segmentation_overlays/shirt/anthropologie_blouses_387c38398cea_overlay.jpg,Shirt,Upper-clothes,Upper-clothes,0.2752250352002717,37.0,103.0,333.0,523.0,segmented,ok,mattmdjaga/segformer_b2_clothes,crop_masked
/Users/ashley/Desktop/python/CS156-Machine-Learning/final/data/retail_images/raw/shirt/anthropologie_blouses_3ae759188f08.webp,/Users/ashley/Desktop/python/CS156-Machine-Learning/final/data/retail_images/segmented/shirt/anthropologie_blouses_3ae759188f08_seg.jpg,/Users/ashley/Desktop/python/CS156-Machine-Learning/final/data/retail_images/segmentation_overlays/shirt/anthropologie_blouses_3ae759188f08_overlay.jpg,Shirt,Upper-clothes,Upper-clothes,0.2502287332832951,85.0,396.0,624.0,1046.0,segmented,ok,mattmdjaga/segformer_b2_clothes,crop_masked
/Users/ashley/Desktop/python/CS156-Machine-Learning/final/data/retail_images/raw/shirt/anthropologie_blouses_3aef2e4182d7.jpg,/Users/ashley/Desktop/python/CS156-Machine-Learning/final/data/retail_images/segmented/shirt/anthropologie_blouses_3aef2e4182d7_seg.jpg,/Users/ashley/Desktop/python/CS156-Machine-Learning/final/data/retail_images/segmentation_overlays/shirt/anthropologie_blouses_3aef2e4182d7_overlay.jpg,Shirt,Upper-clothes,Upper-clothes,0.2065283492305248,33.0,116.0,337.0,387.0,segmented,ok,mattmdjaga/segformer_b2_clothes,crop_masked
/Users/ashley/Desktop/python/CS156-Machine-Learning/final/data/retail_images/raw/shirt/anthropologie_blouses_3c008f61b908.jpg,/Users/ashley/Desktop/python/CS156-Machine-Learning/final/data/retail_images/segmented/shirt/anthropologie_blouses_3c008f61b908_seg.jpg,/Users/ashley/Desktop/python/CS156-Machine-Learning/final/data/retail_images/segmentation_overlays/shirt/anthropologie_blouses_3c008f61b908_overlay.jpg,Shirt,Upper-clothes,Upper-clothes,0.4478022429558366,0.0,110.0,349.0,523.0,segmented,ok,mattmdjaga/segformer_b2_clothes,crop_masked
/Users/ashley/Desktop/python/CS156-Machine-Learning/final/data/retail_images/raw/shirt/anthropologie_blouses_4367b1ff968b.jpg,/Users/ashley/Desktop/python/CS156-Machine-Learning/final/data/retail_images/segmented/shirt/anthropologie_blouses_4367b1ff968b_seg.jpg,/Users/ashley/Desktop/python/CS156-Machine-Learning/final/data/retail_images/segmentation_overlays/shirt/anthropologie_blouses_4367b1ff968b_overlay.jpg,Shirt,Upper-clothes,Upper-clothes,0.1982008141261292,56.0,81.0,294.0,406.0,segmented,ok,mattmdjaga/segformer_b2_clothes,crop_masked
/Users/ashley/Desktop/python/CS156-Machine-Learning/final/data/retail_images/raw/shirt/anthropologie_blouses_4517b3ccb374.jpg,/Users/ashley/Desktop/python/CS156-Machine-Learning/final/data/retail_images/segmented/shirt/anthropologie_blouses_4517b3ccb374_seg.jpg,/Users/ashley/Desktop/python/CS156-Machine-Learning/final/data/retail_images/segmentation_overlays/shirt/anthropologie_blouses_4517b3ccb374_overlay.jpg,Shirt,Upper-clothes,Upper-clothes,0.3125017120754738,0.0,100.0,329.0,450.0,segmented,ok,mattmdjaga/segformer_b2_clothes,crop_masked
/Users/ashley/Desktop/python/CS156-Machine-Learning/final/data/retail_images/raw/shirt/anthropologie_blouses_4a327717476d.jpg,/Users/ashley/Desktop/python/CS156-Machine-Learning/final/data/retail_images/segmented/shirt/anthropologie_blouses_4a327717476d_seg.jpg,/Users/ashley/Desktop/python/CS156-Machine-Learning/final/data/retail_images/segmentation_overlays/shirt/anthropologie_blouses_4a327717476d_overlay.jpg,Shirt,Upper-clothes,Upper-clothes,0.2514751242281964,41.0,198.0,312.0,523.0,segmented,ok,mattmdjaga/segformer_b2_clothes,crop_masked
/Users/ashley/Desktop/python/CS156-Machine-Learning/final/data/retail_images/raw/shirt/anthropologie_blouses_50133ce31eaf.jpg,/Users/ashley/Desktop/python/CS156-Machine-Learning/final/data/retail_images/segmented/shirt/anthropologie_blouses_50133ce31eaf_seg.jpg,/Users/ashley/Desktop/python/CS156-Machine-Learning/final/data/retail_images/segmentation_overlays/shirt/anthropologie_blouses_50133ce31eaf_overlay.jpg,Shirt,Upper-clothes,Upper-clothes,0.0358960592131575,0.0,119.0,181.0,523.0,segmented,ok,mattmdjaga/segformer_b2_clothes,crop_masked
/Users/ashley/Desktop/python/CS156-Machine-Learning/final/data/retail_images/raw/shirt/anthropologie_blouses_5256e9fe4b48.jpg,/Users/ashley/Desktop/python/CS156-Machine-Learning/final/data/retail_images/segmented/shirt/anthropologie_blouses_5256e9fe4b48_seg.jpg,/Users/ashley/Desktop/python/CS156-Machine-Learning/final/data/retail_images/segmentation_overlays/shirt/anthropologie_blouses_5256e9fe4b48_overlay.jpg,Shirt,Upper-clothes,Upper-clothes,0.5652150092862974,0.0,39.0,349.0,509.0,segmented,ok,mattmdjaga/segformer_b2_clothes,crop_masked
/Users/ashley/Desktop/python/CS156-Machine-Learning/final/data/retail_images/raw/shirt/anthropologie_blouses_56ca002d8f36.jpg,/Users/ashley/Desktop/python/CS156-Machine-Learning/final/data/retail_images/segmented/shirt/anthropologie_blouses_56ca002d8f36_seg.jpg,/Users/ashley/Desktop/python/CS156-Machine-Learning/final/data/retail_images/segmentation_overlays/shirt/anthropologie_blouses_56ca002d8f36_overlay.jpg,Shirt,Upper-clothes,Upper-clothes,0.2640321705829822,0.0,119.0,349.0,499.0,segmented,ok,mattmdjaga/segformer_b2_clothes,crop_masked
/Users/ashley/Desktop/python/CS156-Machine-Learning/final/data/retail_images/raw/shirt/anthropologie_blouses_5c64f839f0eb.jpg,/Users/ashley/Desktop/python/CS156-Machine-Learning/final/data/retail_images/segmented/shirt/anthropologie_blouses_5c64f839f0eb_seg.jpg,/Users/ashley/Desktop/python/CS156-Machine-Learning/final/data/retail_images/segmentation_overlays/shirt/anthropologie_blouses_5c64f839f0eb_overlay.jpg,Shirt,Upper-clothes,Upper-clothes,0.254082957589836,19.0,89.0,311.0,453.0,segmented,ok,mattmdjaga/segformer_b2_clothes,crop_masked
/Users/ashley/Desktop/python/CS156-Machine-Learning/final/data/retail_images/raw/shirt/anthropologie_blouses_60d05cc7b2e9.jpg,/Users/ashley/Desktop/python/CS156-Machine-Learning/final/data/retail_images/segmented/shirt/anthropologie_blouses_60d05cc7b2e9_seg.jpg,/Users/ashley/Desktop/python/CS156-Machine-Learning/final/data/retail_images/segmentation_overlays/shirt/anthropologie_blouses_60d05cc7b2e9_overlay.jpg,Shirt,Upper-clothes,Upper-clothes,0.2514751242281964,41.0,198.0,312.0,523.0,segmented,ok,mattmdjaga/segformer_b2_clothes,crop_masked
/Users/ashley/Desktop/python/CS156-Machine-Learning/final/data/retail_images/raw/shirt/anthropologie_blouses_60df205d1a77.webp,/Users/ashley/Desktop/python/CS156-Machine-Learning/final/data/retail_images/segmented/shirt/anthropologie_blouses_60df205d1a77_seg.jpg,/Users/ashley/Desktop/python/CS156-Machine-Learning/final/data/retail_images/segmentation_overlays/shirt/anthropologie_blouses_60df205d1a77_overlay.jpg,Shirt,Upper-clothes,Upper-clothes,0.3195842258953469,0.0,58.0,698.0,1046.0,segmented,ok,mattmdjaga/segformer_b2_clothes,crop_masked
/Users/ashley/Desktop/python/CS156-Machine-Learning/final/data/retail_images/raw/shirt/anthropologie_blouses_659307e7bad8.jpg,/Users/ashley/Desktop/python/CS156-Machine-Learning/final/data/retail_images/segmented/shirt/anthropologie_blouses_659307e7bad8_seg.jpg,/Users/ashley/Desktop/python/CS156-Machine-Learning/final/data/retail_images/segmentation_overlays/shirt/anthropologie_blouses_659307e7bad8_overlay.jpg,Shirt,Upper-clothes,Upper-clothes,0.3500358851019301,0.0,120.0,349.0,479.0,segmented,ok,mattmdjaga/segformer_b2_clothes,crop_masked
/Users/ashley/Desktop/python/CS156-Machine-Learning/final/data/retail_images/raw/shirt/anthropologie_blouses_674c6894c027.jpg,/Users/ashley/Desktop/python/CS156-Machine-Learning/final/data/retail_images/segmented/shirt/anthropologie_blouses_674c6894c027_seg.jpg,/Users/ashley/Desktop/python/CS156-Machine-Learning/final/data/retail_images/segmentation_overlays/shirt/anthropologie_blouses_674c6894c027_overlay.jpg,Shirt,Upper-clothes,Upper-clothes,0.2272485714442247,54.0,199.0,324.0,512.0,segmented,ok,mattmdjaga/segformer_b2_clothes,crop_masked
/Users/ashley/Desktop/python/CS156-Machine-Learning/final/data/retail_images/raw/shirt/anthropologie_blouses_681e00141356.jpg,/Users/ashley/Desktop/python/CS156-Machine-Learning/final/data/retail_images/segmented/shirt/anthropologie_blouses_681e00141356_seg.jpg,/Users/ashley/Desktop/python/CS156-Machine-Learning/final/data/retail_images/segmentation_overlays/shirt/anthropologie_blouses_681e00141356_overlay.jpg,Shirt,Upper-clothes,Upper-clothes,0.326536621979214,0.0,54.0,698.0,1046.0,segmented,ok,mattmdjaga/segformer_b2_clothes,crop_masked
/Users/ashley/Desktop/python/CS156-Machine-Learning/final/data/retail_images/raw/shirt/anthropologie_blouses_6ce55932af25.webp,/Users/ashley/Desktop/python/CS156-Machine-Learning/final/data/retail_images/segmented/shirt/anthropologie_blouses_6ce55932af25_seg.jpg,/Users/ashley/Desktop/python/CS156-Machine-Learning/final/data/retail_images/segmentation_overlays/shirt/anthropologie_blouses_6ce55932af25_overlay.jpg,Shirt,Upper-clothes,,,,,,,fallback_copy,missing_target_mask,mattmdjaga/segformer_b2_clothes,copy
/Users/ashley/Desktop/python/CS156-Machine-Learning/final/data/retail_images/raw/shirt/anthropologie_blouses_7021a9b6a3d2.jpg,/Users/ashley/Desktop/python/CS156-Machine-Learning/final/data/retail_images/segmented/shirt/anthropologie_blouses_7021a9b6a3d2_seg.jpg,/Users/ashley/Desktop/python/CS156-Machine-Learning/final/data/retail_images/segmentation_overlays/shirt/anthropologie_blouses_7021a9b6a3d2_overlay.jpg,Shirt,Upper-clothes,Upper-clothes,0.2250571148378048,70.0,100.0,261.0,523.0,segmented,ok,mattmdjaga/segformer_b2_clothes,crop_masked
/Users/ashley/Desktop/python/CS156-Machine-Learning/final/data/retail_images/raw/shirt/anthropologie_blouses_73608be1a7ed.jpg,/Users/ashley/Desktop/python/CS156-Machine-Learning/final/data/retail_images/segmented/shirt/anthropologie_blouses_73608be1a7ed_seg.jpg,/Users/ashley/Desktop/python/CS156-Machine-Learning/final/data/retail_images/segmentation_overlays/shirt/anthropologie_blouses_73608be1a7ed_overlay.jpg,Shirt,Upper-clothes,Upper-clothes,0.3521068115949969,13.0,113.0,341.0,516.0,segmented,ok,mattmdjaga/segformer_b2_clothes,crop_masked
/Users/ashley/Desktop/python/CS156-Machine-Learning/final/data/retail_images/raw/shirt/anthropologie_blouses_75316587c320.webp,/Users/ashley/Desktop/python/CS156-Machine-Learning/final/data/retail_images/segmented/shirt/anthropologie_blouses_75316587c320_seg.jpg,/Users/ashley/Desktop/python/CS156-Machine-Learning/final/data/retail_images/segmentation_overlays/shirt/anthropologie_blouses_75316587c320_overlay.jpg,Shirt,Upper-clothes,Upper-clothes,0.119548066861341,181.0,534.0,586.0,916.0,segmented,ok,mattmdjaga/segformer_b2_clothes,crop_masked
/Users/ashley/Desktop/python/CS156-Machine-Learning/final/data/retail_images/raw/shirt/anthropologie_blouses_79e2c711c732.jpg,/Users/ashley/Desktop/python/CS156-Machine-Learning/final/data/retail_images/segmented/shirt/anthropologie_blouses_79e2c711c732_seg.jpg,/Users/ashley/Desktop/python/CS156-Machine-Learning/final/data/retail_images/segmentation_overlays/shirt/anthropologie_blouses_79e2c711c732_overlay.jpg,Shirt,Upper-clothes,Upper-clothes,0.3381307970875541,0.0,86.0,349.0,479.0,segmented,ok,mattmdjaga/segformer_b2_clothes,crop_masked
/Users/ashley/Desktop/python/CS156-Machine-Learning/final/data/retail_images/raw/shirt/anthropologie_blouses_79f834141616.jpg,/Users/ashley/Desktop/python/CS156-Machine-Learning/final/data/retail_images/segmented/shirt/anthropologie_blouses_79f834141616_seg.jpg,/Users/ashley/Desktop/python/CS156-Machine-Learning/final/data/retail_images/segmentation_overlays/shirt/anthropologie_blouses_79f834141616_overlay.jpg,Shirt,Upper-clothes,,,,,,,fallback_copy,mask_area_out_of_range:0.0077,mattmdjaga/segformer_b2_clothes,copy
/Users/ashley/Desktop/python/CS156-Machine-Learning/final/data/retail_images/raw/shirt/anthropologie_blouses_7b619e0d16ad.jpg,/Users/ashley/Desktop/python/CS156-Machine-Learning/final/data/retail_images/segmented/shirt/anthropologie_blouses_7b619e0d16ad_seg.jpg,/Users/ashley/Desktop/python/CS156-Machine-Learning/final/data/retail_images/segmentation_overlays/shirt/anthropologie_blouses_7b619e0d16ad_overlay.jpg,Shirt,Upper-clothes,Upper-clothes,0.2555841053652336,39.0,74.0,302.0,452.0,segmented,ok,mattmdjaga/segformer_b2_clothes,crop_masked
/Users/ashley/Desktop/python/CS156-Machine-Learning/final/data/retail_images/raw/shirt/anthropologie_blouses_7f7f64750fce.webp,/Users/ashley/Desktop/python/CS156-Machine-Learning/final/data/retail_images/segmented/shirt/anthropologie_blouses_7f7f64750fce_seg.jpg,/Users/ashley/Desktop/python/CS156-Machine-Learning/final/data/retail_images/segmentation_overlays/shirt/anthropologie_blouses_7f7f64750fce_overlay.jpg,Shirt,Upper-clothes,Upper-clothes,0.3446613377746854,0.0,25.0,349.0,523.0,segmented,ok,mattmdjaga/segformer_b2_clothes,crop_masked
/Users/ashley/Desktop/python/CS156-Machine-Learning/final/data/retail_images/raw/shirt/anthropologie_blouses_850b2bf4b764.jpg,/Users/ashley/Desktop/python/CS156-Machine-Learning/final/data/retail_images/segmented/shirt/anthropologie_blouses_850b2bf4b764_seg.jpg,/Users/ashley/Desktop/python/CS156-Machine-Learning/final/data/retail_images/segmentation_overlays/shirt/anthropologie_blouses_850b2bf4b764_overlay.jpg,Shirt,Upper-clothes,Upper-clothes,0.2305850641274989,21.0,139.0,341.0,504.0,segmented,ok,mattmdjaga/segformer_b2_clothes,crop_masked
/Users/ashley/Desktop/python/CS156-Machine-Learning/final/data/retail_images/raw/shirt/anthropologie_blouses_85eaa801430f.jpg,/Users/ashley/Desktop/python/CS156-Machine-Learning/final/data/retail_images/segmented/shirt/anthropologie_blouses_85eaa801430f_seg.jpg,/Users/ashley/Desktop/python/CS156-Machine-Learning/final/data/retail_images/segmentation_overlays/shirt/anthropologie_blouses_85eaa801430f_overlay.jpg,Shirt,Upper-clothes,Upper-clothes,0.2900392818596701,50.0,95.0,349.0,520.0,segmented,ok,mattmdjaga/segformer_b2_clothes,crop_masked
/Users/ashley/Desktop/python/CS156-Machine-Learning/final/data/retail_images/raw/shirt/anthropologie_blouses_86b0658c38eb.jpg,/Users/ashley/Desktop/python/CS156-Machine-Learning/final/data/retail_images/segmented/shirt/anthropologie_blouses_86b0658c38eb_seg.jpg,/Users/ashley/Desktop/python/CS156-Machine-Learning/final/data/retail_images/segmentation_overlays/shirt/anthropologie_blouses_86b0658c38eb_overlay.jpg,Shirt,Upper-clothes,Upper-clothes,0.4511990006957875,8.0,73.0,349.0,523.0,segmented,ok,mattmdjaga/segformer_b2_clothes,crop_masked
/Users/ashley/Desktop/python/CS156-Machine-Learning/final/data/retail_images/raw/shirt/anthropologie_blouses_87b17f398fba.jpg,/Users/ashley/Desktop/python/CS156-Machine-Learning/final/data/retail_images/segmented/shirt/anthropologie_blouses_87b17f398fba_seg.jpg,/Users/ashley/Desktop/python/CS156-Machine-Learning/final/data/retail_images/segmentation_overlays/shirt/anthropologie_blouses_87b17f398fba_overlay.jpg,Shirt,Upper-clothes,Upper-clothes,0.2512751538128606,85.0,395.0,624.0,1046.0,segmented,ok,mattmdjaga/segformer_b2_clothes,crop_masked
/Users/ashley/Desktop/python/CS156-Machine-Learning/final/data/retail_images/raw/shirt/anthropologie_blouses_899c383d1a40.jpg,/Users/ashley/Desktop/python/CS156-Machine-Learning/final/data/retail_images/segmented/shirt/anthropologie_blouses_899c383d1a40_seg.jpg,/Users/ashley/Desktop/python/CS156-Machine-Learning/final/data/retail_images/segmentation_overlays/shirt/anthropologie_blouses_899c383d1a40_overlay.jpg,Shirt,Upper-clothes,Upper-clothes,0.3560514334865526,0.0,77.0,349.0,460.0,segmented,ok,mattmdjaga/segformer_b2_clothes,crop_masked
/Users/ashley/Desktop/python/CS156-Machine-Learning/final/data/retail_images/raw/shirt/anthropologie_blouses_9079a4c44581.webp,/Users/ashley/Desktop/python/CS156-Machine-Learning/final/data/retail_images/segmented/shirt/anthropologie_blouses_9079a4c44581_seg.jpg,/Users/ashley/Desktop/python/CS156-Machine-Learning/final/data/retail_images/segmentation_overlays/shirt/anthropologie_blouses_9079a4c44581_overlay.jpg,Shirt,Upper-clothes,Upper-clothes,0.2489604277723295,42.0,198.0,312.0,523.0,segmented,ok,mattmdjaga/segformer_b2_clothes,crop_masked
/Users/ashley/Desktop/python/CS156-Machine-Learning/final/data/retail_images/raw/shirt/anthropologie_blouses_914c37b51580.jpg,/Users/ashley/Desktop/python/CS156-Machine-Learning/final/data/retail_images/segmented/shirt/anthropologie_blouses_914c37b51580_seg.jpg,/Users/ashley/Desktop/python/CS156-Machine-Learning/final/data/retail_images/segmentation_overlays/shirt/anthropologie_blouses_914c37b51580_overlay.jpg,Shirt,Upper-clothes,Upper-clothes,0.1144288389513108,70.0,151.0,216.0,351.0,fallback_copy,validation_too_small:146x200_fallback_copy,mattmdjaga/segformer_b2_clothes,copy
/Users/ashley/Desktop/python/CS156-Machine-Learning/final/data/retail_images/raw/shirt/anthropologie_blouses_946013932d7f.jpg,/Users/ashley/Desktop/python/CS156-Machine-Learning/final/data/retail_images/segmented/shirt/anthropologie_blouses_946013932d7f_seg.jpg,/Users/ashley/Desktop/python/CS156-Machine-Learning/final/data/retail_images/segmentation_overlays/shirt/anthropologie_blouses_946013932d7f_overlay.jpg,Shirt,Upper-clothes,Upper-clothes,0.2304316621650495,28.0,97.0,335.0,406.0,segmented,ok,mattmdjaga/segformer_b2_clothes,crop_masked
/Users/ashley/Desktop/python/CS156-Machine-Learning/final/data/retail_images/raw/shirt/anthropologie_blouses_a2b576b5b01d.jpg,/Users/ashley/Desktop/python/CS156-Machine-Learning/final/data/retail_images/segmented/shirt/anthropologie_blouses_a2b576b5b01d_seg.jpg,/Users/ashley/Desktop/python/CS156-Machine-Learning/final/data/retail_images/segmentation_overlays/shirt/anthropologie_blouses_a2b576b5b01d_overlay.jpg,Shirt,Upper-clothes,Upper-clothes,0.3033195088945745,14.0,77.0,309.0,495.0,segmented,ok,mattmdjaga/segformer_b2_clothes,crop_masked
/Users/ashley/Desktop/python/CS156-Machine-Learning/final/data/retail_images/raw/shirt/anthropologie_blouses_a924291eb87c.jpg,/Users/ashley/Desktop/python/CS156-Machine-Learning/final/data/retail_images/segmented/shirt/anthropologie_blouses_a924291eb87c_seg.jpg,/Users/ashley/Desktop/python/CS156-Machine-Learning/final/data/retail_images/segmentation_overlays/shirt/anthropologie_blouses_a924291eb87c_overlay.jpg,Shirt,Upper-clothes,Upper-clothes,0.3766456469453834,18.0,108.0,331.0,523.0,segmented,ok,mattmdjaga/segformer_b2_clothes,crop_masked
/Users/ashley/Desktop/python/CS156-Machine-Learning/final/data/retail_images/raw/shirt/anthropologie_blouses_ae5eef867968.webp,/Users/ashley/Desktop/python/CS156-Machine-Learning/final/data/retail_images/segmented/shirt/anthropologie_blouses_ae5eef867968_seg.jpg,/Users/ashley/Desktop/python/CS156-Machine-Learning/final/data/retail_images/segmentation_overlays/shirt/anthropologie_blouses_ae5eef867968_overlay.jpg,Shirt,Upper-clothes,,,,,,,fallback_copy,mask_area_out_of_range:0.0083,mattmdjaga/segformer_b2_clothes,copy
/Users/ashley/Desktop/python/CS156-Machine-Learning/final/data/retail_images/raw/shirt/anthropologie_blouses_af46fe457cd5.jpg,/Users/ashley/Desktop/python/CS156-Machine-Learning/final/data/retail_images/segmented/shirt/anthropologie_blouses_af46fe457cd5_seg.jpg,/Users/ashley/Desktop/python/CS156-Machine-Learning/final/data/retail_images/segmentation_overlays/shirt/anthropologie_blouses_af46fe457cd5_overlay.jpg,Shirt,Upper-clothes,Upper-clothes,0.1158458748568704,92.0,268.0,283.0,437.0,segmented,ok,mattmdjaga/segformer_b2_clothes,crop_masked
/Users/ashley/Desktop/python/CS156-Machine-Learning/final/data/retail_images/raw/shirt/anthropologie_blouses_afc809a40c72.jpg,/Users/ashley/Desktop/python/CS156-Machine-Learning/final/data/retail_images/segmented/shirt/anthropologie_blouses_afc809a40c72_seg.jpg,/Users/ashley/Desktop/python/CS156-Machine-Learning/final/data/retail_images/segmentation_overlays/shirt/anthropologie_blouses_afc809a40c72_overlay.jpg,Shirt,Upper-clothes,Upper-clothes,0.3429081724895494,0.0,99.0,349.0,520.0,segmented,ok,mattmdjaga/segformer_b2_clothes,crop_masked
/Users/ashley/Desktop/python/CS156-Machine-Learning/final/data/retail_images/raw/shirt/anthropologie_blouses_b157b7bd8eee.webp,/Users/ashley/Desktop/python/CS156-Machine-Learning/final/data/retail_images/segmented/shirt/anthropologie_blouses_b157b7bd8eee_seg.jpg,/Users/ashley/Desktop/python/CS156-Machine-Learning/final/data/retail_images/segmentation_overlays/shirt/anthropologie_blouses_b157b7bd8eee_overlay.jpg,Shirt,Upper-clothes,Upper-clothes,0.1192481112383373,90.0,198.0,292.0,459.0,segmented,ok,mattmdjaga/segformer_b2_clothes,crop_masked
/Users/ashley/Desktop/python/CS156-Machine-Learning/final/data/retail_images/raw/shirt/anthropologie_blouses_be6920f64a0a.jpg,/Users/ashley/Desktop/python/CS156-Machine-Learning/final/data/retail_images/segmented/shirt/anthropologie_blouses_be6920f64a0a_seg.jpg,/Users/ashley/Desktop/python/CS156-Machine-Learning/final/data/retail_images/segmentation_overlays/shirt/anthropologie_blouses_be6920f64a0a_overlay.jpg,Shirt,Upper-clothes,Upper-clothes,0.3284938666608228,9.0,93.0,349.0,455.0,segmented,ok,mattmdjaga/segformer_b2_clothes,crop_masked
/Users/ashley/Desktop/python/CS156-Machine-Learning/final/data/retail_images/raw/shirt/anthropologie_blouses_c09336de99bd.jpg,/Users/ashley/Desktop/python/CS156-Machine-Learning/final/data/retail_images/segmented/shirt/anthropologie_blouses_c09336de99bd_seg.jpg,/Users/ashley/Desktop/python/CS156-Machine-Learning/final/data/retail_images/segmentation_overlays/shirt/anthropologie_blouses_c09336de99bd_overlay.jpg,Shirt,Upper-clothes,,,,,,,fallback_copy,segmented_too_small:17x29,mattmdjaga/segformer_b2_clothes,copy
/Users/ashley/Desktop/python/CS156-Machine-Learning/final/data/retail_images/raw/shirt/anthropologie_blouses_c110cc4c0220.jpg,/Users/ashley/Desktop/python/CS156-Machine-Learning/final/data/retail_images/segmented/shirt/anthropologie_blouses_c110cc4c0220_seg.jpg,/Users/ashley/Desktop/python/CS156-Machine-Learning/final/data/retail_images/segmentation_overlays/shirt/anthropologie_blouses_c110cc4c0220_overlay.jpg,Shirt,Upper-clothes,Upper-clothes,0.2254351411024122,23.0,112.0,313.0,455.0,segmented,ok,mattmdjaga/segformer_b2_clothes,crop_masked
/Users/ashley/Desktop/python/CS156-Machine-Learning/final/data/retail_images/raw/shirt/anthropologie_blouses_c73eabb50648.jpg,/Users/ashley/Desktop/python/CS156-Machine-Learning/final/data/retail_images/segmented/shirt/anthropologie_blouses_c73eabb50648_seg.jpg,/Users/ashley/Desktop/python/CS156-Machine-Learning/final/data/retail_images/segmentation_overlays/shirt/anthropologie_blouses_c73eabb50648_overlay.jpg,Shirt,Upper-clothes,Upper-clothes,0.3146602968327973,10.0,128.0,349.0,517.0,segmented,ok,mattmdjaga/segformer_b2_clothes,crop_masked
/Users/ashley/Desktop/python/CS156-Machine-Learning/final/data/retail_images/raw/shirt/anthropologie_blouses_ce588a328a10.jpg,/Users/ashley/Desktop/python/CS156-Machine-Learning/final/data/retail_images/segmented/shirt/anthropologie_blouses_ce588a328a10_seg.jpg,/Users/ashley/Desktop/python/CS156-Machine-Learning/final/data/retail_images/segmentation_overlays/shirt/anthropologie_blouses_ce588a328a10_overlay.jpg,Shirt,Upper-clothes,Upper-clothes,0.3891588641680409,0.0,136.0,349.0,523.0,segmented,ok,mattmdjaga/segformer_b2_clothes,crop_masked
/Users/ashley/Desktop/python/CS156-Machine-Learning/final/data/retail_images/raw/shirt/anthropologie_blouses_de76fd86c5b2.jpg,/Users/ashley/Desktop/python/CS156-Machine-Learning/final/data/retail_images/segmented/shirt/anthropologie_blouses_de76fd86c5b2_seg.jpg,/Users/ashley/Desktop/python/CS156-Machine-Learning/final/data/retail_images/segmentation_overlays/shirt/anthropologie_blouses_de76fd86c5b2_overlay.jpg,Shirt,Upper-clothes,Upper-clothes,0.0907920472039753,0.0,106.0,278.0,470.0,segmented,ok,mattmdjaga/segformer_b2_clothes,crop_masked
/Users/ashley/Desktop/python/CS156-Machine-Learning/final/data/retail_images/raw/shirt/anthropologie_blouses_ec98add1894b.jpg,/Users/ashley/Desktop/python/CS156-Machine-Learning/final/data/retail_images/segmented/shirt/anthropologie_blouses_ec98add1894b_seg.jpg,/Users/ashley/Desktop/python/CS156-Machine-Learning/final/data/retail_images/segmentation_overlays/shirt/anthropologie_blouses_ec98add1894b_overlay.jpg,Shirt,Upper-clothes,Upper-clothes,0.2947235203558925,7.0,87.0,349.0,476.0,segmented,ok,mattmdjaga/segformer_b2_clothes,crop_masked
/Users/ashley/Desktop/python/CS156-Machine-Learning/final/data/retail_images/raw/shirt/anthropologie_blouses_ec9d9ab52bb5.jpg,/Users/ashley/Desktop/python/CS156-Machine-Learning/final/data/retail_images/segmented/shirt/anthropologie_blouses_ec9d9ab52bb5_seg.jpg,/Users/ashley/Desktop/python/CS156-Machine-Learning/final/data/retail_images/segmentation_overlays/shirt/anthropologie_blouses_ec9d9ab52bb5_overlay.jpg,Shirt,Upper-clothes,Upper-clothes,0.2991173908517644,19.0,103.0,343.0,464.0,segmented,ok,mattmdjaga/segformer_b2_clothes,crop_masked
/Users/ashley/Desktop/python/CS156-Machine-Learning/final/data/retail_images/raw/shirt/anthropologie_blouses_f5f60b073c9b.jpg,/Users/ashley/Desktop/python/CS156-Machine-Learning/final/data/retail_images/segmented/shirt/anthropologie_blouses_f5f60b073c9b_seg.jpg,/Users/ashley/Desktop/python/CS156-Machine-Learning/final/data/retail_images/segmentation_overlays/shirt/anthropologie_blouses_f5f60b073c9b_overlay.jpg,Shirt,Upper-clothes,Upper-clothes,0.1693338519780635,99.0,53.0,335.0,391.0,segmented,ok,mattmdjaga/segformer_b2_clothes,crop_masked
/Users/ashley/Desktop/python/CS156-Machine-Learning/final/data/retail_images/raw/shirt/anthropologie_blouses_f772e2b7bcf4.jpg,/Users/ashley/Desktop/python/CS156-Machine-Learning/final/data/retail_images/segmented/shirt/anthropologie_blouses_f772e2b7bcf4_seg.jpg,/Users/ashley/Desktop/python/CS156-Machine-Learning/final/data/retail_images/segmentation_overlays/shirt/anthropologie_blouses_f772e2b7bcf4_overlay.jpg,Shirt,Upper-clothes,Upper-clothes,0.3936403929281695,0.0,134.0,349.0,515.0,segmented,ok,mattmdjaga/segformer_b2_clothes,crop_masked
/Users/ashley/Desktop/python/CS156-Machine-Learning/final/data/retail_images/raw/shirt/anthropologie_blouses_fce0d5d50747.jpg,/Users/ashley/Desktop/python/CS156-Machine-Learning/final/data/retail_images/segmented/shirt/anthropologie_blouses_fce0d5d50747_seg.jpg,/Users/ashley/Desktop/python/CS156-Machine-Learning/final/data/retail_images/segmentation_overlays/shirt/anthropologie_blouses_fce0d5d50747_overlay.jpg,Shirt,Upper-clothes,Upper-clothes,0.2154147057695573,16.0,95.0,294.0,403.0,segmented,ok,mattmdjaga/segformer_b2_clothes,crop_masked
/Users/ashley/Desktop/python/CS156-Machine-Learning/final/data/retail_images/raw/shirt/anthropologie_blouses_ff15edc7f0db.jpg,/Users/ashley/Desktop/python/CS156-Machine-Learning/final/data/retail_images/segmented/shirt/anthropologie_blouses_ff15edc7f0db_seg.jpg,/Users/ashley/Desktop/python/CS156-Machine-Learning/final/data/retail_images/segmentation_overlays/shirt/anthropologie_blouses_ff15edc7f0db_overlay.jpg,Shirt,Upper-clothes,Upper-clothes,0.3394675856174703,0.0,109.0,340.0,460.0,segmented,ok,mattmdjaga/segformer_b2_clothes,crop_masked
/Users/ashley/Desktop/python/CS156-Machine-Learning/final/data/retail_images/raw/shirt/free_people_blouses_04efa75513e6.jpg,/Users/ashley/Desktop/python/CS156-Machine-Learning/final/data/retail_images/segmented/shirt/free_people_blouses_04efa75513e6_seg.jpg,/Users/ashley/Desktop/python/CS156-Machine-Learning/final/data/retail_images/segmentation_overlays/shirt/free_people_blouses_04efa75513e6_overlay.jpg,Shirt,Upper-clothes,Upper-clothes,0.0427265555232924,112.0,290.0,698.0,968.0,segmented,ok,mattmdjaga/segformer_b2_clothes,crop_masked
/Users/ashley/Desktop/python/CS156-Machine-Learning/final/data/retail_images/raw/shirt/free_people_blouses_0927292eda82.jpg,/Users/ashley/Desktop/python/CS156-Machine-Learning/final/data/retail_images/segmented/shirt/free_people_blouses_0927292eda82_seg.jpg,/Users/ashley/Desktop/python/CS156-Machine-Learning/final/data/retail_images/segmentation_overlays/shirt/free_people_blouses_0927292eda82_overlay.jpg,Shirt,Upper-clothes,Upper-clothes,0.0419992658620368,125.0,345.0,359.0,737.0,segmented,ok,mattmdjaga/segformer_b2_clothes,crop_masked
/Users/ashley/Desktop/python/CS156-Machine-Learning/final/data/retail_images/raw/shirt/free_people_blouses_0a675fff9ab8.webp,/Users/ashley/Desktop/python/CS156-Machine-Learning/final/data/retail_images/segmented/shirt/free_people_blouses_0a675fff9ab8_seg.jpg,/Users/ashley/Desktop/python/CS156-Machine-Learning/final/data/retail_images/segmentation_overlays/shirt/free_people_blouses_0a675fff9ab8_overlay.jpg,Shirt,Upper-clothes,Upper-clothes,0.1413996285481052,131.0,212.0,519.0,730.0,segmented,ok,mattmdjaga/segformer_b2_clothes,crop_masked
/Users/ashley/Desktop/python/CS156-Machine-Learning/final/data/retail_images/raw/shirt/free_people_blouses_1a2c5aff45b7.jpg,/Users/ashley/Desktop/python/CS156-Machine-Learning/final/data/retail_images/segmented/shirt/free_people_blouses_1a2c5aff45b7_seg.jpg,/Users/ashley/Desktop/python/CS156-Machine-Learning/final/data/retail_images/segmentation_overlays/shirt/free_people_blouses_1a2c5aff45b7_overlay.jpg,Shirt,Upper-clothes,Upper-clothes,0.0297325875076016,293.0,231.0,487.0,457.0,segmented,ok,mattmdjaga/segformer_b2_clothes,crop_masked
/Users/ashley/Desktop/python/CS156-Machine-Learning/final/data/retail_images/raw/shirt/free_people_blouses_2bad9b84fd04.jpg,/Users/ashley/Desktop/python/CS156-Machine-Learning/final/data/retail_images/segmented/shirt/free_people_blouses_2bad9b84fd04_seg.jpg,/Users/ashley/Desktop/python/CS156-Machine-Learning/final/data/retail_images/segmentation_overlays/shirt/free_people_blouses_2bad9b84fd04_overlay.jpg,Shirt,Upper-clothes,Upper-clothes,0.2674082683048315,11.0,126.0,290.0,398.0,segmented,ok,mattmdjaga/segformer_b2_clothes,crop_masked
/Users/ashley/Desktop/python/CS156-Machine-Learning/final/data/retail_images/raw/shirt/free_people_blouses_315df6388197.jpg,/Users/ashley/Desktop/python/CS156-Machine-Learning/final/data/retail_images/segmented/shirt/free_people_blouses_315df6388197_seg.jpg,/Users/ashley/Desktop/python/CS156-Machine-Learning/final/data/retail_images/segmentation_overlays/shirt/free_people_blouses_315df6388197_overlay.jpg,Shirt,Upper-clothes,Upper-clothes,0.2682178527012442,12.0,139.0,318.0,439.0,segmented,ok,mattmdjaga/segformer_b2_clothes,crop_masked
/Users/ashley/Desktop/python/CS156-Machine-Learning/final/data/retail_images/raw/shirt/free_people_blouses_35c2769e2d61.webp,/Users/ashley/Desktop/python/CS156-Machine-Learning/final/data/retail_images/segmented/shirt/free_people_blouses_35c2769e2d61_seg.jpg,/Users/ashley/Desktop/python/CS156-Machine-Learning/final/data/retail_images/segmentation_overlays/shirt/free_people_blouses_35c2769e2d61_overlay.jpg,Shirt,Upper-clothes,Upper-clothes,0.0318583004158288,145.0,115.0,245.0,229.0,fallback_copy,validation_too_small:100x114_fallback_copy,mattmdjaga/segformer_b2_clothes,copy
/Users/ashley/Desktop/python/CS156-Machine-Learning/final/data/retail_images/raw/shirt/free_people_blouses_3e2da1bcbf33.jpg,/Users/ashley/Desktop/python/CS156-Machine-Learning/final/data/retail_images/segmented/shirt/free_people_blouses_3e2da1bcbf33_seg.jpg,/Users/ashley/Desktop/python/CS156-Machine-Learning/final/data/retail_images/segmentation_overlays/shirt/free_people_blouses_3e2da1bcbf33_overlay.jpg,Shirt,Upper-clothes,Upper-clothes,0.2684082354939269,23.0,278.0,638.0,876.0,segmented,ok,mattmdjaga/segformer_b2_clothes,crop_masked
/Users/ashley/Desktop/python/CS156-Machine-Learning/final/data/retail_images/raw/shirt/free_people_blouses_3ff76da2a2c2.jpg,/Users/ashley/Desktop/python/CS156-Machine-Learning/final/data/retail_images/segmented/shirt/free_people_blouses_3ff76da2a2c2_seg.jpg,/Users/ashley/Desktop/python/CS156-Machine-Learning/final/data/retail_images/segmentation_overlays/shirt/free_people_blouses_3ff76da2a2c2_overlay.jpg,Shirt,Upper-clothes,Upper-clothes,0.2301070526552236,0.0,219.0,556.0,838.0,segmented,ok,mattmdjaga/segformer_b2_clothes,crop_masked
/Users/ashley/Desktop/python/CS156-Machine-Learning/final/data/retail_images/raw/shirt/free_people_blouses_60ba033448fa.jpg,/Users/ashley/Desktop/python/CS156-Machine-Learning/final/data/retail_images/segmented/shirt/free_people_blouses_60ba033448fa_seg.jpg,/Users/ashley/Desktop/python/CS156-Machine-Learning/final/data/retail_images/segmentation_overlays/shirt/free_people_blouses_60ba033448fa_overlay.jpg,Shirt,Upper-clothes,Upper-clothes,0.2684082354939269,23.0,278.0,638.0,876.0,segmented,ok,mattmdjaga/segformer_b2_clothes,crop_masked
/Users/ashley/Desktop/python/CS156-Machine-Learning/final/data/retail_images/raw/shirt/free_people_blouses_90ec509b5800.webp,/Users/ashley/Desktop/python/CS156-Machine-Learning/final/data/retail_images/segmented/shirt/free_people_blouses_90ec509b5800_seg.jpg,/Users/ashley/Desktop/python/CS156-Machine-Learning/final/data/retail_images/segmentation_overlays/shirt/free_people_blouses_90ec509b5800_overlay.jpg,Shirt,Upper-clothes,Upper-clothes,0.0298668142247448,292.0,231.0,489.0,457.0,segmented,ok,mattmdjaga/segformer_b2_clothes,crop_masked
/Users/ashley/Desktop/python/CS156-Machine-Learning/final/data/retail_images/raw/shirt/free_people_blouses_91c44611637c.jpg,/Users/ashley/Desktop/python/CS156-Machine-Learning/final/data/retail_images/segmented/shirt/free_people_blouses_91c44611637c_seg.jpg,/Users/ashley/Desktop/python/CS156-Machine-Learning/final/data/retail_images/segmentation_overlays/shirt/free_people_blouses_91c44611637c_overlay.jpg,Shirt,Upper-clothes,Upper-clothes,0.173916735606239,205.0,201.0,654.0,711.0,segmented,ok,mattmdjaga/segformer_b2_clothes,crop_masked
/Users/ashley/Desktop/python/CS156-Machine-Learning/final/data/retail_images/raw/shirt/free_people_blouses_95c5e7c6a436.webp,/Users/ashley/Desktop/python/CS156-Machine-Learning/final/data/retail_images/segmented/shirt/free_people_blouses_95c5e7c6a436_seg.jpg,/Users/ashley/Desktop/python/CS156-Machine-Learning/final/data/retail_images/segmentation_overlays/shirt/free_people_blouses_95c5e7c6a436_overlay.jpg,Shirt,Upper-clothes,Upper-clothes,0.2686219025130528,23.0,278.0,638.0,877.0,segmented,ok,mattmdjaga/segformer_b2_clothes,crop_masked
/Users/ashley/Desktop/python/CS156-Machine-Learning/final/data/retail_images/raw/shirt/free_people_blouses_9b971541b5b2.jpg,/Users/ashley/Desktop/python/CS156-Machine-Learning/final/data/retail_images/segmented/shirt/free_people_blouses_9b971541b5b2_seg.jpg,/Users/ashley/Desktop/python/CS156-Machine-Learning/final/data/retail_images/segmentation_overlays/shirt/free_people_blouses_9b971541b5b2_overlay.jpg,Shirt,Upper-clothes,Upper-clothes,0.4168903778619053,0.0,194.0,698.0,982.0,segmented,ok,mattmdjaga/segformer_b2_clothes,crop_masked
/Users/ashley/Desktop/python/CS156-Machine-Learning/final/data/retail_images/raw/shirt/free_people_blouses_9fa6b2e96abe.jpg,/Users/ashley/Desktop/python/CS156-Machine-Learning/final/data/retail_images/segmented/shirt/free_people_blouses_9fa6b2e96abe_seg.jpg,/Users/ashley/Desktop/python/CS156-Machine-Learning/final/data/retail_images/segmentation_overlays/shirt/free_people_blouses_9fa6b2e96abe_overlay.jpg,Shirt,Upper-clothes,Upper-clothes,0.1410599527741101,131.0,212.0,519.0,731.0,segmented,ok,mattmdjaga/segformer_b2_clothes,crop_masked
/Users/ashley/Desktop/python/CS156-Machine-Learning/final/data/retail_images/raw/shirt/free_people_blouses_a4032379c6c4.webp,/Users/ashley/Desktop/python/CS156-Machine-Learning/final/data/retail_images/segmented/shirt/free_people_blouses_a4032379c6c4_seg.jpg,/Users/ashley/Desktop/python/CS156-Machine-Learning/final/data/retail_images/segmentation_overlays/shirt/free_people_blouses_a4032379c6c4_overlay.jpg,Shirt,Upper-clothes,Upper-clothes,0.0319363710574326,125.0,346.0,351.0,736.0,segmented,ok,mattmdjaga/segformer_b2_clothes,crop_masked
/Users/ashley/Desktop/python/CS156-Machine-Learning/final/data/retail_images/raw/shirt/free_people_blouses_c33dbc1499cf.jpg,/Users/ashley/Desktop/python/CS156-Machine-Learning/final/data/retail_images/segmented/shirt/free_people_blouses_c33dbc1499cf_seg.jpg,/Users/ashley/Desktop/python/CS156-Machine-Learning/final/data/retail_images/segmentation_overlays/shirt/free_people_blouses_c33dbc1499cf_overlay.jpg,Shirt,Upper-clothes,Upper-clothes,0.0297325875076016,293.0,231.0,487.0,457.0,segmented,ok,mattmdjaga/segformer_b2_clothes,crop_masked
/Users/ashley/Desktop/python/CS156-Machine-Learning/final/data/retail_images/raw/shirt/free_people_blouses_c3f88cbf54d1.jpg,/Users/ashley/Desktop/python/CS156-Machine-Learning/final/data/retail_images/segmented/shirt/free_people_blouses_c3f88cbf54d1_seg.jpg,/Users/ashley/Desktop/python/CS156-Machine-Learning/final/data/retail_images/segmentation_overlays/shirt/free_people_blouses_c3f88cbf54d1_overlay.jpg,Shirt,Upper-clothes,,,,,,,fallback_copy,segmented_too_small:9x15,mattmdjaga/segformer_b2_clothes,copy
/Users/ashley/Desktop/python/CS156-Machine-Learning/final/data/retail_images/raw/shirt/free_people_blouses_c924ac61e705.webp,/Users/ashley/Desktop/python/CS156-Machine-Learning/final/data/retail_images/segmented/shirt/free_people_blouses_c924ac61e705_seg.jpg,/Users/ashley/Desktop/python/CS156-Machine-Learning/final/data/retail_images/segmentation_overlays/shirt/free_people_blouses_c924ac61e705_overlay.jpg,Shirt,Upper-clothes,Upper-clothes,0.268749280928301,12.0,139.0,319.0,439.0,segmented,ok,mattmdjaga/segformer_b2_clothes,crop_masked
/Users/ashley/Desktop/python/CS156-Machine-Learning/final/data/retail_images/raw/shirt/free_people_blouses_df632ab7066c.jpg,/Users/ashley/Desktop/python/CS156-Machine-Learning/final/data/retail_images/segmented/shirt/free_people_blouses_df632ab7066c_seg.jpg,/Users/ashley/Desktop/python/CS156-Machine-Learning/final/data/retail_images/segmentation_overlays/shirt/free_people_blouses_df632ab7066c_overlay.jpg,Shirt,Upper-clothes,Upper-clothes,0.0310474614714535,145.0,115.0,244.0,229.0,fallback_copy,validation_too_small:99x114_fallback_copy,mattmdjaga/segformer_b2_clothes,copy
/Users/ashley/Desktop/python/CS156-Machine-Learning/final/data/retail_images/raw/shirt/free_people_blouses_e16726036f0b.webp,/Users/ashley/Desktop/python/CS156-Machine-Learning/final/data/retail_images/segmented/shirt/free_people_blouses_e16726036f0b_seg.jpg,/Users/ashley/Desktop/python/CS156-Machine-Learning/final/data/retail_images/segmentation_overlays/shirt/free_people_blouses_e16726036f0b_overlay.jpg,Shirt,Upper-clothes,Upper-clothes,0.1445265631933905,66.0,107.0,259.0,365.0,segmented,ok,mattmdjaga/segformer_b2_clothes,crop_masked
/Users/ashley/Desktop/python/CS156-Machine-Learning/final/data/retail_images/raw/shirt/free_people_blouses_e1dfdc3e3ae0.jpg,/Users/ashley/Desktop/python/CS156-Machine-Learning/final/data/retail_images/segmented/shirt/free_people_blouses_e1dfdc3e3ae0_seg.jpg,/Users/ashley/Desktop/python/CS156-Machine-Learning/final/data/retail_images/segmentation_overlays/shirt/free_people_blouses_e1dfdc3e3ae0_overlay.jpg,Shirt,Upper-clothes,Upper-clothes,0.1410599527741101,131.0,212.0,519.0,731.0,segmented,ok,mattmdjaga/segformer_b2_clothes,crop_masked
/Users/ashley/Desktop/python/CS156-Machine-Learning/final/data/retail_images/raw/shirt/free_people_blouses_e934c01f26c2.webp,/Users/ashley/Desktop/python/CS156-Machine-Learning/final/data/retail_images/segmented/shirt/free_people_blouses_e934c01f26c2_seg.jpg,/Users/ashley/Desktop/python/CS156-Machine-Learning/final/data/retail_images/segmentation_overlays/shirt/free_people_blouses_e934c01f26c2_overlay.jpg,Shirt,Upper-clothes,,,,,,,fallback_copy,segmented_too_small:83x144,mattmdjaga/segformer_b2_clothes,copy
/Users/ashley/Desktop/python/CS156-Machine-Learning/final/data/retail_images/raw/shirt/free_people_blouses_ebd1c93c111c.jpg,/Users/ashley/Desktop/python/CS156-Machine-Learning/final/data/retail_images/segmented/shirt/free_people_blouses_ebd1c93c111c_seg.jpg,/Users/ashley/Desktop/python/CS156-Machine-Learning/final/data/retail_images/segmentation_overlays/shirt/free_people_blouses_ebd1c93c111c_overlay.jpg,Shirt,Upper-clothes,Upper-clothes,0.0419992658620368,125.0,345.0,359.0,737.0,segmented,ok,mattmdjaga/segformer_b2_clothes,crop_masked
/Users/ashley/Desktop/python/CS156-Machine-Learning/final/data/retail_images/raw/shirt/free_people_blouses_fe649ec89850.jpg,/Users/ashley/Desktop/python/CS156-Machine-Learning/final/data/retail_images/segmented/shirt/free_people_blouses_fe649ec89850_seg.jpg,/Users/ashley/Desktop/python/CS156-Machine-Learning/final/data/retail_images/segmentation_overlays/shirt/free_people_blouses_fe649ec89850_overlay.jpg,Shirt,Upper-clothes,Upper-clothes,0.147112481988966,66.0,107.0,259.0,365.0,segmented,ok,mattmdjaga/segformer_b2_clothes,crop_masked
/Users/ashley/Desktop/python/CS156-Machine-Learning/final/data/retail_images/raw/shirt/princess_polly_button_ups_1aa4a66995de.jpg,/Users/ashley/Desktop/python/CS156-Machine-Learning/final/data/retail_images/segmented/shirt/princess_polly_button_ups_1aa4a66995de_seg.jpg,/Users/ashley/Desktop/python/CS156-Machine-Learning/final/data/retail_images/segmentation_overlays/shirt/princess_polly_button_ups_1aa4a66995de_overlay.jpg,Shirt,Upper-clothes,Upper-clothes,0.2328085297602026,197.0,211.0,1115.0,1487.0,segmented,ok,mattmdjaga/segformer_b2_clothes,crop_masked
/Users/ashley/Desktop/python/CS156-Machine-Learning/final/data/retail_images/raw/shirt/princess_polly_button_ups_5554d3d58730.jpg,/Users/ashley/Desktop/python/CS156-Machine-Learning/final/data/retail_images/segmented/shirt/princess_polly_button_ups_5554d3d58730_seg.jpg,/Users/ashley/Desktop/python/CS156-Machine-Learning/final/data/retail_images/segmentation_overlays/shirt/princess_polly_button_ups_5554d3d58730_overlay.jpg,Shirt,Upper-clothes,Upper-clothes,0.3084766938383053,0.0,54.0,1345.0,1400.0,segmented,ok,mattmdjaga/segformer_b2_clothes,crop_masked
/Users/ashley/Desktop/python/CS156-Machine-Learning/final/data/retail_images/raw/shirt/princess_polly_button_ups_5f1460402cad.jpg,/Users/ashley/Desktop/python/CS156-Machine-Learning/final/data/retail_images/segmented/shirt/princess_polly_button_ups_5f1460402cad_seg.jpg,/Users/ashley/Desktop/python/CS156-Machine-Learning/final/data/retail_images/segmentation_overlays/shirt/princess_polly_button_ups_5f1460402cad_overlay.jpg,Shirt,Upper-clothes,Upper-clothes,0.2346586870378691,198.0,376.0,1345.0,1590.0,segmented,ok,mattmdjaga/segformer_b2_clothes,crop_masked
/Users/ashley/Desktop/python/CS156-Machine-Learning/final/data/retail_images/raw/shirt/princess_polly_button_ups_5f187bf2f63e.jpg,/Users/ashley/Desktop/python/CS156-Machine-Learning/final/data/retail_images/segmented/shirt/princess_polly_button_ups_5f187bf2f63e_seg.jpg,/Users/ashley/Desktop/python/CS156-Machine-Learning/final/data/retail_images/segmentation_overlays/shirt/princess_polly_button_ups_5f187bf2f63e_overlay.jpg,Shirt,Upper-clothes,Upper-clothes,0.2590527657075432,112.0,0.0,1014.0,1257.0,segmented,ok,mattmdjaga/segformer_b2_clothes,crop_masked
/Users/ashley/Desktop/python/CS156-Machine-Learning/final/data/retail_images/raw/shirt/princess_polly_button_ups_5fb504ec9090.jpg,/Users/ashley/Desktop/python/CS156-Machine-Learning/final/data/retail_images/segmented/shirt/princess_polly_button_ups_5fb504ec9090_seg.jpg,/Users/ashley/Desktop/python/CS156-Machine-Learning/final/data/retail_images/segmentation_overlays/shirt/princess_polly_button_ups_5fb504ec9090_overlay.jpg,Shirt,Upper-clothes,Upper-clothes,0.1355932757718472,42.0,459.0,1080.0,1487.0,segmented,ok,mattmdjaga/segformer_b2_clothes,crop_masked
/Users/ashley/Desktop/python/CS156-Machine-Learning/final/data/retail_images/raw/shirt/princess_polly_button_ups_76ce0c8eeff4.jpg,/Users/ashley/Desktop/python/CS156-Machine-Learning/final/data/retail_images/segmented/shirt/princess_polly_button_ups_76ce0c8eeff4_seg.jpg,/Users/ashley/Desktop/python/CS156-Machine-Learning/final/data/retail_images/segmentation_overlays/shirt/princess_polly_button_ups_76ce0c8eeff4_overlay.jpg,Shirt,Upper-clothes,Upper-clothes,0.1975726132603456,222.0,392.0,1279.0,1770.0,segmented,ok,mattmdjaga/segformer_b2_clothes,crop_masked
/Users/ashley/Desktop/python/CS156-Machine-Learning/final/data/retail_images/raw/shirt/princess_polly_button_ups_8066147f9829.jpg,/Users/ashley/Desktop/python/CS156-Machine-Learning/final/data/retail_images/segmented/shirt/princess_polly_button_ups_8066147f9829_seg.jpg,/Users/ashley/Desktop/python/CS156-Machine-Learning/final/data/retail_images/segmentation_overlays/shirt/princess_polly_button_ups_8066147f9829_overlay.jpg,Shirt,Upper-clothes,Upper-clothes,0.268989252505736,154.0,107.0,1362.0,1537.0,segmented,ok,mattmdjaga/segformer_b2_clothes,crop_masked
/Users/ashley/Desktop/python/CS156-Machine-Learning/final/data/retail_images/raw/shirt/princess_polly_button_ups_817f47662bae.jpg,/Users/ashley/Desktop/python/CS156-Machine-Learning/final/data/retail_images/segmented/shirt/princess_polly_button_ups_817f47662bae_seg.jpg,/Users/ashley/Desktop/python/CS156-Machine-Learning/final/data/retail_images/segmentation_overlays/shirt/princess_polly_button_ups_817f47662bae_overlay.jpg,Shirt,Upper-clothes,Upper-clothes,0.173945251177394,217.0,418.0,1121.0,1403.0,segmented,ok,mattmdjaga/segformer_b2_clothes,crop_masked
/Users/ashley/Desktop/python/CS156-Machine-Learning/final/data/retail_images/raw/shirt/princess_polly_button_ups_81969ff00296.jpg,/Users/ashley/Desktop/python/CS156-Machine-Learning/final/data/retail_images/segmented/shirt/princess_polly_button_ups_81969ff00296_seg.jpg,/Users/ashley/Desktop/python/CS156-Machine-Learning/final/data/retail_images/segmentation_overlays/shirt/princess_polly_button_ups_81969ff00296_overlay.jpg,Shirt,Upper-clothes,Upper-clothes,0.1953127170227541,158.0,322.0,1269.0,1424.0,segmented,ok,mattmdjaga/segformer_b2_clothes,crop_masked
/Users/ashley/Desktop/python/CS156-Machine-Learning/final/data/retail_images/raw/shirt/princess_polly_button_ups_892f143cbcde.jpg,/Users/ashley/Desktop/python/CS156-Machine-Learning/final/data/retail_images/segmented/shirt/princess_polly_button_ups_892f143cbcde_seg.jpg,/Users/ashley/Desktop/python/CS156-Machine-Learning/final/data/retail_images/segmentation_overlays/shirt/princess_polly_button_ups_892f143cbcde_overlay.jpg,Shirt,Upper-clothes,Upper-clothes,0.1996782607273678,181.0,92.0,1253.0,1214.0,segmented,ok,mattmdjaga/segformer_b2_clothes,crop_masked
/Users/ashley/Desktop/python/CS156-Machine-Learning/final/data/retail_images/raw/shirt/princess_polly_button_ups_9b6baaa09812.jpg,/Users/ashley/Desktop/python/CS156-Machine-Learning/final/data/retail_images/segmented/shirt/princess_polly_button_ups_9b6baaa09812_seg.jpg,/Users/ashley/Desktop/python/CS156-Machine-Learning/final/data/retail_images/segmentation_overlays/shirt/princess_polly_button_ups_9b6baaa09812_overlay.jpg,Shirt,Upper-clothes,Upper-clothes,0.2397138026808356,228.0,165.0,1325.0,1450.0,segmented,ok,mattmdjaga/segformer_b2_clothes,crop_masked
/Users/ashley/Desktop/python/CS156-Machine-Learning/final/data/retail_images/raw/shirt/princess_polly_button_ups_aac3fbcc0da6.jpg,/Users/ashley/Desktop/python/CS156-Machine-Learning/final/data/retail_images/segmented/shirt/princess_polly_button_ups_aac3fbcc0da6_seg.jpg,/Users/ashley/Desktop/python/CS156-Machine-Learning/final/data/retail_images/segmentation_overlays/shirt/princess_polly_button_ups_aac3fbcc0da6_overlay.jpg,Shirt,Upper-clothes,Upper-clothes,0.2327987254381306,106.0,383.0,1138.0,1640.0,segmented,ok,mattmdjaga/segformer_b2_clothes,crop_masked
/Users/ashley/Desktop/python/CS156-Machine-Learning/final/data/retail_images/raw/shirt/princess_polly_button_ups_ac27d8acb1c1.jpg,/Users/ashley/Desktop/python/CS156-Machine-Learning/final/data/retail_images/segmented/shirt/princess_polly_button_ups_ac27d8acb1c1_seg.jpg,/Users/ashley/Desktop/python/CS156-Machine-Learning/final/data/retail_images/segmentation_overlays/shirt/princess_polly_button_ups_ac27d8acb1c1_overlay.jpg,Shirt,Upper-clothes,Upper-clothes,0.1502120184648065,258.0,440.0,1117.0,1518.0,segmented,ok,mattmdjaga/segformer_b2_clothes,crop_masked
/Users/ashley/Desktop/python/CS156-Machine-Learning/final/data/retail_images/raw/shirt/princess_polly_button_ups_b9616c50169f.jpg,/Users/ashley/Desktop/python/CS156-Machine-Learning/final/data/retail_images/segmented/shirt/princess_polly_button_ups_b9616c50169f_seg.jpg,/Users/ashley/Desktop/python/CS156-Machine-Learning/final/data/retail_images/segmentation_overlays/shirt/princess_polly_button_ups_b9616c50169f_overlay.jpg,Shirt,Upper-clothes,Upper-clothes,0.3576302136525184,0.0,157.0,1345.0,1711.0,segmented,ok,mattmdjaga/segformer_b2_clothes,crop_masked
/Users/ashley/Desktop/python/CS156-Machine-Learning/final/data/retail_images/raw/shirt/princess_polly_button_ups_ce3e54d55b33.jpg,/Users/ashley/Desktop/python/CS156-Machine-Learning/final/data/retail_images/segmented/shirt/princess_polly_button_ups_ce3e54d55b33_seg.jpg,/Users/ashley/Desktop/python/CS156-Machine-Learning/final/data/retail_images/segmentation_overlays/shirt/princess_polly_button_ups_ce3e54d55b33_overlay.jpg,Shirt,Upper-clothes,Upper-clothes,0.086764696875976,383.0,481.0,972.0,1287.0,segmented,ok,mattmdjaga/segformer_b2_clothes,crop_masked
/Users/ashley/Desktop/python/CS156-Machine-Learning/final/data/retail_images/raw/shirt/princess_polly_button_ups_d656a55c5e98.jpg,/Users/ashley/Desktop/python/CS156-Machine-Learning/final/data/retail_images/segmented/shirt/princess_polly_button_ups_d656a55c5e98_seg.jpg,/Users/ashley/Desktop/python/CS156-Machine-Learning/final/data/retail_images/segmentation_overlays/shirt/princess_polly_button_ups_d656a55c5e98_overlay.jpg,Shirt,Upper-clothes,Upper-clothes,0.1141806482208268,339.0,454.0,1064.0,1353.0,segmented,ok,mattmdjaga/segformer_b2_clothes,crop_masked
/Users/ashley/Desktop/python/CS156-Machine-Learning/final/data/retail_images/raw/shirt/princess_polly_button_ups_e087e84fd009.jpg,/Users/ashley/Desktop/python/CS156-Machine-Learning/final/data/retail_images/segmented/shirt/princess_polly_button_ups_e087e84fd009_seg.jpg,/Users/ashley/Desktop/python/CS156-Machine-Learning/final/data/retail_images/segmentation_overlays/shirt/princess_polly_button_ups_e087e84fd009_overlay.jpg,Shirt,Upper-clothes,Upper-clothes,0.2977413293026676,121.0,128.0,1256.0,1567.0,segmented,ok,mattmdjaga/segformer_b2_clothes,crop_masked
/Users/ashley/Desktop/python/CS156-Machine-Learning/final/data/retail_images/raw/shirt/princess_polly_button_ups_e67ce497859d.jpg,/Users/ashley/Desktop/python/CS156-Machine-Learning/final/data/retail_images/segmented/shirt/princess_polly_button_ups_e67ce497859d_seg.jpg,/Users/ashley/Desktop/python/CS156-Machine-Learning/final/data/retail_images/segmentation_overlays/shirt/princess_polly_button_ups_e67ce497859d_overlay.jpg,Shirt,Upper-clothes,Upper-clothes,0.1174284320270124,330.0,472.0,1056.0,1528.0,segmented,ok,mattmdjaga/segformer_b2_clothes,crop_masked
/Users/ashley/Desktop/python/CS156-Machine-Learning/final/data/retail_images/raw/shirt/princess_polly_button_ups_ec53df43e92b.jpg,/Users/ashley/Desktop/python/CS156-Machine-Learning/final/data/retail_images/segmented/shirt/princess_polly_button_ups_ec53df43e92b_seg.jpg,/Users/ashley/Desktop/python/CS156-Machine-Learning/final/data/retail_images/segmentation_overlays/shirt/princess_polly_button_ups_ec53df43e92b_overlay.jpg,Shirt,Upper-clothes,Upper-clothes,0.216789255464439,181.0,451.0,1143.0,1551.0,segmented,ok,mattmdjaga/segformer_b2_clothes,crop_masked
/Users/ashley/Desktop/python/CS156-Machine-Learning/final/data/retail_images/raw/shirt/princess_polly_button_ups_ff33245f17bf.jpg,/Users/ashley/Desktop/python/CS156-Machine-Learning/final/data/retail_images/segmented/shirt/princess_polly_button_ups_ff33245f17bf_seg.jpg,/Users/ashley/Desktop/python/CS156-Machine-Learning/final/data/retail_images/segmentation_overlays/shirt/princess_polly_button_ups_ff33245f17bf_overlay.jpg,Shirt,Upper-clothes,Upper-clothes,0.1177703337554638,423.0,329.0,1050.0,1218.0,segmented,ok,mattmdjaga/segformer_b2_clothes,crop_masked
/Users/ashley/Desktop/python/CS156-Machine-Learning/final/data/retail_images/raw/shirt/princess_polly_shirts_blouses_04e5c8cb5e5f.jpg,/Users/ashley/Desktop/python/CS156-Machine-Learning/final/data/retail_images/segmented/shirt/princess_polly_shirts_blouses_04e5c8cb5e5f_seg.jpg,/Users/ashley/Desktop/python/CS156-Machine-Learning/final/data/retail_images/segmentation_overlays/shirt/princess_polly_shirts_blouses_04e5c8cb5e5f_overlay.jpg,Shirt,Upper-clothes,Upper-clothes,0.2187835230245944,164.0,185.0,1179.0,1379.0,segmented,ok,mattmdjaga/segformer_b2_clothes,crop_masked
/Users/ashley/Desktop/python/CS156-Machine-Learning/final/data/retail_images/raw/shirt/princess_polly_shirts_blouses_0b5efedb0d23.jpg,/Users/ashley/Desktop/python/CS156-Machine-Learning/final/data/retail_images/segmented/shirt/princess_polly_shirts_blouses_0b5efedb0d23_seg.jpg,/Users/ashley/Desktop/python/CS156-Machine-Learning/final/data/retail_images/segmentation_overlays/shirt/princess_polly_shirts_blouses_0b5efedb0d23_overlay.jpg,Shirt,Upper-clothes,Upper-clothes,0.1108659569597069,385.0,429.0,1173.0,1196.0,segmented,ok,mattmdjaga/segformer_b2_clothes,crop_masked
/Users/ashley/Desktop/python/CS156-Machine-Learning/final/data/retail_images/raw/shirt/princess_polly_shirts_blouses_0bbc19a6204b.jpg,/Users/ashley/Desktop/python/CS156-Machine-Learning/final/data/retail_images/segmented/shirt/princess_polly_shirts_blouses_0bbc19a6204b_seg.jpg,/Users/ashley/Desktop/python/CS156-Machine-Learning/final/data/retail_images/segmentation_overlays/shirt/princess_polly_shirts_blouses_0bbc19a6204b_overlay.jpg,Shirt,Upper-clothes,Upper-clothes,0.1921189591078066,106.0,371.0,1203.0,1699.0,segmented,ok,mattmdjaga/segformer_b2_clothes,crop_masked
/Users/ashley/Desktop/python/CS156-Machine-Learning/final/data/retail_images/raw/shirt/princess_polly_shirts_blouses_1021926c25db.jpg,/Users/ashley/Desktop/python/CS156-Machine-Learning/final/data/retail_images/segmented/shirt/princess_polly_shirts_blouses_1021926c25db_seg.jpg,/Users/ashley/Desktop/python/CS156-Machine-Learning/final/data/retail_images/segmentation_overlays/shirt/princess_polly_shirts_blouses_1021926c25db_overlay.jpg,Shirt,Upper-clothes,Upper-clothes,0.2684639552188531,96.0,125.0,1227.0,1485.0,segmented,ok,mattmdjaga/segformer_b2_clothes,crop_masked
/Users/ashley/Desktop/python/CS156-Machine-Learning/final/data/retail_images/raw/shirt/princess_polly_shirts_blouses_1c38aff5c06a.jpg,/Users/ashley/Desktop/python/CS156-Machine-Learning/final/data/retail_images/segmented/shirt/princess_polly_shirts_blouses_1c38aff5c06a_seg.jpg,/Users/ashley/Desktop/python/CS156-Machine-Learning/final/data/retail_images/segmentation_overlays/shirt/princess_polly_shirts_blouses_1c38aff5c06a_overlay.jpg,Shirt,Upper-clothes,Upper-clothes,0.1762746925693354,179.0,206.0,1133.0,1429.0,segmented,ok,mattmdjaga/segformer_b2_clothes,crop_masked
/Users/ashley/Desktop/python/CS156-Machine-Learning/final/data/retail_images/raw/shirt/princess_polly_shirts_blouses_3eff92040aea.jpg,/Users/ashley/Desktop/python/CS156-Machine-Learning/final/data/retail_images/segmented/shirt/princess_polly_shirts_blouses_3eff92040aea_seg.jpg,/Users/ashley/Desktop/python/CS156-Machine-Learning/final/data/retail_images/segmentation_overlays/shirt/princess_polly_shirts_blouses_3eff92040aea_overlay.jpg,Shirt,Upper-clothes,Upper-clothes,0.1690124607535321,223.0,452.0,1122.0,1407.0,segmented,ok,mattmdjaga/segformer_b2_clothes,crop_masked
/Users/ashley/Desktop/python/CS156-Machine-Learning/final/data/retail_images/raw/shirt/princess_polly_shirts_blouses_42af4c135dc4.jpg,/Users/ashley/Desktop/python/CS156-Machine-Learning/final/data/retail_images/segmented/shirt/princess_polly_shirts_blouses_42af4c135dc4_seg.jpg,/Users/ashley/Desktop/python/CS156-Machine-Learning/final/data/retail_images/segmentation_overlays/shirt/princess_polly_shirts_blouses_42af4c135dc4_overlay.jpg,Shirt,Upper-clothes,Upper-clothes,0.2430945046330604,187.0,128.0,1179.0,1421.0,segmented,ok,mattmdjaga/segformer_b2_clothes,crop_masked
/Users/ashley/Desktop/python/CS156-Machine-Learning/final/data/retail_images/raw/shirt/princess_polly_shirts_blouses_74a4fa3499b0.jpg,/Users/ashley/Desktop/python/CS156-Machine-Learning/final/data/retail_images/segmented/shirt/princess_polly_shirts_blouses_74a4fa3499b0_seg.jpg,/Users/ashley/Desktop/python/CS156-Machine-Learning/final/data/retail_images/segmentation_overlays/shirt/princess_polly_shirts_blouses_74a4fa3499b0_overlay.jpg,Shirt,Upper-clothes,Upper-clothes,0.3199351615646258,8.0,416.0,1344.0,1820.0,segmented,ok,mattmdjaga/segformer_b2_clothes,crop_masked
/Users/ashley/Desktop/python/CS156-Machine-Learning/final/data/retail_images/raw/shirt/princess_polly_shirts_blouses_7577f037dca2.jpg,/Users/ashley/Desktop/python/CS156-Machine-Learning/final/data/retail_images/segmented/shirt/princess_polly_shirts_blouses_7577f037dca2_seg.jpg,/Users/ashley/Desktop/python/CS156-Machine-Learning/final/data/retail_images/segmentation_overlays/shirt/princess_polly_shirts_blouses_7577f037dca2_overlay.jpg,Shirt,Upper-clothes,Upper-clothes,0.2328085297602026,197.0,211.0,1115.0,1487.0,segmented,ok,mattmdjaga/segformer_b2_clothes,crop_masked
/Users/ashley/Desktop/python/CS156-Machine-Learning/final/data/retail_images/raw/shirt/princess_polly_shirts_blouses_79d7f7facc84.jpg,/Users/ashley/Desktop/python/CS156-Machine-Learning/final/data/retail_images/segmented/shirt/princess_polly_shirts_blouses_79d7f7facc84_seg.jpg,/Users/ashley/Desktop/python/CS156-Machine-Learning/final/data/retail_images/segmentation_overlays/shirt/princess_polly_shirts_blouses_79d7f7facc84_overlay.jpg,Shirt,Upper-clothes,Upper-clothes,0.2181478001552351,163.0,334.0,1224.0,1558.0,segmented,ok,mattmdjaga/segformer_b2_clothes,crop_masked
/Users/ashley/Desktop/python/CS156-Machine-Learning/final/data/retail_images/raw/shirt/princess_polly_shirts_blouses_894f022f8aae.jpg,/Users/ashley/Desktop/python/CS156-Machine-Learning/final/data/retail_images/segmented/shirt/princess_polly_shirts_blouses_894f022f8aae_seg.jpg,/Users/ashley/Desktop/python/CS156-Machine-Learning/final/data/retail_images/segmentation_overlays/shirt/princess_polly_shirts_blouses_894f022f8aae_overlay.jpg,Shirt,Upper-clothes,Upper-clothes,0.2746709424404591,222.0,144.0,1277.0,1570.0,segmented,ok,mattmdjaga/segformer_b2_clothes,crop_masked
/Users/ashley/Desktop/python/CS156-Machine-Learning/final/data/retail_images/raw/shirt/princess_polly_shirts_blouses_9065625c208d.jpg,/Users/ashley/Desktop/python/CS156-Machine-Learning/final/data/retail_images/segmented/shirt/princess_polly_shirts_blouses_9065625c208d_seg.jpg,/Users/ashley/Desktop/python/CS156-Machine-Learning/final/data/retail_images/segmentation_overlays/shirt/princess_polly_shirts_blouses_9065625c208d_overlay.jpg,Shirt,Upper-clothes,,,,,,,fallback_copy,missing_target_mask,mattmdjaga/segformer_b2_clothes,copy
/Users/ashley/Desktop/python/CS156-Machine-Learning/final/data/retail_images/raw/shirt/princess_polly_shirts_blouses_920d899bbcd1.jpg,/Users/ashley/Desktop/python/CS156-Machine-Learning/final/data/retail_images/segmented/shirt/princess_polly_shirts_blouses_920d899bbcd1_seg.jpg,/Users/ashley/Desktop/python/CS156-Machine-Learning/final/data/retail_images/segmentation_overlays/shirt/princess_polly_shirts_blouses_920d899bbcd1_overlay.jpg,Shirt,Upper-clothes,Upper-clothes,0.1070240012738619,344.0,425.0,1054.0,1275.0,segmented,ok,mattmdjaga/segformer_b2_clothes,crop_masked
/Users/ashley/Desktop/python/CS156-Machine-Learning/final/data/retail_images/raw/shirt/princess_polly_shirts_blouses_936c3fe9cf4c.jpg,/Users/ashley/Desktop/python/CS156-Machine-Learning/final/data/retail_images/segmented/shirt/princess_polly_shirts_blouses_936c3fe9cf4c_seg.jpg,/Users/ashley/Desktop/python/CS156-Machine-Learning/final/data/retail_images/segmentation_overlays/shirt/princess_polly_shirts_blouses_936c3fe9cf4c_overlay.jpg,Shirt,Upper-clothes,Upper-clothes,0.1356312957875458,17.0,464.0,1133.0,1644.0,segmented,ok,mattmdjaga/segformer_b2_clothes,crop_masked
/Users/ashley/Desktop/python/CS156-Machine-Learning/final/data/retail_images/raw/shirt/princess_polly_shirts_blouses_93f203383b95.jpg,/Users/ashley/Desktop/python/CS156-Machine-Learning/final/data/retail_images/segmented/shirt/princess_polly_shirts_blouses_93f203383b95_seg.jpg,/Users/ashley/Desktop/python/CS156-Machine-Learning/final/data/retail_images/segmentation_overlays/shirt/princess_polly_shirts_blouses_93f203383b95_overlay.jpg,Shirt,Upper-clothes,Upper-clothes,0.1122043731843894,300.0,371.0,928.0,1345.0,segmented,ok,mattmdjaga/segformer_b2_clothes,crop_masked
/Users/ashley/Desktop/python/CS156-Machine-Learning/final/data/retail_images/raw/shirt/princess_polly_shirts_blouses_996043d0eb46.jpg,/Users/ashley/Desktop/python/CS156-Machine-Learning/final/data/retail_images/segmented/shirt/princess_polly_shirts_blouses_996043d0eb46_seg.jpg,/Users/ashley/Desktop/python/CS156-Machine-Learning/final/data/retail_images/segmentation_overlays/shirt/princess_polly_shirts_blouses_996043d0eb46_overlay.jpg,Shirt,Upper-clothes,Upper-clothes,0.1652713387186663,281.0,425.0,1219.0,1428.0,segmented,ok,mattmdjaga/segformer_b2_clothes,crop_masked
/Users/ashley/Desktop/python/CS156-Machine-Learning/final/data/retail_images/raw/shirt/princess_polly_shirts_blouses_b1f1e59cdda9.jpg,/Users/ashley/Desktop/python/CS156-Machine-Learning/final/data/retail_images/segmented/shirt/princess_polly_shirts_blouses_b1f1e59cdda9_seg.jpg,/Users/ashley/Desktop/python/CS156-Machine-Learning/final/data/retail_images/segmentation_overlays/shirt/princess_polly_shirts_blouses_b1f1e59cdda9_overlay.jpg,Shirt,Upper-clothes,Upper-clothes,0.3389974980376766,97.0,259.0,1319.0,1525.0,segmented,ok,mattmdjaga/segformer_b2_clothes,crop_masked
/Users/ashley/Desktop/python/CS156-Machine-Learning/final/data/retail_images/raw/shirt/princess_polly_shirts_blouses_bc324f223132.jpg,/Users/ashley/Desktop/python/CS156-Machine-Learning/final/data/retail_images/segmented/shirt/princess_polly_shirts_blouses_bc324f223132_seg.jpg,/Users/ashley/Desktop/python/CS156-Machine-Learning/final/data/retail_images/segmentation_overlays/shirt/princess_polly_shirts_blouses_bc324f223132_overlay.jpg,Shirt,Upper-clothes,Upper-clothes,0.2275236296441653,197.0,277.0,1199.0,1717.0,segmented,ok,mattmdjaga/segformer_b2_clothes,crop_masked
/Users/ashley/Desktop/python/CS156-Machine-Learning/final/data/retail_images/raw/shirt/princess_polly_shirts_blouses_c3907a7840ec.jpg,/Users/ashley/Desktop/python/CS156-Machine-Learning/final/data/retail_images/segmented/shirt/princess_polly_shirts_blouses_c3907a7840ec_seg.jpg,/Users/ashley/Desktop/python/CS156-Machine-Learning/final/data/retail_images/segmentation_overlays/shirt/princess_polly_shirts_blouses_c3907a7840ec_overlay.jpg,Shirt,Upper-clothes,Upper-clothes,0.1236831992412349,257.0,472.0,979.0,1429.0,segmented,ok,mattmdjaga/segformer_b2_clothes,crop_masked
/Users/ashley/Desktop/python/CS156-Machine-Learning/final/data/retail_images/raw/shirt/princess_polly_shirts_blouses_c6c863c9b0b5.jpg,/Users/ashley/Desktop/python/CS156-Machine-Learning/final/data/retail_images/segmented/shirt/princess_polly_shirts_blouses_c6c863c9b0b5_seg.jpg,/Users/ashley/Desktop/python/CS156-Machine-Learning/final/data/retail_images/segmentation_overlays/shirt/princess_polly_shirts_blouses_c6c863c9b0b5_overlay.jpg,Shirt,Upper-clothes,Upper-clothes,0.1986183497363473,210.0,343.0,1166.0,1512.0,segmented,ok,mattmdjaga/segformer_b2_clothes,crop_masked
/Users/ashley/Desktop/python/CS156-Machine-Learning/final/data/retail_images/raw/shirt/princess_polly_shirts_blouses_d353c2006c3b.jpg,/Users/ashley/Desktop/python/CS156-Machine-Learning/final/data/retail_images/segmented/shirt/princess_polly_shirts_blouses_d353c2006c3b_seg.jpg,/Users/ashley/Desktop/python/CS156-Machine-Learning/final/data/retail_images/segmentation_overlays/shirt/princess_polly_shirts_blouses_d353c2006c3b_overlay.jpg,Shirt,Upper-clothes,Upper-clothes,0.5379235347985348,0.0,0.0,1344.0,1820.0,segmented,ok,mattmdjaga/segformer_b2_clothes,crop_masked
/Users/ashley/Desktop/python/CS156-Machine-Learning/final/data/retail_images/raw/shirt/princess_polly_shirts_blouses_dba1ffc4ecf5.jpg,/Users/ashley/Desktop/python/CS156-Machine-Learning/final/data/retail_images/segmented/shirt/princess_polly_shirts_blouses_dba1ffc4ecf5_seg.jpg,/Users/ashley/Desktop/python/CS156-Machine-Learning/final/data/retail_images/segmentation_overlays/shirt/princess_polly_shirts_blouses_dba1ffc4ecf5_overlay.jpg,Shirt,Upper-clothes,Upper-clothes,0.2977772969972078,223.0,441.0,1346.0,1758.0,segmented,ok,mattmdjaga/segformer_b2_clothes,crop_masked
/Users/ashley/Desktop/python/CS156-Machine-Learning/final/data/retail_images/raw/shirt/princess_polly_shirts_blouses_dd09c33cef4d.jpg,/Users/ashley/Desktop/python/CS156-Machine-Learning/final/data/retail_images/segmented/shirt/princess_polly_shirts_blouses_dd09c33cef4d_seg.jpg,/Users/ashley/Desktop/python/CS156-Machine-Learning/final/data/retail_images/segmentation_overlays/shirt/princess_polly_shirts_blouses_dd09c33cef4d_overlay.jpg,Shirt,Upper-clothes,,,,,,,fallback_copy,mask_area_out_of_range:0.0040,mattmdjaga/segformer_b2_clothes,copy
/Users/ashley/Desktop/python/CS156-Machine-Learning/final/data/retail_images/raw/shirt/princess_polly_shirts_blouses_e4bcb0b34dcd.jpg,/Users/ashley/Desktop/python/CS156-Machine-Learning/final/data/retail_images/segmented/shirt/princess_polly_shirts_blouses_e4bcb0b34dcd_seg.jpg,/Users/ashley/Desktop/python/CS156-Machine-Learning/final/data/retail_images/segmentation_overlays/shirt/princess_polly_shirts_blouses_e4bcb0b34dcd_overlay.jpg,Shirt,Upper-clothes,Upper-clothes,0.141422193877551,221.0,361.0,1160.0,1421.0,segmented,ok,mattmdjaga/segformer_b2_clothes,crop_masked
/Users/ashley/Desktop/python/CS156-Machine-Learning/final/data/retail_images/raw/shirt/princess_polly_shirts_blouses_eff5af0890c4.jpg,/Users/ashley/Desktop/python/CS156-Machine-Learning/final/data/retail_images/segmented/shirt/princess_polly_shirts_blouses_eff5af0890c4_seg.jpg,/Users/ashley/Desktop/python/CS156-Machine-Learning/final/data/retail_images/segmentation_overlays/shirt/princess_polly_shirts_blouses_eff5af0890c4_overlay.jpg,Shirt,Upper-clothes,Upper-clothes,0.1081653093929879,291.0,442.0,1004.0,1336.0,segmented,ok,mattmdjaga/segformer_b2_clothes,crop_masked
/Users/ashley/Desktop/python/CS156-Machine-Learning/final/data/retail_images/raw/shirt/princess_polly_shirts_blouses_f59dab9854a8.jpg,/Users/ashley/Desktop/python/CS156-Machine-Learning/final/data/retail_images/segmented/shirt/princess_polly_shirts_blouses_f59dab9854a8_seg.jpg,/Users/ashley/Desktop/python/CS156-Machine-Learning/final/data/retail_images/segmentation_overlays/shirt/princess_polly_shirts_blouses_f59dab9854a8_overlay.jpg,Shirt,Upper-clothes,Upper-clothes,0.2018707482993197,236.0,437.0,1090.0,1582.0,segmented,ok,mattmdjaga/segformer_b2_clothes,crop_masked
/Users/ashley/Desktop/python/CS156-Machine-Learning/final/data/retail_images/raw/shirt/princess_polly_shirts_blouses_f83dd1396f9c.jpg,/Users/ashley/Desktop/python/CS156-Machine-Learning/final/data/retail_images/segmented/shirt/princess_polly_shirts_blouses_f83dd1396f9c_seg.jpg,/Users/ashley/Desktop/python/CS156-Machine-Learning/final/data/retail_images/segmentation_overlays/shirt/princess_polly_shirts_blouses_f83dd1396f9c_overlay.jpg,Shirt,Upper-clothes,Upper-clothes,0.1894448302626741,245.0,427.0,1184.0,1481.0,segmented,ok,mattmdjaga/segformer_b2_clothes,crop_masked
/Users/ashley/Desktop/python/CS156-Machine-Learning/final/data/retail_images/raw/shirt/urban_outfitters_shirts_blouses_00b705ee9d87.webp,/Users/ashley/Desktop/python/CS156-Machine-Learning/final/data/retail_images/segmented/shirt/urban_outfitters_shirts_blouses_00b705ee9d87_seg.jpg,/Users/ashley/Desktop/python/CS156-Machine-Learning/final/data/retail_images/segmentation_overlays/shirt/urban_outfitters_shirts_blouses_00b705ee9d87_overlay.jpg,Shirt,Upper-clothes,Upper-clothes,0.3298785933040043,8.0,202.0,698.0,996.0,segmented,ok,mattmdjaga/segformer_b2_clothes,crop_masked
/Users/ashley/Desktop/python/CS156-Machine-Learning/final/data/retail_images/raw/shirt/urban_outfitters_shirts_blouses_0b5c71defc32.jpg,/Users/ashley/Desktop/python/CS156-Machine-Learning/final/data/retail_images/segmented/shirt/urban_outfitters_shirts_blouses_0b5c71defc32_seg.jpg,/Users/ashley/Desktop/python/CS156-Machine-Learning/final/data/retail_images/segmentation_overlays/shirt/urban_outfitters_shirts_blouses_0b5c71defc32_overlay.jpg,Shirt,Upper-clothes,Upper-clothes,0.3305975308641975,6.0,131.0,450.0,644.0,segmented,ok,mattmdjaga/segformer_b2_clothes,crop_masked
/Users/ashley/Desktop/python/CS156-Machine-Learning/final/data/retail_images/raw/shirt/urban_outfitters_shirts_blouses_0b7f3d258833.jpg,/Users/ashley/Desktop/python/CS156-Machine-Learning/final/data/retail_images/segmented/shirt/urban_outfitters_shirts_blouses_0b7f3d258833_seg.jpg,/Users/ashley/Desktop/python/CS156-Machine-Learning/final/data/retail_images/segmentation_overlays/shirt/urban_outfitters_shirts_blouses_0b7f3d258833_overlay.jpg,Shirt,Upper-clothes,Upper-clothes,0.3119440329218107,25.0,121.0,450.0,640.0,segmented,ok,mattmdjaga/segformer_b2_clothes,crop_masked
/Users/ashley/Desktop/python/CS156-Machine-Learning/final/data/retail_images/raw/shirt/urban_outfitters_shirts_blouses_0c01b6093805.webp,/Users/ashley/Desktop/python/CS156-Machine-Learning/final/data/retail_images/segmented/shirt/urban_outfitters_shirts_blouses_0c01b6093805_seg.jpg,/Users/ashley/Desktop/python/CS156-Machine-Learning/final/data/retail_images/segmentation_overlays/shirt/urban_outfitters_shirts_blouses_0c01b6093805_overlay.jpg,Shirt,Upper-clothes,Upper-clothes,0.1690051334871005,37.0,119.0,293.0,419.0,segmented,ok,mattmdjaga/segformer_b2_clothes,crop_masked
/Users/ashley/Desktop/python/CS156-Machine-Learning/final/data/retail_images/raw/shirt/urban_outfitters_shirts_blouses_15e6d5ce6eb4.jpg,/Users/ashley/Desktop/python/CS156-Machine-Learning/final/data/retail_images/segmented/shirt/urban_outfitters_shirts_blouses_15e6d5ce6eb4_seg.jpg,/Users/ashley/Desktop/python/CS156-Machine-Learning/final/data/retail_images/segmentation_overlays/shirt/urban_outfitters_shirts_blouses_15e6d5ce6eb4_overlay.jpg,Shirt,Upper-clothes,Upper-clothes,0.1681744855967078,48.0,154.0,377.0,540.0,segmented,ok,mattmdjaga/segformer_b2_clothes,crop_masked
/Users/ashley/Desktop/python/CS156-Machine-Learning/final/data/retail_images/raw/shirt/urban_outfitters_shirts_blouses_170a24b9f43a.jpg,/Users/ashley/Desktop/python/CS156-Machine-Learning/final/data/retail_images/segmented/shirt/urban_outfitters_shirts_blouses_170a24b9f43a_seg.jpg,/Users/ashley/Desktop/python/CS156-Machine-Learning/final/data/retail_images/segmentation_overlays/shirt/urban_outfitters_shirts_blouses_170a24b9f43a_overlay.jpg,Shirt,Upper-clothes,Upper-clothes,0.2359045267489712,33.0,150.0,420.0,612.0,segmented,ok,mattmdjaga/segformer_b2_clothes,crop_masked
/Users/ashley/Desktop/python/CS156-Machine-Learning/final/data/retail_images/raw/shirt/urban_outfitters_shirts_blouses_255e70f648cb.jpg,/Users/ashley/Desktop/python/CS156-Machine-Learning/final/data/retail_images/segmented/shirt/urban_outfitters_shirts_blouses_255e70f648cb_seg.jpg,/Users/ashley/Desktop/python/CS156-Machine-Learning/final/data/retail_images/segmentation_overlays/shirt/urban_outfitters_shirts_blouses_255e70f648cb_overlay.jpg,Shirt,Upper-clothes,Upper-clothes,0.5379204172533378,0.0,28.0,349.0,523.0,segmented,ok,mattmdjaga/segformer_b2_clothes,crop_masked
/Users/ashley/Desktop/python/CS156-Machine-Learning/final/data/retail_images/raw/shirt/urban_outfitters_shirts_blouses_294a66341a5a.jpg,/Users/ashley/Desktop/python/CS156-Machine-Learning/final/data/retail_images/segmented/shirt/urban_outfitters_shirts_blouses_294a66341a5a_seg.jpg,/Users/ashley/Desktop/python/CS156-Machine-Learning/final/data/retail_images/segmentation_overlays/shirt/urban_outfitters_shirts_blouses_294a66341a5a_overlay.jpg,Shirt,Upper-clothes,Upper-clothes,0.3300456918702438,7.0,202.0,698.0,997.0,segmented,ok,mattmdjaga/segformer_b2_clothes,crop_masked
/Users/ashley/Desktop/python/CS156-Machine-Learning/final/data/retail_images/raw/shirt/urban_outfitters_shirts_blouses_29f21f6b36c3.jpg,/Users/ashley/Desktop/python/CS156-Machine-Learning/final/data/retail_images/segmented/shirt/urban_outfitters_shirts_blouses_29f21f6b36c3_seg.jpg,/Users/ashley/Desktop/python/CS156-Machine-Learning/final/data/retail_images/segmentation_overlays/shirt/urban_outfitters_shirts_blouses_29f21f6b36c3_overlay.jpg,Shirt,Upper-clothes,Upper-clothes,0.2403094650205761,53.0,138.0,421.0,582.0,segmented,ok,mattmdjaga/segformer_b2_clothes,crop_masked
/Users/ashley/Desktop/python/CS156-Machine-Learning/final/data/retail_images/raw/shirt/urban_outfitters_shirts_blouses_340184311717.webp,/Users/ashley/Desktop/python/CS156-Machine-Learning/final/data/retail_images/segmented/shirt/urban_outfitters_shirts_blouses_340184311717_seg.jpg,/Users/ashley/Desktop/python/CS156-Machine-Learning/final/data/retail_images/segmentation_overlays/shirt/urban_outfitters_shirts_blouses_340184311717_overlay.jpg,Shirt,Upper-clothes,Upper-clothes,0.3330301818361119,4.0,102.0,349.0,499.0,segmented,ok,mattmdjaga/segformer_b2_clothes,crop_masked
/Users/ashley/Desktop/python/CS156-Machine-Learning/final/data/retail_images/raw/shirt/urban_outfitters_shirts_blouses_34ee471abf91.jpg,/Users/ashley/Desktop/python/CS156-Machine-Learning/final/data/retail_images/segmented/shirt/urban_outfitters_shirts_blouses_34ee471abf91_seg.jpg,/Users/ashley/Desktop/python/CS156-Machine-Learning/final/data/retail_images/segmentation_overlays/shirt/urban_outfitters_shirts_blouses_34ee471abf91_overlay.jpg,Shirt,Upper-clothes,Upper-clothes,0.2395125,46.0,122.0,375.0,517.0,segmented,ok,mattmdjaga/segformer_b2_clothes,crop_masked
/Users/ashley/Desktop/python/CS156-Machine-Learning/final/data/retail_images/raw/shirt/urban_outfitters_shirts_blouses_42d1bf541d6f.jpg,/Users/ashley/Desktop/python/CS156-Machine-Learning/final/data/retail_images/segmented/shirt/urban_outfitters_shirts_blouses_42d1bf541d6f_seg.jpg,/Users/ashley/Desktop/python/CS156-Machine-Learning/final/data/retail_images/segmentation_overlays/shirt/urban_outfitters_shirts_blouses_42d1bf541d6f_overlay.jpg,Shirt,Upper-clothes,Upper-clothes,0.5239101612364199,0.0,55.0,698.0,1046.0,segmented,ok,mattmdjaga/segformer_b2_clothes,crop_masked
/Users/ashley/Desktop/python/CS156-Machine-Learning/final/data/retail_images/raw/shirt/urban_outfitters_shirts_blouses_48f5085dc1f4.jpg,/Users/ashley/Desktop/python/CS156-Machine-Learning/final/data/retail_images/segmented/shirt/urban_outfitters_shirts_blouses_48f5085dc1f4_seg.jpg,/Users/ashley/Desktop/python/CS156-Machine-Learning/final/data/retail_images/segmentation_overlays/shirt/urban_outfitters_shirts_blouses_48f5085dc1f4_overlay.jpg,Shirt,Upper-clothes,Upper-clothes,0.3330356604776279,4.0,105.0,349.0,500.0,segmented,ok,mattmdjaga/segformer_b2_clothes,crop_masked
/Users/ashley/Desktop/python/CS156-Machine-Learning/final/data/retail_images/raw/shirt/urban_outfitters_shirts_blouses_4cf7d54860d5.jpg,/Users/ashley/Desktop/python/CS156-Machine-Learning/final/data/retail_images/segmented/shirt/urban_outfitters_shirts_blouses_4cf7d54860d5_seg.jpg,/Users/ashley/Desktop/python/CS156-Machine-Learning/final/data/retail_images/segmentation_overlays/shirt/urban_outfitters_shirts_blouses_4cf7d54860d5_overlay.jpg,Shirt,Upper-clothes,Upper-clothes,0.1696735277520586,37.0,119.0,293.0,421.0,segmented,ok,mattmdjaga/segformer_b2_clothes,crop_masked
/Users/ashley/Desktop/python/CS156-Machine-Learning/final/data/retail_images/raw/shirt/urban_outfitters_shirts_blouses_6e5974eeb046.jpg,/Users/ashley/Desktop/python/CS156-Machine-Learning/final/data/retail_images/segmented/shirt/urban_outfitters_shirts_blouses_6e5974eeb046_seg.jpg,/Users/ashley/Desktop/python/CS156-Machine-Learning/final/data/retail_images/segmentation_overlays/shirt/urban_outfitters_shirts_blouses_6e5974eeb046_overlay.jpg,Shirt,Upper-clothes,Upper-clothes,0.1662836183140028,76.0,239.0,584.0,838.0,segmented,ok,mattmdjaga/segformer_b2_clothes,crop_masked
/Users/ashley/Desktop/python/CS156-Machine-Learning/final/data/retail_images/raw/shirt/urban_outfitters_shirts_blouses_6f35454508a7.jpg,/Users/ashley/Desktop/python/CS156-Machine-Learning/final/data/retail_images/segmented/shirt/urban_outfitters_shirts_blouses_6f35454508a7_seg.jpg,/Users/ashley/Desktop/python/CS156-Machine-Learning/final/data/retail_images/segmentation_overlays/shirt/urban_outfitters_shirts_blouses_6f35454508a7_overlay.jpg,Shirt,Upper-clothes,Upper-clothes,0.2390180630810784,82.0,216.0,653.0,900.0,segmented,ok,mattmdjaga/segformer_b2_clothes,crop_masked
/Users/ashley/Desktop/python/CS156-Machine-Learning/final/data/retail_images/raw/shirt/urban_outfitters_shirts_blouses_7b0c2d218d93.webp,/Users/ashley/Desktop/python/CS156-Machine-Learning/final/data/retail_images/segmented/shirt/urban_outfitters_shirts_blouses_7b0c2d218d93_seg.jpg,/Users/ashley/Desktop/python/CS156-Machine-Learning/final/data/retail_images/segmentation_overlays/shirt/urban_outfitters_shirts_blouses_7b0c2d218d93_overlay.jpg,Shirt,Upper-clothes,Upper-clothes,0.5370054841201576,0.0,26.0,349.0,523.0,segmented,ok,mattmdjaga/segformer_b2_clothes,crop_masked
/Users/ashley/Desktop/python/CS156-Machine-Learning/final/data/retail_images/raw/shirt/urban_outfitters_shirts_blouses_7ef8cf5547c4.webp,/Users/ashley/Desktop/python/CS156-Machine-Learning/final/data/retail_images/segmented/shirt/urban_outfitters_shirts_blouses_7ef8cf5547c4_seg.jpg,/Users/ashley/Desktop/python/CS156-Machine-Learning/final/data/retail_images/segmentation_overlays/shirt/urban_outfitters_shirts_blouses_7ef8cf5547c4_overlay.jpg,Shirt,Upper-clothes,Upper-clothes,0.2393604781758315,82.0,214.0,653.0,900.0,segmented,ok,mattmdjaga/segformer_b2_clothes,crop_masked
/Users/ashley/Desktop/python/CS156-Machine-Learning/final/data/retail_images/raw/shirt/urban_outfitters_shirts_blouses_98ed5478a9c1.webp,/Users/ashley/Desktop/python/CS156-Machine-Learning/final/data/retail_images/segmented/shirt/urban_outfitters_shirts_blouses_98ed5478a9c1_seg.jpg,/Users/ashley/Desktop/python/CS156-Machine-Learning/final/data/retail_images/segmentation_overlays/shirt/urban_outfitters_shirts_blouses_98ed5478a9c1_overlay.jpg,Shirt,Upper-clothes,Upper-clothes,0.5256605872007977,0.0,52.0,698.0,1046.0,segmented,ok,mattmdjaga/segformer_b2_clothes,crop_masked
/Users/ashley/Desktop/python/CS156-Machine-Learning/final/data/retail_images/raw/shirt/urban_outfitters_shirts_blouses_9e7dd594ce43.jpg,/Users/ashley/Desktop/python/CS156-Machine-Learning/final/data/retail_images/segmented/shirt/urban_outfitters_shirts_blouses_9e7dd594ce43_seg.jpg,/Users/ashley/Desktop/python/CS156-Machine-Learning/final/data/retail_images/segmentation_overlays/shirt/urban_outfitters_shirts_blouses_9e7dd594ce43_overlay.jpg,Shirt,Upper-clothes,Upper-clothes,0.2402274731957464,40.0,107.0,327.0,450.0,segmented,ok,mattmdjaga/segformer_b2_clothes,crop_masked
/Users/ashley/Desktop/python/CS156-Machine-Learning/final/data/retail_images/raw/shirt/urban_outfitters_shirts_blouses_adc8f616705e.webp,/Users/ashley/Desktop/python/CS156-Machine-Learning/final/data/retail_images/segmented/shirt/urban_outfitters_shirts_blouses_adc8f616705e_seg.jpg,/Users/ashley/Desktop/python/CS156-Machine-Learning/final/data/retail_images/segmentation_overlays/shirt/urban_outfitters_shirts_blouses_adc8f616705e_overlay.jpg,Shirt,Upper-clothes,Upper-clothes,0.2398713614972031,41.0,107.0,327.0,450.0,segmented,ok,mattmdjaga/segformer_b2_clothes,crop_masked
/Users/ashley/Desktop/python/CS156-Machine-Learning/final/data/retail_images/raw/shirt/urban_outfitters_shirts_blouses_f207548454ad.webp,/Users/ashley/Desktop/python/CS156-Machine-Learning/final/data/retail_images/segmented/shirt/urban_outfitters_shirts_blouses_f207548454ad_seg.jpg,/Users/ashley/Desktop/python/CS156-Machine-Learning/final/data/retail_images/segmentation_overlays/shirt/urban_outfitters_shirts_blouses_f207548454ad_overlay.jpg,Shirt,Upper-clothes,Upper-clothes,0.1682394933352326,76.0,239.0,584.0,837.0,segmented,ok,mattmdjaga/segformer_b2_clothes,crop_masked
/Users/ashley/Desktop/python/CS156-Machine-Learning/final/data/retail_images/raw/shirt/urban_outfitters_shirts_blouses_f3a7cb1e53b3.jpg,/Users/ashley/Desktop/python/CS156-Machine-Learning/final/data/retail_images/segmented/shirt/urban_outfitters_shirts_blouses_f3a7cb1e53b3_seg.jpg,/Users/ashley/Desktop/python/CS156-Machine-Learning/final/data/retail_images/segmentation_overlays/shirt/urban_outfitters_shirts_blouses_f3a7cb1e53b3_overlay.jpg,Shirt,Upper-clothes,Upper-clothes,0.5287045267489712,0.0,35.0,450.0,675.0,segmented,ok,mattmdjaga/segformer_b2_clothes,crop_masked
/Users/ashley/Desktop/python/CS156-Machine-Learning/final/data/retail_images/raw/sneaker/anthropologie_sneakers_01e084fe282d.jpg,/Users/ashley/Desktop/python/CS156-Machine-Learning/final/data/retail_images/segmented/sneaker/anthropologie_sneakers_01e084fe282d_seg.jpg,/Users/ashley/Desktop/python/CS156-Machine-Learning/final/data/retail_images/segmentation_overlays/sneaker/anthropologie_sneakers_01e084fe282d_overlay.jpg,Sneaker,Left-shoe|Right-shoe,Left-shoe|Right-shoe,0.1860491872435311,0.0,63.0,349.0,474.0,segmented,ok,mattmdjaga/segformer_b2_clothes,crop_masked
/Users/ashley/Desktop/python/CS156-Machine-Learning/final/data/retail_images/raw/sneaker/anthropologie_sneakers_065940644ab9.jpg,/Users/ashley/Desktop/python/CS156-Machine-Learning/final/data/retail_images/segmented/sneaker/anthropologie_sneakers_065940644ab9_seg.jpg,/Users/ashley/Desktop/python/CS156-Machine-Learning/final/data/retail_images/segmentation_overlays/sneaker/anthropologie_sneakers_065940644ab9_overlay.jpg,Sneaker,Left-shoe|Right-shoe,Left-shoe|Right-shoe,0.0655957748716628,29.0,311.0,322.0,498.0,segmented,ok,mattmdjaga/segformer_b2_clothes,crop_masked
/Users/ashley/Desktop/python/CS156-Machine-Learning/final/data/retail_images/raw/sneaker/anthropologie_sneakers_09ea2522c162.webp,/Users/ashley/Desktop/python/CS156-Machine-Learning/final/data/retail_images/segmented/sneaker/anthropologie_sneakers_09ea2522c162_seg.jpg,/Users/ashley/Desktop/python/CS156-Machine-Learning/final/data/retail_images/segmentation_overlays/sneaker/anthropologie_sneakers_09ea2522c162_overlay.jpg,Sneaker,Left-shoe|Right-shoe,Left-shoe|Right-shoe,0.0604540698088501,15.0,682.0,698.0,982.0,segmented,ok,mattmdjaga/segformer_b2_clothes,crop_masked
/Users/ashley/Desktop/python/CS156-Machine-Learning/final/data/retail_images/raw/sneaker/anthropologie_sneakers_11d6578e4c73.jpg,/Users/ashley/Desktop/python/CS156-Machine-Learning/final/data/retail_images/segmented/sneaker/anthropologie_sneakers_11d6578e4c73_seg.jpg,/Users/ashley/Desktop/python/CS156-Machine-Learning/final/data/retail_images/segmentation_overlays/sneaker/anthropologie_sneakers_11d6578e4c73_overlay.jpg,Sneaker,Left-shoe|Right-shoe,Left-shoe|Right-shoe,0.0221008398757444,0.0,399.0,341.0,504.0,fallback_copy,validation_too_small:341x105_fallback_copy,mattmdjaga/segformer_b2_clothes,copy
/Users/ashley/Desktop/python/CS156-Machine-Learning/final/data/retail_images/raw/sneaker/anthropologie_sneakers_14986a377797.jpg,/Users/ashley/Desktop/python/CS156-Machine-Learning/final/data/retail_images/segmented/sneaker/anthropologie_sneakers_14986a377797_seg.jpg,/Users/ashley/Desktop/python/CS156-Machine-Learning/final/data/retail_images/segmentation_overlays/sneaker/anthropologie_sneakers_14986a377797_overlay.jpg,Sneaker,Left-shoe|Right-shoe,Left-shoe|Right-shoe,0.0271576259950582,0.0,176.0,346.0,483.0,segmented,ok,mattmdjaga/segformer_b2_clothes,crop_masked
/Users/ashley/Desktop/python/CS156-Machine-Learning/final/data/retail_images/raw/sneaker/anthropologie_sneakers_15d96372ae2b.jpg,/Users/ashley/Desktop/python/CS156-Machine-Learning/final/data/retail_images/segmented/sneaker/anthropologie_sneakers_15d96372ae2b_seg.jpg,/Users/ashley/Desktop/python/CS156-Machine-Learning/final/data/retail_images/segmentation_overlays/sneaker/anthropologie_sneakers_15d96372ae2b_overlay.jpg,Sneaker,Left-shoe|Right-shoe,Left-shoe|Right-shoe,0.0199751269675171,36.0,219.0,349.0,471.0,segmented,ok,mattmdjaga/segformer_b2_clothes,crop_masked
/Users/ashley/Desktop/python/CS156-Machine-Learning/final/data/retail_images/raw/sneaker/anthropologie_sneakers_18cfc659a217.jpg,/Users/ashley/Desktop/python/CS156-Machine-Learning/final/data/retail_images/segmented/sneaker/anthropologie_sneakers_18cfc659a217_seg.jpg,/Users/ashley/Desktop/python/CS156-Machine-Learning/final/data/retail_images/segmentation_overlays/sneaker/anthropologie_sneakers_18cfc659a217_overlay.jpg,Sneaker,Left-shoe|Right-shoe,Left-shoe|Right-shoe,0.1733332602847798,8.0,265.0,349.0,509.0,segmented,ok,mattmdjaga/segformer_b2_clothes,crop_masked
/Users/ashley/Desktop/python/CS156-Machine-Learning/final/data/retail_images/raw/sneaker/anthropologie_sneakers_1bc5aea33678.jpg,/Users/ashley/Desktop/python/CS156-Machine-Learning/final/data/retail_images/segmented/sneaker/anthropologie_sneakers_1bc5aea33678_seg.jpg,/Users/ashley/Desktop/python/CS156-Machine-Learning/final/data/retail_images/segmentation_overlays/sneaker/anthropologie_sneakers_1bc5aea33678_overlay.jpg,Sneaker,Left-shoe|Right-shoe,,,,,,,fallback_copy,mask_area_out_of_range:0.0049,mattmdjaga/segformer_b2_clothes,copy
/Users/ashley/Desktop/python/CS156-Machine-Learning/final/data/retail_images/raw/sneaker/anthropologie_sneakers_203f0e4d4116.jpg,/Users/ashley/Desktop/python/CS156-Machine-Learning/final/data/retail_images/segmented/sneaker/anthropologie_sneakers_203f0e4d4116_seg.jpg,/Users/ashley/Desktop/python/CS156-Machine-Learning/final/data/retail_images/segmentation_overlays/sneaker/anthropologie_sneakers_203f0e4d4116_overlay.jpg,Sneaker,Left-shoe|Right-shoe,Left-shoe|Right-shoe,0.0256071704460162,62.0,339.0,325.0,452.0,fallback_copy,validation_too_small:263x113_fallback_copy,mattmdjaga/segformer_b2_clothes,copy
/Users/ashley/Desktop/python/CS156-Machine-Learning/final/data/retail_images/raw/sneaker/anthropologie_sneakers_2093a0382447.jpg,/Users/ashley/Desktop/python/CS156-Machine-Learning/final/data/retail_images/segmented/sneaker/anthropologie_sneakers_2093a0382447_seg.jpg,/Users/ashley/Desktop/python/CS156-Machine-Learning/final/data/retail_images/segmentation_overlays/sneaker/anthropologie_sneakers_2093a0382447_overlay.jpg,Sneaker,Left-shoe|Right-shoe,Left-shoe|Right-shoe,0.1232201263374733,0.0,67.0,349.0,459.0,segmented,ok,mattmdjaga/segformer_b2_clothes,crop_masked
/Users/ashley/Desktop/python/CS156-Machine-Learning/final/data/retail_images/raw/sneaker/anthropologie_sneakers_237f302688d4.jpg,/Users/ashley/Desktop/python/CS156-Machine-Learning/final/data/retail_images/segmented/sneaker/anthropologie_sneakers_237f302688d4_seg.jpg,/Users/ashley/Desktop/python/CS156-Machine-Learning/final/data/retail_images/segmentation_overlays/sneaker/anthropologie_sneakers_237f302688d4_overlay.jpg,Sneaker,Left-shoe|Right-shoe,,,,,,,fallback_copy,segmented_too_small:286x57,mattmdjaga/segformer_b2_clothes,copy
/Users/ashley/Desktop/python/CS156-Machine-Learning/final/data/retail_images/raw/sneaker/anthropologie_sneakers_2a16db614ea0.jpg,/Users/ashley/Desktop/python/CS156-Machine-Learning/final/data/retail_images/segmented/sneaker/anthropologie_sneakers_2a16db614ea0_seg.jpg,/Users/ashley/Desktop/python/CS156-Machine-Learning/final/data/retail_images/segmentation_overlays/sneaker/anthropologie_sneakers_2a16db614ea0_overlay.jpg,Sneaker,Left-shoe|Right-shoe,Left-shoe|Right-shoe,0.0864858349723602,0.0,119.0,349.0,439.0,segmented,ok,mattmdjaga/segformer_b2_clothes,crop_masked
/Users/ashley/Desktop/python/CS156-Machine-Learning/final/data/retail_images/raw/sneaker/anthropologie_sneakers_32d5ce317aee.jpg,/Users/ashley/Desktop/python/CS156-Machine-Learning/final/data/retail_images/segmented/sneaker/anthropologie_sneakers_32d5ce317aee_seg.jpg,/Users/ashley/Desktop/python/CS156-Machine-Learning/final/data/retail_images/segmentation_overlays/sneaker/anthropologie_sneakers_32d5ce317aee_overlay.jpg,Sneaker,Left-shoe|Right-shoe,Left-shoe|Right-shoe,0.0894004722588986,0.0,120.0,349.0,452.0,segmented,ok,mattmdjaga/segformer_b2_clothes,crop_masked
/Users/ashley/Desktop/python/CS156-Machine-Learning/final/data/retail_images/raw/sneaker/anthropologie_sneakers_3746779c6acd.jpg,/Users/ashley/Desktop/python/CS156-Machine-Learning/final/data/retail_images/segmented/sneaker/anthropologie_sneakers_3746779c6acd_seg.jpg,/Users/ashley/Desktop/python/CS156-Machine-Learning/final/data/retail_images/segmentation_overlays/sneaker/anthropologie_sneakers_3746779c6acd_overlay.jpg,Sneaker,Left-shoe|Right-shoe,Left-shoe|Right-shoe,0.0591364565242402,0.0,126.0,349.0,454.0,segmented,ok,mattmdjaga/segformer_b2_clothes,crop_masked
/Users/ashley/Desktop/python/CS156-Machine-Learning/final/data/retail_images/raw/sneaker/anthropologie_sneakers_3c0d21886dc4.jpg,/Users/ashley/Desktop/python/CS156-Machine-Learning/final/data/retail_images/segmented/sneaker/anthropologie_sneakers_3c0d21886dc4_seg.jpg,/Users/ashley/Desktop/python/CS156-Machine-Learning/final/data/retail_images/segmentation_overlays/sneaker/anthropologie_sneakers_3c0d21886dc4_overlay.jpg,Sneaker,Left-shoe|Right-shoe,Left-shoe|Right-shoe,0.10543097733486,2.0,93.0,346.0,483.0,segmented,ok,mattmdjaga/segformer_b2_clothes,crop_masked
/Users/ashley/Desktop/python/CS156-Machine-Learning/final/data/retail_images/raw/sneaker/anthropologie_sneakers_3c2c80d679c6.jpg,/Users/ashley/Desktop/python/CS156-Machine-Learning/final/data/retail_images/segmented/sneaker/anthropologie_sneakers_3c2c80d679c6_seg.jpg,/Users/ashley/Desktop/python/CS156-Machine-Learning/final/data/retail_images/segmentation_overlays/sneaker/anthropologie_sneakers_3c2c80d679c6_overlay.jpg,Sneaker,Left-shoe|Right-shoe,Left-shoe|Right-shoe,0.0289655776953546,5.0,205.0,343.0,460.0,segmented,ok,mattmdjaga/segformer_b2_clothes,crop_masked
/Users/ashley/Desktop/python/CS156-Machine-Learning/final/data/retail_images/raw/sneaker/anthropologie_sneakers_3faa1e86ad5b.jpg,/Users/ashley/Desktop/python/CS156-Machine-Learning/final/data/retail_images/segmented/sneaker/anthropologie_sneakers_3faa1e86ad5b_seg.jpg,/Users/ashley/Desktop/python/CS156-Machine-Learning/final/data/retail_images/segmentation_overlays/sneaker/anthropologie_sneakers_3faa1e86ad5b_overlay.jpg,Sneaker,Left-shoe|Right-shoe,Left-shoe|Right-shoe,0.1252198304908315,0.0,272.0,349.0,503.0,segmented,ok,mattmdjaga/segformer_b2_clothes,crop_masked
/Users/ashley/Desktop/python/CS156-Machine-Learning/final/data/retail_images/raw/sneaker/anthropologie_sneakers_409a09f65464.jpg,/Users/ashley/Desktop/python/CS156-Machine-Learning/final/data/retail_images/segmented/sneaker/anthropologie_sneakers_409a09f65464_seg.jpg,/Users/ashley/Desktop/python/CS156-Machine-Learning/final/data/retail_images/segmentation_overlays/sneaker/anthropologie_sneakers_409a09f65464_overlay.jpg,Sneaker,Left-shoe|Right-shoe,Left-shoe|Right-shoe,0.0322911130955968,3.0,262.0,337.0,424.0,segmented,ok,mattmdjaga/segformer_b2_clothes,crop_masked
/Users/ashley/Desktop/python/CS156-Machine-Learning/final/data/retail_images/raw/sneaker/anthropologie_sneakers_43bcebccb7ee.jpg,/Users/ashley/Desktop/python/CS156-Machine-Learning/final/data/retail_images/segmented/sneaker/anthropologie_sneakers_43bcebccb7ee_seg.jpg,/Users/ashley/Desktop/python/CS156-Machine-Learning/final/data/retail_images/segmentation_overlays/sneaker/anthropologie_sneakers_43bcebccb7ee_overlay.jpg,Sneaker,Left-shoe|Right-shoe,,,,,,,fallback_copy,segmented_too_small:59x40,mattmdjaga/segformer_b2_clothes,copy
/Users/ashley/Desktop/python/CS156-Machine-Learning/final/data/retail_images/raw/sneaker/anthropologie_sneakers_444d45001421.jpg,/Users/ashley/Desktop/python/CS156-Machine-Learning/final/data/retail_images/segmented/sneaker/anthropologie_sneakers_444d45001421_seg.jpg,/Users/ashley/Desktop/python/CS156-Machine-Learning/final/data/retail_images/segmentation_overlays/sneaker/anthropologie_sneakers_444d45001421_overlay.jpg,Sneaker,Left-shoe|Right-shoe,Left-shoe|Right-shoe,0.0743820224719101,7.0,259.0,266.0,376.0,fallback_copy,validation_too_small:259x117_fallback_copy,mattmdjaga/segformer_b2_clothes,copy
/Users/ashley/Desktop/python/CS156-Machine-Learning/final/data/retail_images/raw/sneaker/anthropologie_sneakers_458fb90e04c8.jpg,/Users/ashley/Desktop/python/CS156-Machine-Learning/final/data/retail_images/segmented/sneaker/anthropologie_sneakers_458fb90e04c8_seg.jpg,/Users/ashley/Desktop/python/CS156-Machine-Learning/final/data/retail_images/segmentation_overlays/sneaker/anthropologie_sneakers_458fb90e04c8_overlay.jpg,Sneaker,Left-shoe|Right-shoe,,,,,,,fallback_copy,mask_area_out_of_range:0.0001,mattmdjaga/segformer_b2_clothes,copy
/Users/ashley/Desktop/python/CS156-Machine-Learning/final/data/retail_images/raw/sneaker/anthropologie_sneakers_45e153f44dca.jpg,/Users/ashley/Desktop/python/CS156-Machine-Learning/final/data/retail_images/segmented/sneaker/anthropologie_sneakers_45e153f44dca_seg.jpg,/Users/ashley/Desktop/python/CS156-Machine-Learning/final/data/retail_images/segmentation_overlays/sneaker/anthropologie_sneakers_45e153f44dca_overlay.jpg,Sneaker,Left-shoe|Right-shoe,Left-shoe|Right-shoe,0.0278534134675965,0.0,131.0,349.0,488.0,segmented,ok,mattmdjaga/segformer_b2_clothes,crop_masked
/Users/ashley/Desktop/python/CS156-Machine-Learning/final/data/retail_images/raw/sneaker/anthropologie_sneakers_48d18c7646a8.jpg,/Users/ashley/Desktop/python/CS156-Machine-Learning/final/data/retail_images/segmented/sneaker/anthropologie_sneakers_48d18c7646a8_seg.jpg,/Users/ashley/Desktop/python/CS156-Machine-Learning/final/data/retail_images/segmentation_overlays/sneaker/anthropologie_sneakers_48d18c7646a8_overlay.jpg,Sneaker,Left-shoe|Right-shoe,Left-shoe|Right-shoe,0.0329211568699425,4.0,100.0,333.0,448.0,segmented,ok,mattmdjaga/segformer_b2_clothes,crop_masked
/Users/ashley/Desktop/python/CS156-Machine-Learning/final/data/retail_images/raw/sneaker/anthropologie_sneakers_493fdd5dfdfb.jpg,/Users/ashley/Desktop/python/CS156-Machine-Learning/final/data/retail_images/segmented/sneaker/anthropologie_sneakers_493fdd5dfdfb_seg.jpg,/Users/ashley/Desktop/python/CS156-Machine-Learning/final/data/retail_images/segmentation_overlays/sneaker/anthropologie_sneakers_493fdd5dfdfb_overlay.jpg,Sneaker,Left-shoe|Right-shoe,,,,,,,fallback_copy,missing_target_mask,mattmdjaga/segformer_b2_clothes,copy
/Users/ashley/Desktop/python/CS156-Machine-Learning/final/data/retail_images/raw/sneaker/anthropologie_sneakers_4cfa9d6b3985.jpg,/Users/ashley/Desktop/python/CS156-Machine-Learning/final/data/retail_images/segmented/sneaker/anthropologie_sneakers_4cfa9d6b3985_seg.jpg,/Users/ashley/Desktop/python/CS156-Machine-Learning/final/data/retail_images/segmentation_overlays/sneaker/anthropologie_sneakers_4cfa9d6b3985_overlay.jpg,Sneaker,Left-shoe|Right-shoe,,,,,,,fallback_copy,mask_area_out_of_range:0.0076,mattmdjaga/segformer_b2_clothes,copy
/Users/ashley/Desktop/python/CS156-Machine-Learning/final/data/retail_images/raw/sneaker/anthropologie_sneakers_51cec7e3ac2c.jpg,/Users/ashley/Desktop/python/CS156-Machine-Learning/final/data/retail_images/segmented/sneaker/anthropologie_sneakers_51cec7e3ac2c_seg.jpg,/Users/ashley/Desktop/python/CS156-Machine-Learning/final/data/retail_images/segmentation_overlays/sneaker/anthropologie_sneakers_51cec7e3ac2c_overlay.jpg,Sneaker,Left-shoe|Right-shoe,Left-shoe|Right-shoe,0.025924931653947,47.0,63.0,326.0,514.0,segmented,ok,mattmdjaga/segformer_b2_clothes,crop_masked
/Users/ashley/Desktop/python/CS156-Machine-Learning/final/data/retail_images/raw/sneaker/anthropologie_sneakers_594c19660a3e.jpg,/Users/ashley/Desktop/python/CS156-Machine-Learning/final/data/retail_images/segmented/sneaker/anthropologie_sneakers_594c19660a3e_seg.jpg,/Users/ashley/Desktop/python/CS156-Machine-Learning/final/data/retail_images/segmentation_overlays/sneaker/anthropologie_sneakers_594c19660a3e_overlay.jpg,Sneaker,Left-shoe|Right-shoe,,,,,,,fallback_copy,mask_area_out_of_range:0.0041,mattmdjaga/segformer_b2_clothes,copy
/Users/ashley/Desktop/python/CS156-Machine-Learning/final/data/retail_images/raw/sneaker/anthropologie_sneakers_5d5f8c7acac3.jpg,/Users/ashley/Desktop/python/CS156-Machine-Learning/final/data/retail_images/segmented/sneaker/anthropologie_sneakers_5d5f8c7acac3_seg.jpg,/Users/ashley/Desktop/python/CS156-Machine-Learning/final/data/retail_images/segmentation_overlays/sneaker/anthropologie_sneakers_5d5f8c7acac3_overlay.jpg,Sneaker,Left-shoe|Right-shoe,Left-shoe|Right-shoe,0.16122546253431,0.0,68.0,349.0,477.0,segmented,ok,mattmdjaga/segformer_b2_clothes,crop_masked
/Users/ashley/Desktop/python/CS156-Machine-Learning/final/data/retail_images/raw/sneaker/anthropologie_sneakers_5fb2ab7fbd98.jpg,/Users/ashley/Desktop/python/CS156-Machine-Learning/final/data/retail_images/segmented/sneaker/anthropologie_sneakers_5fb2ab7fbd98_seg.jpg,/Users/ashley/Desktop/python/CS156-Machine-Learning/final/data/retail_images/segmentation_overlays/sneaker/anthropologie_sneakers_5fb2ab7fbd98_overlay.jpg,Sneaker,Left-shoe|Right-shoe,Left-shoe|Right-shoe,0.0117845579010228,1.0,31.0,339.0,495.0,segmented,ok,mattmdjaga/segformer_b2_clothes,crop_masked
/Users/ashley/Desktop/python/CS156-Machine-Learning/final/data/retail_images/raw/sneaker/anthropologie_sneakers_6610ef18d7ea.jpg,/Users/ashley/Desktop/python/CS156-Machine-Learning/final/data/retail_images/segmented/sneaker/anthropologie_sneakers_6610ef18d7ea_seg.jpg,/Users/ashley/Desktop/python/CS156-Machine-Learning/final/data/retail_images/segmentation_overlays/sneaker/anthropologie_sneakers_6610ef18d7ea_overlay.jpg,Sneaker,Left-shoe|Right-shoe,Left-shoe|Right-shoe,0.1381110739780963,0.0,70.0,349.0,493.0,segmented,ok,mattmdjaga/segformer_b2_clothes,crop_masked
/Users/ashley/Desktop/python/CS156-Machine-Learning/final/data/retail_images/raw/sneaker/anthropologie_sneakers_67b9434d492a.jpg,/Users/ashley/Desktop/python/CS156-Machine-Learning/final/data/retail_images/segmented/sneaker/anthropologie_sneakers_67b9434d492a_seg.jpg,/Users/ashley/Desktop/python/CS156-Machine-Learning/final/data/retail_images/segmentation_overlays/sneaker/anthropologie_sneakers_67b9434d492a_overlay.jpg,Sneaker,Left-shoe|Right-shoe,Left-shoe|Right-shoe,0.0247908528601248,42.0,84.0,318.0,523.0,segmented,ok,mattmdjaga/segformer_b2_clothes,crop_masked
/Users/ashley/Desktop/python/CS156-Machine-Learning/final/data/retail_images/raw/sneaker/anthropologie_sneakers_6a89fd59c616.jpg,/Users/ashley/Desktop/python/CS156-Machine-Learning/final/data/retail_images/segmented/sneaker/anthropologie_sneakers_6a89fd59c616_seg.jpg,/Users/ashley/Desktop/python/CS156-Machine-Learning/final/data/retail_images/segmentation_overlays/sneaker/anthropologie_sneakers_6a89fd59c616_overlay.jpg,Sneaker,Left-shoe|Right-shoe,,,,,,,fallback_copy,mask_area_out_of_range:0.0072,mattmdjaga/segformer_b2_clothes,copy
/Users/ashley/Desktop/python/CS156-Machine-Learning/final/data/retail_images/raw/sneaker/anthropologie_sneakers_74f6588afa9c.jpg,/Users/ashley/Desktop/python/CS156-Machine-Learning/final/data/retail_images/segmented/sneaker/anthropologie_sneakers_74f6588afa9c_seg.jpg,/Users/ashley/Desktop/python/CS156-Machine-Learning/final/data/retail_images/segmentation_overlays/sneaker/anthropologie_sneakers_74f6588afa9c_overlay.jpg,Sneaker,Left-shoe|Right-shoe,Left-shoe|Right-shoe,0.013789740695897,129.0,177.0,675.0,925.0,segmented,ok,mattmdjaga/segformer_b2_clothes,crop_masked
/Users/ashley/Desktop/python/CS156-Machine-Learning/final/data/retail_images/raw/sneaker/anthropologie_sneakers_8024f57cef8c.jpg,/Users/ashley/Desktop/python/CS156-Machine-Learning/final/data/retail_images/segmented/sneaker/anthropologie_sneakers_8024f57cef8c_seg.jpg,/Users/ashley/Desktop/python/CS156-Machine-Learning/final/data/retail_images/segmentation_overlays/sneaker/anthropologie_sneakers_8024f57cef8c_overlay.jpg,Sneaker,Left-shoe|Right-shoe,Left-shoe|Right-shoe,0.0610457630925835,15.0,683.0,698.0,982.0,segmented,ok,mattmdjaga/segformer_b2_clothes,crop_masked
/Users/ashley/Desktop/python/CS156-Machine-Learning/final/data/retail_images/raw/sneaker/anthropologie_sneakers_85e9bc41f2fc.jpg,/Users/ashley/Desktop/python/CS156-Machine-Learning/final/data/retail_images/segmented/sneaker/anthropologie_sneakers_85e9bc41f2fc_seg.jpg,/Users/ashley/Desktop/python/CS156-Machine-Learning/final/data/retail_images/segmentation_overlays/sneaker/anthropologie_sneakers_85e9bc41f2fc_overlay.jpg,Sneaker,Left-shoe|Right-shoe,Left-shoe|Right-shoe,0.0303763278857374,20.0,193.0,675.0,894.0,segmented,ok,mattmdjaga/segformer_b2_clothes,crop_masked
/Users/ashley/Desktop/python/CS156-Machine-Learning/final/data/retail_images/raw/sneaker/anthropologie_sneakers_87a9671a07fb.jpg,/Users/ashley/Desktop/python/CS156-Machine-Learning/final/data/retail_images/segmented/sneaker/anthropologie_sneakers_87a9671a07fb_seg.jpg,/Users/ashley/Desktop/python/CS156-Machine-Learning/final/data/retail_images/segmentation_overlays/sneaker/anthropologie_sneakers_87a9671a07fb_overlay.jpg,Sneaker,Left-shoe|Right-shoe,Left-shoe|Right-shoe,0.0409418880494392,22.0,207.0,328.0,477.0,segmented,ok,mattmdjaga/segformer_b2_clothes,crop_masked
/Users/ashley/Desktop/python/CS156-Machine-Learning/final/data/retail_images/raw/sneaker/anthropologie_sneakers_89fc481b90c9.jpg,/Users/ashley/Desktop/python/CS156-Machine-Learning/final/data/retail_images/segmented/sneaker/anthropologie_sneakers_89fc481b90c9_seg.jpg,/Users/ashley/Desktop/python/CS156-Machine-Learning/final/data/retail_images/segmentation_overlays/sneaker/anthropologie_sneakers_89fc481b90c9_overlay.jpg,Sneaker,Left-shoe|Right-shoe,Left-shoe|Right-shoe,0.0316391547551869,41.0,73.0,345.0,462.0,segmented,ok,mattmdjaga/segformer_b2_clothes,crop_masked
/Users/ashley/Desktop/python/CS156-Machine-Learning/final/data/retail_images/raw/sneaker/anthropologie_sneakers_8ad7405bc50f.webp,/Users/ashley/Desktop/python/CS156-Machine-Learning/final/data/retail_images/segmented/sneaker/anthropologie_sneakers_8ad7405bc50f_seg.jpg,/Users/ashley/Desktop/python/CS156-Machine-Learning/final/data/retail_images/segmentation_overlays/sneaker/anthropologie_sneakers_8ad7405bc50f_overlay.jpg,Sneaker,Left-shoe|Right-shoe,Left-shoe|Right-shoe,0.0302804516592065,52.0,89.0,340.0,463.0,segmented,ok,mattmdjaga/segformer_b2_clothes,crop_masked
/Users/ashley/Desktop/python/CS156-Machine-Learning/final/data/retail_images/raw/sneaker/anthropologie_sneakers_8ae864b1ef27.jpg,/Users/ashley/Desktop/python/CS156-Machine-Learning/final/data/retail_images/segmented/sneaker/anthropologie_sneakers_8ae864b1ef27_seg.jpg,/Users/ashley/Desktop/python/CS156-Machine-Learning/final/data/retail_images/segmentation_overlays/sneaker/anthropologie_sneakers_8ae864b1ef27_overlay.jpg,Sneaker,Left-shoe|Right-shoe,Left-shoe|Right-shoe,0.11910566655892,0.0,87.0,348.0,445.0,segmented,ok,mattmdjaga/segformer_b2_clothes,crop_masked
/Users/ashley/Desktop/python/CS156-Machine-Learning/final/data/retail_images/raw/sneaker/anthropologie_sneakers_953872380bfd.jpg,/Users/ashley/Desktop/python/CS156-Machine-Learning/final/data/retail_images/segmented/sneaker/anthropologie_sneakers_953872380bfd_seg.jpg,/Users/ashley/Desktop/python/CS156-Machine-Learning/final/data/retail_images/segmentation_overlays/sneaker/anthropologie_sneakers_953872380bfd_overlay.jpg,Sneaker,Left-shoe|Right-shoe,Left-shoe|Right-shoe,0.08844170999359,0.0,128.0,349.0,485.0,segmented,ok,mattmdjaga/segformer_b2_clothes,crop_masked
/Users/ashley/Desktop/python/CS156-Machine-Learning/final/data/retail_images/raw/sneaker/anthropologie_sneakers_9a0b9e4e4017.jpg,/Users/ashley/Desktop/python/CS156-Machine-Learning/final/data/retail_images/segmented/sneaker/anthropologie_sneakers_9a0b9e4e4017_seg.jpg,/Users/ashley/Desktop/python/CS156-Machine-Learning/final/data/retail_images/segmentation_overlays/sneaker/anthropologie_sneakers_9a0b9e4e4017_overlay.jpg,Sneaker,Left-shoe|Right-shoe,Left-shoe|Right-shoe,0.0302749730176905,52.0,89.0,339.0,462.0,segmented,ok,mattmdjaga/segformer_b2_clothes,crop_masked
/Users/ashley/Desktop/python/CS156-Machine-Learning/final/data/retail_images/raw/sneaker/anthropologie_sneakers_9a42d7a07c36.jpg,/Users/ashley/Desktop/python/CS156-Machine-Learning/final/data/retail_images/segmented/sneaker/anthropologie_sneakers_9a42d7a07c36_seg.jpg,/Users/ashley/Desktop/python/CS156-Machine-Learning/final/data/retail_images/segmentation_overlays/sneaker/anthropologie_sneakers_9a42d7a07c36_overlay.jpg,Sneaker,Left-shoe|Right-shoe,Left-shoe|Right-shoe,0.075879184997288,24.0,107.0,334.0,482.0,segmented,ok,mattmdjaga/segformer_b2_clothes,crop_masked
/Users/ashley/Desktop/python/CS156-Machine-Learning/final/data/retail_images/raw/sneaker/anthropologie_sneakers_9c5226a77217.jpg,/Users/ashley/Desktop/python/CS156-Machine-Learning/final/data/retail_images/segmented/sneaker/anthropologie_sneakers_9c5226a77217_seg.jpg,/Users/ashley/Desktop/python/CS156-Machine-Learning/final/data/retail_images/segmentation_overlays/sneaker/anthropologie_sneakers_9c5226a77217_overlay.jpg,Sneaker,Left-shoe|Right-shoe,Left-shoe|Right-shoe,0.1040229664652352,0.0,328.0,349.0,490.0,segmented,ok,mattmdjaga/segformer_b2_clothes,crop_masked
/Users/ashley/Desktop/python/CS156-Machine-Learning/final/data/retail_images/raw/sneaker/anthropologie_sneakers_a19e066830db.jpg,/Users/ashley/Desktop/python/CS156-Machine-Learning/final/data/retail_images/segmented/sneaker/anthropologie_sneakers_a19e066830db_seg.jpg,/Users/ashley/Desktop/python/CS156-Machine-Learning/final/data/retail_images/segmentation_overlays/sneaker/anthropologie_sneakers_a19e066830db_overlay.jpg,Sneaker,Left-shoe|Right-shoe,,,,,,,fallback_copy,segmented_too_small:87x15,mattmdjaga/segformer_b2_clothes,copy
/Users/ashley/Desktop/python/CS156-Machine-Learning/final/data/retail_images/raw/sneaker/anthropologie_sneakers_a486b2e1f329.jpg,/Users/ashley/Desktop/python/CS156-Machine-Learning/final/data/retail_images/segmented/sneaker/anthropologie_sneakers_a486b2e1f329_seg.jpg,/Users/ashley/Desktop/python/CS156-Machine-Learning/final/data/retail_images/segmentation_overlays/sneaker/anthropologie_sneakers_a486b2e1f329_overlay.jpg,Sneaker,Left-shoe|Right-shoe,Left-shoe|Right-shoe,0.0710086726895199,0.0,133.0,349.0,470.0,segmented,ok,mattmdjaga/segformer_b2_clothes,crop_masked
/Users/ashley/Desktop/python/CS156-Machine-Learning/final/data/retail_images/raw/sneaker/anthropologie_sneakers_a82db1555a9e.jpg,/Users/ashley/Desktop/python/CS156-Machine-Learning/final/data/retail_images/segmented/sneaker/anthropologie_sneakers_a82db1555a9e_seg.jpg,/Users/ashley/Desktop/python/CS156-Machine-Learning/final/data/retail_images/segmentation_overlays/sneaker/anthropologie_sneakers_a82db1555a9e_overlay.jpg,Sneaker,Left-shoe|Right-shoe,Left-shoe|Right-shoe,0.0302749730176905,52.0,89.0,339.0,462.0,segmented,ok,mattmdjaga/segformer_b2_clothes,crop_masked
/Users/ashley/Desktop/python/CS156-Machine-Learning/final/data/retail_images/raw/sneaker/anthropologie_sneakers_adf73f10feba.jpg,/Users/ashley/Desktop/python/CS156-Machine-Learning/final/data/retail_images/segmented/sneaker/anthropologie_sneakers_adf73f10feba_seg.jpg,/Users/ashley/Desktop/python/CS156-Machine-Learning/final/data/retail_images/segmentation_overlays/sneaker/anthropologie_sneakers_adf73f10feba_overlay.jpg,Sneaker,Left-shoe|Right-shoe,Left-shoe|Right-shoe,0.0288340902989694,7.0,265.0,314.0,426.0,segmented,ok,mattmdjaga/segformer_b2_clothes,crop_masked
/Users/ashley/Desktop/python/CS156-Machine-Learning/final/data/retail_images/raw/sneaker/anthropologie_sneakers_afe2752e9a32.jpg,/Users/ashley/Desktop/python/CS156-Machine-Learning/final/data/retail_images/segmented/sneaker/anthropologie_sneakers_afe2752e9a32_seg.jpg,/Users/ashley/Desktop/python/CS156-Machine-Learning/final/data/retail_images/segmentation_overlays/sneaker/anthropologie_sneakers_afe2752e9a32_overlay.jpg,Sneaker,Left-shoe|Right-shoe,Left-shoe|Right-shoe,0.0615689733573663,0.0,198.0,349.0,479.0,segmented,ok,mattmdjaga/segformer_b2_clothes,crop_masked
/Users/ashley/Desktop/python/CS156-Machine-Learning/final/data/retail_images/raw/sneaker/anthropologie_sneakers_b0afbd1f8214.jpg,/Users/ashley/Desktop/python/CS156-Machine-Learning/final/data/retail_images/segmented/sneaker/anthropologie_sneakers_b0afbd1f8214_seg.jpg,/Users/ashley/Desktop/python/CS156-Machine-Learning/final/data/retail_images/segmentation_overlays/sneaker/anthropologie_sneakers_b0afbd1f8214_overlay.jpg,Sneaker,Left-shoe|Right-shoe,Left-shoe|Right-shoe,0.0821905800237773,4.0,64.0,346.0,486.0,segmented,ok,mattmdjaga/segformer_b2_clothes,crop_masked
/Users/ashley/Desktop/python/CS156-Machine-Learning/final/data/retail_images/raw/sneaker/anthropologie_sneakers_b0b3a46f8853.jpg,/Users/ashley/Desktop/python/CS156-Machine-Learning/final/data/retail_images/segmented/sneaker/anthropologie_sneakers_b0b3a46f8853_seg.jpg,/Users/ashley/Desktop/python/CS156-Machine-Learning/final/data/retail_images/segmentation_overlays/sneaker/anthropologie_sneakers_b0b3a46f8853_overlay.jpg,Sneaker,Left-shoe|Right-shoe,Left-shoe|Right-shoe,0.02977641663973,1.0,233.0,349.0,483.0,segmented,ok,mattmdjaga/segformer_b2_clothes,crop_masked
/Users/ashley/Desktop/python/CS156-Machine-Learning/final/data/retail_images/raw/sneaker/anthropologie_sneakers_b0c87b66b10d.jpg,/Users/ashley/Desktop/python/CS156-Machine-Learning/final/data/retail_images/segmented/sneaker/anthropologie_sneakers_b0c87b66b10d_seg.jpg,/Users/ashley/Desktop/python/CS156-Machine-Learning/final/data/retail_images/segmentation_overlays/sneaker/anthropologie_sneakers_b0c87b66b10d_overlay.jpg,Sneaker,Left-shoe|Right-shoe,Left-shoe|Right-shoe,0.0168413440203367,31.0,223.0,334.0,453.0,segmented,ok,mattmdjaga/segformer_b2_clothes,crop_masked
/Users/ashley/Desktop/python/CS156-Machine-Learning/final/data/retail_images/raw/sneaker/anthropologie_sneakers_b3b7be1630a3.jpg,/Users/ashley/Desktop/python/CS156-Machine-Learning/final/data/retail_images/segmented/sneaker/anthropologie_sneakers_b3b7be1630a3_seg.jpg,/Users/ashley/Desktop/python/CS156-Machine-Learning/final/data/retail_images/segmentation_overlays/sneaker/anthropologie_sneakers_b3b7be1630a3_overlay.jpg,Sneaker,Left-shoe|Right-shoe,Left-shoe|Right-shoe,0.0353153232124562,14.0,216.0,236.0,505.0,segmented,ok,mattmdjaga/segformer_b2_clothes,crop_masked
/Users/ashley/Desktop/python/CS156-Machine-Learning/final/data/retail_images/raw/sneaker/anthropologie_sneakers_bd36d83ea3d1.jpg,/Users/ashley/Desktop/python/CS156-Machine-Learning/final/data/retail_images/segmented/sneaker/anthropologie_sneakers_bd36d83ea3d1_seg.jpg,/Users/ashley/Desktop/python/CS156-Machine-Learning/final/data/retail_images/segmentation_overlays/sneaker/anthropologie_sneakers_bd36d83ea3d1_overlay.jpg,Sneaker,Left-shoe|Right-shoe,,,,,,,fallback_copy,segmented_too_small:91x56,mattmdjaga/segformer_b2_clothes,copy
/Users/ashley/Desktop/python/CS156-Machine-Learning/final/data/retail_images/raw/sneaker/anthropologie_sneakers_c2974ec58c36.jpg,/Users/ashley/Desktop/python/CS156-Machine-Learning/final/data/retail_images/segmented/sneaker/anthropologie_sneakers_c2974ec58c36_seg.jpg,/Users/ashley/Desktop/python/CS156-Machine-Learning/final/data/retail_images/segmentation_overlays/sneaker/anthropologie_sneakers_c2974ec58c36_overlay.jpg,Sneaker,Left-shoe|Right-shoe,Left-shoe|Right-shoe,0.083264393760923,0.0,342.0,339.0,498.0,fallback_copy,validation_too_small:339x156_fallback_copy,mattmdjaga/segformer_b2_clothes,copy
/Users/ashley/Desktop/python/CS156-Machine-Learning/final/data/retail_images/raw/sneaker/anthropologie_sneakers_c3e45af6ca06.jpg,/Users/ashley/Desktop/python/CS156-Machine-Learning/final/data/retail_images/segmented/sneaker/anthropologie_sneakers_c3e45af6ca06_seg.jpg,/Users/ashley/Desktop/python/CS156-Machine-Learning/final/data/retail_images/segmentation_overlays/sneaker/anthropologie_sneakers_c3e45af6ca06_overlay.jpg,Sneaker,Left-shoe|Right-shoe,Left-shoe|Right-shoe,0.2014660844696948,0.0,60.0,349.0,504.0,segmented,ok,mattmdjaga/segformer_b2_clothes,crop_masked
/Users/ashley/Desktop/python/CS156-Machine-Learning/final/data/retail_images/raw/sneaker/anthropologie_sneakers_c52c83555fe4.webp,/Users/ashley/Desktop/python/CS156-Machine-Learning/final/data/retail_images/segmented/sneaker/anthropologie_sneakers_c52c83555fe4_seg.jpg,/Users/ashley/Desktop/python/CS156-Machine-Learning/final/data/retail_images/segmentation_overlays/sneaker/anthropologie_sneakers_c52c83555fe4_overlay.jpg,Sneaker,Left-shoe|Right-shoe,,,,,,,fallback_copy,missing_target_mask,mattmdjaga/segformer_b2_clothes,copy
/Users/ashley/Desktop/python/CS156-Machine-Learning/final/data/retail_images/raw/sneaker/anthropologie_sneakers_c59459e70799.jpg,/Users/ashley/Desktop/python/CS156-Machine-Learning/final/data/retail_images/segmented/sneaker/anthropologie_sneakers_c59459e70799_seg.jpg,/Users/ashley/Desktop/python/CS156-Machine-Learning/final/data/retail_images/segmentation_overlays/sneaker/anthropologie_sneakers_c59459e70799_overlay.jpg,Sneaker,Left-shoe|Right-shoe,Left-shoe|Right-shoe,0.0457904857911432,26.0,182.0,260.0,468.0,segmented,ok,mattmdjaga/segformer_b2_clothes,crop_masked
/Users/ashley/Desktop/python/CS156-Machine-Learning/final/data/retail_images/raw/sneaker/anthropologie_sneakers_c73d9773852e.jpg,/Users/ashley/Desktop/python/CS156-Machine-Learning/final/data/retail_images/segmented/sneaker/anthropologie_sneakers_c73d9773852e_seg.jpg,/Users/ashley/Desktop/python/CS156-Machine-Learning/final/data/retail_images/segmentation_overlays/sneaker/anthropologie_sneakers_c73d9773852e_overlay.jpg,Sneaker,Left-shoe|Right-shoe,Left-shoe|Right-shoe,0.0673544187983147,45.0,182.0,306.0,452.0,segmented,ok,mattmdjaga/segformer_b2_clothes,crop_masked
/Users/ashley/Desktop/python/CS156-Machine-Learning/final/data/retail_images/raw/sneaker/anthropologie_sneakers_c7999cfb5472.jpg,/Users/ashley/Desktop/python/CS156-Machine-Learning/final/data/retail_images/segmented/sneaker/anthropologie_sneakers_c7999cfb5472_seg.jpg,/Users/ashley/Desktop/python/CS156-Machine-Learning/final/data/retail_images/segmentation_overlays/sneaker/anthropologie_sneakers_c7999cfb5472_overlay.jpg,Sneaker,Left-shoe|Right-shoe,Left-shoe|Right-shoe,0.0748437217507546,8.0,339.0,349.0,493.0,fallback_copy,validation_too_small:341x154_fallback_copy,mattmdjaga/segformer_b2_clothes,copy
/Users/ashley/Desktop/python/CS156-Machine-Learning/final/data/retail_images/raw/sneaker/anthropologie_sneakers_c808b519d064.jpg,/Users/ashley/Desktop/python/CS156-Machine-Learning/final/data/retail_images/segmented/sneaker/anthropologie_sneakers_c808b519d064_seg.jpg,/Users/ashley/Desktop/python/CS156-Machine-Learning/final/data/retail_images/segmentation_overlays/sneaker/anthropologie_sneakers_c808b519d064_overlay.jpg,Sneaker,Left-shoe|Right-shoe,Left-shoe|Right-shoe,0.0748437217507546,8.0,339.0,349.0,493.0,fallback_copy,validation_too_small:341x154_fallback_copy,mattmdjaga/segformer_b2_clothes,copy
/Users/ashley/Desktop/python/CS156-Machine-Learning/final/data/retail_images/raw/sneaker/anthropologie_sneakers_c89a71059c61.webp,/Users/ashley/Desktop/python/CS156-Machine-Learning/final/data/retail_images/segmented/sneaker/anthropologie_sneakers_c89a71059c61_seg.jpg,/Users/ashley/Desktop/python/CS156-Machine-Learning/final/data/retail_images/segmentation_overlays/sneaker/anthropologie_sneakers_c89a71059c61_overlay.jpg,Sneaker,Left-shoe|Right-shoe,Left-shoe|Right-shoe,0.0629386337363787,7.0,340.0,349.0,491.0,fallback_copy,validation_too_small:342x151_fallback_copy,mattmdjaga/segformer_b2_clothes,copy
/Users/ashley/Desktop/python/CS156-Machine-Learning/final/data/retail_images/raw/sneaker/anthropologie_sneakers_c9dfb7645b26.jpg,/Users/ashley/Desktop/python/CS156-Machine-Learning/final/data/retail_images/segmented/sneaker/anthropologie_sneakers_c9dfb7645b26_seg.jpg,/Users/ashley/Desktop/python/CS156-Machine-Learning/final/data/retail_images/segmentation_overlays/sneaker/anthropologie_sneakers_c9dfb7645b26_overlay.jpg,Sneaker,Left-shoe|Right-shoe,,,,,,,fallback_copy,mask_area_out_of_range:0.0006,mattmdjaga/segformer_b2_clothes,copy
/Users/ashley/Desktop/python/CS156-Machine-Learning/final/data/retail_images/raw/sneaker/anthropologie_sneakers_cdb36aa5195f.jpg,/Users/ashley/Desktop/python/CS156-Machine-Learning/final/data/retail_images/segmented/sneaker/anthropologie_sneakers_cdb36aa5195f_seg.jpg,/Users/ashley/Desktop/python/CS156-Machine-Learning/final/data/retail_images/segmentation_overlays/sneaker/anthropologie_sneakers_cdb36aa5195f_overlay.jpg,Sneaker,Left-shoe|Right-shoe,,,,,,,fallback_copy,mask_area_out_of_range:0.0081,mattmdjaga/segformer_b2_clothes,copy
/Users/ashley/Desktop/python/CS156-Machine-Learning/final/data/retail_images/raw/sneaker/anthropologie_sneakers_d02bcab977be.jpg,/Users/ashley/Desktop/python/CS156-Machine-Learning/final/data/retail_images/segmented/sneaker/anthropologie_sneakers_d02bcab977be_seg.jpg,/Users/ashley/Desktop/python/CS156-Machine-Learning/final/data/retail_images/segmentation_overlays/sneaker/anthropologie_sneakers_d02bcab977be_overlay.jpg,Sneaker,Left-shoe|Right-shoe,Left-shoe|Right-shoe,0.1117807228519616,5.0,351.0,329.0,502.0,fallback_copy,validation_too_small:324x151_fallback_copy,mattmdjaga/segformer_b2_clothes,copy
/Users/ashley/Desktop/python/CS156-Machine-Learning/final/data/retail_images/raw/sneaker/anthropologie_sneakers_d1fb051bedea.jpg,/Users/ashley/Desktop/python/CS156-Machine-Learning/final/data/retail_images/segmented/sneaker/anthropologie_sneakers_d1fb051bedea_seg.jpg,/Users/ashley/Desktop/python/CS156-Machine-Learning/final/data/retail_images/segmentation_overlays/sneaker/anthropologie_sneakers_d1fb051bedea_overlay.jpg,Sneaker,Left-shoe|Right-shoe,Left-shoe|Right-shoe,0.0508198787028768,17.0,34.0,337.0,497.0,segmented,ok,mattmdjaga/segformer_b2_clothes,crop_masked
/Users/ashley/Desktop/python/CS156-Machine-Learning/final/data/retail_images/raw/sneaker/anthropologie_sneakers_d2d8bb3ee51b.webp,/Users/ashley/Desktop/python/CS156-Machine-Learning/final/data/retail_images/segmented/sneaker/anthropologie_sneakers_d2d8bb3ee51b_seg.jpg,/Users/ashley/Desktop/python/CS156-Machine-Learning/final/data/retail_images/segmentation_overlays/sneaker/anthropologie_sneakers_d2d8bb3ee51b_overlay.jpg,Sneaker,Left-shoe|Right-shoe,Left-shoe|Right-shoe,0.0257509847858125,3.0,195.0,698.0,895.0,segmented,ok,mattmdjaga/segformer_b2_clothes,crop_masked
/Users/ashley/Desktop/python/CS156-Machine-Learning/final/data/retail_images/raw/sneaker/anthropologie_sneakers_d953e37de915.jpg,/Users/ashley/Desktop/python/CS156-Machine-Learning/final/data/retail_images/segmented/sneaker/anthropologie_sneakers_d953e37de915_seg.jpg,/Users/ashley/Desktop/python/CS156-Machine-Learning/final/data/retail_images/segmentation_overlays/sneaker/anthropologie_sneakers_d953e37de915_overlay.jpg,Sneaker,Left-shoe|Right-shoe,,,,,,,fallback_copy,mask_area_out_of_range:0.0026,mattmdjaga/segformer_b2_clothes,copy
/Users/ashley/Desktop/python/CS156-Machine-Learning/final/data/retail_images/raw/sneaker/anthropologie_sneakers_e0998d59679d.jpg,/Users/ashley/Desktop/python/CS156-Machine-Learning/final/data/retail_images/segmented/sneaker/anthropologie_sneakers_e0998d59679d_seg.jpg,/Users/ashley/Desktop/python/CS156-Machine-Learning/final/data/retail_images/segmentation_overlays/sneaker/anthropologie_sneakers_e0998d59679d_overlay.jpg,Sneaker,Left-shoe|Right-shoe,Left-shoe|Right-shoe,0.0701923551036285,3.0,104.0,346.0,480.0,segmented,ok,mattmdjaga/segformer_b2_clothes,crop_masked
/Users/ashley/Desktop/python/CS156-Machine-Learning/final/data/retail_images/raw/sneaker/anthropologie_sneakers_e0b33f01b2e7.webp,/Users/ashley/Desktop/python/CS156-Machine-Learning/final/data/retail_images/segmented/sneaker/anthropologie_sneakers_e0b33f01b2e7_seg.jpg,/Users/ashley/Desktop/python/CS156-Machine-Learning/final/data/retail_images/segmentation_overlays/sneaker/anthropologie_sneakers_e0b33f01b2e7_overlay.jpg,Sneaker,Left-shoe|Right-shoe,Left-shoe|Right-shoe,0.0176946424364614,136.0,179.0,675.0,924.0,segmented,ok,mattmdjaga/segformer_b2_clothes,crop_masked
/Users/ashley/Desktop/python/CS156-Machine-Learning/final/data/retail_images/raw/sneaker/anthropologie_sneakers_e5bb8fa980aa.jpg,/Users/ashley/Desktop/python/CS156-Machine-Learning/final/data/retail_images/segmented/sneaker/anthropologie_sneakers_e5bb8fa980aa_seg.jpg,/Users/ashley/Desktop/python/CS156-Machine-Learning/final/data/retail_images/segmentation_overlays/sneaker/anthropologie_sneakers_e5bb8fa980aa_overlay.jpg,Sneaker,Left-shoe|Right-shoe,Left-shoe|Right-shoe,0.105206353032702,0.0,270.0,349.0,518.0,segmented,ok,mattmdjaga/segformer_b2_clothes,crop_masked
/Users/ashley/Desktop/python/CS156-Machine-Learning/final/data/retail_images/raw/sneaker/anthropologie_sneakers_e9973c897bf2.jpg,/Users/ashley/Desktop/python/CS156-Machine-Learning/final/data/retail_images/segmented/sneaker/anthropologie_sneakers_e9973c897bf2_seg.jpg,/Users/ashley/Desktop/python/CS156-Machine-Learning/final/data/retail_images/segmentation_overlays/sneaker/anthropologie_sneakers_e9973c897bf2_overlay.jpg,Sneaker,Left-shoe|Right-shoe,Left-shoe|Right-shoe,0.0329211568699425,4.0,100.0,333.0,448.0,segmented,ok,mattmdjaga/segformer_b2_clothes,crop_masked
/Users/ashley/Desktop/python/CS156-Machine-Learning/final/data/retail_images/raw/sneaker/anthropologie_sneakers_ea4806bca7cc.jpg,/Users/ashley/Desktop/python/CS156-Machine-Learning/final/data/retail_images/segmented/sneaker/anthropologie_sneakers_ea4806bca7cc_seg.jpg,/Users/ashley/Desktop/python/CS156-Machine-Learning/final/data/retail_images/segmentation_overlays/sneaker/anthropologie_sneakers_ea4806bca7cc_overlay.jpg,Sneaker,Left-shoe|Right-shoe,Left-shoe|Right-shoe,0.0459219731875284,61.0,64.0,339.0,476.0,segmented,ok,mattmdjaga/segformer_b2_clothes,crop_masked
/Users/ashley/Desktop/python/CS156-Machine-Learning/final/data/retail_images/raw/sneaker/anthropologie_sneakers_eb70710cb511.webp,/Users/ashley/Desktop/python/CS156-Machine-Learning/final/data/retail_images/segmented/sneaker/anthropologie_sneakers_eb70710cb511_seg.jpg,/Users/ashley/Desktop/python/CS156-Machine-Learning/final/data/retail_images/segmentation_overlays/sneaker/anthropologie_sneakers_eb70710cb511_overlay.jpg,Sneaker,Left-shoe|Right-shoe,Left-shoe|Right-shoe,0.0511212039862595,2.0,100.0,338.0,448.0,segmented,ok,mattmdjaga/segformer_b2_clothes,crop_masked
/Users/ashley/Desktop/python/CS156-Machine-Learning/final/data/retail_images/raw/sneaker/anthropologie_sneakers_eea6a4803641.jpg,/Users/ashley/Desktop/python/CS156-Machine-Learning/final/data/retail_images/segmented/sneaker/anthropologie_sneakers_eea6a4803641_seg.jpg,/Users/ashley/Desktop/python/CS156-Machine-Learning/final/data/retail_images/segmentation_overlays/sneaker/anthropologie_sneakers_eea6a4803641_overlay.jpg,Sneaker,Left-shoe|Right-shoe,,,,,,,fallback_copy,segmented_too_small:15x17,mattmdjaga/segformer_b2_clothes,copy
/Users/ashley/Desktop/python/CS156-Machine-Learning/final/data/retail_images/raw/sneaker/anthropologie_sneakers_f0e8385dffe3.jpg,/Users/ashley/Desktop/python/CS156-Machine-Learning/final/data/retail_images/segmented/sneaker/anthropologie_sneakers_f0e8385dffe3_seg.jpg,/Users/ashley/Desktop/python/CS156-Machine-Learning/final/data/retail_images/segmentation_overlays/sneaker/anthropologie_sneakers_f0e8385dffe3_overlay.jpg,Sneaker,Left-shoe|Right-shoe,Left-shoe|Right-shoe,0.0243196896897445,43.0,67.0,334.0,469.0,segmented,ok,mattmdjaga/segformer_b2_clothes,crop_masked
/Users/ashley/Desktop/python/CS156-Machine-Learning/final/data/retail_images/raw/sneaker/anthropologie_sneakers_f3c71f9053dd.jpg,/Users/ashley/Desktop/python/CS156-Machine-Learning/final/data/retail_images/segmented/sneaker/anthropologie_sneakers_f3c71f9053dd_seg.jpg,/Users/ashley/Desktop/python/CS156-Machine-Learning/final/data/retail_images/segmentation_overlays/sneaker/anthropologie_sneakers_f3c71f9053dd_overlay.jpg,Sneaker,Left-shoe|Right-shoe,Left-shoe|Right-shoe,0.0424539931078689,0.0,189.0,349.0,468.0,segmented,ok,mattmdjaga/segformer_b2_clothes,crop_masked
/Users/ashley/Desktop/python/CS156-Machine-Learning/final/data/retail_images/raw/sneaker/anthropologie_sneakers_f4befd961034.jpg,/Users/ashley/Desktop/python/CS156-Machine-Learning/final/data/retail_images/segmented/sneaker/anthropologie_sneakers_f4befd961034_seg.jpg,/Users/ashley/Desktop/python/CS156-Machine-Learning/final/data/retail_images/segmentation_overlays/sneaker/anthropologie_sneakers_f4befd961034_overlay.jpg,Sneaker,Left-shoe|Right-shoe,,,,,,,fallback_copy,segmented_too_small:98x77,mattmdjaga/segformer_b2_clothes,copy
/Users/ashley/Desktop/python/CS156-Machine-Learning/final/data/retail_images/raw/sneaker/anthropologie_sneakers_f504ee5723ce.jpg,/Users/ashley/Desktop/python/CS156-Machine-Learning/final/data/retail_images/segmented/sneaker/anthropologie_sneakers_f504ee5723ce_seg.jpg,/Users/ashley/Desktop/python/CS156-Machine-Learning/final/data/retail_images/segmentation_overlays/sneaker/anthropologie_sneakers_f504ee5723ce_overlay.jpg,Sneaker,Left-shoe|Right-shoe,Left-shoe|Right-shoe,0.0150224350370082,46.0,65.0,330.0,477.0,segmented,ok,mattmdjaga/segformer_b2_clothes,crop_masked
/Users/ashley/Desktop/python/CS156-Machine-Learning/final/data/retail_images/raw/sneaker/anthropologie_sneakers_f559337d3877.jpg,/Users/ashley/Desktop/python/CS156-Machine-Learning/final/data/retail_images/segmented/sneaker/anthropologie_sneakers_f559337d3877_seg.jpg,/Users/ashley/Desktop/python/CS156-Machine-Learning/final/data/retail_images/segmentation_overlays/sneaker/anthropologie_sneakers_f559337d3877_overlay.jpg,Sneaker,Left-shoe|Right-shoe,,,,,,,fallback_copy,mask_area_out_of_range:0.0001,mattmdjaga/segformer_b2_clothes,copy
/Users/ashley/Desktop/python/CS156-Machine-Learning/final/data/retail_images/raw/sneaker/anthropologie_sneakers_fa8a142ac3fe.jpg,/Users/ashley/Desktop/python/CS156-Machine-Learning/final/data/retail_images/segmented/sneaker/anthropologie_sneakers_fa8a142ac3fe_seg.jpg,/Users/ashley/Desktop/python/CS156-Machine-Learning/final/data/retail_images/segmentation_overlays/sneaker/anthropologie_sneakers_fa8a142ac3fe_overlay.jpg,Sneaker,Left-shoe|Right-shoe,Left-shoe|Right-shoe,0.1463564294597511,36.0,104.0,349.0,492.0,segmented,ok,mattmdjaga/segformer_b2_clothes,crop_masked
/Users/ashley/Desktop/python/CS156-Machine-Learning/final/data/retail_images/raw/sneaker/fashion_nova_sneakers_0892a01dcf26.jpg,/Users/ashley/Desktop/python/CS156-Machine-Learning/final/data/retail_images/segmented/sneaker/fashion_nova_sneakers_0892a01dcf26_seg.jpg,/Users/ashley/Desktop/python/CS156-Machine-Learning/final/data/retail_images/segmentation_overlays/sneaker/fashion_nova_sneakers_0892a01dcf26_overlay.jpg,Sneaker,Left-shoe|Right-shoe,Left-shoe|Right-shoe,0.0472996661101836,31.0,223.0,381.0,576.0,segmented,ok,mattmdjaga/segformer_b2_clothes,crop_masked
/Users/ashley/Desktop/python/CS156-Machine-Learning/final/data/retail_images/raw/sneaker/fashion_nova_sneakers_203fe31ba155.jpg,/Users/ashley/Desktop/python/CS156-Machine-Learning/final/data/retail_images/segmented/sneaker/fashion_nova_sneakers_203fe31ba155_seg.jpg,/Users/ashley/Desktop/python/CS156-Machine-Learning/final/data/retail_images/segmentation_overlays/sneaker/fashion_nova_sneakers_203fe31ba155_overlay.jpg,Sneaker,Left-shoe|Right-shoe,Left-shoe|Right-shoe,0.0407795100222717,23.0,169.0,286.0,431.0,segmented,ok,mattmdjaga/segformer_b2_clothes,crop_masked
/Users/ashley/Desktop/python/CS156-Machine-Learning/final/data/retail_images/raw/sneaker/fashion_nova_sneakers_39649d2144a2.jpg,/Users/ashley/Desktop/python/CS156-Machine-Learning/final/data/retail_images/segmented/sneaker/fashion_nova_sneakers_39649d2144a2_seg.jpg,/Users/ashley/Desktop/python/CS156-Machine-Learning/final/data/retail_images/segmentation_overlays/sneaker/fashion_nova_sneakers_39649d2144a2_overlay.jpg,Sneaker,Left-shoe|Right-shoe,Left-shoe|Right-shoe,0.0493729552889858,27.0,197.0,335.0,504.0,segmented,ok,mattmdjaga/segformer_b2_clothes,crop_masked
/Users/ashley/Desktop/python/CS156-Machine-Learning/final/data/retail_images/raw/sneaker/fashion_nova_sneakers_39e14968eb11.jpg,/Users/ashley/Desktop/python/CS156-Machine-Learning/final/data/retail_images/segmented/sneaker/fashion_nova_sneakers_39e14968eb11_seg.jpg,/Users/ashley/Desktop/python/CS156-Machine-Learning/final/data/retail_images/segmentation_overlays/sneaker/fashion_nova_sneakers_39e14968eb11_overlay.jpg,Sneaker,Left-shoe|Right-shoe,Left-shoe|Right-shoe,0.0597312040477508,48.0,359.0,623.0,935.0,segmented,ok,mattmdjaga/segformer_b2_clothes,crop_masked
/Users/ashley/Desktop/python/CS156-Machine-Learning/final/data/retail_images/raw/sneaker/fashion_nova_sneakers_6812e5efe696.jpg,/Users/ashley/Desktop/python/CS156-Machine-Learning/final/data/retail_images/segmented/sneaker/fashion_nova_sneakers_6812e5efe696_seg.jpg,/Users/ashley/Desktop/python/CS156-Machine-Learning/final/data/retail_images/segmentation_overlays/sneaker/fashion_nova_sneakers_6812e5efe696_overlay.jpg,Sneaker,Left-shoe|Right-shoe,Left-shoe|Right-shoe,0.0392299465240641,19.0,141.0,239.0,360.0,segmented,ok,mattmdjaga/segformer_b2_clothes,crop_masked
/Users/ashley/Desktop/python/CS156-Machine-Learning/final/data/retail_images/raw/sneaker/fashion_nova_sneakers_68b76c8fea80.jpg,/Users/ashley/Desktop/python/CS156-Machine-Learning/final/data/retail_images/segmented/sneaker/fashion_nova_sneakers_68b76c8fea80_seg.jpg,/Users/ashley/Desktop/python/CS156-Machine-Learning/final/data/retail_images/segmentation_overlays/sneaker/fashion_nova_sneakers_68b76c8fea80_overlay.jpg,Sneaker,Left-shoe|Right-shoe,Left-shoe|Right-shoe,0.0626002227171492,41.0,331.0,576.0,864.0,segmented,ok,mattmdjaga/segformer_b2_clothes,crop_masked
/Users/ashley/Desktop/python/CS156-Machine-Learning/final/data/retail_images/raw/sneaker/fashion_nova_sneakers_914d15b3fbc6.jpg,/Users/ashley/Desktop/python/CS156-Machine-Learning/final/data/retail_images/segmented/sneaker/fashion_nova_sneakers_914d15b3fbc6_seg.jpg,/Users/ashley/Desktop/python/CS156-Machine-Learning/final/data/retail_images/segmentation_overlays/sneaker/fashion_nova_sneakers_914d15b3fbc6_overlay.jpg,Sneaker,Left-shoe|Right-shoe,Left-shoe|Right-shoe,0.0756522699657572,8.0,303.0,531.0,792.0,segmented,ok,mattmdjaga/segformer_b2_clothes,crop_masked
/Users/ashley/Desktop/python/CS156-Machine-Learning/final/data/retail_images/raw/sneaker/fashion_nova_sneakers_9f942963e92b.jpg,/Users/ashley/Desktop/python/CS156-Machine-Learning/final/data/retail_images/segmented/sneaker/fashion_nova_sneakers_9f942963e92b_seg.jpg,/Users/ashley/Desktop/python/CS156-Machine-Learning/final/data/retail_images/segmentation_overlays/sneaker/fashion_nova_sneakers_9f942963e92b_overlay.jpg,Sneaker,Left-shoe|Right-shoe,Left-shoe|Right-shoe,0.0725783053082756,26.0,252.0,431.0,648.0,segmented,ok,mattmdjaga/segformer_b2_clothes,crop_masked
/Users/ashley/Desktop/python/CS156-Machine-Learning/final/data/retail_images/raw/sneaker/fashion_nova_sneakers_a56302c14f1c.jpg,/Users/ashley/Desktop/python/CS156-Machine-Learning/final/data/retail_images/segmented/sneaker/fashion_nova_sneakers_a56302c14f1c_seg.jpg,/Users/ashley/Desktop/python/CS156-Machine-Learning/final/data/retail_images/segmentation_overlays/sneaker/fashion_nova_sneakers_a56302c14f1c_overlay.jpg,Sneaker,Left-shoe|Right-shoe,Left-shoe|Right-shoe,0.0349331103678929,17.0,171.0,191.0,284.0,fallback_copy,validation_too_small:174x113_fallback_copy,mattmdjaga/segformer_b2_clothes,copy
/Users/ashley/Desktop/python/CS156-Machine-Learning/final/data/retail_images/raw/sneaker/fashion_nova_sneakers_daa530edbabf.jpg,/Users/ashley/Desktop/python/CS156-Machine-Learning/final/data/retail_images/segmented/sneaker/fashion_nova_sneakers_daa530edbabf_seg.jpg,/Users/ashley/Desktop/python/CS156-Machine-Learning/final/data/retail_images/segmentation_overlays/sneaker/fashion_nova_sneakers_daa530edbabf_overlay.jpg,Sneaker,Left-shoe|Right-shoe,Left-shoe|Right-shoe,0.0583383315158124,54.0,387.0,673.0,1008.0,segmented,ok,mattmdjaga/segformer_b2_clothes,crop_masked
/Users/ashley/Desktop/python/CS156-Machine-Learning/final/data/retail_images/raw/sneaker/fashion_nova_sneakers_e1700b8a54fe.jpg,/Users/ashley/Desktop/python/CS156-Machine-Learning/final/data/retail_images/segmented/sneaker/fashion_nova_sneakers_e1700b8a54fe_seg.jpg,/Users/ashley/Desktop/python/CS156-Machine-Learning/final/data/retail_images/segmentation_overlays/sneaker/fashion_nova_sneakers_e1700b8a54fe_overlay.jpg,Sneaker,Left-shoe|Right-shoe,,,,,,,fallback_copy,missing_target_mask,mattmdjaga/segformer_b2_clothes,copy
/Users/ashley/Desktop/python/CS156-Machine-Learning/final/data/retail_images/raw/sneaker/fashion_nova_sneakers_fdb049943c56.jpg,/Users/ashley/Desktop/python/CS156-Machine-Learning/final/data/retail_images/segmented/sneaker/fashion_nova_sneakers_fdb049943c56_seg.jpg,/Users/ashley/Desktop/python/CS156-Machine-Learning/final/data/retail_images/segmentation_overlays/sneaker/fashion_nova_sneakers_fdb049943c56_overlay.jpg,Sneaker,Left-shoe|Right-shoe,Left-shoe|Right-shoe,0.0671722296395193,27.0,276.0,480.0,720.0,segmented,ok,mattmdjaga/segformer_b2_clothes,crop_masked
/Users/ashley/Desktop/python/CS156-Machine-Learning/final/data/retail_images/raw/sneaker/princess_polly_sneakers_06518c8c8681.jpg,/Users/ashley/Desktop/python/CS156-Machine-Learning/final/data/retail_images/segmented/sneaker/princess_polly_sneakers_06518c8c8681_seg.jpg,/Users/ashley/Desktop/python/CS156-Machine-Learning/final/data/retail_images/segmentation_overlays/sneaker/princess_polly_sneakers_06518c8c8681_overlay.jpg,Sneaker,Left-shoe|Right-shoe,Left-shoe|Right-shoe,0.0334445316588173,182.0,1057.0,1237.0,1493.0,segmented,ok,mattmdjaga/segformer_b2_clothes,crop_masked
/Users/ashley/Desktop/python/CS156-Machine-Learning/final/data/retail_images/raw/sneaker/princess_polly_sneakers_0f29396b2086.jpg,/Users/ashley/Desktop/python/CS156-Machine-Learning/final/data/retail_images/segmented/sneaker/princess_polly_sneakers_0f29396b2086_seg.jpg,/Users/ashley/Desktop/python/CS156-Machine-Learning/final/data/retail_images/segmentation_overlays/sneaker/princess_polly_sneakers_0f29396b2086_overlay.jpg,Sneaker,Left-shoe|Right-shoe,,,,,,,fallback_copy,mask_area_out_of_range:0.0022,mattmdjaga/segformer_b2_clothes,copy
/Users/ashley/Desktop/python/CS156-Machine-Learning/final/data/retail_images/raw/sneaker/princess_polly_sneakers_208eed55c043.jpg,/Users/ashley/Desktop/python/CS156-Machine-Learning/final/data/retail_images/segmented/sneaker/princess_polly_sneakers_208eed55c043_seg.jpg,/Users/ashley/Desktop/python/CS156-Machine-Learning/final/data/retail_images/segmentation_overlays/sneaker/princess_polly_sneakers_208eed55c043_overlay.jpg,Sneaker,Left-shoe|Right-shoe,Left-shoe|Right-shoe,0.0726279668287103,208.0,794.0,1167.0,1752.0,segmented,ok,mattmdjaga/segformer_b2_clothes,crop_masked
/Users/ashley/Desktop/python/CS156-Machine-Learning/final/data/retail_images/raw/sneaker/princess_polly_sneakers_228e1d60cb10.jpg,/Users/ashley/Desktop/python/CS156-Machine-Learning/final/data/retail_images/segmented/sneaker/princess_polly_sneakers_228e1d60cb10_seg.jpg,/Users/ashley/Desktop/python/CS156-Machine-Learning/final/data/retail_images/segmentation_overlays/sneaker/princess_polly_sneakers_228e1d60cb10_overlay.jpg,Sneaker,Left-shoe|Right-shoe,Left-shoe|Right-shoe,0.0844759778911564,265.0,1254.0,1021.0,1820.0,segmented,ok,mattmdjaga/segformer_b2_clothes,crop_masked
/Users/ashley/Desktop/python/CS156-Machine-Learning/final/data/retail_images/raw/sneaker/princess_polly_sneakers_409521b83086.jpg,/Users/ashley/Desktop/python/CS156-Machine-Learning/final/data/retail_images/segmented/sneaker/princess_polly_sneakers_409521b83086_seg.jpg,/Users/ashley/Desktop/python/CS156-Machine-Learning/final/data/retail_images/segmentation_overlays/sneaker/princess_polly_sneakers_409521b83086_overlay.jpg,Sneaker,Left-shoe|Right-shoe,Left-shoe|Right-shoe,0.0948435864730507,113.0,565.0,1123.0,1815.0,segmented,ok,mattmdjaga/segformer_b2_clothes,crop_masked
/Users/ashley/Desktop/python/CS156-Machine-Learning/final/data/retail_images/raw/sneaker/princess_polly_sneakers_8fd192c02cb5.jpg,/Users/ashley/Desktop/python/CS156-Machine-Learning/final/data/retail_images/segmented/sneaker/princess_polly_sneakers_8fd192c02cb5_seg.jpg,/Users/ashley/Desktop/python/CS156-Machine-Learning/final/data/retail_images/segmentation_overlays/sneaker/princess_polly_sneakers_8fd192c02cb5_overlay.jpg,Sneaker,Left-shoe|Right-shoe,Left-shoe|Right-shoe,0.0167005985086342,0.0,787.0,909.0,1270.0,segmented,ok,mattmdjaga/segformer_b2_clothes,crop_masked
/Users/ashley/Desktop/python/CS156-Machine-Learning/final/data/retail_images/raw/sneaker/princess_polly_sneakers_96d768b6d56e.jpg,/Users/ashley/Desktop/python/CS156-Machine-Learning/final/data/retail_images/segmented/sneaker/princess_polly_sneakers_96d768b6d56e_seg.jpg,/Users/ashley/Desktop/python/CS156-Machine-Learning/final/data/retail_images/segmentation_overlays/sneaker/princess_polly_sneakers_96d768b6d56e_overlay.jpg,Sneaker,Left-shoe|Right-shoe,Left-shoe|Right-shoe,0.0154316293825222,444.0,630.0,1158.0,1599.0,segmented,ok,mattmdjaga/segformer_b2_clothes,crop_masked
/Users/ashley/Desktop/python/CS156-Machine-Learning/final/data/retail_images/raw/sneaker/princess_polly_sneakers_d8e065798f34.jpg,/Users/ashley/Desktop/python/CS156-Machine-Learning/final/data/retail_images/segmented/sneaker/princess_polly_sneakers_d8e065798f34_seg.jpg,/Users/ashley/Desktop/python/CS156-Machine-Learning/final/data/retail_images/segmentation_overlays/sneaker/princess_polly_sneakers_d8e065798f34_overlay.jpg,Sneaker,Left-shoe|Right-shoe,Left-shoe|Right-shoe,0.0209760105965463,0.0,511.0,1310.0,1646.0,segmented,ok,mattmdjaga/segformer_b2_clothes,crop_masked
/Users/ashley/Desktop/python/CS156-Machine-Learning/final/data/retail_images/raw/sneaker/urban_outfitters_sneakers_0265f48296f5.jpg,/Users/ashley/Desktop/python/CS156-Machine-Learning/final/data/retail_images/segmented/sneaker/urban_outfitters_sneakers_0265f48296f5_seg.jpg,/Users/ashley/Desktop/python/CS156-Machine-Learning/final/data/retail_images/segmentation_overlays/sneaker/urban_outfitters_sneakers_0265f48296f5_overlay.jpg,Sneaker,Left-shoe|Right-shoe,Left-shoe|Right-shoe,0.0364839506172839,0.0,222.0,450.0,435.0,segmented,ok,mattmdjaga/segformer_b2_clothes,crop_masked
/Users/ashley/Desktop/python/CS156-Machine-Learning/final/data/retail_images/raw/sneaker/urban_outfitters_sneakers_0c8c87867480.webp,/Users/ashley/Desktop/python/CS156-Machine-Learning/final/data/retail_images/segmented/sneaker/urban_outfitters_sneakers_0c8c87867480_seg.jpg,/Users/ashley/Desktop/python/CS156-Machine-Learning/final/data/retail_images/segmentation_overlays/sneaker/urban_outfitters_sneakers_0c8c87867480_overlay.jpg,Sneaker,Left-shoe|Right-shoe,Left-shoe|Right-shoe,0.0262125603335396,0.0,432.0,697.0,713.0,segmented,ok,mattmdjaga/segformer_b2_clothes,crop_masked
/Users/ashley/Desktop/python/CS156-Machine-Learning/final/data/retail_images/raw/sneaker/urban_outfitters_sneakers_11755c984f62.jpg,/Users/ashley/Desktop/python/CS156-Machine-Learning/final/data/retail_images/segmented/sneaker/urban_outfitters_sneakers_11755c984f62_seg.jpg,/Users/ashley/Desktop/python/CS156-Machine-Learning/final/data/retail_images/segmentation_overlays/sneaker/urban_outfitters_sneakers_11755c984f62_overlay.jpg,Sneaker,Left-shoe|Right-shoe,Left-shoe|Right-shoe,0.0383078189300411,4.0,305.0,444.0,509.0,segmented,ok,mattmdjaga/segformer_b2_clothes,crop_masked
/Users/ashley/Desktop/python/CS156-Machine-Learning/final/data/retail_images/raw/sneaker/urban_outfitters_sneakers_1309471f9807.jpg,/Users/ashley/Desktop/python/CS156-Machine-Learning/final/data/retail_images/segmented/sneaker/urban_outfitters_sneakers_1309471f9807_seg.jpg,/Users/ashley/Desktop/python/CS156-Machine-Learning/final/data/retail_images/segmentation_overlays/sneaker/urban_outfitters_sneakers_1309471f9807_overlay.jpg,Sneaker,Left-shoe|Right-shoe,,,,,,,fallback_copy,mask_area_out_of_range:0.0039,mattmdjaga/segformer_b2_clothes,copy
/Users/ashley/Desktop/python/CS156-Machine-Learning/final/data/retail_images/raw/sneaker/urban_outfitters_sneakers_130b8cf06dd5.webp,/Users/ashley/Desktop/python/CS156-Machine-Learning/final/data/retail_images/segmented/sneaker/urban_outfitters_sneakers_130b8cf06dd5_seg.jpg,/Users/ashley/Desktop/python/CS156-Machine-Learning/final/data/retail_images/segmentation_overlays/sneaker/urban_outfitters_sneakers_130b8cf06dd5_overlay.jpg,Sneaker,Left-shoe|Right-shoe,Left-shoe|Right-shoe,0.0125310228075846,9.0,493.0,690.0,745.0,segmented,ok,mattmdjaga/segformer_b2_clothes,crop_masked
/Users/ashley/Desktop/python/CS156-Machine-Learning/final/data/retail_images/raw/sneaker/urban_outfitters_sneakers_1708bceb9c29.jpg,/Users/ashley/Desktop/python/CS156-Machine-Learning/final/data/retail_images/segmented/sneaker/urban_outfitters_sneakers_1708bceb9c29_seg.jpg,/Users/ashley/Desktop/python/CS156-Machine-Learning/final/data/retail_images/segmentation_overlays/sneaker/urban_outfitters_sneakers_1708bceb9c29_overlay.jpg,Sneaker,Left-shoe|Right-shoe,Left-shoe|Right-shoe,0.0844477803283897,10.0,231.0,346.0,373.0,fallback_copy,validation_too_small:336x142_fallback_copy,mattmdjaga/segformer_b2_clothes,copy
/Users/ashley/Desktop/python/CS156-Machine-Learning/final/data/retail_images/raw/sneaker/urban_outfitters_sneakers_1d05bcf69238.jpg,/Users/ashley/Desktop/python/CS156-Machine-Learning/final/data/retail_images/segmented/sneaker/urban_outfitters_sneakers_1d05bcf69238_seg.jpg,/Users/ashley/Desktop/python/CS156-Machine-Learning/final/data/retail_images/segmentation_overlays/sneaker/urban_outfitters_sneakers_1d05bcf69238_overlay.jpg,Sneaker,Left-shoe|Right-shoe,Left-shoe|Right-shoe,0.0379094650205761,0.0,79.0,450.0,672.0,segmented,ok,mattmdjaga/segformer_b2_clothes,crop_masked
/Users/ashley/Desktop/python/CS156-Machine-Learning/final/data/retail_images/raw/sneaker/urban_outfitters_sneakers_1d557b74de72.jpg,/Users/ashley/Desktop/python/CS156-Machine-Learning/final/data/retail_images/segmented/sneaker/urban_outfitters_sneakers_1d557b74de72_seg.jpg,/Users/ashley/Desktop/python/CS156-Machine-Learning/final/data/retail_images/segmentation_overlays/sneaker/urban_outfitters_sneakers_1d557b74de72_overlay.jpg,Sneaker,Left-shoe|Right-shoe,Left-shoe|Right-shoe,0.0217646090534979,10.0,306.0,440.0,478.0,segmented,ok,mattmdjaga/segformer_b2_clothes,crop_masked
/Users/ashley/Desktop/python/CS156-Machine-Learning/final/data/retail_images/raw/sneaker/urban_outfitters_sneakers_200e18efe163.jpg,/Users/ashley/Desktop/python/CS156-Machine-Learning/final/data/retail_images/segmented/sneaker/urban_outfitters_sneakers_200e18efe163_seg.jpg,/Users/ashley/Desktop/python/CS156-Machine-Learning/final/data/retail_images/segmentation_overlays/sneaker/urban_outfitters_sneakers_200e18efe163_overlay.jpg,Sneaker,Left-shoe|Right-shoe,Left-shoe|Right-shoe,0.0331555555555555,0.0,276.0,450.0,462.0,segmented,ok,mattmdjaga/segformer_b2_clothes,crop_masked
/Users/ashley/Desktop/python/CS156-Machine-Learning/final/data/retail_images/raw/sneaker/urban_outfitters_sneakers_29a5cbef648f.jpg,/Users/ashley/Desktop/python/CS156-Machine-Learning/final/data/retail_images/segmented/sneaker/urban_outfitters_sneakers_29a5cbef648f_seg.jpg,/Users/ashley/Desktop/python/CS156-Machine-Learning/final/data/retail_images/segmentation_overlays/sneaker/urban_outfitters_sneakers_29a5cbef648f_overlay.jpg,Sneaker,Left-shoe|Right-shoe,Left-shoe|Right-shoe,0.0327341563786008,0.0,217.0,450.0,439.0,segmented,ok,mattmdjaga/segformer_b2_clothes,crop_masked
/Users/ashley/Desktop/python/CS156-Machine-Learning/final/data/retail_images/raw/sneaker/urban_outfitters_sneakers_2d0207c5c6ad.jpg,/Users/ashley/Desktop/python/CS156-Machine-Learning/final/data/retail_images/segmented/sneaker/urban_outfitters_sneakers_2d0207c5c6ad_seg.jpg,/Users/ashley/Desktop/python/CS156-Machine-Learning/final/data/retail_images/segmentation_overlays/sneaker/urban_outfitters_sneakers_2d0207c5c6ad_overlay.jpg,Sneaker,Left-shoe|Right-shoe,,,,,,,fallback_copy,mask_area_out_of_range:0.0095,mattmdjaga/segformer_b2_clothes,copy
/Users/ashley/Desktop/python/CS156-Machine-Learning/final/data/retail_images/raw/sneaker/urban_outfitters_sneakers_2e12a2371938.jpg,/Users/ashley/Desktop/python/CS156-Machine-Learning/final/data/retail_images/segmented/sneaker/urban_outfitters_sneakers_2e12a2371938_seg.jpg,/Users/ashley/Desktop/python/CS156-Machine-Learning/final/data/retail_images/segmentation_overlays/sneaker/urban_outfitters_sneakers_2e12a2371938_overlay.jpg,Sneaker,Left-shoe|Right-shoe,Left-shoe|Right-shoe,0.1396938271604938,16.0,402.0,442.0,645.0,segmented,ok,mattmdjaga/segformer_b2_clothes,crop_masked
/Users/ashley/Desktop/python/CS156-Machine-Learning/final/data/retail_images/raw/sneaker/urban_outfitters_sneakers_361a76386571.webp,/Users/ashley/Desktop/python/CS156-Machine-Learning/final/data/retail_images/segmented/sneaker/urban_outfitters_sneakers_361a76386571_seg.jpg,/Users/ashley/Desktop/python/CS156-Machine-Learning/final/data/retail_images/segmentation_overlays/sneaker/urban_outfitters_sneakers_361a76386571_overlay.jpg,Sneaker,Left-shoe|Right-shoe,Left-shoe|Right-shoe,0.0828151451566069,22.0,179.0,349.0,415.0,segmented,ok,mattmdjaga/segformer_b2_clothes,crop_masked
/Users/ashley/Desktop/python/CS156-Machine-Learning/final/data/retail_images/raw/sneaker/urban_outfitters_sneakers_3f91724bb04b.jpg,/Users/ashley/Desktop/python/CS156-Machine-Learning/final/data/retail_images/segmented/sneaker/urban_outfitters_sneakers_3f91724bb04b_seg.jpg,/Users/ashley/Desktop/python/CS156-Machine-Learning/final/data/retail_images/segmentation_overlays/sneaker/urban_outfitters_sneakers_3f91724bb04b_overlay.jpg,Sneaker,Left-shoe|Right-shoe,Left-shoe|Right-shoe,0.0326255144032921,3.0,287.0,448.0,485.0,segmented,ok,mattmdjaga/segformer_b2_clothes,crop_masked
/Users/ashley/Desktop/python/CS156-Machine-Learning/final/data/retail_images/raw/sneaker/urban_outfitters_sneakers_4022115c6198.jpg,/Users/ashley/Desktop/python/CS156-Machine-Learning/final/data/retail_images/segmented/sneaker/urban_outfitters_sneakers_4022115c6198_seg.jpg,/Users/ashley/Desktop/python/CS156-Machine-Learning/final/data/retail_images/segmentation_overlays/sneaker/urban_outfitters_sneakers_4022115c6198_overlay.jpg,Sneaker,Left-shoe|Right-shoe,,,,,,,fallback_copy,mask_area_out_of_range:0.0045,mattmdjaga/segformer_b2_clothes,copy
/Users/ashley/Desktop/python/CS156-Machine-Learning/final/data/retail_images/raw/sneaker/urban_outfitters_sneakers_448a5d0cd833.jpg,/Users/ashley/Desktop/python/CS156-Machine-Learning/final/data/retail_images/segmented/sneaker/urban_outfitters_sneakers_448a5d0cd833_seg.jpg,/Users/ashley/Desktop/python/CS156-Machine-Learning/final/data/retail_images/segmentation_overlays/sneaker/urban_outfitters_sneakers_448a5d0cd833_overlay.jpg,Sneaker,Left-shoe|Right-shoe,Left-shoe|Right-shoe,0.0399736625514403,7.0,313.0,443.0,483.0,segmented,ok,mattmdjaga/segformer_b2_clothes,crop_masked
/Users/ashley/Desktop/python/CS156-Machine-Learning/final/data/retail_images/raw/sneaker/urban_outfitters_sneakers_47f5cf38721d.jpg,/Users/ashley/Desktop/python/CS156-Machine-Learning/final/data/retail_images/segmented/sneaker/urban_outfitters_sneakers_47f5cf38721d_seg.jpg,/Users/ashley/Desktop/python/CS156-Machine-Learning/final/data/retail_images/segmentation_overlays/sneaker/urban_outfitters_sneakers_47f5cf38721d_overlay.jpg,Sneaker,Left-shoe|Right-shoe,Left-shoe|Right-shoe,0.1073481481481481,0.0,440.0,359.0,675.0,segmented,ok,mattmdjaga/segformer_b2_clothes,crop_masked
/Users/ashley/Desktop/python/CS156-Machine-Learning/final/data/retail_images/raw/sneaker/urban_outfitters_sneakers_4d5b6324bd75.jpg,/Users/ashley/Desktop/python/CS156-Machine-Learning/final/data/retail_images/segmented/sneaker/urban_outfitters_sneakers_4d5b6324bd75_seg.jpg,/Users/ashley/Desktop/python/CS156-Machine-Learning/final/data/retail_images/segmentation_overlays/sneaker/urban_outfitters_sneakers_4d5b6324bd75_overlay.jpg,Sneaker,Left-shoe|Right-shoe,,,,,,,fallback_copy,mask_area_out_of_range:0.0092,mattmdjaga/segformer_b2_clothes,copy
/Users/ashley/Desktop/python/CS156-Machine-Learning/final/data/retail_images/raw/sneaker/urban_outfitters_sneakers_52292b900419.jpg,/Users/ashley/Desktop/python/CS156-Machine-Learning/final/data/retail_images/segmented/sneaker/urban_outfitters_sneakers_52292b900419_seg.jpg,/Users/ashley/Desktop/python/CS156-Machine-Learning/final/data/retail_images/segmentation_overlays/sneaker/urban_outfitters_sneakers_52292b900419_overlay.jpg,Sneaker,Left-shoe|Right-shoe,Left-shoe|Right-shoe,0.0879308641975308,0.0,365.0,450.0,641.0,segmented,ok,mattmdjaga/segformer_b2_clothes,crop_masked
/Users/ashley/Desktop/python/CS156-Machine-Learning/final/data/retail_images/raw/sneaker/urban_outfitters_sneakers_59d1326af833.jpg,/Users/ashley/Desktop/python/CS156-Machine-Learning/final/data/retail_images/segmented/sneaker/urban_outfitters_sneakers_59d1326af833_seg.jpg,/Users/ashley/Desktop/python/CS156-Machine-Learning/final/data/retail_images/segmentation_overlays/sneaker/urban_outfitters_sneakers_59d1326af833_overlay.jpg,Sneaker,Left-shoe|Right-shoe,,,,,,,fallback_copy,mask_area_out_of_range:0.0092,mattmdjaga/segformer_b2_clothes,copy
/Users/ashley/Desktop/python/CS156-Machine-Learning/final/data/retail_images/raw/sneaker/urban_outfitters_sneakers_5b18efdbdf8d.jpg,/Users/ashley/Desktop/python/CS156-Machine-Learning/final/data/retail_images/segmented/sneaker/urban_outfitters_sneakers_5b18efdbdf8d_seg.jpg,/Users/ashley/Desktop/python/CS156-Machine-Learning/final/data/retail_images/segmentation_overlays/sneaker/urban_outfitters_sneakers_5b18efdbdf8d_overlay.jpg,Sneaker,Left-shoe|Right-shoe,Left-shoe|Right-shoe,0.0424625514403292,7.0,295.0,444.0,484.0,segmented,ok,mattmdjaga/segformer_b2_clothes,crop_masked
/Users/ashley/Desktop/python/CS156-Machine-Learning/final/data/retail_images/raw/sneaker/urban_outfitters_sneakers_5bf3dc5077f1.jpg,/Users/ashley/Desktop/python/CS156-Machine-Learning/final/data/retail_images/segmented/sneaker/urban_outfitters_sneakers_5bf3dc5077f1_seg.jpg,/Users/ashley/Desktop/python/CS156-Machine-Learning/final/data/retail_images/segmentation_overlays/sneaker/urban_outfitters_sneakers_5bf3dc5077f1_overlay.jpg,Sneaker,Left-shoe|Right-shoe,Left-shoe|Right-shoe,0.0228148148148148,0.0,304.0,450.0,430.0,fallback_copy,validation_too_small:450x126_fallback_copy,mattmdjaga/segformer_b2_clothes,copy
/Users/ashley/Desktop/python/CS156-Machine-Learning/final/data/retail_images/raw/sneaker/urban_outfitters_sneakers_5cb06834d7ac.jpg,/Users/ashley/Desktop/python/CS156-Machine-Learning/final/data/retail_images/segmented/sneaker/urban_outfitters_sneakers_5cb06834d7ac_seg.jpg,/Users/ashley/Desktop/python/CS156-Machine-Learning/final/data/retail_images/segmentation_overlays/sneaker/urban_outfitters_sneakers_5cb06834d7ac_overlay.jpg,Sneaker,Left-shoe|Right-shoe,Left-shoe|Right-shoe,0.0413695473251028,59.0,539.0,347.0,668.0,fallback_copy,validation_too_small:288x129_fallback_copy,mattmdjaga/segformer_b2_clothes,copy
/Users/ashley/Desktop/python/CS156-Machine-Learning/final/data/retail_images/raw/sneaker/urban_outfitters_sneakers_5d74ec4c61b2.jpg,/Users/ashley/Desktop/python/CS156-Machine-Learning/final/data/retail_images/segmented/sneaker/urban_outfitters_sneakers_5d74ec4c61b2_seg.jpg,/Users/ashley/Desktop/python/CS156-Machine-Learning/final/data/retail_images/segmentation_overlays/sneaker/urban_outfitters_sneakers_5d74ec4c61b2_overlay.jpg,Sneaker,Left-shoe|Right-shoe,Left-shoe|Right-shoe,0.1136395061728395,0.0,123.0,450.0,664.0,segmented,ok,mattmdjaga/segformer_b2_clothes,crop_masked
/Users/ashley/Desktop/python/CS156-Machine-Learning/final/data/retail_images/raw/sneaker/urban_outfitters_sneakers_5f8821ebe9ff.jpg,/Users/ashley/Desktop/python/CS156-Machine-Learning/final/data/retail_images/segmented/sneaker/urban_outfitters_sneakers_5f8821ebe9ff_seg.jpg,/Users/ashley/Desktop/python/CS156-Machine-Learning/final/data/retail_images/segmentation_overlays/sneaker/urban_outfitters_sneakers_5f8821ebe9ff_overlay.jpg,Sneaker,Left-shoe|Right-shoe,Left-shoe|Right-shoe,0.0384427983539094,9.0,325.0,441.0,475.0,fallback_copy,validation_too_small:432x150_fallback_copy,mattmdjaga/segformer_b2_clothes,copy
/Users/ashley/Desktop/python/CS156-Machine-Learning/final/data/retail_images/raw/sneaker/urban_outfitters_sneakers_5ff7757e9f28.jpg,/Users/ashley/Desktop/python/CS156-Machine-Learning/final/data/retail_images/segmented/sneaker/urban_outfitters_sneakers_5ff7757e9f28_seg.jpg,/Users/ashley/Desktop/python/CS156-Machine-Learning/final/data/retail_images/segmentation_overlays/sneaker/urban_outfitters_sneakers_5ff7757e9f28_overlay.jpg,Sneaker,Left-shoe|Right-shoe,,,,,,,fallback_copy,missing_target_mask,mattmdjaga/segformer_b2_clothes,copy
/Users/ashley/Desktop/python/CS156-Machine-Learning/final/data/retail_images/raw/sneaker/urban_outfitters_sneakers_64a4b3a6e642.jpg,/Users/ashley/Desktop/python/CS156-Machine-Learning/final/data/retail_images/segmented/sneaker/urban_outfitters_sneakers_64a4b3a6e642_seg.jpg,/Users/ashley/Desktop/python/CS156-Machine-Learning/final/data/retail_images/segmentation_overlays/sneaker/urban_outfitters_sneakers_64a4b3a6e642_overlay.jpg,Sneaker,Left-shoe|Right-shoe,Left-shoe|Right-shoe,0.0208230452674897,41.0,444.0,243.0,599.0,fallback_copy,validation_too_small:202x155_fallback_copy,mattmdjaga/segformer_b2_clothes,copy
/Users/ashley/Desktop/python/CS156-Machine-Learning/final/data/retail_images/raw/sneaker/urban_outfitters_sneakers_6e5aa1837d56.jpg,/Users/ashley/Desktop/python/CS156-Machine-Learning/final/data/retail_images/segmented/sneaker/urban_outfitters_sneakers_6e5aa1837d56_seg.jpg,/Users/ashley/Desktop/python/CS156-Machine-Learning/final/data/retail_images/segmentation_overlays/sneaker/urban_outfitters_sneakers_6e5aa1837d56_overlay.jpg,Sneaker,Left-shoe|Right-shoe,,,,,,,fallback_copy,missing_target_mask,mattmdjaga/segformer_b2_clothes,copy
/Users/ashley/Desktop/python/CS156-Machine-Learning/final/data/retail_images/raw/sneaker/urban_outfitters_sneakers_752571463701.jpg,/Users/ashley/Desktop/python/CS156-Machine-Learning/final/data/retail_images/segmented/sneaker/urban_outfitters_sneakers_752571463701_seg.jpg,/Users/ashley/Desktop/python/CS156-Machine-Learning/final/data/retail_images/segmentation_overlays/sneaker/urban_outfitters_sneakers_752571463701_overlay.jpg,Sneaker,Left-shoe|Right-shoe,Left-shoe|Right-shoe,0.0307061728395061,0.0,447.0,393.0,616.0,segmented,ok,mattmdjaga/segformer_b2_clothes,crop_masked
/Users/ashley/Desktop/python/CS156-Machine-Learning/final/data/retail_images/raw/sneaker/urban_outfitters_sneakers_7619219acb27.jpg,/Users/ashley/Desktop/python/CS156-Machine-Learning/final/data/retail_images/segmented/sneaker/urban_outfitters_sneakers_7619219acb27_seg.jpg,/Users/ashley/Desktop/python/CS156-Machine-Learning/final/data/retail_images/segmentation_overlays/sneaker/urban_outfitters_sneakers_7619219acb27_overlay.jpg,Sneaker,Left-shoe|Right-shoe,Left-shoe|Right-shoe,0.0322205761316872,16.0,351.0,426.0,462.0,fallback_copy,validation_too_small:410x111_fallback_copy,mattmdjaga/segformer_b2_clothes,copy
/Users/ashley/Desktop/python/CS156-Machine-Learning/final/data/retail_images/raw/sneaker/urban_outfitters_sneakers_796766cbe3d0.jpg,/Users/ashley/Desktop/python/CS156-Machine-Learning/final/data/retail_images/segmented/sneaker/urban_outfitters_sneakers_796766cbe3d0_seg.jpg,/Users/ashley/Desktop/python/CS156-Machine-Learning/final/data/retail_images/segmentation_overlays/sneaker/urban_outfitters_sneakers_796766cbe3d0_overlay.jpg,Sneaker,Left-shoe|Right-shoe,Left-shoe|Right-shoe,0.0167374485596707,13.0,315.0,437.0,483.0,segmented,ok,mattmdjaga/segformer_b2_clothes,crop_masked
/Users/ashley/Desktop/python/CS156-Machine-Learning/final/data/retail_images/raw/sneaker/urban_outfitters_sneakers_802564fb0cbf.webp,/Users/ashley/Desktop/python/CS156-Machine-Learning/final/data/retail_images/segmented/sneaker/urban_outfitters_sneakers_802564fb0cbf_seg.jpg,/Users/ashley/Desktop/python/CS156-Machine-Learning/final/data/retail_images/segmentation_overlays/sneaker/urban_outfitters_sneakers_802564fb0cbf_overlay.jpg,Sneaker,Left-shoe|Right-shoe,Left-shoe|Right-shoe,0.0831274277230218,10.0,231.0,346.0,373.0,fallback_copy,validation_too_small:336x142_fallback_copy,mattmdjaga/segformer_b2_clothes,copy
/Users/ashley/Desktop/python/CS156-Machine-Learning/final/data/retail_images/raw/sneaker/urban_outfitters_sneakers_80e38c20d451.jpg,/Users/ashley/Desktop/python/CS156-Machine-Learning/final/data/retail_images/segmented/sneaker/urban_outfitters_sneakers_80e38c20d451_seg.jpg,/Users/ashley/Desktop/python/CS156-Machine-Learning/final/data/retail_images/segmentation_overlays/sneaker/urban_outfitters_sneakers_80e38c20d451_overlay.jpg,Sneaker,Left-shoe|Right-shoe,Left-shoe|Right-shoe,0.0335539094650205,0.0,311.0,450.0,428.0,fallback_copy,validation_too_small:450x117_fallback_copy,mattmdjaga/segformer_b2_clothes,copy
/Users/ashley/Desktop/python/CS156-Machine-Learning/final/data/retail_images/raw/sneaker/urban_outfitters_sneakers_88c0408e8718.jpg,/Users/ashley/Desktop/python/CS156-Machine-Learning/final/data/retail_images/segmented/sneaker/urban_outfitters_sneakers_88c0408e8718_seg.jpg,/Users/ashley/Desktop/python/CS156-Machine-Learning/final/data/retail_images/segmentation_overlays/sneaker/urban_outfitters_sneakers_88c0408e8718_overlay.jpg,Sneaker,Left-shoe|Right-shoe,Left-shoe|Right-shoe,0.0203805464397048,3.0,238.0,346.0,374.0,fallback_copy,validation_too_small:343x136_fallback_copy,mattmdjaga/segformer_b2_clothes,copy
/Users/ashley/Desktop/python/CS156-Machine-Learning/final/data/retail_images/raw/sneaker/urban_outfitters_sneakers_8a7f1bc32bbd.jpg,/Users/ashley/Desktop/python/CS156-Machine-Learning/final/data/retail_images/segmented/sneaker/urban_outfitters_sneakers_8a7f1bc32bbd_seg.jpg,/Users/ashley/Desktop/python/CS156-Machine-Learning/final/data/retail_images/segmentation_overlays/sneaker/urban_outfitters_sneakers_8a7f1bc32bbd_overlay.jpg,Sneaker,Left-shoe|Right-shoe,Left-shoe|Right-shoe,0.0842656154979811,43.0,355.0,698.0,833.0,segmented,ok,mattmdjaga/segformer_b2_clothes,crop_masked
/Users/ashley/Desktop/python/CS156-Machine-Learning/final/data/retail_images/raw/sneaker/urban_outfitters_sneakers_8f9c1349553b.jpg,/Users/ashley/Desktop/python/CS156-Machine-Learning/final/data/retail_images/segmented/sneaker/urban_outfitters_sneakers_8f9c1349553b_seg.jpg,/Users/ashley/Desktop/python/CS156-Machine-Learning/final/data/retail_images/segmentation_overlays/sneaker/urban_outfitters_sneakers_8f9c1349553b_overlay.jpg,Sneaker,Left-shoe|Right-shoe,Left-shoe|Right-shoe,0.015272427983539,8.0,293.0,442.0,481.0,segmented,ok,mattmdjaga/segformer_b2_clothes,crop_masked
/Users/ashley/Desktop/python/CS156-Machine-Learning/final/data/retail_images/raw/sneaker/urban_outfitters_sneakers_92217ad7fa8b.webp,/Users/ashley/Desktop/python/CS156-Machine-Learning/final/data/retail_images/segmented/sneaker/urban_outfitters_sneakers_92217ad7fa8b_seg.jpg,/Users/ashley/Desktop/python/CS156-Machine-Learning/final/data/retail_images/segmentation_overlays/sneaker/urban_outfitters_sneakers_92217ad7fa8b_overlay.jpg,Sneaker,Left-shoe|Right-shoe,Left-shoe|Right-shoe,0.0141568096774723,3.0,244.0,346.0,373.0,fallback_copy,validation_too_small:343x129_fallback_copy,mattmdjaga/segformer_b2_clothes,copy
/Users/ashley/Desktop/python/CS156-Machine-Learning/final/data/retail_images/raw/sneaker/urban_outfitters_sneakers_94b40421b01a.jpg,/Users/ashley/Desktop/python/CS156-Machine-Learning/final/data/retail_images/segmented/sneaker/urban_outfitters_sneakers_94b40421b01a_seg.jpg,/Users/ashley/Desktop/python/CS156-Machine-Learning/final/data/retail_images/segmentation_overlays/sneaker/urban_outfitters_sneakers_94b40421b01a_overlay.jpg,Sneaker,Left-shoe|Right-shoe,,,,,,,fallback_copy,mask_area_out_of_range:0.0088,mattmdjaga/segformer_b2_clothes,copy
/Users/ashley/Desktop/python/CS156-Machine-Learning/final/data/retail_images/raw/sneaker/urban_outfitters_sneakers_9512fe19a02f.jpg,/Users/ashley/Desktop/python/CS156-Machine-Learning/final/data/retail_images/segmented/sneaker/urban_outfitters_sneakers_9512fe19a02f_seg.jpg,/Users/ashley/Desktop/python/CS156-Machine-Learning/final/data/retail_images/segmentation_overlays/sneaker/urban_outfitters_sneakers_9512fe19a02f_overlay.jpg,Sneaker,Left-shoe|Right-shoe,Left-shoe|Right-shoe,0.1585316872427983,58.0,170.0,400.0,663.0,segmented,ok,mattmdjaga/segformer_b2_clothes,crop_masked
/Users/ashley/Desktop/python/CS156-Machine-Learning/final/data/retail_images/raw/sneaker/urban_outfitters_sneakers_97adfc5f798c.jpg,/Users/ashley/Desktop/python/CS156-Machine-Learning/final/data/retail_images/segmented/sneaker/urban_outfitters_sneakers_97adfc5f798c_seg.jpg,/Users/ashley/Desktop/python/CS156-Machine-Learning/final/data/retail_images/segmentation_overlays/sneaker/urban_outfitters_sneakers_97adfc5f798c_overlay.jpg,Sneaker,Left-shoe|Right-shoe,,,,,,,fallback_copy,mask_area_out_of_range:0.0016,mattmdjaga/segformer_b2_clothes,copy
/Users/ashley/Desktop/python/CS156-Machine-Learning/final/data/retail_images/raw/sneaker/urban_outfitters_sneakers_9824123916f4.jpg,/Users/ashley/Desktop/python/CS156-Machine-Learning/final/data/retail_images/segmented/sneaker/urban_outfitters_sneakers_9824123916f4_seg.jpg,/Users/ashley/Desktop/python/CS156-Machine-Learning/final/data/retail_images/segmentation_overlays/sneaker/urban_outfitters_sneakers_9824123916f4_overlay.jpg,Sneaker,Left-shoe|Right-shoe,Left-shoe|Right-shoe,0.0830847736625514,7.0,283.0,444.0,481.0,segmented,ok,mattmdjaga/segformer_b2_clothes,crop_masked
/Users/ashley/Desktop/python/CS156-Machine-Learning/final/data/retail_images/raw/sneaker/urban_outfitters_sneakers_9cb9c6e1f54a.jpg,/Users/ashley/Desktop/python/CS156-Machine-Learning/final/data/retail_images/segmented/sneaker/urban_outfitters_sneakers_9cb9c6e1f54a_seg.jpg,/Users/ashley/Desktop/python/CS156-Machine-Learning/final/data/retail_images/segmentation_overlays/sneaker/urban_outfitters_sneakers_9cb9c6e1f54a_overlay.jpg,Sneaker,Left-shoe|Right-shoe,,,,,,,fallback_copy,segmented_too_small:29x12,mattmdjaga/segformer_b2_clothes,copy
/Users/ashley/Desktop/python/CS156-Machine-Learning/final/data/retail_images/raw/sneaker/urban_outfitters_sneakers_a089ff26a284.webp,/Users/ashley/Desktop/python/CS156-Machine-Learning/final/data/retail_images/segmented/sneaker/urban_outfitters_sneakers_a089ff26a284_seg.jpg,/Users/ashley/Desktop/python/CS156-Machine-Learning/final/data/retail_images/segmentation_overlays/sneaker/urban_outfitters_sneakers_a089ff26a284_overlay.jpg,Sneaker,Left-shoe|Right-shoe,Left-shoe|Right-shoe,0.0766653700548412,43.0,355.0,698.0,832.0,segmented,ok,mattmdjaga/segformer_b2_clothes,crop_masked
/Users/ashley/Desktop/python/CS156-Machine-Learning/final/data/retail_images/raw/sneaker/urban_outfitters_sneakers_a4d0613cf96f.jpg,/Users/ashley/Desktop/python/CS156-Machine-Learning/final/data/retail_images/segmented/sneaker/urban_outfitters_sneakers_a4d0613cf96f_seg.jpg,/Users/ashley/Desktop/python/CS156-Machine-Learning/final/data/retail_images/segmentation_overlays/sneaker/urban_outfitters_sneakers_a4d0613cf96f_overlay.jpg,Sneaker,Left-shoe|Right-shoe,Left-shoe|Right-shoe,0.0984621453264448,20.0,461.0,691.0,745.0,segmented,ok,mattmdjaga/segformer_b2_clothes,crop_masked
/Users/ashley/Desktop/python/CS156-Machine-Learning/final/data/retail_images/raw/sneaker/urban_outfitters_sneakers_a52773e0266e.jpg,/Users/ashley/Desktop/python/CS156-Machine-Learning/final/data/retail_images/segmented/sneaker/urban_outfitters_sneakers_a52773e0266e_seg.jpg,/Users/ashley/Desktop/python/CS156-Machine-Learning/final/data/retail_images/segmentation_overlays/sneaker/urban_outfitters_sneakers_a52773e0266e_overlay.jpg,Sneaker,Left-shoe|Right-shoe,Left-shoe|Right-shoe,0.0254099393514384,0.0,432.0,697.0,713.0,segmented,ok,mattmdjaga/segformer_b2_clothes,crop_masked
/Users/ashley/Desktop/python/CS156-Machine-Learning/final/data/retail_images/raw/sneaker/urban_outfitters_sneakers_a67e3ee1904a.jpg,/Users/ashley/Desktop/python/CS156-Machine-Learning/final/data/retail_images/segmented/sneaker/urban_outfitters_sneakers_a67e3ee1904a_seg.jpg,/Users/ashley/Desktop/python/CS156-Machine-Learning/final/data/retail_images/segmentation_overlays/sneaker/urban_outfitters_sneakers_a67e3ee1904a_overlay.jpg,Sneaker,Left-shoe|Right-shoe,Left-shoe|Right-shoe,0.025438683127572,0.0,222.0,450.0,497.0,segmented,ok,mattmdjaga/segformer_b2_clothes,crop_masked
/Users/ashley/Desktop/python/CS156-Machine-Learning/final/data/retail_images/raw/sneaker/urban_outfitters_sneakers_ad16aa1dd1a8.jpg,/Users/ashley/Desktop/python/CS156-Machine-Learning/final/data/retail_images/segmented/sneaker/urban_outfitters_sneakers_ad16aa1dd1a8_seg.jpg,/Users/ashley/Desktop/python/CS156-Machine-Learning/final/data/retail_images/segmentation_overlays/sneaker/urban_outfitters_sneakers_ad16aa1dd1a8_overlay.jpg,Sneaker,Left-shoe|Right-shoe,Left-shoe|Right-shoe,0.0197794238683127,0.0,240.0,427.0,433.0,segmented,ok,mattmdjaga/segformer_b2_clothes,crop_masked
/Users/ashley/Desktop/python/CS156-Machine-Learning/final/data/retail_images/raw/sneaker/urban_outfitters_sneakers_ad7fe2d025c1.jpg,/Users/ashley/Desktop/python/CS156-Machine-Learning/final/data/retail_images/segmented/sneaker/urban_outfitters_sneakers_ad7fe2d025c1_seg.jpg,/Users/ashley/Desktop/python/CS156-Machine-Learning/final/data/retail_images/segmentation_overlays/sneaker/urban_outfitters_sneakers_ad7fe2d025c1_overlay.jpg,Sneaker,Left-shoe|Right-shoe,Left-shoe|Right-shoe,0.1028312757201646,13.0,297.0,447.0,481.0,segmented,ok,mattmdjaga/segformer_b2_clothes,crop_masked
/Users/ashley/Desktop/python/CS156-Machine-Learning/final/data/retail_images/raw/sneaker/urban_outfitters_sneakers_b0b347a35339.jpg,/Users/ashley/Desktop/python/CS156-Machine-Learning/final/data/retail_images/segmented/sneaker/urban_outfitters_sneakers_b0b347a35339_seg.jpg,/Users/ashley/Desktop/python/CS156-Machine-Learning/final/data/retail_images/segmentation_overlays/sneaker/urban_outfitters_sneakers_b0b347a35339_overlay.jpg,Sneaker,Left-shoe|Right-shoe,Left-shoe|Right-shoe,0.0171720164609053,0.0,216.0,450.0,437.0,segmented,ok,mattmdjaga/segformer_b2_clothes,crop_masked
/Users/ashley/Desktop/python/CS156-Machine-Learning/final/data/retail_images/raw/sneaker/urban_outfitters_sneakers_b0c64fe69507.jpg,/Users/ashley/Desktop/python/CS156-Machine-Learning/final/data/retail_images/segmented/sneaker/urban_outfitters_sneakers_b0c64fe69507_seg.jpg,/Users/ashley/Desktop/python/CS156-Machine-Learning/final/data/retail_images/segmentation_overlays/sneaker/urban_outfitters_sneakers_b0c64fe69507_overlay.jpg,Sneaker,Left-shoe|Right-shoe,Left-shoe|Right-shoe,0.0474106995884773,10.0,355.0,440.0,475.0,fallback_copy,validation_too_small:430x120_fallback_copy,mattmdjaga/segformer_b2_clothes,copy
/Users/ashley/Desktop/python/CS156-Machine-Learning/final/data/retail_images/raw/sneaker/urban_outfitters_sneakers_b3801ad12c4b.webp,/Users/ashley/Desktop/python/CS156-Machine-Learning/final/data/retail_images/segmented/sneaker/urban_outfitters_sneakers_b3801ad12c4b_seg.jpg,/Users/ashley/Desktop/python/CS156-Machine-Learning/final/data/retail_images/segmentation_overlays/sneaker/urban_outfitters_sneakers_b3801ad12c4b_overlay.jpg,Sneaker,Left-shoe|Right-shoe,Left-shoe|Right-shoe,0.0384052770275082,0.0,212.0,348.0,358.0,fallback_copy,validation_too_small:348x146_fallback_copy,mattmdjaga/segformer_b2_clothes,copy
/Users/ashley/Desktop/python/CS156-Machine-Learning/final/data/retail_images/raw/sneaker/urban_outfitters_sneakers_b61b8b1360a0.jpg,/Users/ashley/Desktop/python/CS156-Machine-Learning/final/data/retail_images/segmented/sneaker/urban_outfitters_sneakers_b61b8b1360a0_seg.jpg,/Users/ashley/Desktop/python/CS156-Machine-Learning/final/data/retail_images/segmentation_overlays/sneaker/urban_outfitters_sneakers_b61b8b1360a0_overlay.jpg,Sneaker,Left-shoe|Right-shoe,Left-shoe|Right-shoe,0.0384545848011527,0.0,213.0,348.0,358.0,fallback_copy,validation_too_small:348x145_fallback_copy,mattmdjaga/segformer_b2_clothes,copy
/Users/ashley/Desktop/python/CS156-Machine-Learning/final/data/retail_images/raw/sneaker/urban_outfitters_sneakers_bfdccc90cbb4.jpg,/Users/ashley/Desktop/python/CS156-Machine-Learning/final/data/retail_images/segmented/sneaker/urban_outfitters_sneakers_bfdccc90cbb4_seg.jpg,/Users/ashley/Desktop/python/CS156-Machine-Learning/final/data/retail_images/segmentation_overlays/sneaker/urban_outfitters_sneakers_bfdccc90cbb4_overlay.jpg,Sneaker,Left-shoe|Right-shoe,Left-shoe|Right-shoe,0.1052279835390946,0.0,288.0,450.0,656.0,segmented,ok,mattmdjaga/segformer_b2_clothes,crop_masked
/Users/ashley/Desktop/python/CS156-Machine-Learning/final/data/retail_images/raw/sneaker/urban_outfitters_sneakers_c25ec95a7c1b.webp,/Users/ashley/Desktop/python/CS156-Machine-Learning/final/data/retail_images/segmented/sneaker/urban_outfitters_sneakers_c25ec95a7c1b_seg.jpg,/Users/ashley/Desktop/python/CS156-Machine-Learning/final/data/retail_images/segmentation_overlays/sneaker/urban_outfitters_sneakers_c25ec95a7c1b_overlay.jpg,Sneaker,Left-shoe|Right-shoe,Left-shoe|Right-shoe,0.100683734461203,20.0,460.0,691.0,745.0,segmented,ok,mattmdjaga/segformer_b2_clothes,crop_masked
/Users/ashley/Desktop/python/CS156-Machine-Learning/final/data/retail_images/raw/sneaker/urban_outfitters_sneakers_c3e1c4b13087.jpg,/Users/ashley/Desktop/python/CS156-Machine-Learning/final/data/retail_images/segmented/sneaker/urban_outfitters_sneakers_c3e1c4b13087_seg.jpg,/Users/ashley/Desktop/python/CS156-Machine-Learning/final/data/retail_images/segmentation_overlays/sneaker/urban_outfitters_sneakers_c3e1c4b13087_overlay.jpg,Sneaker,Left-shoe|Right-shoe,Left-shoe|Right-shoe,0.0821234567901234,8.0,306.0,443.0,478.0,segmented,ok,mattmdjaga/segformer_b2_clothes,crop_masked
/Users/ashley/Desktop/python/CS156-Machine-Learning/final/data/retail_images/raw/sneaker/urban_outfitters_sneakers_ce972b4dc5c9.jpg,/Users/ashley/Desktop/python/CS156-Machine-Learning/final/data/retail_images/segmented/sneaker/urban_outfitters_sneakers_ce972b4dc5c9_seg.jpg,/Users/ashley/Desktop/python/CS156-Machine-Learning/final/data/retail_images/segmentation_overlays/sneaker/urban_outfitters_sneakers_ce972b4dc5c9_overlay.jpg,Sneaker,Left-shoe|Right-shoe,,,,,,,fallback_copy,mask_area_out_of_range:0.0022,mattmdjaga/segformer_b2_clothes,copy
/Users/ashley/Desktop/python/CS156-Machine-Learning/final/data/retail_images/raw/sneaker/urban_outfitters_sneakers_cf331db1e67a.jpg,/Users/ashley/Desktop/python/CS156-Machine-Learning/final/data/retail_images/segmented/sneaker/urban_outfitters_sneakers_cf331db1e67a_seg.jpg,/Users/ashley/Desktop/python/CS156-Machine-Learning/final/data/retail_images/segmentation_overlays/sneaker/urban_outfitters_sneakers_cf331db1e67a_overlay.jpg,Sneaker,Left-shoe|Right-shoe,Left-shoe|Right-shoe,0.1217573290526881,22.0,178.0,349.0,416.0,segmented,ok,mattmdjaga/segformer_b2_clothes,crop_masked
/Users/ashley/Desktop/python/CS156-Machine-Learning/final/data/retail_images/raw/sneaker/urban_outfitters_sneakers_d0264f155cf5.jpg,/Users/ashley/Desktop/python/CS156-Machine-Learning/final/data/retail_images/segmented/sneaker/urban_outfitters_sneakers_d0264f155cf5_seg.jpg,/Users/ashley/Desktop/python/CS156-Machine-Learning/final/data/retail_images/segmentation_overlays/sneaker/urban_outfitters_sneakers_d0264f155cf5_overlay.jpg,Sneaker,Left-shoe|Right-shoe,,,,,,,fallback_copy,mask_area_out_of_range:0.0084,mattmdjaga/segformer_b2_clothes,copy
/Users/ashley/Desktop/python/CS156-Machine-Learning/final/data/retail_images/raw/sneaker/urban_outfitters_sneakers_d3251c62f85d.jpg,/Users/ashley/Desktop/python/CS156-Machine-Learning/final/data/retail_images/segmented/sneaker/urban_outfitters_sneakers_d3251c62f85d_seg.jpg,/Users/ashley/Desktop/python/CS156-Machine-Learning/final/data/retail_images/segmentation_overlays/sneaker/urban_outfitters_sneakers_d3251c62f85d_overlay.jpg,Sneaker,Left-shoe|Right-shoe,Left-shoe|Right-shoe,0.092125,11.0,265.0,397.0,427.0,segmented,ok,mattmdjaga/segformer_b2_clothes,crop_masked
/Users/ashley/Desktop/python/CS156-Machine-Learning/final/data/retail_images/raw/sneaker/urban_outfitters_sneakers_e29a9dea3c50.jpg,/Users/ashley/Desktop/python/CS156-Machine-Learning/final/data/retail_images/segmented/sneaker/urban_outfitters_sneakers_e29a9dea3c50_seg.jpg,/Users/ashley/Desktop/python/CS156-Machine-Learning/final/data/retail_images/segmentation_overlays/sneaker/urban_outfitters_sneakers_e29a9dea3c50_overlay.jpg,Sneaker,Left-shoe|Right-shoe,Left-shoe|Right-shoe,0.0282172839506172,0.0,219.0,450.0,623.0,segmented,ok,mattmdjaga/segformer_b2_clothes,crop_masked
/Users/ashley/Desktop/python/CS156-Machine-Learning/final/data/retail_images/raw/sneaker/urban_outfitters_sneakers_e652db812369.jpg,/Users/ashley/Desktop/python/CS156-Machine-Learning/final/data/retail_images/segmented/sneaker/urban_outfitters_sneakers_e652db812369_seg.jpg,/Users/ashley/Desktop/python/CS156-Machine-Learning/final/data/retail_images/segmentation_overlays/sneaker/urban_outfitters_sneakers_e652db812369_overlay.jpg,Sneaker,Left-shoe|Right-shoe,Left-shoe|Right-shoe,0.0700411522633744,5.0,280.0,444.0,488.0,segmented,ok,mattmdjaga/segformer_b2_clothes,crop_masked
/Users/ashley/Desktop/python/CS156-Machine-Learning/final/data/retail_images/raw/sneaker/urban_outfitters_sneakers_ec5d86a8dbda.jpg,/Users/ashley/Desktop/python/CS156-Machine-Learning/final/data/retail_images/segmented/sneaker/urban_outfitters_sneakers_ec5d86a8dbda_seg.jpg,/Users/ashley/Desktop/python/CS156-Machine-Learning/final/data/retail_images/segmentation_overlays/sneaker/urban_outfitters_sneakers_ec5d86a8dbda_overlay.jpg,Sneaker,Left-shoe|Right-shoe,Left-shoe|Right-shoe,0.0392987654320987,0.0,220.0,378.0,436.0,segmented,ok,mattmdjaga/segformer_b2_clothes,crop_masked
/Users/ashley/Desktop/python/CS156-Machine-Learning/final/data/retail_images/raw/sneaker/urban_outfitters_sneakers_f24866a4097a.jpg,/Users/ashley/Desktop/python/CS156-Machine-Learning/final/data/retail_images/segmented/sneaker/urban_outfitters_sneakers_f24866a4097a_seg.jpg,/Users/ashley/Desktop/python/CS156-Machine-Learning/final/data/retail_images/segmentation_overlays/sneaker/urban_outfitters_sneakers_f24866a4097a_overlay.jpg,Sneaker,Left-shoe|Right-shoe,Left-shoe|Right-shoe,0.0402271604938271,0.0,292.0,450.0,586.0,segmented,ok,mattmdjaga/segformer_b2_clothes,crop_masked
/Users/ashley/Desktop/python/CS156-Machine-Learning/final/data/retail_images/raw/sneaker/urban_outfitters_sneakers_f2bc96c9c861.jpg,/Users/ashley/Desktop/python/CS156-Machine-Learning/final/data/retail_images/segmented/sneaker/urban_outfitters_sneakers_f2bc96c9c861_seg.jpg,/Users/ashley/Desktop/python/CS156-Machine-Learning/final/data/retail_images/segmentation_overlays/sneaker/urban_outfitters_sneakers_f2bc96c9c861_overlay.jpg,Sneaker,Left-shoe|Right-shoe,Left-shoe|Right-shoe,0.1240098765432098,27.0,228.0,450.0,537.0,segmented,ok,mattmdjaga/segformer_b2_clothes,crop_masked
/Users/ashley/Desktop/python/CS156-Machine-Learning/final/data/retail_images/raw/sneaker/urban_outfitters_sneakers_f3319b826fe1.jpg,/Users/ashley/Desktop/python/CS156-Machine-Learning/final/data/retail_images/segmented/sneaker/urban_outfitters_sneakers_f3319b826fe1_seg.jpg,/Users/ashley/Desktop/python/CS156-Machine-Learning/final/data/retail_images/segmentation_overlays/sneaker/urban_outfitters_sneakers_f3319b826fe1_overlay.jpg,Sneaker,Left-shoe|Right-shoe,Left-shoe|Right-shoe,0.0364674897119341,0.0,214.0,434.0,436.0,segmented,ok,mattmdjaga/segformer_b2_clothes,crop_masked
/Users/ashley/Desktop/python/CS156-Machine-Learning/final/data/retail_images/raw/sneaker/urban_outfitters_sneakers_f63fbaa9518c.jpg,/Users/ashley/Desktop/python/CS156-Machine-Learning/final/data/retail_images/segmented/sneaker/urban_outfitters_sneakers_f63fbaa9518c_seg.jpg,/Users/ashley/Desktop/python/CS156-Machine-Learning/final/data/retail_images/segmentation_overlays/sneaker/urban_outfitters_sneakers_f63fbaa9518c_overlay.jpg,Sneaker,Left-shoe|Right-shoe,Left-shoe|Right-shoe,0.0127045267489711,165.0,212.0,287.0,600.0,fallback_copy,validation_too_small:122x388_fallback_copy,mattmdjaga/segformer_b2_clothes,copy
/Users/ashley/Desktop/python/CS156-Machine-Learning/final/data/retail_images/raw/sneaker/urban_outfitters_sneakers_f82001ef94ae.jpg,/Users/ashley/Desktop/python/CS156-Machine-Learning/final/data/retail_images/segmented/sneaker/urban_outfitters_sneakers_f82001ef94ae_seg.jpg,/Users/ashley/Desktop/python/CS156-Machine-Learning/final/data/retail_images/segmentation_overlays/sneaker/urban_outfitters_sneakers_f82001ef94ae_overlay.jpg,Sneaker,Left-shoe|Right-shoe,,,,,,,fallback_copy,mask_area_out_of_range:0.0019,mattmdjaga/segformer_b2_clothes,copy
/Users/ashley/Desktop/python/CS156-Machine-Learning/final/data/retail_images/raw/sneaker/urban_outfitters_sneakers_f9b4da81b57f.jpg,/Users/ashley/Desktop/python/CS156-Machine-Learning/final/data/retail_images/segmented/sneaker/urban_outfitters_sneakers_f9b4da81b57f_seg.jpg,/Users/ashley/Desktop/python/CS156-Machine-Learning/final/data/retail_images/segmentation_overlays/sneaker/urban_outfitters_sneakers_f9b4da81b57f_overlay.jpg,Sneaker,Left-shoe|Right-shoe,Left-shoe|Right-shoe,0.0264987654320987,0.0,218.0,450.0,436.0,segmented,ok,mattmdjaga/segformer_b2_clothes,crop_masked
/Users/ashley/Desktop/python/CS156-Machine-Learning/final/data/retail_images/raw/sneaker/urban_outfitters_sneakers_fc56c683caf7.jpg,/Users/ashley/Desktop/python/CS156-Machine-Learning/final/data/retail_images/segmented/sneaker/urban_outfitters_sneakers_fc56c683caf7_seg.jpg,/Users/ashley/Desktop/python/CS156-Machine-Learning/final/data/retail_images/segmentation_overlays/sneaker/urban_outfitters_sneakers_fc56c683caf7_overlay.jpg,Sneaker,Left-shoe|Right-shoe,,,,,,,fallback_copy,segmented_too_small:25x61,mattmdjaga/segformer_b2_clothes,copy
/Users/ashley/Desktop/python/CS156-Machine-Learning/final/data/retail_images/raw/sneaker/urban_outfitters_sneakers_ffbdc16920b6.jpg,/Users/ashley/Desktop/python/CS156-Machine-Learning/final/data/retail_images/segmented/sneaker/urban_outfitters_sneakers_ffbdc16920b6_seg.jpg,/Users/ashley/Desktop/python/CS156-Machine-Learning/final/data/retail_images/segmentation_overlays/sneaker/urban_outfitters_sneakers_ffbdc16920b6_overlay.jpg,Sneaker,Left-shoe|Right-shoe,Left-shoe|Right-shoe,0.0501728395061728,0.0,235.0,450.0,428.0,segmented,ok,mattmdjaga/segformer_b2_clothes,crop_masked
/Users/ashley/Desktop/python/CS156-Machine-Learning/final/data/retail_images/raw/bag/anthropologie_bags_06065fa786a8.jpg,/Users/ashley/Desktop/python/CS156-Machine-Learning/final/data/retail_images/segmented/bag/anthropologie_bags_06065fa786a8_seg.jpg,/Users/ashley/Desktop/python/CS156-Machine-Learning/final/data/retail_images/segmentation_overlays/bag/anthropologie_bags_06065fa786a8_overlay.jpg,Bag,Bag,Bag,0.1659151796720485,11.0,110.0,332.0,492.0,segmented,ok,mattmdjaga/segformer_b2_clothes,crop_masked
/Users/ashley/Desktop/python/CS156-Machine-Learning/final/data/retail_images/raw/bag/anthropologie_bags_08f6c309d50e.jpg,/Users/ashley/Desktop/python/CS156-Machine-Learning/final/data/retail_images/segmented/bag/anthropologie_bags_08f6c309d50e_seg.jpg,/Users/ashley/Desktop/python/CS156-Machine-Learning/final/data/retail_images/segmentation_overlays/bag/anthropologie_bags_08f6c309d50e_overlay.jpg,Bag,Bag,Bag,0.1401984363957113,12.0,44.0,333.0,488.0,segmented,ok,mattmdjaga/segformer_b2_clothes,crop_masked
/Users/ashley/Desktop/python/CS156-Machine-Learning/final/data/retail_images/raw/bag/anthropologie_bags_0dca7b1743cb.jpg,/Users/ashley/Desktop/python/CS156-Machine-Learning/final/data/retail_images/segmented/bag/anthropologie_bags_0dca7b1743cb_seg.jpg,/Users/ashley/Desktop/python/CS156-Machine-Learning/final/data/retail_images/segmentation_overlays/bag/anthropologie_bags_0dca7b1743cb_overlay.jpg,Bag,Bag,Bag,0.0684282325354605,28.0,270.0,176.0,470.0,fallback_copy,validation_too_small:148x200_fallback_copy,mattmdjaga/segformer_b2_clothes,copy
/Users/ashley/Desktop/python/CS156-Machine-Learning/final/data/retail_images/raw/bag/anthropologie_bags_0e3abfe58323.jpg,/Users/ashley/Desktop/python/CS156-Machine-Learning/final/data/retail_images/segmented/bag/anthropologie_bags_0e3abfe58323_seg.jpg,/Users/ashley/Desktop/python/CS156-Machine-Learning/final/data/retail_images/segmentation_overlays/bag/anthropologie_bags_0e3abfe58323_overlay.jpg,Bag,Bag,Bag,0.0982703928733831,18.0,131.0,325.0,495.0,segmented,ok,mattmdjaga/segformer_b2_clothes,crop_masked
/Users/ashley/Desktop/python/CS156-Machine-Learning/final/data/retail_images/raw/bag/anthropologie_bags_0ebf2492d134.jpg,/Users/ashley/Desktop/python/CS156-Machine-Learning/final/data/retail_images/segmented/bag/anthropologie_bags_0ebf2492d134_seg.jpg,/Users/ashley/Desktop/python/CS156-Machine-Learning/final/data/retail_images/segmentation_overlays/bag/anthropologie_bags_0ebf2492d134_overlay.jpg,Bag,Bag,Bag,0.015668914735902,24.0,64.0,288.0,454.0,segmented,ok,mattmdjaga/segformer_b2_clothes,crop_masked
/Users/ashley/Desktop/python/CS156-Machine-Learning/final/data/retail_images/raw/bag/anthropologie_bags_100289650fa9.jpg,/Users/ashley/Desktop/python/CS156-Machine-Learning/final/data/retail_images/segmented/bag/anthropologie_bags_100289650fa9_seg.jpg,/Users/ashley/Desktop/python/CS156-Machine-Learning/final/data/retail_images/segmentation_overlays/bag/anthropologie_bags_100289650fa9_overlay.jpg,Bag,Bag,Bag,0.2567674919327004,28.0,87.0,316.0,503.0,segmented,ok,mattmdjaga/segformer_b2_clothes,crop_masked
/Users/ashley/Desktop/python/CS156-Machine-Learning/final/data/retail_images/raw/bag/anthropologie_bags_11e52417ec25.jpg,/Users/ashley/Desktop/python/CS156-Machine-Learning/final/data/retail_images/segmented/bag/anthropologie_bags_11e52417ec25_seg.jpg,/Users/ashley/Desktop/python/CS156-Machine-Learning/final/data/retail_images/segmentation_overlays/bag/anthropologie_bags_11e52417ec25_overlay.jpg,Bag,Bag,Bag,0.1922564880812153,48.0,0.0,680.0,1032.0,segmented,ok,mattmdjaga/segformer_b2_clothes,crop_masked
/Users/ashley/Desktop/python/CS156-Machine-Learning/final/data/retail_images/raw/bag/anthropologie_bags_142d7e1c8035.jpg,/Users/ashley/Desktop/python/CS156-Machine-Learning/final/data/retail_images/segmented/bag/anthropologie_bags_142d7e1c8035_seg.jpg,/Users/ashley/Desktop/python/CS156-Machine-Learning/final/data/retail_images/segmentation_overlays/bag/anthropologie_bags_142d7e1c8035_overlay.jpg,Bag,Bag,,,,,,,fallback_copy,missing_target_mask,mattmdjaga/segformer_b2_clothes,copy
/Users/ashley/Desktop/python/CS156-Machine-Learning/final/data/retail_images/raw/bag/anthropologie_bags_15eb6093e4a5.jpg,/Users/ashley/Desktop/python/CS156-Machine-Learning/final/data/retail_images/segmented/bag/anthropologie_bags_15eb6093e4a5_seg.jpg,/Users/ashley/Desktop/python/CS156-Machine-Learning/final/data/retail_images/segmentation_overlays/bag/anthropologie_bags_15eb6093e4a5_overlay.jpg,Bag,Bag,Bag,0.2224109309855528,27.0,3.0,333.0,523.0,segmented,ok,mattmdjaga/segformer_b2_clothes,crop_masked
/Users/ashley/Desktop/python/CS156-Machine-Learning/final/data/retail_images/raw/bag/anthropologie_bags_16f6d31ed0be.jpg,/Users/ashley/Desktop/python/CS156-Machine-Learning/final/data/retail_images/segmented/bag/anthropologie_bags_16f6d31ed0be_seg.jpg,/Users/ashley/Desktop/python/CS156-Machine-Learning/final/data/retail_images/segmentation_overlays/bag/anthropologie_bags_16f6d31ed0be_overlay.jpg,Bag,Bag,Bag,0.220444098681291,39.0,59.0,330.0,465.0,segmented,ok,mattmdjaga/segformer_b2_clothes,crop_masked
/Users/ashley/Desktop/python/CS156-Machine-Learning/final/data/retail_images/raw/bag/anthropologie_bags_1d7d841afe36.jpg,/Users/ashley/Desktop/python/CS156-Machine-Learning/final/data/retail_images/segmented/bag/anthropologie_bags_1d7d841afe36_seg.jpg,/Users/ashley/Desktop/python/CS156-Machine-Learning/final/data/retail_images/segmentation_overlays/bag/anthropologie_bags_1d7d841afe36_overlay.jpg,Bag,Bag,Bag,0.0967035013997929,0.0,214.0,334.0,479.0,segmented,ok,mattmdjaga/segformer_b2_clothes,crop_masked
/Users/ashley/Desktop/python/CS156-Machine-Learning/final/data/retail_images/raw/bag/anthropologie_bags_1d84f47627c4.jpg,/Users/ashley/Desktop/python/CS156-Machine-Learning/final/data/retail_images/segmented/bag/anthropologie_bags_1d84f47627c4_seg.jpg,/Users/ashley/Desktop/python/CS156-Machine-Learning/final/data/retail_images/segmentation_overlays/bag/anthropologie_bags_1d84f47627c4_overlay.jpg,Bag,Bag,,,,,,,fallback_copy,mask_area_out_of_range:0.0027,mattmdjaga/segformer_b2_clothes,copy
/Users/ashley/Desktop/python/CS156-Machine-Learning/final/data/retail_images/raw/bag/anthropologie_bags_21434693831f.webp,/Users/ashley/Desktop/python/CS156-Machine-Learning/final/data/retail_images/segmented/bag/anthropologie_bags_21434693831f_seg.jpg,/Users/ashley/Desktop/python/CS156-Machine-Learning/final/data/retail_images/segmentation_overlays/bag/anthropologie_bags_21434693831f_overlay.jpg,Bag,Bag,Bag,0.068818585743479,54.0,533.0,356.0,941.0,segmented,ok,mattmdjaga/segformer_b2_clothes,crop_masked
/Users/ashley/Desktop/python/CS156-Machine-Learning/final/data/retail_images/raw/bag/anthropologie_bags_2511f21ef881.jpg,/Users/ashley/Desktop/python/CS156-Machine-Learning/final/data/retail_images/segmented/bag/anthropologie_bags_2511f21ef881_seg.jpg,/Users/ashley/Desktop/python/CS156-Machine-Learning/final/data/retail_images/segmentation_overlays/bag/anthropologie_bags_2511f21ef881_overlay.jpg,Bag,Bag,Bag,0.3164518126085456,24.0,11.0,327.0,523.0,segmented,ok,mattmdjaga/segformer_b2_clothes,crop_masked
/Users/ashley/Desktop/python/CS156-Machine-Learning/final/data/retail_images/raw/bag/anthropologie_bags_259d6db29d89.jpg,/Users/ashley/Desktop/python/CS156-Machine-Learning/final/data/retail_images/segmented/bag/anthropologie_bags_259d6db29d89_seg.jpg,/Users/ashley/Desktop/python/CS156-Machine-Learning/final/data/retail_images/segmentation_overlays/bag/anthropologie_bags_259d6db29d89_overlay.jpg,Bag,Bag,Bag,0.0383121401217354,10.0,42.0,340.0,505.0,segmented,ok,mattmdjaga/segformer_b2_clothes,crop_masked
/Users/ashley/Desktop/python/CS156-Machine-Learning/final/data/retail_images/raw/bag/anthropologie_bags_2a731f285397.jpg,/Users/ashley/Desktop/python/CS156-Machine-Learning/final/data/retail_images/segmented/bag/anthropologie_bags_2a731f285397_seg.jpg,/Users/ashley/Desktop/python/CS156-Machine-Learning/final/data/retail_images/segmentation_overlays/bag/anthropologie_bags_2a731f285397_overlay.jpg,Bag,Bag,Bag,0.1256800363781796,114.0,172.0,290.0,420.0,segmented,ok,mattmdjaga/segformer_b2_clothes,crop_masked
/Users/ashley/Desktop/python/CS156-Machine-Learning/final/data/retail_images/raw/bag/anthropologie_bags_2b3791ba93fc.jpg,/Users/ashley/Desktop/python/CS156-Machine-Learning/final/data/retail_images/segmented/bag/anthropologie_bags_2b3791ba93fc_seg.jpg,/Users/ashley/Desktop/python/CS156-Machine-Learning/final/data/retail_images/segmentation_overlays/bag/anthropologie_bags_2b3791ba93fc_overlay.jpg,Bag,Bag,Bag,0.0684282325354605,28.0,270.0,176.0,470.0,fallback_copy,validation_too_small:148x200_fallback_copy,mattmdjaga/segformer_b2_clothes,copy
/Users/ashley/Desktop/python/CS156-Machine-Learning/final/data/retail_images/raw/bag/anthropologie_bags_2c6d4add3239.jpg,/Users/ashley/Desktop/python/CS156-Machine-Learning/final/data/retail_images/segmented/bag/anthropologie_bags_2c6d4add3239_seg.jpg,/Users/ashley/Desktop/python/CS156-Machine-Learning/final/data/retail_images/segmentation_overlays/bag/anthropologie_bags_2c6d4add3239_overlay.jpg,Bag,Bag,,,,,,,fallback_copy,mask_area_out_of_range:0.0065,mattmdjaga/segformer_b2_clothes,copy
/Users/ashley/Desktop/python/CS156-Machine-Learning/final/data/retail_images/raw/bag/anthropologie_bags_3a5f66d5bd21.jpg,/Users/ashley/Desktop/python/CS156-Machine-Learning/final/data/retail_images/segmented/bag/anthropologie_bags_3a5f66d5bd21_seg.jpg,/Users/ashley/Desktop/python/CS156-Machine-Learning/final/data/retail_images/segmentation_overlays/bag/anthropologie_bags_3a5f66d5bd21_overlay.jpg,Bag,Bag,,,,,,,fallback_copy,missing_target_mask,mattmdjaga/segformer_b2_clothes,copy
/Users/ashley/Desktop/python/CS156-Machine-Learning/final/data/retail_images/raw/bag/anthropologie_bags_3dababfb28f1.webp,/Users/ashley/Desktop/python/CS156-Machine-Learning/final/data/retail_images/segmented/bag/anthropologie_bags_3dababfb28f1_seg.jpg,/Users/ashley/Desktop/python/CS156-Machine-Learning/final/data/retail_images/segmentation_overlays/bag/anthropologie_bags_3dababfb28f1_overlay.jpg,Bag,Bag,Bag,0.0115599335988648,5.0,100.0,242.0,379.0,segmented,ok,mattmdjaga/segformer_b2_clothes,crop_masked
/Users/ashley/Desktop/python/CS156-Machine-Learning/final/data/retail_images/raw/bag/anthropologie_bags_3e580c27bc9b.jpg,/Users/ashley/Desktop/python/CS156-Machine-Learning/final/data/retail_images/segmented/bag/anthropologie_bags_3e580c27bc9b_seg.jpg,/Users/ashley/Desktop/python/CS156-Machine-Learning/final/data/retail_images/segmentation_overlays/bag/anthropologie_bags_3e580c27bc9b_overlay.jpg,Bag,Bag,Bag,0.0198710327787121,6.0,46.0,263.0,446.0,segmented,ok,mattmdjaga/segformer_b2_clothes,crop_masked
/Users/ashley/Desktop/python/CS156-Machine-Learning/final/data/retail_images/raw/bag/anthropologie_bags_47608dbf8416.jpg,/Users/ashley/Desktop/python/CS156-Machine-Learning/final/data/retail_images/segmented/bag/anthropologie_bags_47608dbf8416_seg.jpg,/Users/ashley/Desktop/python/CS156-Machine-Learning/final/data/retail_images/segmentation_overlays/bag/anthropologie_bags_47608dbf8416_overlay.jpg,Bag,Bag,,,,,,,fallback_copy,mask_area_out_of_range:0.0055,mattmdjaga/segformer_b2_clothes,copy
/Users/ashley/Desktop/python/CS156-Machine-Learning/final/data/retail_images/raw/bag/anthropologie_bags_48e79b72cd95.jpg,/Users/ashley/Desktop/python/CS156-Machine-Learning/final/data/retail_images/segmented/bag/anthropologie_bags_48e79b72cd95_seg.jpg,/Users/ashley/Desktop/python/CS156-Machine-Learning/final/data/retail_images/segmentation_overlays/bag/anthropologie_bags_48e79b72cd95_overlay.jpg,Bag,Bag,Bag,0.1160321486684161,41.0,103.0,334.0,475.0,segmented,ok,mattmdjaga/segformer_b2_clothes,crop_masked
/Users/ashley/Desktop/python/CS156-Machine-Learning/final/data/retail_images/raw/bag/anthropologie_bags_492c901c018f.jpg,/Users/ashley/Desktop/python/CS156-Machine-Learning/final/data/retail_images/segmented/bag/anthropologie_bags_492c901c018f_seg.jpg,/Users/ashley/Desktop/python/CS156-Machine-Learning/final/data/retail_images/segmentation_overlays/bag/anthropologie_bags_492c901c018f_overlay.jpg,Bag,Bag,,,,,,,fallback_copy,mask_area_out_of_range:0.0080,mattmdjaga/segformer_b2_clothes,copy
/Users/ashley/Desktop/python/CS156-Machine-Learning/final/data/retail_images/raw/bag/anthropologie_bags_4aba507cdbff.webp,/Users/ashley/Desktop/python/CS156-Machine-Learning/final/data/retail_images/segmented/bag/anthropologie_bags_4aba507cdbff_seg.jpg,/Users/ashley/Desktop/python/CS156-Machine-Learning/final/data/retail_images/segmentation_overlays/bag/anthropologie_bags_4aba507cdbff_overlay.jpg,Bag,Bag,Bag,0.1787899872347652,48.0,0.0,680.0,1032.0,segmented,ok,mattmdjaga/segformer_b2_clothes,crop_masked
/Users/ashley/Desktop/python/CS156-Machine-Learning/final/data/retail_images/raw/bag/anthropologie_bags_4b430e67f977.jpg,/Users/ashley/Desktop/python/CS156-Machine-Learning/final/data/retail_images/segmented/bag/anthropologie_bags_4b430e67f977_seg.jpg,/Users/ashley/Desktop/python/CS156-Machine-Learning/final/data/retail_images/segmentation_overlays/bag/anthropologie_bags_4b430e67f977_overlay.jpg,Bag,Bag,Bag,0.3175584981947876,0.0,52.0,349.0,492.0,segmented,ok,mattmdjaga/segformer_b2_clothes,crop_masked
/Users/ashley/Desktop/python/CS156-Machine-Learning/final/data/retail_images/raw/bag/anthropologie_bags_4edc3e6a25b3.jpg,/Users/ashley/Desktop/python/CS156-Machine-Learning/final/data/retail_images/segmented/bag/anthropologie_bags_4edc3e6a25b3_seg.jpg,/Users/ashley/Desktop/python/CS156-Machine-Learning/final/data/retail_images/segmentation_overlays/bag/anthropologie_bags_4edc3e6a25b3_overlay.jpg,Bag,Bag,Bag,0.1888104225676201,34.0,59.0,329.0,474.0,segmented,ok,mattmdjaga/segformer_b2_clothes,crop_masked
/Users/ashley/Desktop/python/CS156-Machine-Learning/final/data/retail_images/raw/bag/anthropologie_bags_5175ad56e6cf.jpg,/Users/ashley/Desktop/python/CS156-Machine-Learning/final/data/retail_images/segmented/bag/anthropologie_bags_5175ad56e6cf_seg.jpg,/Users/ashley/Desktop/python/CS156-Machine-Learning/final/data/retail_images/segmentation_overlays/bag/anthropologie_bags_5175ad56e6cf_overlay.jpg,Bag,Bag,Bag,0.0687158612150531,54.0,533.0,356.0,941.0,segmented,ok,mattmdjaga/segformer_b2_clothes,crop_masked
/Users/ashley/Desktop/python/CS156-Machine-Learning/final/data/retail_images/raw/bag/anthropologie_bags_525598576cef.jpg,/Users/ashley/Desktop/python/CS156-Machine-Learning/final/data/retail_images/segmented/bag/anthropologie_bags_525598576cef_seg.jpg,/Users/ashley/Desktop/python/CS156-Machine-Learning/final/data/retail_images/segmentation_overlays/bag/anthropologie_bags_525598576cef_overlay.jpg,Bag,Bag,Bag,0.0702745347263692,0.0,118.0,348.0,492.0,segmented,ok,mattmdjaga/segformer_b2_clothes,crop_masked
/Users/ashley/Desktop/python/CS156-Machine-Learning/final/data/retail_images/raw/bag/anthropologie_bags_5ced4253c402.jpg,/Users/ashley/Desktop/python/CS156-Machine-Learning/final/data/retail_images/segmented/bag/anthropologie_bags_5ced4253c402_seg.jpg,/Users/ashley/Desktop/python/CS156-Machine-Learning/final/data/retail_images/segmentation_overlays/bag/anthropologie_bags_5ced4253c402_overlay.jpg,Bag,Bag,Bag,0.03904079944337,92.0,0.0,250.0,335.0,fallback_copy,validation_too_small:158x335_fallback_copy,mattmdjaga/segformer_b2_clothes,copy
/Users/ashley/Desktop/python/CS156-Machine-Learning/final/data/retail_images/raw/bag/anthropologie_bags_634fa8710843.jpg,/Users/ashley/Desktop/python/CS156-Machine-Learning/final/data/retail_images/segmented/bag/anthropologie_bags_634fa8710843_seg.jpg,/Users/ashley/Desktop/python/CS156-Machine-Learning/final/data/retail_images/segmentation_overlays/bag/anthropologie_bags_634fa8710843_overlay.jpg,Bag,Bag,Bag,0.2166200069030883,17.0,104.0,347.0,425.0,segmented,ok,mattmdjaga/segformer_b2_clothes,crop_masked
/Users/ashley/Desktop/python/CS156-Machine-Learning/final/data/retail_images/raw/bag/anthropologie_bags_671646b20770.jpg,/Users/ashley/Desktop/python/CS156-Machine-Learning/final/data/retail_images/segmented/bag/anthropologie_bags_671646b20770_seg.jpg,/Users/ashley/Desktop/python/CS156-Machine-Learning/final/data/retail_images/segmentation_overlays/bag/anthropologie_bags_671646b20770_overlay.jpg,Bag,Bag,Bag,0.2554964471009768,37.0,7.0,310.0,509.0,segmented,ok,mattmdjaga/segformer_b2_clothes,crop_masked
/Users/ashley/Desktop/python/CS156-Machine-Learning/final/data/retail_images/raw/bag/anthropologie_bags_703c74d97ae1.jpg,/Users/ashley/Desktop/python/CS156-Machine-Learning/final/data/retail_images/segmented/bag/anthropologie_bags_703c74d97ae1_seg.jpg,/Users/ashley/Desktop/python/CS156-Machine-Learning/final/data/retail_images/segmentation_overlays/bag/anthropologie_bags_703c74d97ae1_overlay.jpg,Bag,Bag,Bag,0.0813304333057575,179.0,225.0,349.0,415.0,segmented,ok,mattmdjaga/segformer_b2_clothes,crop_masked
/Users/ashley/Desktop/python/CS156-Machine-Learning/final/data/retail_images/raw/bag/anthropologie_bags_724a902c503c.jpg,/Users/ashley/Desktop/python/CS156-Machine-Learning/final/data/retail_images/segmented/bag/anthropologie_bags_724a902c503c_seg.jpg,/Users/ashley/Desktop/python/CS156-Machine-Learning/final/data/retail_images/segmentation_overlays/bag/anthropologie_bags_724a902c503c_overlay.jpg,Bag,Bag,Bag,0.1224750310912906,10.0,0.0,341.0,523.0,segmented,ok,mattmdjaga/segformer_b2_clothes,crop_masked
/Users/ashley/Desktop/python/CS156-Machine-Learning/final/data/retail_images/raw/bag/anthropologie_bags_737179692ab7.jpg,/Users/ashley/Desktop/python/CS156-Machine-Learning/final/data/retail_images/segmented/bag/anthropologie_bags_737179692ab7_seg.jpg,/Users/ashley/Desktop/python/CS156-Machine-Learning/final/data/retail_images/segmentation_overlays/bag/anthropologie_bags_737179692ab7_overlay.jpg,Bag,Bag,Bag,0.1424556367003238,62.0,138.0,328.0,520.0,segmented,ok,mattmdjaga/segformer_b2_clothes,crop_masked
/Users/ashley/Desktop/python/CS156-Machine-Learning/final/data/retail_images/raw/bag/anthropologie_bags_7a69f97406df.jpg,/Users/ashley/Desktop/python/CS156-Machine-Learning/final/data/retail_images/segmented/bag/anthropologie_bags_7a69f97406df_seg.jpg,/Users/ashley/Desktop/python/CS156-Machine-Learning/final/data/retail_images/segmentation_overlays/bag/anthropologie_bags_7a69f97406df_overlay.jpg,Bag,Bag,,,,,,,fallback_copy,segmented_too_small:20x14,mattmdjaga/segformer_b2_clothes,copy
/Users/ashley/Desktop/python/CS156-Machine-Learning/final/data/retail_images/raw/bag/anthropologie_bags_7aa9c756d8cf.jpg,/Users/ashley/Desktop/python/CS156-Machine-Learning/final/data/retail_images/segmented/bag/anthropologie_bags_7aa9c756d8cf_seg.jpg,/Users/ashley/Desktop/python/CS156-Machine-Learning/final/data/retail_images/segmentation_overlays/bag/anthropologie_bags_7aa9c756d8cf_overlay.jpg,Bag,Bag,Bag,0.1828551392396741,16.0,211.0,330.0,430.0,segmented,ok,mattmdjaga/segformer_b2_clothes,crop_masked
/Users/ashley/Desktop/python/CS156-Machine-Learning/final/data/retail_images/raw/bag/anthropologie_bags_7be381d0aa6a.jpg,/Users/ashley/Desktop/python/CS156-Machine-Learning/final/data/retail_images/segmented/bag/anthropologie_bags_7be381d0aa6a_seg.jpg,/Users/ashley/Desktop/python/CS156-Machine-Learning/final/data/retail_images/segmentation_overlays/bag/anthropologie_bags_7be381d0aa6a_overlay.jpg,Bag,Bag,Bag,0.3598097815665627,0.0,74.0,333.0,523.0,segmented,ok,mattmdjaga/segformer_b2_clothes,crop_masked
/Users/ashley/Desktop/python/CS156-Machine-Learning/final/data/retail_images/raw/bag/anthropologie_bags_80913c5e6b7b.jpg,/Users/ashley/Desktop/python/CS156-Machine-Learning/final/data/retail_images/segmented/bag/anthropologie_bags_80913c5e6b7b_seg.jpg,/Users/ashley/Desktop/python/CS156-Machine-Learning/final/data/retail_images/segmentation_overlays/bag/anthropologie_bags_80913c5e6b7b_overlay.jpg,Bag,Bag,,,,,,,fallback_copy,segmented_too_small:9x20,mattmdjaga/segformer_b2_clothes,copy
/Users/ashley/Desktop/python/CS156-Machine-Learning/final/data/retail_images/raw/bag/anthropologie_bags_8453fdcd554a.jpg,/Users/ashley/Desktop/python/CS156-Machine-Learning/final/data/retail_images/segmented/bag/anthropologie_bags_8453fdcd554a_seg.jpg,/Users/ashley/Desktop/python/CS156-Machine-Learning/final/data/retail_images/segmentation_overlays/bag/anthropologie_bags_8453fdcd554a_overlay.jpg,Bag,Bag,Bag,0.2319382885819632,14.0,43.0,332.0,509.0,segmented,ok,mattmdjaga/segformer_b2_clothes,crop_masked
/Users/ashley/Desktop/python/CS156-Machine-Learning/final/data/retail_images/raw/bag/anthropologie_bags_851c263dceb4.jpg,/Users/ashley/Desktop/python/CS156-Machine-Learning/final/data/retail_images/segmented/bag/anthropologie_bags_851c263dceb4_seg.jpg,/Users/ashley/Desktop/python/CS156-Machine-Learning/final/data/retail_images/segmentation_overlays/bag/anthropologie_bags_851c263dceb4_overlay.jpg,Bag,Bag,Bag,0.0382135245744465,0.0,188.0,336.0,410.0,segmented,ok,mattmdjaga/segformer_b2_clothes,crop_masked
/Users/ashley/Desktop/python/CS156-Machine-Learning/final/data/retail_images/raw/bag/anthropologie_bags_869aee6aa169.jpg,/Users/ashley/Desktop/python/CS156-Machine-Learning/final/data/retail_images/segmented/bag/anthropologie_bags_869aee6aa169_seg.jpg,/Users/ashley/Desktop/python/CS156-Machine-Learning/final/data/retail_images/segmentation_overlays/bag/anthropologie_bags_869aee6aa169_overlay.jpg,Bag,Bag,Bag,0.2123028373884411,7.0,63.0,343.0,467.0,segmented,ok,mattmdjaga/segformer_b2_clothes,crop_masked
/Users/ashley/Desktop/python/CS156-Machine-Learning/final/data/retail_images/raw/bag/anthropologie_bags_86d44e097d52.jpg,/Users/ashley/Desktop/python/CS156-Machine-Learning/final/data/retail_images/segmented/bag/anthropologie_bags_86d44e097d52_seg.jpg,/Users/ashley/Desktop/python/CS156-Machine-Learning/final/data/retail_images/segmentation_overlays/bag/anthropologie_bags_86d44e097d52_overlay.jpg,Bag,Bag,Bag,0.2272540500857407,23.0,0.0,329.0,514.0,segmented,ok,mattmdjaga/segformer_b2_clothes,crop_masked
/Users/ashley/Desktop/python/CS156-Machine-Learning/final/data/retail_images/raw/bag/anthropologie_bags_8fb308953c8b.jpg,/Users/ashley/Desktop/python/CS156-Machine-Learning/final/data/retail_images/segmented/bag/anthropologie_bags_8fb308953c8b_seg.jpg,/Users/ashley/Desktop/python/CS156-Machine-Learning/final/data/retail_images/segmentation_overlays/bag/anthropologie_bags_8fb308953c8b_overlay.jpg,Bag,Bag,Bag,0.0131925687706476,3.0,205.0,245.0,384.0,segmented,ok,mattmdjaga/segformer_b2_clothes,crop_masked
/Users/ashley/Desktop/python/CS156-Machine-Learning/final/data/retail_images/raw/bag/anthropologie_bags_969b07b4500a.jpg,/Users/ashley/Desktop/python/CS156-Machine-Learning/final/data/retail_images/segmented/bag/anthropologie_bags_969b07b4500a_seg.jpg,/Users/ashley/Desktop/python/CS156-Machine-Learning/final/data/retail_images/segmentation_overlays/bag/anthropologie_bags_969b07b4500a_overlay.jpg,Bag,Bag,,,,,,,fallback_copy,segmented_too_small:15x6,mattmdjaga/segformer_b2_clothes,copy
/Users/ashley/Desktop/python/CS156-Machine-Learning/final/data/retail_images/raw/bag/anthropologie_bags_979c364c93f7.jpg,/Users/ashley/Desktop/python/CS156-Machine-Learning/final/data/retail_images/segmented/bag/anthropologie_bags_979c364c93f7_seg.jpg,/Users/ashley/Desktop/python/CS156-Machine-Learning/final/data/retail_images/segmentation_overlays/bag/anthropologie_bags_979c364c93f7_overlay.jpg,Bag,Bag,,,,,,,fallback_copy,mask_area_out_of_range:0.0018,mattmdjaga/segformer_b2_clothes,copy
/Users/ashley/Desktop/python/CS156-Machine-Learning/final/data/retail_images/raw/bag/anthropologie_bags_98b480ef37b7.jpg,/Users/ashley/Desktop/python/CS156-Machine-Learning/final/data/retail_images/segmented/bag/anthropologie_bags_98b480ef37b7_seg.jpg,/Users/ashley/Desktop/python/CS156-Machine-Learning/final/data/retail_images/segmentation_overlays/bag/anthropologie_bags_98b480ef37b7_overlay.jpg,Bag,Bag,Bag,0.096944561626499,10.0,56.0,349.0,495.0,segmented,ok,mattmdjaga/segformer_b2_clothes,crop_masked
/Users/ashley/Desktop/python/CS156-Machine-Learning/final/data/retail_images/raw/bag/anthropologie_bags_9b883a274047.jpg,/Users/ashley/Desktop/python/CS156-Machine-Learning/final/data/retail_images/segmented/bag/anthropologie_bags_9b883a274047_seg.jpg,/Users/ashley/Desktop/python/CS156-Machine-Learning/final/data/retail_images/segmentation_overlays/bag/anthropologie_bags_9b883a274047_overlay.jpg,Bag,Bag,Bag,0.2697354364011899,0.0,232.0,349.0,505.0,segmented,ok,mattmdjaga/segformer_b2_clothes,crop_masked
/Users/ashley/Desktop/python/CS156-Machine-Learning/final/data/retail_images/raw/bag/anthropologie_bags_9c4f71fec919.jpg,/Users/ashley/Desktop/python/CS156-Machine-Learning/final/data/retail_images/segmented/bag/anthropologie_bags_9c4f71fec919_seg.jpg,/Users/ashley/Desktop/python/CS156-Machine-Learning/final/data/retail_images/segmentation_overlays/bag/anthropologie_bags_9c4f71fec919_overlay.jpg,Bag,Bag,Bag,0.1021931001988746,12.0,161.0,349.0,505.0,segmented,ok,mattmdjaga/segformer_b2_clothes,crop_masked
/Users/ashley/Desktop/python/CS156-Machine-Learning/final/data/retail_images/raw/bag/anthropologie_bags_9dcbf1a3f0b0.jpg,/Users/ashley/Desktop/python/CS156-Machine-Learning/final/data/retail_images/segmented/bag/anthropologie_bags_9dcbf1a3f0b0_seg.jpg,/Users/ashley/Desktop/python/CS156-Machine-Learning/final/data/retail_images/segmentation_overlays/bag/anthropologie_bags_9dcbf1a3f0b0_overlay.jpg,Bag,Bag,,,,,,,fallback_copy,mask_area_out_of_range:0.0061,mattmdjaga/segformer_b2_clothes,copy
/Users/ashley/Desktop/python/CS156-Machine-Learning/final/data/retail_images/raw/bag/anthropologie_bags_a11f320ada0b.jpg,/Users/ashley/Desktop/python/CS156-Machine-Learning/final/data/retail_images/segmented/bag/anthropologie_bags_a11f320ada0b_seg.jpg,/Users/ashley/Desktop/python/CS156-Machine-Learning/final/data/retail_images/segmentation_overlays/bag/anthropologie_bags_a11f320ada0b_overlay.jpg,Bag,Bag,,,,,,,fallback_copy,segmented_too_small:3x17,mattmdjaga/segformer_b2_clothes,copy
/Users/ashley/Desktop/python/CS156-Machine-Learning/final/data/retail_images/raw/bag/anthropologie_bags_a4648918853b.jpg,/Users/ashley/Desktop/python/CS156-Machine-Learning/final/data/retail_images/segmented/bag/anthropologie_bags_a4648918853b_seg.jpg,/Users/ashley/Desktop/python/CS156-Machine-Learning/final/data/retail_images/segmentation_overlays/bag/anthropologie_bags_a4648918853b_overlay.jpg,Bag,Bag,Bag,0.2630898442422217,0.0,186.0,349.0,422.0,segmented,ok,mattmdjaga/segformer_b2_clothes,crop_masked
/Users/ashley/Desktop/python/CS156-Machine-Learning/final/data/retail_images/raw/bag/anthropologie_bags_a66872387df8.jpg,/Users/ashley/Desktop/python/CS156-Machine-Learning/final/data/retail_images/segmented/bag/anthropologie_bags_a66872387df8_seg.jpg,/Users/ashley/Desktop/python/CS156-Machine-Learning/final/data/retail_images/segmentation_overlays/bag/anthropologie_bags_a66872387df8_overlay.jpg,Bag,Bag,,,,,,,fallback_copy,segmented_too_small:85x53,mattmdjaga/segformer_b2_clothes,copy
/Users/ashley/Desktop/python/CS156-Machine-Learning/final/data/retail_images/raw/bag/anthropologie_bags_a958cfc1f8c3.jpg,/Users/ashley/Desktop/python/CS156-Machine-Learning/final/data/retail_images/segmented/bag/anthropologie_bags_a958cfc1f8c3_seg.jpg,/Users/ashley/Desktop/python/CS156-Machine-Learning/final/data/retail_images/segmentation_overlays/bag/anthropologie_bags_a958cfc1f8c3_overlay.jpg,Bag,Bag,,,,,,,fallback_copy,missing_target_mask,mattmdjaga/segformer_b2_clothes,copy
/Users/ashley/Desktop/python/CS156-Machine-Learning/final/data/retail_images/raw/bag/anthropologie_bags_aeef5c9a53c4.jpg,/Users/ashley/Desktop/python/CS156-Machine-Learning/final/data/retail_images/segmented/bag/anthropologie_bags_aeef5c9a53c4_seg.jpg,/Users/ashley/Desktop/python/CS156-Machine-Learning/final/data/retail_images/segmentation_overlays/bag/anthropologie_bags_aeef5c9a53c4_overlay.jpg,Bag,Bag,Bag,0.0783884028116388,4.0,133.0,269.0,360.0,segmented,ok,mattmdjaga/segformer_b2_clothes,crop_masked
/Users/ashley/Desktop/python/CS156-Machine-Learning/final/data/retail_images/raw/bag/anthropologie_bags_b080d6f29863.jpg,/Users/ashley/Desktop/python/CS156-Machine-Learning/final/data/retail_images/segmented/bag/anthropologie_bags_b080d6f29863_seg.jpg,/Users/ashley/Desktop/python/CS156-Machine-Learning/final/data/retail_images/segmentation_overlays/bag/anthropologie_bags_b080d6f29863_overlay.jpg,Bag,Bag,Bag,0.0562108619546697,0.0,0.0,349.0,520.0,segmented,ok,mattmdjaga/segformer_b2_clothes,crop_masked
/Users/ashley/Desktop/python/CS156-Machine-Learning/final/data/retail_images/raw/bag/anthropologie_bags_b2b0bc782ed0.webp,/Users/ashley/Desktop/python/CS156-Machine-Learning/final/data/retail_images/segmented/bag/anthropologie_bags_b2b0bc782ed0_seg.jpg,/Users/ashley/Desktop/python/CS156-Machine-Learning/final/data/retail_images/segmentation_overlays/bag/anthropologie_bags_b2b0bc782ed0_overlay.jpg,Bag,Bag,,,,,,,fallback_copy,mask_area_out_of_range:0.0079,mattmdjaga/segformer_b2_clothes,copy
/Users/ashley/Desktop/python/CS156-Machine-Learning/final/data/retail_images/raw/bag/anthropologie_bags_b74447a71d2d.jpg,/Users/ashley/Desktop/python/CS156-Machine-Learning/final/data/retail_images/segmented/bag/anthropologie_bags_b74447a71d2d_seg.jpg,/Users/ashley/Desktop/python/CS156-Machine-Learning/final/data/retail_images/segmentation_overlays/bag/anthropologie_bags_b74447a71d2d_overlay.jpg,Bag,Bag,Bag,0.0876089564831504,0.0,86.0,349.0,493.0,segmented,ok,mattmdjaga/segformer_b2_clothes,crop_masked
/Users/ashley/Desktop/python/CS156-Machine-Learning/final/data/retail_images/raw/bag/anthropologie_bags_b9f4ccabef96.jpg,/Users/ashley/Desktop/python/CS156-Machine-Learning/final/data/retail_images/segmented/bag/anthropologie_bags_b9f4ccabef96_seg.jpg,/Users/ashley/Desktop/python/CS156-Machine-Learning/final/data/retail_images/segmentation_overlays/bag/anthropologie_bags_b9f4ccabef96_overlay.jpg,Bag,Bag,Bag,0.0751998334492979,24.0,0.0,340.0,516.0,segmented,ok,mattmdjaga/segformer_b2_clothes,crop_masked
/Users/ashley/Desktop/python/CS156-Machine-Learning/final/data/retail_images/raw/bag/anthropologie_bags_bb0d1ea5f4c6.jpg,/Users/ashley/Desktop/python/CS156-Machine-Learning/final/data/retail_images/segmented/bag/anthropologie_bags_bb0d1ea5f4c6_seg.jpg,/Users/ashley/Desktop/python/CS156-Machine-Learning/final/data/retail_images/segmentation_overlays/bag/anthropologie_bags_bb0d1ea5f4c6_overlay.jpg,Bag,Bag,Bag,0.326307888695919,0.0,48.0,349.0,497.0,segmented,ok,mattmdjaga/segformer_b2_clothes,crop_masked
/Users/ashley/Desktop/python/CS156-Machine-Learning/final/data/retail_images/raw/bag/anthropologie_bags_bc7a978e3692.jpg,/Users/ashley/Desktop/python/CS156-Machine-Learning/final/data/retail_images/segmented/bag/anthropologie_bags_bc7a978e3692_seg.jpg,/Users/ashley/Desktop/python/CS156-Machine-Learning/final/data/retail_images/segmentation_overlays/bag/anthropologie_bags_bc7a978e3692_overlay.jpg,Bag,Bag,Bag,0.162666345253031,10.0,34.0,347.0,500.0,segmented,ok,mattmdjaga/segformer_b2_clothes,crop_masked
/Users/ashley/Desktop/python/CS156-Machine-Learning/final/data/retail_images/raw/bag/anthropologie_bags_be5e7b45e541.jpg,/Users/ashley/Desktop/python/CS156-Machine-Learning/final/data/retail_images/segmented/bag/anthropologie_bags_be5e7b45e541_seg.jpg,/Users/ashley/Desktop/python/CS156-Machine-Learning/final/data/retail_images/segmentation_overlays/bag/anthropologie_bags_be5e7b45e541_overlay.jpg,Bag,Bag,Bag,0.2906309751434034,16.0,24.0,344.0,507.0,segmented,ok,mattmdjaga/segformer_b2_clothes,crop_masked
/Users/ashley/Desktop/python/CS156-Machine-Learning/final/data/retail_images/raw/bag/anthropologie_bags_c1f30306f895.jpg,/Users/ashley/Desktop/python/CS156-Machine-Learning/final/data/retail_images/segmented/bag/anthropologie_bags_c1f30306f895_seg.jpg,/Users/ashley/Desktop/python/CS156-Machine-Learning/final/data/retail_images/segmentation_overlays/bag/anthropologie_bags_c1f30306f895_overlay.jpg,Bag,Bag,,,,,,,fallback_copy,mask_area_out_of_range:0.0061,mattmdjaga/segformer_b2_clothes,copy
/Users/ashley/Desktop/python/CS156-Machine-Learning/final/data/retail_images/raw/bag/anthropologie_bags_c2155e21e6e9.jpg,/Users/ashley/Desktop/python/CS156-Machine-Learning/final/data/retail_images/segmented/bag/anthropologie_bags_c2155e21e6e9_seg.jpg,/Users/ashley/Desktop/python/CS156-Machine-Learning/final/data/retail_images/segmentation_overlays/bag/anthropologie_bags_c2155e21e6e9_overlay.jpg,Bag,Bag,Bag,0.0341264580034734,88.0,168.0,308.0,517.0,segmented,ok,mattmdjaga/segformer_b2_clothes,crop_masked
/Users/ashley/Desktop/python/CS156-Machine-Learning/final/data/retail_images/raw/bag/anthropologie_bags_c303fd728f66.jpg,/Users/ashley/Desktop/python/CS156-Machine-Learning/final/data/retail_images/segmented/bag/anthropologie_bags_c303fd728f66_seg.jpg,/Users/ashley/Desktop/python/CS156-Machine-Learning/final/data/retail_images/segmentation_overlays/bag/anthropologie_bags_c303fd728f66_overlay.jpg,Bag,Bag,,,,,,,fallback_copy,segmented_too_small:344x75,mattmdjaga/segformer_b2_clothes,copy
/Users/ashley/Desktop/python/CS156-Machine-Learning/final/data/retail_images/raw/bag/anthropologie_bags_c63e6ad46afc.jpg,/Users/ashley/Desktop/python/CS156-Machine-Learning/final/data/retail_images/segmented/bag/anthropologie_bags_c63e6ad46afc_seg.jpg,/Users/ashley/Desktop/python/CS156-Machine-Learning/final/data/retail_images/segmentation_overlays/bag/anthropologie_bags_c63e6ad46afc_overlay.jpg,Bag,Bag,Bag,0.1726429514537575,24.0,30.0,337.0,504.0,segmented,ok,mattmdjaga/segformer_b2_clothes,crop_masked
/Users/ashley/Desktop/python/CS156-Machine-Learning/final/data/retail_images/raw/bag/anthropologie_bags_c76edaa5ad4e.jpg,/Users/ashley/Desktop/python/CS156-Machine-Learning/final/data/retail_images/segmented/bag/anthropologie_bags_c76edaa5ad4e_seg.jpg,/Users/ashley/Desktop/python/CS156-Machine-Learning/final/data/retail_images/segmentation_overlays/bag/anthropologie_bags_c76edaa5ad4e_overlay.jpg,Bag,Bag,Bag,0.1582396029080629,80.0,72.0,266.0,438.0,segmented,ok,mattmdjaga/segformer_b2_clothes,crop_masked
/Users/ashley/Desktop/python/CS156-Machine-Learning/final/data/retail_images/raw/bag/anthropologie_bags_c7f08ce0cc27.webp,/Users/ashley/Desktop/python/CS156-Machine-Learning/final/data/retail_images/segmented/bag/anthropologie_bags_c7f08ce0cc27_seg.jpg,/Users/ashley/Desktop/python/CS156-Machine-Learning/final/data/retail_images/segmentation_overlays/bag/anthropologie_bags_c7f08ce0cc27_overlay.jpg,Bag,Bag,Bag,0.0817684339021596,112.0,0.0,2790.0,498.0,segmented,ok,mattmdjaga/segformer_b2_clothes,crop_masked
/Users/ashley/Desktop/python/CS156-Machine-Learning/final/data/retail_images/raw/bag/anthropologie_bags_d331a89842fa.jpg,/Users/ashley/Desktop/python/CS156-Machine-Learning/final/data/retail_images/segmented/bag/anthropologie_bags_d331a89842fa_seg.jpg,/Users/ashley/Desktop/python/CS156-Machine-Learning/final/data/retail_images/segmentation_overlays/bag/anthropologie_bags_d331a89842fa_overlay.jpg,Bag,Bag,Bag,0.0275137376936014,103.0,171.0,267.0,434.0,segmented,ok,mattmdjaga/segformer_b2_clothes,crop_masked
/Users/ashley/Desktop/python/CS156-Machine-Learning/final/data/retail_images/raw/bag/anthropologie_bags_d3794d4b5e9b.jpg,/Users/ashley/Desktop/python/CS156-Machine-Learning/final/data/retail_images/segmented/bag/anthropologie_bags_d3794d4b5e9b_seg.jpg,/Users/ashley/Desktop/python/CS156-Machine-Learning/final/data/retail_images/segmentation_overlays/bag/anthropologie_bags_d3794d4b5e9b_overlay.jpg,Bag,Bag,,,,,,,fallback_copy,mask_area_out_of_range:0.0064,mattmdjaga/segformer_b2_clothes,copy
/Users/ashley/Desktop/python/CS156-Machine-Learning/final/data/retail_images/raw/bag/anthropologie_bags_d609abbfba94.webp,/Users/ashley/Desktop/python/CS156-Machine-Learning/final/data/retail_images/segmented/bag/anthropologie_bags_d609abbfba94_seg.jpg,/Users/ashley/Desktop/python/CS156-Machine-Learning/final/data/retail_images/segmentation_overlays/bag/anthropologie_bags_d609abbfba94_overlay.jpg,Bag,Bag,Bag,0.0684720616675889,28.0,269.0,177.0,471.0,fallback_copy,validation_too_small:149x202_fallback_copy,mattmdjaga/segformer_b2_clothes,copy
/Users/ashley/Desktop/python/CS156-Machine-Learning/final/data/retail_images/raw/bag/anthropologie_bags_db59abe93497.jpg,/Users/ashley/Desktop/python/CS156-Machine-Learning/final/data/retail_images/segmented/bag/anthropologie_bags_db59abe93497_seg.jpg,/Users/ashley/Desktop/python/CS156-Machine-Learning/final/data/retail_images/segmentation_overlays/bag/anthropologie_bags_db59abe93497_overlay.jpg,Bag,Bag,Bag,0.2919403704657393,0.0,35.0,349.0,497.0,segmented,ok,mattmdjaga/segformer_b2_clothes,crop_masked
/Users/ashley/Desktop/python/CS156-Machine-Learning/final/data/retail_images/raw/bag/anthropologie_bags_dbf92f6af073.jpg,/Users/ashley/Desktop/python/CS156-Machine-Learning/final/data/retail_images/segmented/bag/anthropologie_bags_dbf92f6af073_seg.jpg,/Users/ashley/Desktop/python/CS156-Machine-Learning/final/data/retail_images/segmentation_overlays/bag/anthropologie_bags_dbf92f6af073_overlay.jpg,Bag,Bag,Bag,0.0887868644091011,59.0,0.0,332.0,523.0,segmented,ok,mattmdjaga/segformer_b2_clothes,crop_masked
/Users/ashley/Desktop/python/CS156-Machine-Learning/final/data/retail_images/raw/bag/anthropologie_bags_dd988c7b90ac.jpg,/Users/ashley/Desktop/python/CS156-Machine-Learning/final/data/retail_images/segmented/bag/anthropologie_bags_dd988c7b90ac_seg.jpg,/Users/ashley/Desktop/python/CS156-Machine-Learning/final/data/retail_images/segmentation_overlays/bag/anthropologie_bags_dd988c7b90ac_overlay.jpg,Bag,Bag,Bag,0.1327036548017553,66.0,44.0,326.0,474.0,segmented,ok,mattmdjaga/segformer_b2_clothes,crop_masked
/Users/ashley/Desktop/python/CS156-Machine-Learning/final/data/retail_images/raw/bag/anthropologie_bags_e337e1fd5e58.jpg,/Users/ashley/Desktop/python/CS156-Machine-Learning/final/data/retail_images/segmented/bag/anthropologie_bags_e337e1fd5e58_seg.jpg,/Users/ashley/Desktop/python/CS156-Machine-Learning/final/data/retail_images/segmentation_overlays/bag/anthropologie_bags_e337e1fd5e58_overlay.jpg,Bag,Bag,Bag,0.2285524881250445,32.0,172.0,321.0,481.0,segmented,ok,mattmdjaga/segformer_b2_clothes,crop_masked
/Users/ashley/Desktop/python/CS156-Machine-Learning/final/data/retail_images/raw/bag/anthropologie_bags_e98d794d0fc6.webp,/Users/ashley/Desktop/python/CS156-Machine-Learning/final/data/retail_images/segmented/bag/anthropologie_bags_e98d794d0fc6_seg.jpg,/Users/ashley/Desktop/python/CS156-Machine-Learning/final/data/retail_images/segmentation_overlays/bag/anthropologie_bags_e98d794d0fc6_overlay.jpg,Bag,Bag,Bag,0.0864310485571997,24.0,0.0,340.0,515.0,segmented,ok,mattmdjaga/segformer_b2_clothes,crop_masked
/Users/ashley/Desktop/python/CS156-Machine-Learning/final/data/retail_images/raw/bag/anthropologie_bags_e9c56ef23131.jpg,/Users/ashley/Desktop/python/CS156-Machine-Learning/final/data/retail_images/segmented/bag/anthropologie_bags_e9c56ef23131_seg.jpg,/Users/ashley/Desktop/python/CS156-Machine-Learning/final/data/retail_images/segmentation_overlays/bag/anthropologie_bags_e9c56ef23131_overlay.jpg,Bag,Bag,Bag,0.0751998334492979,24.0,0.0,340.0,516.0,segmented,ok,mattmdjaga/segformer_b2_clothes,crop_masked
/Users/ashley/Desktop/python/CS156-Machine-Learning/final/data/retail_images/raw/bag/anthropologie_bags_ef906f307221.jpg,/Users/ashley/Desktop/python/CS156-Machine-Learning/final/data/retail_images/segmented/bag/anthropologie_bags_ef906f307221_seg.jpg,/Users/ashley/Desktop/python/CS156-Machine-Learning/final/data/retail_images/segmentation_overlays/bag/anthropologie_bags_ef906f307221_overlay.jpg,Bag,Bag,Bag,0.1390040925452124,5.0,167.0,348.0,486.0,segmented,ok,mattmdjaga/segformer_b2_clothes,crop_masked
/Users/ashley/Desktop/python/CS156-Machine-Learning/final/data/retail_images/raw/bag/anthropologie_bags_efab20d5544e.jpg,/Users/ashley/Desktop/python/CS156-Machine-Learning/final/data/retail_images/segmented/bag/anthropologie_bags_efab20d5544e_seg.jpg,/Users/ashley/Desktop/python/CS156-Machine-Learning/final/data/retail_images/segmentation_overlays/bag/anthropologie_bags_efab20d5544e_overlay.jpg,Bag,Bag,,,,,,,fallback_copy,mask_area_out_of_range:0.0042,mattmdjaga/segformer_b2_clothes,copy
/Users/ashley/Desktop/python/CS156-Machine-Learning/final/data/retail_images/raw/bag/anthropologie_bags_f4aee5a489ce.jpg,/Users/ashley/Desktop/python/CS156-Machine-Learning/final/data/retail_images/segmented/bag/anthropologie_bags_f4aee5a489ce_seg.jpg,/Users/ashley/Desktop/python/CS156-Machine-Learning/final/data/retail_images/segmentation_overlays/bag/anthropologie_bags_f4aee5a489ce_overlay.jpg,Bag,Bag,,,,,,,fallback_copy,mask_area_out_of_range:0.0085,mattmdjaga/segformer_b2_clothes,copy
/Users/ashley/Desktop/python/CS156-Machine-Learning/final/data/retail_images/raw/bag/anthropologie_bags_f9d7b7ad1855.jpg,/Users/ashley/Desktop/python/CS156-Machine-Learning/final/data/retail_images/segmented/bag/anthropologie_bags_f9d7b7ad1855_seg.jpg,/Users/ashley/Desktop/python/CS156-Machine-Learning/final/data/retail_images/segmentation_overlays/bag/anthropologie_bags_f9d7b7ad1855_overlay.jpg,Bag,Bag,Bag,0.2797997008661732,15.0,0.0,347.0,523.0,segmented,ok,mattmdjaga/segformer_b2_clothes,crop_masked
/Users/ashley/Desktop/python/CS156-Machine-Learning/final/data/retail_images/raw/bag/anthropologie_bags_fa4ddb295f10.jpg,/Users/ashley/Desktop/python/CS156-Machine-Learning/final/data/retail_images/segmented/bag/anthropologie_bags_fa4ddb295f10_seg.jpg,/Users/ashley/Desktop/python/CS156-Machine-Learning/final/data/retail_images/segmentation_overlays/bag/anthropologie_bags_fa4ddb295f10_overlay.jpg,Bag,Bag,Bag,0.0869794235930536,114.0,0.0,2791.0,498.0,segmented,ok,mattmdjaga/segformer_b2_clothes,crop_masked
/Users/ashley/Desktop/python/CS156-Machine-Learning/final/data/retail_images/raw/bag/anthropologie_bags_fa5b2efb5266.jpg,/Users/ashley/Desktop/python/CS156-Machine-Learning/final/data/retail_images/segmented/bag/anthropologie_bags_fa5b2efb5266_seg.jpg,/Users/ashley/Desktop/python/CS156-Machine-Learning/final/data/retail_images/segmentation_overlays/bag/anthropologie_bags_fa5b2efb5266_overlay.jpg,Bag,Bag,Bag,0.0463054780936518,1.0,27.0,347.0,497.0,segmented,ok,mattmdjaga/segformer_b2_clothes,crop_masked
/Users/ashley/Desktop/python/CS156-Machine-Learning/final/data/retail_images/raw/bag/anthropologie_bags_ff0e52a8aeb3.jpg,/Users/ashley/Desktop/python/CS156-Machine-Learning/final/data/retail_images/segmented/bag/anthropologie_bags_ff0e52a8aeb3_seg.jpg,/Users/ashley/Desktop/python/CS156-Machine-Learning/final/data/retail_images/segmentation_overlays/bag/anthropologie_bags_ff0e52a8aeb3_overlay.jpg,Bag,Bag,,,,,,,fallback_copy,segmented_too_small:118x31,mattmdjaga/segformer_b2_clothes,copy
/Users/ashley/Desktop/python/CS156-Machine-Learning/final/data/retail_images/raw/bag/princess_polly_bags_090d1d621b5a.jpg,/Users/ashley/Desktop/python/CS156-Machine-Learning/final/data/retail_images/segmented/bag/princess_polly_bags_090d1d621b5a_seg.jpg,/Users/ashley/Desktop/python/CS156-Machine-Learning/final/data/retail_images/segmentation_overlays/bag/princess_polly_bags_090d1d621b5a_overlay.jpg,Bag,Bag,Bag,0.1688900690387679,379.0,190.0,1144.0,1796.0,segmented,ok,mattmdjaga/segformer_b2_clothes,crop_masked
/Users/ashley/Desktop/python/CS156-Machine-Learning/final/data/retail_images/raw/bag/princess_polly_bags_0c2f2ba8dc76.jpg,/Users/ashley/Desktop/python/CS156-Machine-Learning/final/data/retail_images/segmented/bag/princess_polly_bags_0c2f2ba8dc76_seg.jpg,/Users/ashley/Desktop/python/CS156-Machine-Learning/final/data/retail_images/segmentation_overlays/bag/princess_polly_bags_0c2f2ba8dc76_overlay.jpg,Bag,Bag,Bag,0.1002144695453245,50.0,862.0,1345.0,1660.0,segmented,ok,mattmdjaga/segformer_b2_clothes,crop_masked
/Users/ashley/Desktop/python/CS156-Machine-Learning/final/data/retail_images/raw/bag/princess_polly_bags_0c7b61e96947.jpg,/Users/ashley/Desktop/python/CS156-Machine-Learning/final/data/retail_images/segmented/bag/princess_polly_bags_0c7b61e96947_seg.jpg,/Users/ashley/Desktop/python/CS156-Machine-Learning/final/data/retail_images/segmentation_overlays/bag/princess_polly_bags_0c7b61e96947_overlay.jpg,Bag,Bag,Bag,0.1361623495552067,104.0,572.0,1173.0,1789.0,segmented,ok,mattmdjaga/segformer_b2_clothes,crop_masked
/Users/ashley/Desktop/python/CS156-Machine-Learning/final/data/retail_images/raw/bag/princess_polly_bags_0edb3f5012f0.jpg,/Users/ashley/Desktop/python/CS156-Machine-Learning/final/data/retail_images/segmented/bag/princess_polly_bags_0edb3f5012f0_seg.jpg,/Users/ashley/Desktop/python/CS156-Machine-Learning/final/data/retail_images/segmentation_overlays/bag/princess_polly_bags_0edb3f5012f0_overlay.jpg,Bag,Bag,Bag,0.0457906777237632,37.0,334.0,1092.0,1743.0,segmented,ok,mattmdjaga/segformer_b2_clothes,crop_masked
/Users/ashley/Desktop/python/CS156-Machine-Learning/final/data/retail_images/raw/bag/princess_polly_bags_0f94f47da52e.jpg,/Users/ashley/Desktop/python/CS156-Machine-Learning/final/data/retail_images/segmented/bag/princess_polly_bags_0f94f47da52e_seg.jpg,/Users/ashley/Desktop/python/CS156-Machine-Learning/final/data/retail_images/segmentation_overlays/bag/princess_polly_bags_0f94f47da52e_overlay.jpg,Bag,Bag,Bag,0.1909346787041954,63.0,268.0,1314.0,1627.0,segmented,ok,mattmdjaga/segformer_b2_clothes,crop_masked
/Users/ashley/Desktop/python/CS156-Machine-Learning/final/data/retail_images/raw/bag/princess_polly_bags_1024a8ffea22.jpg,/Users/ashley/Desktop/python/CS156-Machine-Learning/final/data/retail_images/segmented/bag/princess_polly_bags_1024a8ffea22_seg.jpg,/Users/ashley/Desktop/python/CS156-Machine-Learning/final/data/retail_images/segmentation_overlays/bag/princess_polly_bags_1024a8ffea22_overlay.jpg,Bag,Bag,Bag,0.0593210361067503,434.0,792.0,1127.0,1551.0,segmented,ok,mattmdjaga/segformer_b2_clothes,crop_masked
/Users/ashley/Desktop/python/CS156-Machine-Learning/final/data/retail_images/raw/bag/princess_polly_bags_138636bcb44b.jpg,/Users/ashley/Desktop/python/CS156-Machine-Learning/final/data/retail_images/segmented/bag/princess_polly_bags_138636bcb44b_seg.jpg,/Users/ashley/Desktop/python/CS156-Machine-Learning/final/data/retail_images/segmentation_overlays/bag/princess_polly_bags_138636bcb44b_overlay.jpg,Bag,Bag,Bag,0.1055770866038723,296.0,498.0,1102.0,1632.0,segmented,ok,mattmdjaga/segformer_b2_clothes,crop_masked
/Users/ashley/Desktop/python/CS156-Machine-Learning/final/data/retail_images/raw/bag/princess_polly_bags_1adae383bd23.jpg,/Users/ashley/Desktop/python/CS156-Machine-Learning/final/data/retail_images/segmented/bag/princess_polly_bags_1adae383bd23_seg.jpg,/Users/ashley/Desktop/python/CS156-Machine-Learning/final/data/retail_images/segmentation_overlays/bag/princess_polly_bags_1adae383bd23_overlay.jpg,Bag,Bag,Bag,0.1002144695453245,50.0,862.0,1345.0,1660.0,segmented,ok,mattmdjaga/segformer_b2_clothes,crop_masked
/Users/ashley/Desktop/python/CS156-Machine-Learning/final/data/retail_images/raw/bag/princess_polly_bags_1f79e87cb9a4.jpg,/Users/ashley/Desktop/python/CS156-Machine-Learning/final/data/retail_images/segmented/bag/princess_polly_bags_1f79e87cb9a4_seg.jpg,/Users/ashley/Desktop/python/CS156-Machine-Learning/final/data/retail_images/segmentation_overlays/bag/princess_polly_bags_1f79e87cb9a4_overlay.jpg,Bag,Bag,Bag,0.1055063611983254,326.0,316.0,1069.0,1580.0,segmented,ok,mattmdjaga/segformer_b2_clothes,crop_masked
/Users/ashley/Desktop/python/CS156-Machine-Learning/final/data/retail_images/raw/bag/princess_polly_bags_1f86454b5f40.jpg,/Users/ashley/Desktop/python/CS156-Machine-Learning/final/data/retail_images/segmented/bag/princess_polly_bags_1f86454b5f40_seg.jpg,/Users/ashley/Desktop/python/CS156-Machine-Learning/final/data/retail_images/segmentation_overlays/bag/princess_polly_bags_1f86454b5f40_overlay.jpg,Bag,Bag,Bag,0.1302238683935112,138.0,711.0,1137.0,1820.0,segmented,ok,mattmdjaga/segformer_b2_clothes,crop_masked
/Users/ashley/Desktop/python/CS156-Machine-Learning/final/data/retail_images/raw/bag/princess_polly_bags_20cf83fd9c98.jpg,/Users/ashley/Desktop/python/CS156-Machine-Learning/final/data/retail_images/segmented/bag/princess_polly_bags_20cf83fd9c98_seg.jpg,/Users/ashley/Desktop/python/CS156-Machine-Learning/final/data/retail_images/segmentation_overlays/bag/princess_polly_bags_20cf83fd9c98_overlay.jpg,Bag,Bag,Bag,0.1634061848931737,136.0,53.0,1208.0,1820.0,segmented,ok,mattmdjaga/segformer_b2_clothes,crop_masked
/Users/ashley/Desktop/python/CS156-Machine-Learning/final/data/retail_images/raw/bag/princess_polly_bags_22f97165eff1.jpg,/Users/ashley/Desktop/python/CS156-Machine-Learning/final/data/retail_images/segmented/bag/princess_polly_bags_22f97165eff1_seg.jpg,/Users/ashley/Desktop/python/CS156-Machine-Learning/final/data/retail_images/segmentation_overlays/bag/princess_polly_bags_22f97165eff1_overlay.jpg,Bag,Bag,Bag,0.1515821232339089,326.0,264.0,979.0,1657.0,segmented,ok,mattmdjaga/segformer_b2_clothes,crop_masked
/Users/ashley/Desktop/python/CS156-Machine-Learning/final/data/retail_images/raw/bag/princess_polly_bags_23b33ea8061b.jpg,/Users/ashley/Desktop/python/CS156-Machine-Learning/final/data/retail_images/segmented/bag/princess_polly_bags_23b33ea8061b_seg.jpg,/Users/ashley/Desktop/python/CS156-Machine-Learning/final/data/retail_images/segmentation_overlays/bag/princess_polly_bags_23b33ea8061b_overlay.jpg,Bag,Bag,Bag,0.0854567307692307,257.0,342.0,984.0,1236.0,segmented,ok,mattmdjaga/segformer_b2_clothes,crop_masked
/Users/ashley/Desktop/python/CS156-Machine-Learning/final/data/retail_images/raw/bag/princess_polly_bags_27010bdc1e3c.jpg,/Users/ashley/Desktop/python/CS156-Machine-Learning/final/data/retail_images/segmented/bag/princess_polly_bags_27010bdc1e3c_seg.jpg,/Users/ashley/Desktop/python/CS156-Machine-Learning/final/data/retail_images/segmentation_overlays/bag/princess_polly_bags_27010bdc1e3c_overlay.jpg,Bag,Bag,Bag,0.1021826759549973,156.0,823.0,798.0,1738.0,segmented,ok,mattmdjaga/segformer_b2_clothes,crop_masked
/Users/ashley/Desktop/python/CS156-Machine-Learning/final/data/retail_images/raw/bag/princess_polly_bags_2a5fe0361ff6.jpg,/Users/ashley/Desktop/python/CS156-Machine-Learning/final/data/retail_images/segmented/bag/princess_polly_bags_2a5fe0361ff6_seg.jpg,/Users/ashley/Desktop/python/CS156-Machine-Learning/final/data/retail_images/segmentation_overlays/bag/princess_polly_bags_2a5fe0361ff6_overlay.jpg,Bag,Bag,Bag,0.1786196331549491,93.0,562.0,1242.0,1490.0,segmented,ok,mattmdjaga/segformer_b2_clothes,crop_masked
/Users/ashley/Desktop/python/CS156-Machine-Learning/final/data/retail_images/raw/bag/princess_polly_bags_2b9bf58d16c2.jpg,/Users/ashley/Desktop/python/CS156-Machine-Learning/final/data/retail_images/segmented/bag/princess_polly_bags_2b9bf58d16c2_seg.jpg,/Users/ashley/Desktop/python/CS156-Machine-Learning/final/data/retail_images/segmentation_overlays/bag/princess_polly_bags_2b9bf58d16c2_overlay.jpg,Bag,Bag,Bag,0.024218718084889,311.0,207.0,1220.0,1380.0,segmented,ok,mattmdjaga/segformer_b2_clothes,crop_masked
/Users/ashley/Desktop/python/CS156-Machine-Learning/final/data/retail_images/raw/bag/princess_polly_bags_2e78053ed613.jpg,/Users/ashley/Desktop/python/CS156-Machine-Learning/final/data/retail_images/segmented/bag/princess_polly_bags_2e78053ed613_seg.jpg,/Users/ashley/Desktop/python/CS156-Machine-Learning/final/data/retail_images/segmentation_overlays/bag/princess_polly_bags_2e78053ed613_overlay.jpg,Bag,Bag,Bag,0.101168387915914,174.0,243.0,1192.0,1612.0,segmented,ok,mattmdjaga/segformer_b2_clothes,crop_masked
/Users/ashley/Desktop/python/CS156-Machine-Learning/final/data/retail_images/raw/bag/princess_polly_bags_33fcaf763677.jpg,/Users/ashley/Desktop/python/CS156-Machine-Learning/final/data/retail_images/segmented/bag/princess_polly_bags_33fcaf763677_seg.jpg,/Users/ashley/Desktop/python/CS156-Machine-Learning/final/data/retail_images/segmentation_overlays/bag/princess_polly_bags_33fcaf763677_overlay.jpg,Bag,Bag,Bag,0.0598467752485609,466.0,580.0,1123.0,1416.0,segmented,ok,mattmdjaga/segformer_b2_clothes,crop_masked
/Users/ashley/Desktop/python/CS156-Machine-Learning/final/data/retail_images/raw/bag/princess_polly_bags_3a896c65d1ea.jpg,/Users/ashley/Desktop/python/CS156-Machine-Learning/final/data/retail_images/segmented/bag/princess_polly_bags_3a896c65d1ea_seg.jpg,/Users/ashley/Desktop/python/CS156-Machine-Learning/final/data/retail_images/segmentation_overlays/bag/princess_polly_bags_3a896c65d1ea_overlay.jpg,Bag,Bag,,,,,,,fallback_copy,mask_area_out_of_range:0.0049,mattmdjaga/segformer_b2_clothes,copy
/Users/ashley/Desktop/python/CS156-Machine-Learning/final/data/retail_images/raw/bag/princess_polly_bags_3e8b90af8cd1.jpg,/Users/ashley/Desktop/python/CS156-Machine-Learning/final/data/retail_images/segmented/bag/princess_polly_bags_3e8b90af8cd1_seg.jpg,/Users/ashley/Desktop/python/CS156-Machine-Learning/final/data/retail_images/segmentation_overlays/bag/princess_polly_bags_3e8b90af8cd1_overlay.jpg,Bag,Bag,Bag,0.0390163036368393,299.0,697.0,722.0,1315.0,segmented,ok,mattmdjaga/segformer_b2_clothes,crop_masked
/Users/ashley/Desktop/python/CS156-Machine-Learning/final/data/retail_images/raw/bag/princess_polly_bags_3f8a4736057b.jpg,/Users/ashley/Desktop/python/CS156-Machine-Learning/final/data/retail_images/segmented/bag/princess_polly_bags_3f8a4736057b_seg.jpg,/Users/ashley/Desktop/python/CS156-Machine-Learning/final/data/retail_images/segmentation_overlays/bag/princess_polly_bags_3f8a4736057b_overlay.jpg,Bag,Bag,Bag,0.1517166241496598,231.0,383.0,1131.0,1604.0,segmented,ok,mattmdjaga/segformer_b2_clothes,crop_masked
/Users/ashley/Desktop/python/CS156-Machine-Learning/final/data/retail_images/raw/bag/princess_polly_bags_40e4560674cb.jpg,/Users/ashley/Desktop/python/CS156-Machine-Learning/final/data/retail_images/segmented/bag/princess_polly_bags_40e4560674cb_seg.jpg,/Users/ashley/Desktop/python/CS156-Machine-Learning/final/data/retail_images/segmentation_overlays/bag/princess_polly_bags_40e4560674cb_overlay.jpg,Bag,Bag,Bag,0.170356170983303,248.0,362.0,1345.0,1705.0,segmented,ok,mattmdjaga/segformer_b2_clothes,crop_masked
/Users/ashley/Desktop/python/CS156-Machine-Learning/final/data/retail_images/raw/bag/princess_polly_bags_41e96bb78f42.jpg,/Users/ashley/Desktop/python/CS156-Machine-Learning/final/data/retail_images/segmented/bag/princess_polly_bags_41e96bb78f42_seg.jpg,/Users/ashley/Desktop/python/CS156-Machine-Learning/final/data/retail_images/segmentation_overlays/bag/princess_polly_bags_41e96bb78f42_overlay.jpg,Bag,Bag,Bag,0.144887218906254,243.0,192.0,1109.0,1626.0,segmented,ok,mattmdjaga/segformer_b2_clothes,crop_masked
/Users/ashley/Desktop/python/CS156-Machine-Learning/final/data/retail_images/raw/bag/princess_polly_bags_42edb0cb58b9.jpg,/Users/ashley/Desktop/python/CS156-Machine-Learning/final/data/retail_images/segmented/bag/princess_polly_bags_42edb0cb58b9_seg.jpg,/Users/ashley/Desktop/python/CS156-Machine-Learning/final/data/retail_images/segmentation_overlays/bag/princess_polly_bags_42edb0cb58b9_overlay.jpg,Bag,Bag,Bag,0.1124947914538992,155.0,0.0,1326.0,1346.0,segmented,ok,mattmdjaga/segformer_b2_clothes,crop_masked
/Users/ashley/Desktop/python/CS156-Machine-Learning/final/data/retail_images/raw/bag/princess_polly_bags_42f963ca7128.jpg,/Users/ashley/Desktop/python/CS156-Machine-Learning/final/data/retail_images/segmented/bag/princess_polly_bags_42f963ca7128_seg.jpg,/Users/ashley/Desktop/python/CS156-Machine-Learning/final/data/retail_images/segmentation_overlays/bag/princess_polly_bags_42f963ca7128_overlay.jpg,Bag,Bag,Bag,0.1248878630663017,232.0,257.0,1140.0,1477.0,segmented,ok,mattmdjaga/segformer_b2_clothes,crop_masked
/Users/ashley/Desktop/python/CS156-Machine-Learning/final/data/retail_images/raw/bag/princess_polly_bags_43c48597a5de.jpg,/Users/ashley/Desktop/python/CS156-Machine-Learning/final/data/retail_images/segmented/bag/princess_polly_bags_43c48597a5de_seg.jpg,/Users/ashley/Desktop/python/CS156-Machine-Learning/final/data/retail_images/segmentation_overlays/bag/princess_polly_bags_43c48597a5de_overlay.jpg,Bag,Bag,Bag,0.0815851547719679,166.0,107.0,922.0,1366.0,segmented,ok,mattmdjaga/segformer_b2_clothes,crop_masked
/Users/ashley/Desktop/python/CS156-Machine-Learning/final/data/retail_images/raw/bag/princess_polly_bags_45a0fcbd093d.jpg,/Users/ashley/Desktop/python/CS156-Machine-Learning/final/data/retail_images/segmented/bag/princess_polly_bags_45a0fcbd093d_seg.jpg,/Users/ashley/Desktop/python/CS156-Machine-Learning/final/data/retail_images/segmentation_overlays/bag/princess_polly_bags_45a0fcbd093d_overlay.jpg,Bag,Bag,Bag,0.074913051287494,404.0,392.0,951.0,1392.0,segmented,ok,mattmdjaga/segformer_b2_clothes,crop_masked
/Users/ashley/Desktop/python/CS156-Machine-Learning/final/data/retail_images/raw/bag/princess_polly_bags_48b334c55661.jpg,/Users/ashley/Desktop/python/CS156-Machine-Learning/final/data/retail_images/segmented/bag/princess_polly_bags_48b334c55661_seg.jpg,/Users/ashley/Desktop/python/CS156-Machine-Learning/final/data/retail_images/segmentation_overlays/bag/princess_polly_bags_48b334c55661_overlay.jpg,Bag,Bag,,,,,,,fallback_copy,mask_area_out_of_range:0.0010,mattmdjaga/segformer_b2_clothes,copy
/Users/ashley/Desktop/python/CS156-Machine-Learning/final/data/retail_images/raw/bag/princess_polly_bags_4d06023bf02d.jpg,/Users/ashley/Desktop/python/CS156-Machine-Learning/final/data/retail_images/segmented/bag/princess_polly_bags_4d06023bf02d_seg.jpg,/Users/ashley/Desktop/python/CS156-Machine-Learning/final/data/retail_images/segmentation_overlays/bag/princess_polly_bags_4d06023bf02d_overlay.jpg,Bag,Bag,Bag,0.0565905785391079,103.0,432.0,1107.0,1384.0,segmented,ok,mattmdjaga/segformer_b2_clothes,crop_masked
/Users/ashley/Desktop/python/CS156-Machine-Learning/final/data/retail_images/raw/bag/princess_polly_bags_5540d8f876bd.jpg,/Users/ashley/Desktop/python/CS156-Machine-Learning/final/data/retail_images/segmented/bag/princess_polly_bags_5540d8f876bd_seg.jpg,/Users/ashley/Desktop/python/CS156-Machine-Learning/final/data/retail_images/segmentation_overlays/bag/princess_polly_bags_5540d8f876bd_overlay.jpg,Bag,Bag,Bag,0.1182945774463631,208.0,263.0,1266.0,1623.0,segmented,ok,mattmdjaga/segformer_b2_clothes,crop_masked
/Users/ashley/Desktop/python/CS156-Machine-Learning/final/data/retail_images/raw/bag/princess_polly_bags_611b310dc9df.jpg,/Users/ashley/Desktop/python/CS156-Machine-Learning/final/data/retail_images/segmented/bag/princess_polly_bags_611b310dc9df_seg.jpg,/Users/ashley/Desktop/python/CS156-Machine-Learning/final/data/retail_images/segmentation_overlays/bag/princess_polly_bags_611b310dc9df_overlay.jpg,Bag,Bag,Bag,0.1620433509942438,211.0,182.0,1112.0,1636.0,segmented,ok,mattmdjaga/segformer_b2_clothes,crop_masked
/Users/ashley/Desktop/python/CS156-Machine-Learning/final/data/retail_images/raw/bag/princess_polly_bags_6862d9eac72d.jpg,/Users/ashley/Desktop/python/CS156-Machine-Learning/final/data/retail_images/segmented/bag/princess_polly_bags_6862d9eac72d_seg.jpg,/Users/ashley/Desktop/python/CS156-Machine-Learning/final/data/retail_images/segmentation_overlays/bag/princess_polly_bags_6862d9eac72d_overlay.jpg,Bag,Bag,Bag,0.1029515094570856,433.0,442.0,1141.0,1558.0,segmented,ok,mattmdjaga/segformer_b2_clothes,crop_masked
/Users/ashley/Desktop/python/CS156-Machine-Learning/final/data/retail_images/raw/bag/princess_polly_bags_6be4c045a916.jpg,/Users/ashley/Desktop/python/CS156-Machine-Learning/final/data/retail_images/segmented/bag/princess_polly_bags_6be4c045a916_seg.jpg,/Users/ashley/Desktop/python/CS156-Machine-Learning/final/data/retail_images/segmentation_overlays/bag/princess_polly_bags_6be4c045a916_overlay.jpg,Bag,Bag,Bag,0.1340189200680272,100.0,729.0,1289.0,1470.0,segmented,ok,mattmdjaga/segformer_b2_clothes,crop_masked
/Users/ashley/Desktop/python/CS156-Machine-Learning/final/data/retail_images/raw/bag/princess_polly_bags_7204be631b69.jpg,/Users/ashley/Desktop/python/CS156-Machine-Learning/final/data/retail_images/segmented/bag/princess_polly_bags_7204be631b69_seg.jpg,/Users/ashley/Desktop/python/CS156-Machine-Learning/final/data/retail_images/segmentation_overlays/bag/princess_polly_bags_7204be631b69_overlay.jpg,Bag,Bag,Bag,0.1647529925431711,236.0,177.0,1145.0,1625.0,segmented,ok,mattmdjaga/segformer_b2_clothes,crop_masked
/Users/ashley/Desktop/python/CS156-Machine-Learning/final/data/retail_images/raw/bag/princess_polly_bags_7a6adda68d6a.jpg,/Users/ashley/Desktop/python/CS156-Machine-Learning/final/data/retail_images/segmented/bag/princess_polly_bags_7a6adda68d6a_seg.jpg,/Users/ashley/Desktop/python/CS156-Machine-Learning/final/data/retail_images/segmentation_overlays/bag/princess_polly_bags_7a6adda68d6a_overlay.jpg,Bag,Bag,Bag,0.0224391679748822,308.0,460.0,1209.0,885.0,segmented,ok,mattmdjaga/segformer_b2_clothes,crop_masked
/Users/ashley/Desktop/python/CS156-Machine-Learning/final/data/retail_images/raw/bag/princess_polly_bags_7c44283f5504.jpg,/Users/ashley/Desktop/python/CS156-Machine-Learning/final/data/retail_images/segmented/bag/princess_polly_bags_7c44283f5504_seg.jpg,/Users/ashley/Desktop/python/CS156-Machine-Learning/final/data/retail_images/segmentation_overlays/bag/princess_polly_bags_7c44283f5504_overlay.jpg,Bag,Bag,Bag,0.1652653294660729,134.0,228.0,1163.0,1500.0,segmented,ok,mattmdjaga/segformer_b2_clothes,crop_masked
/Users/ashley/Desktop/python/CS156-Machine-Learning/final/data/retail_images/raw/bag/princess_polly_bags_817376033fd7.jpg,/Users/ashley/Desktop/python/CS156-Machine-Learning/final/data/retail_images/segmented/bag/princess_polly_bags_817376033fd7_seg.jpg,/Users/ashley/Desktop/python/CS156-Machine-Learning/final/data/retail_images/segmentation_overlays/bag/princess_polly_bags_817376033fd7_overlay.jpg,Bag,Bag,Bag,0.0357690672422815,291.0,494.0,1080.0,1611.0,segmented,ok,mattmdjaga/segformer_b2_clothes,crop_masked
/Users/ashley/Desktop/python/CS156-Machine-Learning/final/data/retail_images/raw/bag/princess_polly_bags_818077ca75ea.jpg,/Users/ashley/Desktop/python/CS156-Machine-Learning/final/data/retail_images/segmented/bag/princess_polly_bags_818077ca75ea_seg.jpg,/Users/ashley/Desktop/python/CS156-Machine-Learning/final/data/retail_images/segmentation_overlays/bag/princess_polly_bags_818077ca75ea_overlay.jpg,Bag,Bag,Bag,0.199738356881214,85.0,430.0,1271.0,1619.0,segmented,ok,mattmdjaga/segformer_b2_clothes,crop_masked
/Users/ashley/Desktop/python/CS156-Machine-Learning/final/data/retail_images/raw/bag/princess_polly_bags_898a6f2a3742.jpg,/Users/ashley/Desktop/python/CS156-Machine-Learning/final/data/retail_images/segmented/bag/princess_polly_bags_898a6f2a3742_seg.jpg,/Users/ashley/Desktop/python/CS156-Machine-Learning/final/data/retail_images/segmentation_overlays/bag/princess_polly_bags_898a6f2a3742_overlay.jpg,Bag,Bag,Bag,0.2016565279958137,93.0,268.0,1254.0,1658.0,segmented,ok,mattmdjaga/segformer_b2_clothes,crop_masked
/Users/ashley/Desktop/python/CS156-Machine-Learning/final/data/retail_images/raw/bag/princess_polly_bags_8bd5ee63694e.jpg,/Users/ashley/Desktop/python/CS156-Machine-Learning/final/data/retail_images/segmented/bag/princess_polly_bags_8bd5ee63694e_seg.jpg,/Users/ashley/Desktop/python/CS156-Machine-Learning/final/data/retail_images/segmentation_overlays/bag/princess_polly_bags_8bd5ee63694e_overlay.jpg,Bag,Bag,Bag,0.0723272369695541,385.0,664.0,895.0,1564.0,segmented,ok,mattmdjaga/segformer_b2_clothes,crop_masked
/Users/ashley/Desktop/python/CS156-Machine-Learning/final/data/retail_images/raw/bag/princess_polly_bags_8c4b326032f2.jpg,/Users/ashley/Desktop/python/CS156-Machine-Learning/final/data/retail_images/segmented/bag/princess_polly_bags_8c4b326032f2_seg.jpg,/Users/ashley/Desktop/python/CS156-Machine-Learning/final/data/retail_images/segmentation_overlays/bag/princess_polly_bags_8c4b326032f2_overlay.jpg,Bag,Bag,Bag,0.1537190116431188,90.0,457.0,1231.0,1633.0,segmented,ok,mattmdjaga/segformer_b2_clothes,crop_masked
/Users/ashley/Desktop/python/CS156-Machine-Learning/final/data/retail_images/raw/bag/princess_polly_bags_8d1f24df1efb.jpg,/Users/ashley/Desktop/python/CS156-Machine-Learning/final/data/retail_images/segmented/bag/princess_polly_bags_8d1f24df1efb_seg.jpg,/Users/ashley/Desktop/python/CS156-Machine-Learning/final/data/retail_images/segmentation_overlays/bag/princess_polly_bags_8d1f24df1efb_overlay.jpg,Bag,Bag,,,,,,,fallback_copy,mask_area_out_of_range:0.0073,mattmdjaga/segformer_b2_clothes,copy
/Users/ashley/Desktop/python/CS156-Machine-Learning/final/data/retail_images/raw/bag/princess_polly_bags_915aa4be690a.jpg,/Users/ashley/Desktop/python/CS156-Machine-Learning/final/data/retail_images/segmented/bag/princess_polly_bags_915aa4be690a_seg.jpg,/Users/ashley/Desktop/python/CS156-Machine-Learning/final/data/retail_images/segmentation_overlays/bag/princess_polly_bags_915aa4be690a_overlay.jpg,Bag,Bag,Bag,0.1327188808215594,236.0,190.0,1122.0,1629.0,segmented,ok,mattmdjaga/segformer_b2_clothes,crop_masked
/Users/ashley/Desktop/python/CS156-Machine-Learning/final/data/retail_images/raw/bag/princess_polly_bags_917dd9795b8a.jpg,/Users/ashley/Desktop/python/CS156-Machine-Learning/final/data/retail_images/segmented/bag/princess_polly_bags_917dd9795b8a_seg.jpg,/Users/ashley/Desktop/python/CS156-Machine-Learning/final/data/retail_images/segmentation_overlays/bag/princess_polly_bags_917dd9795b8a_overlay.jpg,Bag,Bag,Bag,0.1809524976064052,211.0,336.0,1317.0,1752.0,segmented,ok,mattmdjaga/segformer_b2_clothes,crop_masked
/Users/ashley/Desktop/python/CS156-Machine-Learning/final/data/retail_images/raw/bag/princess_polly_bags_981818359df4.jpg,/Users/ashley/Desktop/python/CS156-Machine-Learning/final/data/retail_images/segmented/bag/princess_polly_bags_981818359df4_seg.jpg,/Users/ashley/Desktop/python/CS156-Machine-Learning/final/data/retail_images/segmentation_overlays/bag/princess_polly_bags_981818359df4_overlay.jpg,Bag,Bag,,,,,,,fallback_copy,missing_target_mask,mattmdjaga/segformer_b2_clothes,copy
/Users/ashley/Desktop/python/CS156-Machine-Learning/final/data/retail_images/raw/bag/princess_polly_bags_9bb62e318ed8.jpg,/Users/ashley/Desktop/python/CS156-Machine-Learning/final/data/retail_images/segmented/bag/princess_polly_bags_9bb62e318ed8_seg.jpg,/Users/ashley/Desktop/python/CS156-Machine-Learning/final/data/retail_images/segmentation_overlays/bag/princess_polly_bags_9bb62e318ed8_overlay.jpg,Bag,Bag,Bag,0.081810972909874,233.0,143.0,1365.0,978.0,segmented,ok,mattmdjaga/segformer_b2_clothes,crop_masked
/Users/ashley/Desktop/python/CS156-Machine-Learning/final/data/retail_images/raw/bag/princess_polly_bags_9d008d27eca4.jpg,/Users/ashley/Desktop/python/CS156-Machine-Learning/final/data/retail_images/segmented/bag/princess_polly_bags_9d008d27eca4_seg.jpg,/Users/ashley/Desktop/python/CS156-Machine-Learning/final/data/retail_images/segmentation_overlays/bag/princess_polly_bags_9d008d27eca4_overlay.jpg,Bag,Bag,Bag,0.1631802769720985,145.0,240.0,1200.0,1572.0,segmented,ok,mattmdjaga/segformer_b2_clothes,crop_masked
/Users/ashley/Desktop/python/CS156-Machine-Learning/final/data/retail_images/raw/bag/princess_polly_bags_9e74cada2cc9.jpg,/Users/ashley/Desktop/python/CS156-Machine-Learning/final/data/retail_images/segmented/bag/princess_polly_bags_9e74cada2cc9_seg.jpg,/Users/ashley/Desktop/python/CS156-Machine-Learning/final/data/retail_images/segmentation_overlays/bag/princess_polly_bags_9e74cada2cc9_overlay.jpg,Bag,Bag,Bag,0.1187761942966097,420.0,605.0,1218.0,1536.0,segmented,ok,mattmdjaga/segformer_b2_clothes,crop_masked
/Users/ashley/Desktop/python/CS156-Machine-Learning/final/data/retail_images/raw/bag/princess_polly_bags_9fcc56477309.jpg,/Users/ashley/Desktop/python/CS156-Machine-Learning/final/data/retail_images/segmented/bag/princess_polly_bags_9fcc56477309_seg.jpg,/Users/ashley/Desktop/python/CS156-Machine-Learning/final/data/retail_images/segmentation_overlays/bag/princess_polly_bags_9fcc56477309_overlay.jpg,Bag,Bag,Bag,0.0338337257980115,115.0,332.0,1204.0,1467.0,segmented,ok,mattmdjaga/segformer_b2_clothes,crop_masked
/Users/ashley/Desktop/python/CS156-Machine-Learning/final/data/retail_images/raw/bag/princess_polly_bags_a1d2f0adb97c.jpg,/Users/ashley/Desktop/python/CS156-Machine-Learning/final/data/retail_images/segmented/bag/princess_polly_bags_a1d2f0adb97c_seg.jpg,/Users/ashley/Desktop/python/CS156-Machine-Learning/final/data/retail_images/segmentation_overlays/bag/princess_polly_bags_a1d2f0adb97c_overlay.jpg,Bag,Bag,Bag,0.1910199175824175,102.0,115.0,1206.0,1820.0,segmented,ok,mattmdjaga/segformer_b2_clothes,crop_masked
/Users/ashley/Desktop/python/CS156-Machine-Learning/final/data/retail_images/raw/bag/princess_polly_bags_a41034da5f8e.jpg,/Users/ashley/Desktop/python/CS156-Machine-Learning/final/data/retail_images/segmented/bag/princess_polly_bags_a41034da5f8e_seg.jpg,/Users/ashley/Desktop/python/CS156-Machine-Learning/final/data/retail_images/segmentation_overlays/bag/princess_polly_bags_a41034da5f8e_overlay.jpg,Bag,Bag,Bag,0.2545108908948195,0.0,0.0,1344.0,1820.0,segmented,ok,mattmdjaga/segformer_b2_clothes,crop_masked
/Users/ashley/Desktop/python/CS156-Machine-Learning/final/data/retail_images/raw/bag/princess_polly_bags_a65d0b51a327.jpg,/Users/ashley/Desktop/python/CS156-Machine-Learning/final/data/retail_images/segmented/bag/princess_polly_bags_a65d0b51a327_seg.jpg,/Users/ashley/Desktop/python/CS156-Machine-Learning/final/data/retail_images/segmentation_overlays/bag/princess_polly_bags_a65d0b51a327_overlay.jpg,Bag,Bag,Bag,0.1617531799552602,219.0,151.0,1020.0,1742.0,segmented,ok,mattmdjaga/segformer_b2_clothes,crop_masked
/Users/ashley/Desktop/python/CS156-Machine-Learning/final/data/retail_images/raw/bag/princess_polly_bags_ae86e30c4702.jpg,/Users/ashley/Desktop/python/CS156-Machine-Learning/final/data/retail_images/segmented/bag/princess_polly_bags_ae86e30c4702_seg.jpg,/Users/ashley/Desktop/python/CS156-Machine-Learning/final/data/retail_images/segmentation_overlays/bag/princess_polly_bags_ae86e30c4702_overlay.jpg,Bag,Bag,Bag,0.1688900690387679,379.0,190.0,1144.0,1796.0,segmented,ok,mattmdjaga/segformer_b2_clothes,crop_masked
/Users/ashley/Desktop/python/CS156-Machine-Learning/final/data/retail_images/raw/bag/princess_polly_bags_b17187275153.jpg,/Users/ashley/Desktop/python/CS156-Machine-Learning/final/data/retail_images/segmented/bag/princess_polly_bags_b17187275153_seg.jpg,/Users/ashley/Desktop/python/CS156-Machine-Learning/final/data/retail_images/segmentation_overlays/bag/princess_polly_bags_b17187275153_overlay.jpg,Bag,Bag,Bag,0.3587082805670166,53.0,0.0,1345.0,1820.0,segmented,ok,mattmdjaga/segformer_b2_clothes,crop_masked
/Users/ashley/Desktop/python/CS156-Machine-Learning/final/data/retail_images/raw/bag/princess_polly_bags_b23c6a57d29f.jpg,/Users/ashley/Desktop/python/CS156-Machine-Learning/final/data/retail_images/segmented/bag/princess_polly_bags_b23c6a57d29f_seg.jpg,/Users/ashley/Desktop/python/CS156-Machine-Learning/final/data/retail_images/segmentation_overlays/bag/princess_polly_bags_b23c6a57d29f_overlay.jpg,Bag,Bag,Bag,0.0880591527431676,134.0,644.0,1116.0,1291.0,segmented,ok,mattmdjaga/segformer_b2_clothes,crop_masked
/Users/ashley/Desktop/python/CS156-Machine-Learning/final/data/retail_images/raw/bag/princess_polly_bags_b80c60ff893a.jpg,/Users/ashley/Desktop/python/CS156-Machine-Learning/final/data/retail_images/segmented/bag/princess_polly_bags_b80c60ff893a_seg.jpg,/Users/ashley/Desktop/python/CS156-Machine-Learning/final/data/retail_images/segmentation_overlays/bag/princess_polly_bags_b80c60ff893a_overlay.jpg,Bag,Bag,Bag,0.1441893051186731,150.0,339.0,1345.0,1690.0,segmented,ok,mattmdjaga/segformer_b2_clothes,crop_masked
/Users/ashley/Desktop/python/CS156-Machine-Learning/final/data/retail_images/raw/bag/princess_polly_bags_bf88a75fcca9.jpg,/Users/ashley/Desktop/python/CS156-Machine-Learning/final/data/retail_images/segmented/bag/princess_polly_bags_bf88a75fcca9_seg.jpg,/Users/ashley/Desktop/python/CS156-Machine-Learning/final/data/retail_images/segmentation_overlays/bag/princess_polly_bags_bf88a75fcca9_overlay.jpg,Bag,Bag,Bag,0.1961652845295968,62.0,256.0,1209.0,1330.0,segmented,ok,mattmdjaga/segformer_b2_clothes,crop_masked
/Users/ashley/Desktop/python/CS156-Machine-Learning/final/data/retail_images/raw/bag/princess_polly_bags_bfb432dadd64.jpg,/Users/ashley/Desktop/python/CS156-Machine-Learning/final/data/retail_images/segmented/bag/princess_polly_bags_bfb432dadd64_seg.jpg,/Users/ashley/Desktop/python/CS156-Machine-Learning/final/data/retail_images/segmentation_overlays/bag/princess_polly_bags_bfb432dadd64_overlay.jpg,Bag,Bag,Bag,0.0511790293040293,200.0,418.0,1245.0,1820.0,segmented,ok,mattmdjaga/segformer_b2_clothes,crop_masked
/Users/ashley/Desktop/python/CS156-Machine-Learning/final/data/retail_images/raw/bag/princess_polly_bags_c1acb4a8ab5a.jpg,/Users/ashley/Desktop/python/CS156-Machine-Learning/final/data/retail_images/segmented/bag/princess_polly_bags_c1acb4a8ab5a_seg.jpg,/Users/ashley/Desktop/python/CS156-Machine-Learning/final/data/retail_images/segmentation_overlays/bag/princess_polly_bags_c1acb4a8ab5a_overlay.jpg,Bag,Bag,Bag,0.1046215215057985,0.0,0.0,959.0,1819.0,segmented,ok,mattmdjaga/segformer_b2_clothes,crop_masked
/Users/ashley/Desktop/python/CS156-Machine-Learning/final/data/retail_images/raw/bag/princess_polly_bags_c239e2a194eb.jpg,/Users/ashley/Desktop/python/CS156-Machine-Learning/final/data/retail_images/segmented/bag/princess_polly_bags_c239e2a194eb_seg.jpg,/Users/ashley/Desktop/python/CS156-Machine-Learning/final/data/retail_images/segmentation_overlays/bag/princess_polly_bags_c239e2a194eb_overlay.jpg,Bag,Bag,Bag,0.0823037743134637,437.0,243.0,885.0,1660.0,segmented,ok,mattmdjaga/segformer_b2_clothes,crop_masked
/Users/ashley/Desktop/python/CS156-Machine-Learning/final/data/retail_images/raw/bag/princess_polly_bags_c46d030e418d.jpg,/Users/ashley/Desktop/python/CS156-Machine-Learning/final/data/retail_images/segmented/bag/princess_polly_bags_c46d030e418d_seg.jpg,/Users/ashley/Desktop/python/CS156-Machine-Learning/final/data/retail_images/segmentation_overlays/bag/princess_polly_bags_c46d030e418d_overlay.jpg,Bag,Bag,Bag,0.1575556624518966,147.0,254.0,1203.0,1622.0,segmented,ok,mattmdjaga/segformer_b2_clothes,crop_masked
/Users/ashley/Desktop/python/CS156-Machine-Learning/final/data/retail_images/raw/bag/princess_polly_bags_c54010f6776f.jpg,/Users/ashley/Desktop/python/CS156-Machine-Learning/final/data/retail_images/segmented/bag/princess_polly_bags_c54010f6776f_seg.jpg,/Users/ashley/Desktop/python/CS156-Machine-Learning/final/data/retail_images/segmentation_overlays/bag/princess_polly_bags_c54010f6776f_overlay.jpg,Bag,Bag,Bag,0.195862790782142,167.0,367.0,2194.0,3024.0,segmented,ok,mattmdjaga/segformer_b2_clothes,crop_masked
/Users/ashley/Desktop/python/CS156-Machine-Learning/final/data/retail_images/raw/bag/princess_polly_bags_c6919750a2b3.jpg,/Users/ashley/Desktop/python/CS156-Machine-Learning/final/data/retail_images/segmented/bag/princess_polly_bags_c6919750a2b3_seg.jpg,/Users/ashley/Desktop/python/CS156-Machine-Learning/final/data/retail_images/segmentation_overlays/bag/princess_polly_bags_c6919750a2b3_overlay.jpg,Bag,Bag,Bag,0.114724784144427,357.0,187.0,927.0,1661.0,segmented,ok,mattmdjaga/segformer_b2_clothes,crop_masked
/Users/ashley/Desktop/python/CS156-Machine-Learning/final/data/retail_images/raw/bag/princess_polly_bags_d22b28ae9f44.jpg,/Users/ashley/Desktop/python/CS156-Machine-Learning/final/data/retail_images/segmented/bag/princess_polly_bags_d22b28ae9f44_seg.jpg,/Users/ashley/Desktop/python/CS156-Machine-Learning/final/data/retail_images/segmentation_overlays/bag/princess_polly_bags_d22b28ae9f44_overlay.jpg,Bag,Bag,Bag,0.2053019525117739,97.0,417.0,1280.0,1621.0,segmented,ok,mattmdjaga/segformer_b2_clothes,crop_masked
/Users/ashley/Desktop/python/CS156-Machine-Learning/final/data/retail_images/raw/bag/princess_polly_bags_d2b62a45285e.jpg,/Users/ashley/Desktop/python/CS156-Machine-Learning/final/data/retail_images/segmented/bag/princess_polly_bags_d2b62a45285e_seg.jpg,/Users/ashley/Desktop/python/CS156-Machine-Learning/final/data/retail_images/segmentation_overlays/bag/princess_polly_bags_d2b62a45285e_overlay.jpg,Bag,Bag,Bag,0.0785436289900575,431.0,189.0,935.0,1662.0,segmented,ok,mattmdjaga/segformer_b2_clothes,crop_masked
/Users/ashley/Desktop/python/CS156-Machine-Learning/final/data/retail_images/raw/bag/princess_polly_bags_d4dbea886cbc.jpg,/Users/ashley/Desktop/python/CS156-Machine-Learning/final/data/retail_images/segmented/bag/princess_polly_bags_d4dbea886cbc_seg.jpg,/Users/ashley/Desktop/python/CS156-Machine-Learning/final/data/retail_images/segmentation_overlays/bag/princess_polly_bags_d4dbea886cbc_overlay.jpg,Bag,Bag,Bag,0.1441893051186731,150.0,339.0,1345.0,1690.0,segmented,ok,mattmdjaga/segformer_b2_clothes,crop_masked
/Users/ashley/Desktop/python/CS156-Machine-Learning/final/data/retail_images/raw/bag/princess_polly_bags_d6e6780fbe27.jpg,/Users/ashley/Desktop/python/CS156-Machine-Learning/final/data/retail_images/segmented/bag/princess_polly_bags_d6e6780fbe27_seg.jpg,/Users/ashley/Desktop/python/CS156-Machine-Learning/final/data/retail_images/segmentation_overlays/bag/princess_polly_bags_d6e6780fbe27_overlay.jpg,Bag,Bag,Bag,0.0755843784468319,331.0,822.0,1037.0,1363.0,segmented,ok,mattmdjaga/segformer_b2_clothes,crop_masked
/Users/ashley/Desktop/python/CS156-Machine-Learning/final/data/retail_images/raw/bag/princess_polly_bags_d7019afe5d18.jpg,/Users/ashley/Desktop/python/CS156-Machine-Learning/final/data/retail_images/segmented/bag/princess_polly_bags_d7019afe5d18_seg.jpg,/Users/ashley/Desktop/python/CS156-Machine-Learning/final/data/retail_images/segmentation_overlays/bag/princess_polly_bags_d7019afe5d18_overlay.jpg,Bag,Bag,Bag,0.1794843177655677,36.0,574.0,1107.0,1744.0,segmented,ok,mattmdjaga/segformer_b2_clothes,crop_masked
/Users/ashley/Desktop/python/CS156-Machine-Learning/final/data/retail_images/raw/bag/princess_polly_bags_d75a7a7ec9e5.jpg,/Users/ashley/Desktop/python/CS156-Machine-Learning/final/data/retail_images/segmented/bag/princess_polly_bags_d75a7a7ec9e5_seg.jpg,/Users/ashley/Desktop/python/CS156-Machine-Learning/final/data/retail_images/segmentation_overlays/bag/princess_polly_bags_d75a7a7ec9e5_overlay.jpg,Bag,Bag,,,,,,,fallback_copy,segmented_too_small:90x142,mattmdjaga/segformer_b2_clothes,copy
/Users/ashley/Desktop/python/CS156-Machine-Learning/final/data/retail_images/raw/bag/princess_polly_bags_d862e445ef9b.jpg,/Users/ashley/Desktop/python/CS156-Machine-Learning/final/data/retail_images/segmented/bag/princess_polly_bags_d862e445ef9b_seg.jpg,/Users/ashley/Desktop/python/CS156-Machine-Learning/final/data/retail_images/segmentation_overlays/bag/princess_polly_bags_d862e445ef9b_overlay.jpg,Bag,Bag,Bag,0.0991846570576991,31.0,82.0,773.0,1109.0,segmented,ok,mattmdjaga/segformer_b2_clothes,crop_masked
/Users/ashley/Desktop/python/CS156-Machine-Learning/final/data/retail_images/raw/bag/princess_polly_bags_dc53e42a72c9.jpg,/Users/ashley/Desktop/python/CS156-Machine-Learning/final/data/retail_images/segmented/bag/princess_polly_bags_dc53e42a72c9_seg.jpg,/Users/ashley/Desktop/python/CS156-Machine-Learning/final/data/retail_images/segmentation_overlays/bag/princess_polly_bags_dc53e42a72c9_overlay.jpg,Bag,Bag,Bag,0.0867007620355834,365.0,442.0,1160.0,1309.0,segmented,ok,mattmdjaga/segformer_b2_clothes,crop_masked
/Users/ashley/Desktop/python/CS156-Machine-Learning/final/data/retail_images/raw/bag/princess_polly_bags_dd90ccadf8da.jpg,/Users/ashley/Desktop/python/CS156-Machine-Learning/final/data/retail_images/segmented/bag/princess_polly_bags_dd90ccadf8da_seg.jpg,/Users/ashley/Desktop/python/CS156-Machine-Learning/final/data/retail_images/segmentation_overlays/bag/princess_polly_bags_dd90ccadf8da_overlay.jpg,Bag,Bag,Bag,0.0549830749607535,375.0,1027.0,1009.0,1637.0,segmented,ok,mattmdjaga/segformer_b2_clothes,crop_masked
/Users/ashley/Desktop/python/CS156-Machine-Learning/final/data/retail_images/raw/bag/princess_polly_bags_e0117dc1876f.jpg,/Users/ashley/Desktop/python/CS156-Machine-Learning/final/data/retail_images/segmented/bag/princess_polly_bags_e0117dc1876f_seg.jpg,/Users/ashley/Desktop/python/CS156-Machine-Learning/final/data/retail_images/segmentation_overlays/bag/princess_polly_bags_e0117dc1876f_overlay.jpg,Bag,Bag,Bag,0.1292333038984824,166.0,460.0,1111.0,1682.0,segmented,ok,mattmdjaga/segformer_b2_clothes,crop_masked
/Users/ashley/Desktop/python/CS156-Machine-Learning/final/data/retail_images/raw/bag/princess_polly_bags_e4c88f3e1149.jpg,/Users/ashley/Desktop/python/CS156-Machine-Learning/final/data/retail_images/segmented/bag/princess_polly_bags_e4c88f3e1149_seg.jpg,/Users/ashley/Desktop/python/CS156-Machine-Learning/final/data/retail_images/segmentation_overlays/bag/princess_polly_bags_e4c88f3e1149_overlay.jpg,Bag,Bag,Bag,0.1268314336445386,191.0,464.0,931.0,1812.0,segmented,ok,mattmdjaga/segformer_b2_clothes,crop_masked
/Users/ashley/Desktop/python/CS156-Machine-Learning/final/data/retail_images/raw/bag/princess_polly_bags_e53196fae30f.jpg,/Users/ashley/Desktop/python/CS156-Machine-Learning/final/data/retail_images/segmented/bag/princess_polly_bags_e53196fae30f_seg.jpg,/Users/ashley/Desktop/python/CS156-Machine-Learning/final/data/retail_images/segmentation_overlays/bag/princess_polly_bags_e53196fae30f_overlay.jpg,Bag,Bag,Bag,0.2064647248662118,0.0,59.0,1216.0,1820.0,segmented,ok,mattmdjaga/segformer_b2_clothes,crop_masked
/Users/ashley/Desktop/python/CS156-Machine-Learning/final/data/retail_images/raw/bag/princess_polly_bags_ebdfe1d1f472.jpg,/Users/ashley/Desktop/python/CS156-Machine-Learning/final/data/retail_images/segmented/bag/princess_polly_bags_ebdfe1d1f472_seg.jpg,/Users/ashley/Desktop/python/CS156-Machine-Learning/final/data/retail_images/segmentation_overlays/bag/princess_polly_bags_ebdfe1d1f472_overlay.jpg,Bag,Bag,Bag,0.2545108908948195,0.0,0.0,1344.0,1820.0,segmented,ok,mattmdjaga/segformer_b2_clothes,crop_masked
/Users/ashley/Desktop/python/CS156-Machine-Learning/final/data/retail_images/raw/bag/princess_polly_bags_eff5cdf53d2e.jpg,/Users/ashley/Desktop/python/CS156-Machine-Learning/final/data/retail_images/segmented/bag/princess_polly_bags_eff5cdf53d2e_seg.jpg,/Users/ashley/Desktop/python/CS156-Machine-Learning/final/data/retail_images/segmentation_overlays/bag/princess_polly_bags_eff5cdf53d2e_overlay.jpg,Bag,Bag,,,,,,,fallback_copy,mask_area_out_of_range:0.0028,mattmdjaga/segformer_b2_clothes,copy
/Users/ashley/Desktop/python/CS156-Machine-Learning/final/data/retail_images/raw/bag/princess_polly_bags_f2cf04ae8f2c.jpg,/Users/ashley/Desktop/python/CS156-Machine-Learning/final/data/retail_images/segmented/bag/princess_polly_bags_f2cf04ae8f2c_seg.jpg,/Users/ashley/Desktop/python/CS156-Machine-Learning/final/data/retail_images/segmentation_overlays/bag/princess_polly_bags_f2cf04ae8f2c_overlay.jpg,Bag,Bag,Bag,0.0338337257980115,115.0,332.0,1204.0,1467.0,segmented,ok,mattmdjaga/segformer_b2_clothes,crop_masked
/Users/ashley/Desktop/python/CS156-Machine-Learning/final/data/retail_images/raw/bag/princess_polly_bags_f3819a4922f3.jpg,/Users/ashley/Desktop/python/CS156-Machine-Learning/final/data/retail_images/segmented/bag/princess_polly_bags_f3819a4922f3_seg.jpg,/Users/ashley/Desktop/python/CS156-Machine-Learning/final/data/retail_images/segmentation_overlays/bag/princess_polly_bags_f3819a4922f3_overlay.jpg,Bag,Bag,,,,,,,fallback_copy,missing_target_mask,mattmdjaga/segformer_b2_clothes,copy
/Users/ashley/Desktop/python/CS156-Machine-Learning/final/data/retail_images/raw/bag/princess_polly_bags_f42ae67afda4.jpg,/Users/ashley/Desktop/python/CS156-Machine-Learning/final/data/retail_images/segmented/bag/princess_polly_bags_f42ae67afda4_seg.jpg,/Users/ashley/Desktop/python/CS156-Machine-Learning/final/data/retail_images/segmentation_overlays/bag/princess_polly_bags_f42ae67afda4_overlay.jpg,Bag,Bag,Bag,0.0808636675824175,525.0,335.0,1166.0,1820.0,segmented,ok,mattmdjaga/segformer_b2_clothes,crop_masked
/Users/ashley/Desktop/python/CS156-Machine-Learning/final/data/retail_images/raw/bag/princess_polly_bags_f9a1b3cff753.jpg,/Users/ashley/Desktop/python/CS156-Machine-Learning/final/data/retail_images/segmented/bag/princess_polly_bags_f9a1b3cff753_seg.jpg,/Users/ashley/Desktop/python/CS156-Machine-Learning/final/data/retail_images/segmentation_overlays/bag/princess_polly_bags_f9a1b3cff753_overlay.jpg,Bag,Bag,Bag,0.1010842116652274,221.0,300.0,1008.0,1621.0,segmented,ok,mattmdjaga/segformer_b2_clothes,crop_masked
/Users/ashley/Desktop/python/CS156-Machine-Learning/final/data/retail_images/raw/bag/princess_polly_bags_fa228ea833c1.jpg,/Users/ashley/Desktop/python/CS156-Machine-Learning/final/data/retail_images/segmented/bag/princess_polly_bags_fa228ea833c1_seg.jpg,/Users/ashley/Desktop/python/CS156-Machine-Learning/final/data/retail_images/segmentation_overlays/bag/princess_polly_bags_fa228ea833c1_overlay.jpg,Bag,Bag,Bag,0.0593365742064626,246.0,753.0,894.0,1313.0,segmented,ok,mattmdjaga/segformer_b2_clothes,crop_masked
/Users/ashley/Desktop/python/CS156-Machine-Learning/final/data/retail_images/raw/bag/princess_polly_bags_fb3e4e53e1a2.jpg,/Users/ashley/Desktop/python/CS156-Machine-Learning/final/data/retail_images/segmented/bag/princess_polly_bags_fb3e4e53e1a2_seg.jpg,/Users/ashley/Desktop/python/CS156-Machine-Learning/final/data/retail_images/segmentation_overlays/bag/princess_polly_bags_fb3e4e53e1a2_overlay.jpg,Bag,Bag,Bag,0.0991846570576991,31.0,82.0,773.0,1109.0,segmented,ok,mattmdjaga/segformer_b2_clothes,crop_masked
/Users/ashley/Desktop/python/CS156-Machine-Learning/final/data/retail_images/raw/bag/princess_polly_bags_fc2686a7edeb.jpg,/Users/ashley/Desktop/python/CS156-Machine-Learning/final/data/retail_images/segmented/bag/princess_polly_bags_fc2686a7edeb_seg.jpg,/Users/ashley/Desktop/python/CS156-Machine-Learning/final/data/retail_images/segmentation_overlays/bag/princess_polly_bags_fc2686a7edeb_overlay.jpg,Bag,Bag,Bag,0.1153094489153968,62.0,783.0,1187.0,1481.0,segmented,ok,mattmdjaga/segformer_b2_clothes,crop_masked
/Users/ashley/Desktop/python/CS156-Machine-Learning/final/data/retail_images/raw/bag/princess_polly_bags_fe02f4312886.jpg,/Users/ashley/Desktop/python/CS156-Machine-Learning/final/data/retail_images/segmented/bag/princess_polly_bags_fe02f4312886_seg.jpg,/Users/ashley/Desktop/python/CS156-Machine-Learning/final/data/retail_images/segmentation_overlays/bag/princess_polly_bags_fe02f4312886_overlay.jpg,Bag,Bag,Bag,0.1506802721088435,213.0,235.0,1147.0,1632.0,segmented,ok,mattmdjaga/segformer_b2_clothes,crop_masked
/Users/ashley/Desktop/python/CS156-Machine-Learning/final/data/retail_images/raw/bag/princess_polly_bags_fee2add7c7cf.jpg,/Users/ashley/Desktop/python/CS156-Machine-Learning/final/data/retail_images/segmented/bag/princess_polly_bags_fee2add7c7cf_seg.jpg,/Users/ashley/Desktop/python/CS156-Machine-Learning/final/data/retail_images/segmentation_overlays/bag/princess_polly_bags_fee2add7c7cf_overlay.jpg,Bag,Bag,Bag,0.1174527259784147,203.0,284.0,1067.0,1749.0,segmented,ok,mattmdjaga/segformer_b2_clothes,crop_masked
/Users/ashley/Desktop/python/CS156-Machine-Learning/final/data/retail_images/raw/ankle_boot/anthropologie_boot_shop_0071265add5f.jpg,/Users/ashley/Desktop/python/CS156-Machine-Learning/final/data/retail_images/segmented/ankle_boot/anthropologie_boot_shop_0071265add5f_seg.jpg,/Users/ashley/Desktop/python/CS156-Machine-Learning/final/data/retail_images/segmentation_overlays/ankle_boot/anthropologie_boot_shop_0071265add5f_overlay.jpg,Ankle boot,Left-shoe|Right-shoe,Left-shoe|Right-shoe,0.062527735622675,31.0,13.0,349.0,509.0,segmented,ok,mattmdjaga/segformer_b2_clothes,crop_masked
/Users/ashley/Desktop/python/CS156-Machine-Learning/final/data/retail_images/raw/ankle_boot/anthropologie_boot_shop_02ff95615a22.jpg,/Users/ashley/Desktop/python/CS156-Machine-Learning/final/data/retail_images/segmented/ankle_boot/anthropologie_boot_shop_02ff95615a22_seg.jpg,/Users/ashley/Desktop/python/CS156-Machine-Learning/final/data/retail_images/segmentation_overlays/ankle_boot/anthropologie_boot_shop_02ff95615a22_overlay.jpg,Ankle boot,Left-shoe|Right-shoe,Left-shoe|Right-shoe,0.0631632580385367,123.0,342.0,282.0,523.0,fallback_copy,validation_too_small:159x181_fallback_copy,mattmdjaga/segformer_b2_clothes,copy
/Users/ashley/Desktop/python/CS156-Machine-Learning/final/data/retail_images/raw/ankle_boot/anthropologie_boot_shop_0ad7593b8267.jpg,/Users/ashley/Desktop/python/CS156-Machine-Learning/final/data/retail_images/segmented/ankle_boot/anthropologie_boot_shop_0ad7593b8267_seg.jpg,/Users/ashley/Desktop/python/CS156-Machine-Learning/final/data/retail_images/segmentation_overlays/ankle_boot/anthropologie_boot_shop_0ad7593b8267_overlay.jpg,Ankle boot,Left-shoe|Right-shoe,Left-shoe|Right-shoe,0.1061158075243662,19.0,78.0,326.0,523.0,segmented,ok,mattmdjaga/segformer_b2_clothes,crop_masked
/Users/ashley/Desktop/python/CS156-Machine-Learning/final/data/retail_images/raw/ankle_boot/anthropologie_boot_shop_0bd5f7e55e0d.jpg,/Users/ashley/Desktop/python/CS156-Machine-Learning/final/data/retail_images/segmented/ankle_boot/anthropologie_boot_shop_0bd5f7e55e0d_seg.jpg,/Users/ashley/Desktop/python/CS156-Machine-Learning/final/data/retail_images/segmentation_overlays/ankle_boot/anthropologie_boot_shop_0bd5f7e55e0d_overlay.jpg,Ankle boot,Left-shoe|Right-shoe,Left-shoe|Right-shoe,0.0636125066428528,102.0,339.0,311.0,523.0,segmented,ok,mattmdjaga/segformer_b2_clothes,crop_masked
/Users/ashley/Desktop/python/CS156-Machine-Learning/final/data/retail_images/raw/ankle_boot/anthropologie_boot_shop_0f0a9cbe9f36.jpg,/Users/ashley/Desktop/python/CS156-Machine-Learning/final/data/retail_images/segmented/ankle_boot/anthropologie_boot_shop_0f0a9cbe9f36_seg.jpg,/Users/ashley/Desktop/python/CS156-Machine-Learning/final/data/retail_images/segmentation_overlays/ankle_boot/anthropologie_boot_shop_0f0a9cbe9f36_overlay.jpg,Ankle boot,Left-shoe|Right-shoe,,,,,,,fallback_copy,segmented_too_small:74x130,mattmdjaga/segformer_b2_clothes,copy
/Users/ashley/Desktop/python/CS156-Machine-Learning/final/data/retail_images/raw/ankle_boot/anthropologie_boot_shop_0f568d7cbd82.jpg,/Users/ashley/Desktop/python/CS156-Machine-Learning/final/data/retail_images/segmented/ankle_boot/anthropologie_boot_shop_0f568d7cbd82_seg.jpg,/Users/ashley/Desktop/python/CS156-Machine-Learning/final/data/retail_images/segmentation_overlays/ankle_boot/anthropologie_boot_shop_0f568d7cbd82_overlay.jpg,Ankle boot,Left-shoe|Right-shoe,Left-shoe|Right-shoe,0.0355399475146142,34.0,82.0,341.0,449.0,segmented,ok,mattmdjaga/segformer_b2_clothes,crop_masked
/Users/ashley/Desktop/python/CS156-Machine-Learning/final/data/retail_images/raw/ankle_boot/anthropologie_boot_shop_119f3a8b66e6.jpg,/Users/ashley/Desktop/python/CS156-Machine-Learning/final/data/retail_images/segmented/ankle_boot/anthropologie_boot_shop_119f3a8b66e6_seg.jpg,/Users/ashley/Desktop/python/CS156-Machine-Learning/final/data/retail_images/segmentation_overlays/ankle_boot/anthropologie_boot_shop_119f3a8b66e6_overlay.jpg,Ankle boot,Left-shoe|Right-shoe,Left-shoe|Right-shoe,0.2313192020906496,0.0,165.0,349.0,469.0,segmented,ok,mattmdjaga/segformer_b2_clothes,crop_masked
/Users/ashley/Desktop/python/CS156-Machine-Learning/final/data/retail_images/raw/ankle_boot/anthropologie_boot_shop_132c96045de2.jpg,/Users/ashley/Desktop/python/CS156-Machine-Learning/final/data/retail_images/segmented/ankle_boot/anthropologie_boot_shop_132c96045de2_seg.jpg,/Users/ashley/Desktop/python/CS156-Machine-Learning/final/data/retail_images/segmentation_overlays/ankle_boot/anthropologie_boot_shop_132c96045de2_overlay.jpg,Ankle boot,Left-shoe|Right-shoe,Left-shoe|Right-shoe,0.0506390835328472,64.0,366.0,221.0,523.0,fallback_copy,validation_too_small:157x157_fallback_copy,mattmdjaga/segformer_b2_clothes,copy
/Users/ashley/Desktop/python/CS156-Machine-Learning/final/data/retail_images/raw/ankle_boot/anthropologie_boot_shop_16a88be72916.jpg,/Users/ashley/Desktop/python/CS156-Machine-Learning/final/data/retail_images/segmented/ankle_boot/anthropologie_boot_shop_16a88be72916_seg.jpg,/Users/ashley/Desktop/python/CS156-Machine-Learning/final/data/retail_images/segmentation_overlays/ankle_boot/anthropologie_boot_shop_16a88be72916_overlay.jpg,Ankle boot,Left-shoe|Right-shoe,Left-shoe|Right-shoe,0.0840259249316539,2.0,273.0,306.0,523.0,segmented,ok,mattmdjaga/segformer_b2_clothes,crop_masked
/Users/ashley/Desktop/python/CS156-Machine-Learning/final/data/retail_images/raw/ankle_boot/anthropologie_boot_shop_180f5e4f727e.jpg,/Users/ashley/Desktop/python/CS156-Machine-Learning/final/data/retail_images/segmented/ankle_boot/anthropologie_boot_shop_180f5e4f727e_seg.jpg,/Users/ashley/Desktop/python/CS156-Machine-Learning/final/data/retail_images/segmentation_overlays/ankle_boot/anthropologie_boot_shop_180f5e4f727e_overlay.jpg,Ankle boot,Left-shoe|Right-shoe,,,,,,,fallback_copy,segmented_too_small:247x59,mattmdjaga/segformer_b2_clothes,copy
/Users/ashley/Desktop/python/CS156-Machine-Learning/final/data/retail_images/raw/ankle_boot/anthropologie_boot_shop_1df503906656.webp,/Users/ashley/Desktop/python/CS156-Machine-Learning/final/data/retail_images/segmented/ankle_boot/anthropologie_boot_shop_1df503906656_seg.jpg,/Users/ashley/Desktop/python/CS156-Machine-Learning/final/data/retail_images/segmentation_overlays/ankle_boot/anthropologie_boot_shop_1df503906656_overlay.jpg,Ankle boot,Left-shoe|Right-shoe,Left-shoe|Right-shoe,0.0775214077917239,4.0,545.0,611.0,1046.0,segmented,ok,mattmdjaga/segformer_b2_clothes,crop_masked
/Users/ashley/Desktop/python/CS156-Machine-Learning/final/data/retail_images/raw/ankle_boot/anthropologie_boot_shop_274f1c0a9c24.jpg,/Users/ashley/Desktop/python/CS156-Machine-Learning/final/data/retail_images/segmented/ankle_boot/anthropologie_boot_shop_274f1c0a9c24_seg.jpg,/Users/ashley/Desktop/python/CS156-Machine-Learning/final/data/retail_images/segmentation_overlays/ankle_boot/anthropologie_boot_shop_274f1c0a9c24_overlay.jpg,Ankle boot,Left-shoe|Right-shoe,Left-shoe|Right-shoe,0.0655300311734702,44.0,241.0,237.0,523.0,segmented,ok,mattmdjaga/segformer_b2_clothes,crop_masked
/Users/ashley/Desktop/python/CS156-Machine-Learning/final/data/retail_images/raw/ankle_boot/anthropologie_boot_shop_2fc34c57c931.jpg,/Users/ashley/Desktop/python/CS156-Machine-Learning/final/data/retail_images/segmented/ankle_boot/anthropologie_boot_shop_2fc34c57c931_seg.jpg,/Users/ashley/Desktop/python/CS156-Machine-Learning/final/data/retail_images/segmentation_overlays/ankle_boot/anthropologie_boot_shop_2fc34c57c931_overlay.jpg,Ankle boot,Left-shoe|Right-shoe,Left-shoe|Right-shoe,0.0263084365600705,59.0,6.0,305.0,515.0,segmented,ok,mattmdjaga/segformer_b2_clothes,crop_masked
/Users/ashley/Desktop/python/CS156-Machine-Learning/final/data/retail_images/raw/ankle_boot/anthropologie_boot_shop_300140990918.jpg,/Users/ashley/Desktop/python/CS156-Machine-Learning/final/data/retail_images/segmented/ankle_boot/anthropologie_boot_shop_300140990918_seg.jpg,/Users/ashley/Desktop/python/CS156-Machine-Learning/final/data/retail_images/segmentation_overlays/ankle_boot/anthropologie_boot_shop_300140990918_overlay.jpg,Ankle boot,Left-shoe|Right-shoe,Left-shoe|Right-shoe,0.0492310726632224,61.0,356.0,216.0,521.0,fallback_copy,validation_too_small:155x165_fallback_copy,mattmdjaga/segformer_b2_clothes,copy
/Users/ashley/Desktop/python/CS156-Machine-Learning/final/data/retail_images/raw/ankle_boot/anthropologie_boot_shop_31c16e75fb03.jpg,/Users/ashley/Desktop/python/CS156-Machine-Learning/final/data/retail_images/segmented/ankle_boot/anthropologie_boot_shop_31c16e75fb03_seg.jpg,/Users/ashley/Desktop/python/CS156-Machine-Learning/final/data/retail_images/segmentation_overlays/ankle_boot/anthropologie_boot_shop_31c16e75fb03_overlay.jpg,Ankle boot,Left-shoe|Right-shoe,Left-shoe|Right-shoe,0.0497844154563434,0.0,59.0,349.0,460.0,segmented,ok,mattmdjaga/segformer_b2_clothes,crop_masked
/Users/ashley/Desktop/python/CS156-Machine-Learning/final/data/retail_images/raw/ankle_boot/anthropologie_boot_shop_37b66327885e.jpg,/Users/ashley/Desktop/python/CS156-Machine-Learning/final/data/retail_images/segmented/ankle_boot/anthropologie_boot_shop_37b66327885e_seg.jpg,/Users/ashley/Desktop/python/CS156-Machine-Learning/final/data/retail_images/segmentation_overlays/ankle_boot/anthropologie_boot_shop_37b66327885e_overlay.jpg,Ankle boot,Left-shoe|Right-shoe,Left-shoe|Right-shoe,0.0742903789576336,110.0,340.0,243.0,523.0,fallback_copy,validation_too_small:133x183_fallback_copy,mattmdjaga/segformer_b2_clothes,copy
/Users/ashley/Desktop/python/CS156-Machine-Learning/final/data/retail_images/raw/ankle_boot/anthropologie_boot_shop_38084c6c8f5b.jpg,/Users/ashley/Desktop/python/CS156-Machine-Learning/final/data/retail_images/segmented/ankle_boot/anthropologie_boot_shop_38084c6c8f5b_seg.jpg,/Users/ashley/Desktop/python/CS156-Machine-Learning/final/data/retail_images/segmentation_overlays/ankle_boot/anthropologie_boot_shop_38084c6c8f5b_overlay.jpg,Ankle boot,Left-shoe|Right-shoe,Left-shoe|Right-shoe,0.09329578637681,130.0,238.0,323.0,523.0,segmented,ok,mattmdjaga/segformer_b2_clothes,crop_masked
/Users/ashley/Desktop/python/CS156-Machine-Learning/final/data/retail_images/raw/ankle_boot/anthropologie_boot_shop_3a4631186474.jpg,/Users/ashley/Desktop/python/CS156-Machine-Learning/final/data/retail_images/segmented/ankle_boot/anthropologie_boot_shop_3a4631186474_seg.jpg,/Users/ashley/Desktop/python/CS156-Machine-Learning/final/data/retail_images/segmentation_overlays/ankle_boot/anthropologie_boot_shop_3a4631186474_overlay.jpg,Ankle boot,Left-shoe|Right-shoe,,,,,,,fallback_copy,segmented_too_small:228x68,mattmdjaga/segformer_b2_clothes,copy
/Users/ashley/Desktop/python/CS156-Machine-Learning/final/data/retail_images/raw/ankle_boot/anthropologie_boot_shop_3b844d245e92.jpg,/Users/ashley/Desktop/python/CS156-Machine-Learning/final/data/retail_images/segmented/ankle_boot/anthropologie_boot_shop_3b844d245e92_seg.jpg,/Users/ashley/Desktop/python/CS156-Machine-Learning/final/data/retail_images/segmentation_overlays/ankle_boot/anthropologie_boot_shop_3b844d245e92_overlay.jpg,Ankle boot,Left-shoe|Right-shoe,Left-shoe|Right-shoe,0.0350468697781698,153.0,391.0,264.0,523.0,fallback_copy,validation_too_small:111x132_fallback_copy,mattmdjaga/segformer_b2_clothes,copy
/Users/ashley/Desktop/python/CS156-Machine-Learning/final/data/retail_images/raw/ankle_boot/anthropologie_boot_shop_3cd2fb17201f.jpg,/Users/ashley/Desktop/python/CS156-Machine-Learning/final/data/retail_images/segmented/ankle_boot/anthropologie_boot_shop_3cd2fb17201f_seg.jpg,/Users/ashley/Desktop/python/CS156-Machine-Learning/final/data/retail_images/segmentation_overlays/ankle_boot/anthropologie_boot_shop_3cd2fb17201f_overlay.jpg,Ankle boot,Left-shoe|Right-shoe,Left-shoe|Right-shoe,0.1149583349312704,21.0,285.0,234.0,523.0,segmented,ok,mattmdjaga/segformer_b2_clothes,crop_masked
/Users/ashley/Desktop/python/CS156-Machine-Learning/final/data/retail_images/raw/ankle_boot/anthropologie_boot_shop_40e90952279c.jpg,/Users/ashley/Desktop/python/CS156-Machine-Learning/final/data/retail_images/segmented/ankle_boot/anthropologie_boot_shop_40e90952279c_seg.jpg,/Users/ashley/Desktop/python/CS156-Machine-Learning/final/data/retail_images/segmentation_overlays/ankle_boot/anthropologie_boot_shop_40e90952279c_overlay.jpg,Ankle boot,Left-shoe|Right-shoe,Left-shoe|Right-shoe,0.0202326231187714,50.0,11.0,321.0,493.0,segmented,ok,mattmdjaga/segformer_b2_clothes,crop_masked
/Users/ashley/Desktop/python/CS156-Machine-Learning/final/data/retail_images/raw/ankle_boot/anthropologie_boot_shop_4f42b7b08b9d.jpg,/Users/ashley/Desktop/python/CS156-Machine-Learning/final/data/retail_images/segmented/ankle_boot/anthropologie_boot_shop_4f42b7b08b9d_seg.jpg,/Users/ashley/Desktop/python/CS156-Machine-Learning/final/data/retail_images/segmentation_overlays/ankle_boot/anthropologie_boot_shop_4f42b7b08b9d_overlay.jpg,Ankle boot,Left-shoe|Right-shoe,,,,,,,fallback_copy,segmented_too_small:128x84,mattmdjaga/segformer_b2_clothes,copy
/Users/ashley/Desktop/python/CS156-Machine-Learning/final/data/retail_images/raw/ankle_boot/anthropologie_boot_shop_50c835567891.jpg,/Users/ashley/Desktop/python/CS156-Machine-Learning/final/data/retail_images/segmented/ankle_boot/anthropologie_boot_shop_50c835567891_seg.jpg,/Users/ashley/Desktop/python/CS156-Machine-Learning/final/data/retail_images/segmentation_overlays/ankle_boot/anthropologie_boot_shop_50c835567891_overlay.jpg,Ankle boot,Left-shoe|Right-shoe,Left-shoe|Right-shoe,0.0495981416447977,107.0,369.0,228.0,523.0,fallback_copy,validation_too_small:121x154_fallback_copy,mattmdjaga/segformer_b2_clothes,copy
/Users/ashley/Desktop/python/CS156-Machine-Learning/final/data/retail_images/raw/ankle_boot/anthropologie_boot_shop_529dad9aad45.jpg,/Users/ashley/Desktop/python/CS156-Machine-Learning/final/data/retail_images/segmented/ankle_boot/anthropologie_boot_shop_529dad9aad45_seg.jpg,/Users/ashley/Desktop/python/CS156-Machine-Learning/final/data/retail_images/segmentation_overlays/ankle_boot/anthropologie_boot_shop_529dad9aad45_overlay.jpg,Ankle boot,Left-shoe|Right-shoe,Left-shoe|Right-shoe,0.2464457313164627,0.0,179.0,349.0,516.0,segmented,ok,mattmdjaga/segformer_b2_clothes,crop_masked
/Users/ashley/Desktop/python/CS156-Machine-Learning/final/data/retail_images/raw/ankle_boot/anthropologie_boot_shop_52cde21d030a.jpg,/Users/ashley/Desktop/python/CS156-Machine-Learning/final/data/retail_images/segmented/ankle_boot/anthropologie_boot_shop_52cde21d030a_seg.jpg,/Users/ashley/Desktop/python/CS156-Machine-Learning/final/data/retail_images/segmentation_overlays/ankle_boot/anthropologie_boot_shop_52cde21d030a_overlay.jpg,Ankle boot,Left-shoe|Right-shoe,Left-shoe|Right-shoe,0.1435623222865658,0.0,80.0,345.0,503.0,segmented,ok,mattmdjaga/segformer_b2_clothes,crop_masked
/Users/ashley/Desktop/python/CS156-Machine-Learning/final/data/retail_images/raw/ankle_boot/anthropologie_boot_shop_54f115b8e5d5.jpg,/Users/ashley/Desktop/python/CS156-Machine-Learning/final/data/retail_images/segmented/ankle_boot/anthropologie_boot_shop_54f115b8e5d5_seg.jpg,/Users/ashley/Desktop/python/CS156-Machine-Learning/final/data/retail_images/segmentation_overlays/ankle_boot/anthropologie_boot_shop_54f115b8e5d5_overlay.jpg,Ankle boot,Left-shoe|Right-shoe,Left-shoe|Right-shoe,0.0384491061596366,110.0,398.0,260.0,523.0,fallback_copy,validation_too_small:150x125_fallback_copy,mattmdjaga/segformer_b2_clothes,copy
/Users/ashley/Desktop/python/CS156-Machine-Learning/final/data/retail_images/raw/ankle_boot/anthropologie_boot_shop_5e0cdbbe05f7.webp,/Users/ashley/Desktop/python/CS156-Machine-Learning/final/data/retail_images/segmented/ankle_boot/anthropologie_boot_shop_5e0cdbbe05f7_seg.jpg,/Users/ashley/Desktop/python/CS156-Machine-Learning/final/data/retail_images/segmentation_overlays/ankle_boot/anthropologie_boot_shop_5e0cdbbe05f7_overlay.jpg,Ankle boot,Left-shoe|Right-shoe,,,,,,,fallback_copy,segmented_too_small:73x130,mattmdjaga/segformer_b2_clothes,copy
/Users/ashley/Desktop/python/CS156-Machine-Learning/final/data/retail_images/raw/ankle_boot/anthropologie_boot_shop_5ee00fd2e521.jpg,/Users/ashley/Desktop/python/CS156-Machine-Learning/final/data/retail_images/segmented/ankle_boot/anthropologie_boot_shop_5ee00fd2e521_seg.jpg,/Users/ashley/Desktop/python/CS156-Machine-Learning/final/data/retail_images/segmentation_overlays/ankle_boot/anthropologie_boot_shop_5ee00fd2e521_overlay.jpg,Ankle boot,Left-shoe|Right-shoe,,,,,,,fallback_copy,segmented_too_small:55x99,mattmdjaga/segformer_b2_clothes,copy
/Users/ashley/Desktop/python/CS156-Machine-Learning/final/data/retail_images/raw/ankle_boot/anthropologie_boot_shop_601837d569ad.jpg,/Users/ashley/Desktop/python/CS156-Machine-Learning/final/data/retail_images/segmented/ankle_boot/anthropologie_boot_shop_601837d569ad_seg.jpg,/Users/ashley/Desktop/python/CS156-Machine-Learning/final/data/retail_images/segmentation_overlays/ankle_boot/anthropologie_boot_shop_601837d569ad_overlay.jpg,Ankle boot,Left-shoe|Right-shoe,Left-shoe|Right-shoe,0.1048228481265785,18.0,211.0,349.0,523.0,segmented,ok,mattmdjaga/segformer_b2_clothes,crop_masked
/Users/ashley/Desktop/python/CS156-Machine-Learning/final/data/retail_images/raw/ankle_boot/anthropologie_boot_shop_6acc723e96ac.jpg,/Users/ashley/Desktop/python/CS156-Machine-Learning/final/data/retail_images/segmented/ankle_boot/anthropologie_boot_shop_6acc723e96ac_seg.jpg,/Users/ashley/Desktop/python/CS156-Machine-Learning/final/data/retail_images/segmentation_overlays/ankle_boot/anthropologie_boot_shop_6acc723e96ac_overlay.jpg,Ankle boot,Left-shoe|Right-shoe,Left-shoe|Right-shoe,0.0413911366537553,45.0,376.0,243.0,523.0,fallback_copy,validation_too_small:198x147_fallback_copy,mattmdjaga/segformer_b2_clothes,copy
/Users/ashley/Desktop/python/CS156-Machine-Learning/final/data/retail_images/raw/ankle_boot/anthropologie_boot_shop_705b67b72941.jpg,/Users/ashley/Desktop/python/CS156-Machine-Learning/final/data/retail_images/segmented/ankle_boot/anthropologie_boot_shop_705b67b72941_seg.jpg,/Users/ashley/Desktop/python/CS156-Machine-Learning/final/data/retail_images/segmentation_overlays/ankle_boot/anthropologie_boot_shop_705b67b72941_overlay.jpg,Ankle boot,Left-shoe|Right-shoe,Left-shoe|Right-shoe,0.0265686720320829,262.0,777.0,406.0,1039.0,fallback_copy,validation_too_small:144x262_fallback_copy,mattmdjaga/segformer_b2_clothes,copy
/Users/ashley/Desktop/python/CS156-Machine-Learning/final/data/retail_images/raw/ankle_boot/anthropologie_boot_shop_73256c3e34fa.jpg,/Users/ashley/Desktop/python/CS156-Machine-Learning/final/data/retail_images/segmented/ankle_boot/anthropologie_boot_shop_73256c3e34fa_seg.jpg,/Users/ashley/Desktop/python/CS156-Machine-Learning/final/data/retail_images/segmentation_overlays/ankle_boot/anthropologie_boot_shop_73256c3e34fa_overlay.jpg,Ankle boot,Left-shoe|Right-shoe,Left-shoe|Right-shoe,0.0432977039013406,133.0,363.0,253.0,523.0,fallback_copy,validation_too_small:120x160_fallback_copy,mattmdjaga/segformer_b2_clothes,copy
/Users/ashley/Desktop/python/CS156-Machine-Learning/final/data/retail_images/raw/ankle_boot/anthropologie_boot_shop_75d57b16cfba.jpg,/Users/ashley/Desktop/python/CS156-Machine-Learning/final/data/retail_images/segmented/ankle_boot/anthropologie_boot_shop_75d57b16cfba_seg.jpg,/Users/ashley/Desktop/python/CS156-Machine-Learning/final/data/retail_images/segmentation_overlays/ankle_boot/anthropologie_boot_shop_75d57b16cfba_overlay.jpg,Ankle boot,Left-shoe|Right-shoe,Left-shoe|Right-shoe,0.0364055728741501,108.0,385.0,281.0,523.0,fallback_copy,validation_too_small:173x138_fallback_copy,mattmdjaga/segformer_b2_clothes,copy
/Users/ashley/Desktop/python/CS156-Machine-Learning/final/data/retail_images/raw/ankle_boot/anthropologie_boot_shop_7714bc4033cf.jpg,/Users/ashley/Desktop/python/CS156-Machine-Learning/final/data/retail_images/segmented/ankle_boot/anthropologie_boot_shop_7714bc4033cf_seg.jpg,/Users/ashley/Desktop/python/CS156-Machine-Learning/final/data/retail_images/segmentation_overlays/ankle_boot/anthropologie_boot_shop_7714bc4033cf_overlay.jpg,Ankle boot,Left-shoe|Right-shoe,Left-shoe|Right-shoe,0.2259008256312764,0.0,0.0,349.0,523.0,segmented,ok,mattmdjaga/segformer_b2_clothes,crop_masked
/Users/ashley/Desktop/python/CS156-Machine-Learning/final/data/retail_images/raw/ankle_boot/anthropologie_boot_shop_7790ebf97671.jpg,/Users/ashley/Desktop/python/CS156-Machine-Learning/final/data/retail_images/segmented/ankle_boot/anthropologie_boot_shop_7790ebf97671_seg.jpg,/Users/ashley/Desktop/python/CS156-Machine-Learning/final/data/retail_images/segmentation_overlays/ankle_boot/anthropologie_boot_shop_7790ebf97671_overlay.jpg,Ankle boot,Left-shoe|Right-shoe,Left-shoe|Right-shoe,0.0112421723909339,11.0,224.0,345.0,423.0,segmented,ok,mattmdjaga/segformer_b2_clothes,crop_masked
/Users/ashley/Desktop/python/CS156-Machine-Learning/final/data/retail_images/raw/ankle_boot/anthropologie_boot_shop_793e07df7917.jpg,/Users/ashley/Desktop/python/CS156-Machine-Learning/final/data/retail_images/segmented/ankle_boot/anthropologie_boot_shop_793e07df7917_seg.jpg,/Users/ashley/Desktop/python/CS156-Machine-Learning/final/data/retail_images/segmentation_overlays/ankle_boot/anthropologie_boot_shop_793e07df7917_overlay.jpg,Ankle boot,Left-shoe|Right-shoe,Left-shoe|Right-shoe,0.0439058331096221,57.0,390.0,213.0,523.0,fallback_copy,validation_too_small:156x133_fallback_copy,mattmdjaga/segformer_b2_clothes,copy
/Users/ashley/Desktop/python/CS156-Machine-Learning/final/data/retail_images/raw/ankle_boot/anthropologie_boot_shop_8a73cda0e7aa.jpg,/Users/ashley/Desktop/python/CS156-Machine-Learning/final/data/retail_images/segmented/ankle_boot/anthropologie_boot_shop_8a73cda0e7aa_seg.jpg,/Users/ashley/Desktop/python/CS156-Machine-Learning/final/data/retail_images/segmentation_overlays/ankle_boot/anthropologie_boot_shop_8a73cda0e7aa_overlay.jpg,Ankle boot,Left-shoe|Right-shoe,Left-shoe|Right-shoe,0.0809085779090216,4.0,544.0,610.0,1046.0,segmented,ok,mattmdjaga/segformer_b2_clothes,crop_masked
/Users/ashley/Desktop/python/CS156-Machine-Learning/final/data/retail_images/raw/ankle_boot/anthropologie_boot_shop_8b4152a96317.jpg,/Users/ashley/Desktop/python/CS156-Machine-Learning/final/data/retail_images/segmented/ankle_boot/anthropologie_boot_shop_8b4152a96317_seg.jpg,/Users/ashley/Desktop/python/CS156-Machine-Learning/final/data/retail_images/segmentation_overlays/ankle_boot/anthropologie_boot_shop_8b4152a96317_overlay.jpg,Ankle boot,Left-shoe|Right-shoe,Left-shoe|Right-shoe,0.1186892898037002,77.0,277.0,349.0,523.0,segmented,ok,mattmdjaga/segformer_b2_clothes,crop_masked
/Users/ashley/Desktop/python/CS156-Machine-Learning/final/data/retail_images/raw/ankle_boot/anthropologie_boot_shop_8bb1c6c9298c.jpg,/Users/ashley/Desktop/python/CS156-Machine-Learning/final/data/retail_images/segmented/ankle_boot/anthropologie_boot_shop_8bb1c6c9298c_seg.jpg,/Users/ashley/Desktop/python/CS156-Machine-Learning/final/data/retail_images/segmentation_overlays/ankle_boot/anthropologie_boot_shop_8bb1c6c9298c_overlay.jpg,Ankle boot,Left-shoe|Right-shoe,Left-shoe|Right-shoe,0.0634262328313071,12.0,294.0,162.0,523.0,fallback_copy,validation_too_small:150x229_fallback_copy,mattmdjaga/segformer_b2_clothes,copy
/Users/ashley/Desktop/python/CS156-Machine-Learning/final/data/retail_images/raw/ankle_boot/anthropologie_boot_shop_9112ea9a490a.jpg,/Users/ashley/Desktop/python/CS156-Machine-Learning/final/data/retail_images/segmented/ankle_boot/anthropologie_boot_shop_9112ea9a490a_seg.jpg,/Users/ashley/Desktop/python/CS156-Machine-Learning/final/data/retail_images/segmentation_overlays/ankle_boot/anthropologie_boot_shop_9112ea9a490a_overlay.jpg,Ankle boot,Left-shoe|Right-shoe,Left-shoe|Right-shoe,0.03661376125176,77.0,399.0,208.0,523.0,fallback_copy,validation_too_small:131x124_fallback_copy,mattmdjaga/segformer_b2_clothes,copy
/Users/ashley/Desktop/python/CS156-Machine-Learning/final/data/retail_images/raw/ankle_boot/anthropologie_boot_shop_93e19bc5e42d.jpg,/Users/ashley/Desktop/python/CS156-Machine-Learning/final/data/retail_images/segmented/ankle_boot/anthropologie_boot_shop_93e19bc5e42d_seg.jpg,/Users/ashley/Desktop/python/CS156-Machine-Learning/final/data/retail_images/segmentation_overlays/ankle_boot/anthropologie_boot_shop_93e19bc5e42d_overlay.jpg,Ankle boot,Left-shoe|Right-shoe,Left-shoe|Right-shoe,0.1445429991179387,0.0,157.0,349.0,488.0,segmented,ok,mattmdjaga/segformer_b2_clothes,crop_masked
/Users/ashley/Desktop/python/CS156-Machine-Learning/final/data/retail_images/raw/ankle_boot/anthropologie_boot_shop_9802b1e783f4.jpg,/Users/ashley/Desktop/python/CS156-Machine-Learning/final/data/retail_images/segmented/ankle_boot/anthropologie_boot_shop_9802b1e783f4_seg.jpg,/Users/ashley/Desktop/python/CS156-Machine-Learning/final/data/retail_images/segmentation_overlays/ankle_boot/anthropologie_boot_shop_9802b1e783f4_overlay.jpg,Ankle boot,Left-shoe|Right-shoe,Left-shoe|Right-shoe,0.0545289190092424,51.0,336.0,312.0,482.0,fallback_copy,validation_too_small:261x146_fallback_copy,mattmdjaga/segformer_b2_clothes,copy
/Users/ashley/Desktop/python/CS156-Machine-Learning/final/data/retail_images/raw/ankle_boot/anthropologie_boot_shop_9c97f56ff385.jpg,/Users/ashley/Desktop/python/CS156-Machine-Learning/final/data/retail_images/segmented/ankle_boot/anthropologie_boot_shop_9c97f56ff385_seg.jpg,/Users/ashley/Desktop/python/CS156-Machine-Learning/final/data/retail_images/segmentation_overlays/ankle_boot/anthropologie_boot_shop_9c97f56ff385_overlay.jpg,Ankle boot,Left-shoe|Right-shoe,Left-shoe|Right-shoe,0.0535153703287732,79.0,306.0,258.0,523.0,segmented,ok,mattmdjaga/segformer_b2_clothes,crop_masked
/Users/ashley/Desktop/python/CS156-Machine-Learning/final/data/retail_images/raw/ankle_boot/anthropologie_boot_shop_a5681626d6d2.jpg,/Users/ashley/Desktop/python/CS156-Machine-Learning/final/data/retail_images/segmented/ankle_boot/anthropologie_boot_shop_a5681626d6d2_seg.jpg,/Users/ashley/Desktop/python/CS156-Machine-Learning/final/data/retail_images/segmentation_overlays/ankle_boot/anthropologie_boot_shop_a5681626d6d2_overlay.jpg,Ankle boot,Left-shoe|Right-shoe,Left-shoe|Right-shoe,0.0729700263522657,153.0,295.0,279.0,523.0,fallback_copy,validation_too_small:126x228_fallback_copy,mattmdjaga/segformer_b2_clothes,copy
/Users/ashley/Desktop/python/CS156-Machine-Learning/final/data/retail_images/raw/ankle_boot/anthropologie_boot_shop_a5d6db3595d5.jpg,/Users/ashley/Desktop/python/CS156-Machine-Learning/final/data/retail_images/segmented/ankle_boot/anthropologie_boot_shop_a5d6db3595d5_seg.jpg,/Users/ashley/Desktop/python/CS156-Machine-Learning/final/data/retail_images/segmentation_overlays/ankle_boot/anthropologie_boot_shop_a5d6db3595d5_overlay.jpg,Ankle boot,Left-shoe|Right-shoe,Left-shoe|Right-shoe,0.0373095487242983,40.0,287.0,335.0,413.0,fallback_copy,validation_too_small:295x126_fallback_copy,mattmdjaga/segformer_b2_clothes,copy
/Users/ashley/Desktop/python/CS156-Machine-Learning/final/data/retail_images/raw/ankle_boot/anthropologie_boot_shop_a79a89881e46.jpg,/Users/ashley/Desktop/python/CS156-Machine-Learning/final/data/retail_images/segmented/ankle_boot/anthropologie_boot_shop_a79a89881e46_seg.jpg,/Users/ashley/Desktop/python/CS156-Machine-Learning/final/data/retail_images/segmentation_overlays/ankle_boot/anthropologie_boot_shop_a79a89881e46_overlay.jpg,Ankle boot,Left-shoe|Right-shoe,Left-shoe|Right-shoe,0.2680685597199318,0.0,356.0,698.0,1033.0,segmented,ok,mattmdjaga/segformer_b2_clothes,crop_masked
/Users/ashley/Desktop/python/CS156-Machine-Learning/final/data/retail_images/raw/ankle_boot/anthropologie_boot_shop_b2be08838b0c.jpg,/Users/ashley/Desktop/python/CS156-Machine-Learning/final/data/retail_images/segmented/ankle_boot/anthropologie_boot_shop_b2be08838b0c_seg.jpg,/Users/ashley/Desktop/python/CS156-Machine-Learning/final/data/retail_images/segmentation_overlays/ankle_boot/anthropologie_boot_shop_b2be08838b0c_overlay.jpg,Ankle boot,Left-shoe|Right-shoe,Left-shoe|Right-shoe,0.1316681915552219,67.0,94.0,340.0,523.0,segmented,ok,mattmdjaga/segformer_b2_clothes,crop_masked
/Users/ashley/Desktop/python/CS156-Machine-Learning/final/data/retail_images/raw/ankle_boot/anthropologie_boot_shop_b3be3e3e7992.jpg,/Users/ashley/Desktop/python/CS156-Machine-Learning/final/data/retail_images/segmented/ankle_boot/anthropologie_boot_shop_b3be3e3e7992_seg.jpg,/Users/ashley/Desktop/python/CS156-Machine-Learning/final/data/retail_images/segmentation_overlays/ankle_boot/anthropologie_boot_shop_b3be3e3e7992_overlay.jpg,Ankle boot,Left-shoe|Right-shoe,Left-shoe|Right-shoe,0.2141327036548017,0.0,6.0,349.0,523.0,segmented,ok,mattmdjaga/segformer_b2_clothes,crop_masked
/Users/ashley/Desktop/python/CS156-Machine-Learning/final/data/retail_images/raw/ankle_boot/anthropologie_boot_shop_b43b25e750bd.jpg,/Users/ashley/Desktop/python/CS156-Machine-Learning/final/data/retail_images/segmented/ankle_boot/anthropologie_boot_shop_b43b25e750bd_seg.jpg,/Users/ashley/Desktop/python/CS156-Machine-Learning/final/data/retail_images/segmentation_overlays/ankle_boot/anthropologie_boot_shop_b43b25e750bd_overlay.jpg,Ankle boot,Left-shoe|Right-shoe,Left-shoe|Right-shoe,0.0396215354440712,33.0,83.0,323.0,523.0,segmented,ok,mattmdjaga/segformer_b2_clothes,crop_masked
/Users/ashley/Desktop/python/CS156-Machine-Learning/final/data/retail_images/raw/ankle_boot/anthropologie_boot_shop_b6b018e90db0.jpg,/Users/ashley/Desktop/python/CS156-Machine-Learning/final/data/retail_images/segmented/ankle_boot/anthropologie_boot_shop_b6b018e90db0_seg.jpg,/Users/ashley/Desktop/python/CS156-Machine-Learning/final/data/retail_images/segmentation_overlays/ankle_boot/anthropologie_boot_shop_b6b018e90db0_overlay.jpg,Ankle boot,Left-shoe|Right-shoe,,,,,,,fallback_copy,segmented_too_small:44x104,mattmdjaga/segformer_b2_clothes,copy
/Users/ashley/Desktop/python/CS156-Machine-Learning/final/data/retail_images/raw/ankle_boot/anthropologie_boot_shop_ba93486d451e.jpg,/Users/ashley/Desktop/python/CS156-Machine-Learning/final/data/retail_images/segmented/ankle_boot/anthropologie_boot_shop_ba93486d451e_seg.jpg,/Users/ashley/Desktop/python/CS156-Machine-Learning/final/data/retail_images/segmentation_overlays/ankle_boot/anthropologie_boot_shop_ba93486d451e_overlay.jpg,Ankle boot,Left-shoe|Right-shoe,Left-shoe|Right-shoe,0.0725481709555298,176.0,326.0,325.0,523.0,fallback_copy,validation_too_small:149x197_fallback_copy,mattmdjaga/segformer_b2_clothes,copy
/Users/ashley/Desktop/python/CS156-Machine-Learning/final/data/retail_images/raw/ankle_boot/anthropologie_boot_shop_bc458f86efe2.jpg,/Users/ashley/Desktop/python/CS156-Machine-Learning/final/data/retail_images/segmented/ankle_boot/anthropologie_boot_shop_bc458f86efe2_seg.jpg,/Users/ashley/Desktop/python/CS156-Machine-Learning/final/data/retail_images/segmentation_overlays/ankle_boot/anthropologie_boot_shop_bc458f86efe2_overlay.jpg,Ankle boot,Left-shoe|Right-shoe,Left-shoe|Right-shoe,0.0376327885737452,3.0,34.0,338.0,512.0,segmented,ok,mattmdjaga/segformer_b2_clothes,crop_masked
/Users/ashley/Desktop/python/CS156-Machine-Learning/final/data/retail_images/raw/ankle_boot/anthropologie_boot_shop_bd72c757df8b.webp,/Users/ashley/Desktop/python/CS156-Machine-Learning/final/data/retail_images/segmented/ankle_boot/anthropologie_boot_shop_bd72c757df8b_seg.jpg,/Users/ashley/Desktop/python/CS156-Machine-Learning/final/data/retail_images/segmentation_overlays/ankle_boot/anthropologie_boot_shop_bd72c757df8b_overlay.jpg,Ankle boot,Left-shoe|Right-shoe,Left-shoe|Right-shoe,0.0877020933889232,2.0,273.0,305.0,523.0,segmented,ok,mattmdjaga/segformer_b2_clothes,crop_masked
/Users/ashley/Desktop/python/CS156-Machine-Learning/final/data/retail_images/raw/ankle_boot/anthropologie_boot_shop_bf244bcdd0e8.jpg,/Users/ashley/Desktop/python/CS156-Machine-Learning/final/data/retail_images/segmented/ankle_boot/anthropologie_boot_shop_bf244bcdd0e8_seg.jpg,/Users/ashley/Desktop/python/CS156-Machine-Learning/final/data/retail_images/segmentation_overlays/ankle_boot/anthropologie_boot_shop_bf244bcdd0e8_overlay.jpg,Ankle boot,Left-shoe|Right-shoe,Left-shoe|Right-shoe,0.1066527143929391,73.0,73.0,304.0,450.0,segmented,ok,mattmdjaga/segformer_b2_clothes,crop_masked
/Users/ashley/Desktop/python/CS156-Machine-Learning/final/data/retail_images/raw/ankle_boot/anthropologie_boot_shop_c22efc4eadc4.jpg,/Users/ashley/Desktop/python/CS156-Machine-Learning/final/data/retail_images/segmented/ankle_boot/anthropologie_boot_shop_c22efc4eadc4_seg.jpg,/Users/ashley/Desktop/python/CS156-Machine-Learning/final/data/retail_images/segmentation_overlays/ankle_boot/anthropologie_boot_shop_c22efc4eadc4_overlay.jpg,Ankle boot,Left-shoe|Right-shoe,Left-shoe|Right-shoe,0.1701118190733425,54.0,76.0,292.0,523.0,segmented,ok,mattmdjaga/segformer_b2_clothes,crop_masked
/Users/ashley/Desktop/python/CS156-Machine-Learning/final/data/retail_images/raw/ankle_boot/anthropologie_boot_shop_c28fd2d3df2d.jpg,/Users/ashley/Desktop/python/CS156-Machine-Learning/final/data/retail_images/segmented/ankle_boot/anthropologie_boot_shop_c28fd2d3df2d_seg.jpg,/Users/ashley/Desktop/python/CS156-Machine-Learning/final/data/retail_images/segmentation_overlays/ankle_boot/anthropologie_boot_shop_c28fd2d3df2d_overlay.jpg,Ankle boot,Left-shoe|Right-shoe,Left-shoe|Right-shoe,0.0754518509590362,20.0,193.0,335.0,483.0,segmented,ok,mattmdjaga/segformer_b2_clothes,crop_masked
/Users/ashley/Desktop/python/CS156-Machine-Learning/final/data/retail_images/raw/ankle_boot/anthropologie_boot_shop_c5df640e04be.jpg,/Users/ashley/Desktop/python/CS156-Machine-Learning/final/data/retail_images/segmented/ankle_boot/anthropologie_boot_shop_c5df640e04be_seg.jpg,/Users/ashley/Desktop/python/CS156-Machine-Learning/final/data/retail_images/segmentation_overlays/ankle_boot/anthropologie_boot_shop_c5df640e04be_overlay.jpg,Ankle boot,Left-shoe|Right-shoe,Left-shoe|Right-shoe,0.2129876675779473,0.0,102.0,349.0,466.0,segmented,ok,mattmdjaga/segformer_b2_clothes,crop_masked
/Users/ashley/Desktop/python/CS156-Machine-Learning/final/data/retail_images/raw/ankle_boot/anthropologie_boot_shop_c8f39a481fd1.jpg,/Users/ashley/Desktop/python/CS156-Machine-Learning/final/data/retail_images/segmented/ankle_boot/anthropologie_boot_shop_c8f39a481fd1_seg.jpg,/Users/ashley/Desktop/python/CS156-Machine-Learning/final/data/retail_images/segmentation_overlays/ankle_boot/anthropologie_boot_shop_c8f39a481fd1_overlay.jpg,Ankle boot,Left-shoe|Right-shoe,Left-shoe|Right-shoe,0.0840259249316539,2.0,273.0,306.0,523.0,segmented,ok,mattmdjaga/segformer_b2_clothes,crop_masked
/Users/ashley/Desktop/python/CS156-Machine-Learning/final/data/retail_images/raw/ankle_boot/anthropologie_boot_shop_c9382d7aa0c6.jpg,/Users/ashley/Desktop/python/CS156-Machine-Learning/final/data/retail_images/segmented/ankle_boot/anthropologie_boot_shop_c9382d7aa0c6_seg.jpg,/Users/ashley/Desktop/python/CS156-Machine-Learning/final/data/retail_images/segmentation_overlays/ankle_boot/anthropologie_boot_shop_c9382d7aa0c6_overlay.jpg,Ankle boot,Left-shoe|Right-shoe,Left-shoe|Right-shoe,0.0897620625989579,0.0,85.0,349.0,460.0,segmented,ok,mattmdjaga/segformer_b2_clothes,crop_masked
/Users/ashley/Desktop/python/CS156-Machine-Learning/final/data/retail_images/raw/ankle_boot/anthropologie_boot_shop_c9e458dbd9f0.jpg,/Users/ashley/Desktop/python/CS156-Machine-Learning/final/data/retail_images/segmented/ankle_boot/anthropologie_boot_shop_c9e458dbd9f0_seg.jpg,/Users/ashley/Desktop/python/CS156-Machine-Learning/final/data/retail_images/segmentation_overlays/ankle_boot/anthropologie_boot_shop_c9e458dbd9f0_overlay.jpg,Ankle boot,Left-shoe|Right-shoe,Left-shoe|Right-shoe,0.0455220323568567,59.0,363.0,230.0,520.0,fallback_copy,validation_too_small:171x157_fallback_copy,mattmdjaga/segformer_b2_clothes,copy
/Users/ashley/Desktop/python/CS156-Machine-Learning/final/data/retail_images/raw/ankle_boot/anthropologie_boot_shop_caee81561a11.jpg,/Users/ashley/Desktop/python/CS156-Machine-Learning/final/data/retail_images/segmented/ankle_boot/anthropologie_boot_shop_caee81561a11_seg.jpg,/Users/ashley/Desktop/python/CS156-Machine-Learning/final/data/retail_images/segmentation_overlays/ankle_boot/anthropologie_boot_shop_caee81561a11_overlay.jpg,Ankle boot,Left-shoe|Right-shoe,Left-shoe|Right-shoe,0.2464457313164627,0.0,179.0,349.0,516.0,segmented,ok,mattmdjaga/segformer_b2_clothes,crop_masked
/Users/ashley/Desktop/python/CS156-Machine-Learning/final/data/retail_images/raw/ankle_boot/anthropologie_boot_shop_cb4dce339f5b.jpg,/Users/ashley/Desktop/python/CS156-Machine-Learning/final/data/retail_images/segmented/ankle_boot/anthropologie_boot_shop_cb4dce339f5b_seg.jpg,/Users/ashley/Desktop/python/CS156-Machine-Learning/final/data/retail_images/segmentation_overlays/ankle_boot/anthropologie_boot_shop_cb4dce339f5b_overlay.jpg,Ankle boot,Left-shoe|Right-shoe,Left-shoe|Right-shoe,0.1733442175678118,0.0,67.0,349.0,472.0,segmented,ok,mattmdjaga/segformer_b2_clothes,crop_masked
/Users/ashley/Desktop/python/CS156-Machine-Learning/final/data/retail_images/raw/ankle_boot/anthropologie_boot_shop_cb62b68ee07e.jpg,/Users/ashley/Desktop/python/CS156-Machine-Learning/final/data/retail_images/segmented/ankle_boot/anthropologie_boot_shop_cb62b68ee07e_seg.jpg,/Users/ashley/Desktop/python/CS156-Machine-Learning/final/data/retail_images/segmentation_overlays/ankle_boot/anthropologie_boot_shop_cb62b68ee07e_overlay.jpg,Ankle boot,Left-shoe|Right-shoe,,,,,,,fallback_copy,segmented_too_small:263x59,mattmdjaga/segformer_b2_clothes,copy
/Users/ashley/Desktop/python/CS156-Machine-Learning/final/data/retail_images/raw/ankle_boot/anthropologie_boot_shop_cd0a3d0795b3.jpg,/Users/ashley/Desktop/python/CS156-Machine-Learning/final/data/retail_images/segmented/ankle_boot/anthropologie_boot_shop_cd0a3d0795b3_seg.jpg,/Users/ashley/Desktop/python/CS156-Machine-Learning/final/data/retail_images/segmentation_overlays/ankle_boot/anthropologie_boot_shop_cd0a3d0795b3_overlay.jpg,Ankle boot,Left-shoe|Right-shoe,Left-shoe|Right-shoe,0.1088934787730034,0.0,117.0,349.0,514.0,segmented,ok,mattmdjaga/segformer_b2_clothes,crop_masked
/Users/ashley/Desktop/python/CS156-Machine-Learning/final/data/retail_images/raw/ankle_boot/anthropologie_boot_shop_ce5617274b9b.webp,/Users/ashley/Desktop/python/CS156-Machine-Learning/final/data/retail_images/segmented/ankle_boot/anthropologie_boot_shop_ce5617274b9b_seg.jpg,/Users/ashley/Desktop/python/CS156-Machine-Learning/final/data/retail_images/segmentation_overlays/ankle_boot/anthropologie_boot_shop_ce5617274b9b_overlay.jpg,Ankle boot,Left-shoe|Right-shoe,Left-shoe|Right-shoe,0.0266987897680891,257.0,778.0,406.0,1039.0,fallback_copy,validation_too_small:149x261_fallback_copy,mattmdjaga/segformer_b2_clothes,copy
/Users/ashley/Desktop/python/CS156-Machine-Learning/final/data/retail_images/raw/ankle_boot/anthropologie_boot_shop_cfe3bcc55d2c.jpg,/Users/ashley/Desktop/python/CS156-Machine-Learning/final/data/retail_images/segmented/ankle_boot/anthropologie_boot_shop_cfe3bcc55d2c_seg.jpg,/Users/ashley/Desktop/python/CS156-Machine-Learning/final/data/retail_images/segmentation_overlays/ankle_boot/anthropologie_boot_shop_cfe3bcc55d2c_overlay.jpg,Ankle boot,Left-shoe|Right-shoe,,,,,,,fallback_copy,segmented_too_small:74x130,mattmdjaga/segformer_b2_clothes,copy
/Users/ashley/Desktop/python/CS156-Machine-Learning/final/data/retail_images/raw/ankle_boot/anthropologie_boot_shop_d4443bbf136b.jpg,/Users/ashley/Desktop/python/CS156-Machine-Learning/final/data/retail_images/segmented/ankle_boot/anthropologie_boot_shop_d4443bbf136b_seg.jpg,/Users/ashley/Desktop/python/CS156-Machine-Learning/final/data/retail_images/segmentation_overlays/ankle_boot/anthropologie_boot_shop_d4443bbf136b_overlay.jpg,Ankle boot,Left-shoe|Right-shoe,Left-shoe|Right-shoe,0.0493132522859631,38.0,359.0,271.0,523.0,segmented,ok,mattmdjaga/segformer_b2_clothes,crop_masked
/Users/ashley/Desktop/python/CS156-Machine-Learning/final/data/retail_images/raw/ankle_boot/anthropologie_boot_shop_d855ccc3d2a8.jpg,/Users/ashley/Desktop/python/CS156-Machine-Learning/final/data/retail_images/segmented/ankle_boot/anthropologie_boot_shop_d855ccc3d2a8_seg.jpg,/Users/ashley/Desktop/python/CS156-Machine-Learning/final/data/retail_images/segmentation_overlays/ankle_boot/anthropologie_boot_shop_d855ccc3d2a8_overlay.jpg,Ankle boot,Left-shoe|Right-shoe,,,,,,,fallback_copy,segmented_too_small:44x133,mattmdjaga/segformer_b2_clothes,copy
/Users/ashley/Desktop/python/CS156-Machine-Learning/final/data/retail_images/raw/ankle_boot/anthropologie_boot_shop_dcb3999324be.jpg,/Users/ashley/Desktop/python/CS156-Machine-Learning/final/data/retail_images/segmented/ankle_boot/anthropologie_boot_shop_dcb3999324be_seg.jpg,/Users/ashley/Desktop/python/CS156-Machine-Learning/final/data/retail_images/segmentation_overlays/ankle_boot/anthropologie_boot_shop_dcb3999324be_overlay.jpg,Ankle boot,Left-shoe|Right-shoe,Left-shoe|Right-shoe,0.0483325754545902,75.0,369.0,222.0,523.0,fallback_copy,validation_too_small:147x154_fallback_copy,mattmdjaga/segformer_b2_clothes,copy
/Users/ashley/Desktop/python/CS156-Machine-Learning/final/data/retail_images/raw/ankle_boot/anthropologie_boot_shop_ddd90f978a1a.webp,/Users/ashley/Desktop/python/CS156-Machine-Learning/final/data/retail_images/segmented/ankle_boot/anthropologie_boot_shop_ddd90f978a1a_seg.jpg,/Users/ashley/Desktop/python/CS156-Machine-Learning/final/data/retail_images/segmentation_overlays/ankle_boot/anthropologie_boot_shop_ddd90f978a1a_overlay.jpg,Ankle boot,Left-shoe|Right-shoe,Left-shoe|Right-shoe,0.2334777868479731,0.0,179.0,349.0,516.0,segmented,ok,mattmdjaga/segformer_b2_clothes,crop_masked
/Users/ashley/Desktop/python/CS156-Machine-Learning/final/data/retail_images/raw/ankle_boot/anthropologie_boot_shop_e0c929c478ed.jpg,/Users/ashley/Desktop/python/CS156-Machine-Learning/final/data/retail_images/segmented/ankle_boot/anthropologie_boot_shop_e0c929c478ed_seg.jpg,/Users/ashley/Desktop/python/CS156-Machine-Learning/final/data/retail_images/segmentation_overlays/ankle_boot/anthropologie_boot_shop_e0c929c478ed_overlay.jpg,Ankle boot,Left-shoe|Right-shoe,Left-shoe|Right-shoe,0.1857040328280199,0.0,192.0,349.0,523.0,segmented,ok,mattmdjaga/segformer_b2_clothes,crop_masked
/Users/ashley/Desktop/python/CS156-Machine-Learning/final/data/retail_images/raw/ankle_boot/anthropologie_boot_shop_e0d35fd15057.jpg,/Users/ashley/Desktop/python/CS156-Machine-Learning/final/data/retail_images/segmented/ankle_boot/anthropologie_boot_shop_e0d35fd15057_seg.jpg,/Users/ashley/Desktop/python/CS156-Machine-Learning/final/data/retail_images/segmentation_overlays/ankle_boot/anthropologie_boot_shop_e0d35fd15057_overlay.jpg,Ankle boot,Left-shoe|Right-shoe,Left-shoe|Right-shoe,0.2816898321892103,0.0,102.0,333.0,523.0,segmented,ok,mattmdjaga/segformer_b2_clothes,crop_masked
/Users/ashley/Desktop/python/CS156-Machine-Learning/final/data/retail_images/raw/ankle_boot/anthropologie_boot_shop_e6016d9aca57.jpg,/Users/ashley/Desktop/python/CS156-Machine-Learning/final/data/retail_images/segmented/ankle_boot/anthropologie_boot_shop_e6016d9aca57_seg.jpg,/Users/ashley/Desktop/python/CS156-Machine-Learning/final/data/retail_images/segmentation_overlays/ankle_boot/anthropologie_boot_shop_e6016d9aca57_overlay.jpg,Ankle boot,Left-shoe|Right-shoe,Left-shoe|Right-shoe,0.051614281722704,139.0,352.0,285.0,523.0,fallback_copy,validation_too_small:146x171_fallback_copy,mattmdjaga/segformer_b2_clothes,copy
/Users/ashley/Desktop/python/CS156-Machine-Learning/final/data/retail_images/raw/ankle_boot/anthropologie_boot_shop_e977bda5ce7a.jpg,/Users/ashley/Desktop/python/CS156-Machine-Learning/final/data/retail_images/segmented/ankle_boot/anthropologie_boot_shop_e977bda5ce7a_seg.jpg,/Users/ashley/Desktop/python/CS156-Machine-Learning/final/data/retail_images/segmentation_overlays/ankle_boot/anthropologie_boot_shop_e977bda5ce7a_overlay.jpg,Ankle boot,Left-shoe|Right-shoe,,,,,,,fallback_copy,segmented_too_small:344x55,mattmdjaga/segformer_b2_clothes,copy
/Users/ashley/Desktop/python/CS156-Machine-Learning/final/data/retail_images/raw/ankle_boot/anthropologie_boot_shop_ebf761079522.jpg,/Users/ashley/Desktop/python/CS156-Machine-Learning/final/data/retail_images/segmented/ankle_boot/anthropologie_boot_shop_ebf761079522_seg.jpg,/Users/ashley/Desktop/python/CS156-Machine-Learning/final/data/retail_images/segmentation_overlays/ankle_boot/anthropologie_boot_shop_ebf761079522_overlay.jpg,Ankle boot,Left-shoe|Right-shoe,,,,,,,fallback_copy,segmented_too_small:206x20,mattmdjaga/segformer_b2_clothes,copy
/Users/ashley/Desktop/python/CS156-Machine-Learning/final/data/retail_images/raw/ankle_boot/anthropologie_boot_shop_ec334f66bcb1.jpg,/Users/ashley/Desktop/python/CS156-Machine-Learning/final/data/retail_images/segmented/ankle_boot/anthropologie_boot_shop_ec334f66bcb1_seg.jpg,/Users/ashley/Desktop/python/CS156-Machine-Learning/final/data/retail_images/segmentation_overlays/ankle_boot/anthropologie_boot_shop_ec334f66bcb1_overlay.jpg,Ankle boot,Left-shoe|Right-shoe,Left-shoe|Right-shoe,0.0432429174861801,82.0,362.0,325.0,523.0,segmented,ok,mattmdjaga/segformer_b2_clothes,crop_masked
/Users/ashley/Desktop/python/CS156-Machine-Learning/final/data/retail_images/raw/ankle_boot/anthropologie_boot_shop_ec78a37042df.jpg,/Users/ashley/Desktop/python/CS156-Machine-Learning/final/data/retail_images/segmented/ankle_boot/anthropologie_boot_shop_ec78a37042df_seg.jpg,/Users/ashley/Desktop/python/CS156-Machine-Learning/final/data/retail_images/segmentation_overlays/ankle_boot/anthropologie_boot_shop_ec78a37042df_overlay.jpg,Ankle boot,Left-shoe|Right-shoe,,,,,,,fallback_copy,mask_area_out_of_range:0.0095,mattmdjaga/segformer_b2_clothes,copy
/Users/ashley/Desktop/python/CS156-Machine-Learning/final/data/retail_images/raw/ankle_boot/anthropologie_boot_shop_ed776d07e154.webp,/Users/ashley/Desktop/python/CS156-Machine-Learning/final/data/retail_images/segmented/ankle_boot/anthropologie_boot_shop_ed776d07e154_seg.jpg,/Users/ashley/Desktop/python/CS156-Machine-Learning/final/data/retail_images/segmentation_overlays/ankle_boot/anthropologie_boot_shop_ed776d07e154_overlay.jpg,Ankle boot,Left-shoe|Right-shoe,Left-shoe|Right-shoe,0.2574427344995535,0.0,357.0,698.0,1033.0,segmented,ok,mattmdjaga/segformer_b2_clothes,crop_masked
/Users/ashley/Desktop/python/CS156-Machine-Learning/final/data/retail_images/raw/ankle_boot/anthropologie_boot_shop_f62188b51014.jpg,/Users/ashley/Desktop/python/CS156-Machine-Learning/final/data/retail_images/segmented/ankle_boot/anthropologie_boot_shop_f62188b51014_seg.jpg,/Users/ashley/Desktop/python/CS156-Machine-Learning/final/data/retail_images/segmentation_overlays/ankle_boot/anthropologie_boot_shop_f62188b51014_overlay.jpg,Ankle boot,Left-shoe|Right-shoe,Left-shoe|Right-shoe,0.1253403606041845,16.0,51.0,349.0,497.0,segmented,ok,mattmdjaga/segformer_b2_clothes,crop_masked
/Users/ashley/Desktop/python/CS156-Machine-Learning/final/data/retail_images/raw/ankle_boot/anthropologie_boot_shop_f997f1675cfc.jpg,/Users/ashley/Desktop/python/CS156-Machine-Learning/final/data/retail_images/segmented/ankle_boot/anthropologie_boot_shop_f997f1675cfc_seg.jpg,/Users/ashley/Desktop/python/CS156-Machine-Learning/final/data/retail_images/segmentation_overlays/ankle_boot/anthropologie_boot_shop_f997f1675cfc_overlay.jpg,Ankle boot,Left-shoe|Right-shoe,,,,,,,fallback_copy,segmented_too_small:337x44,mattmdjaga/segformer_b2_clothes,copy
/Users/ashley/Desktop/python/CS156-Machine-Learning/final/data/retail_images/raw/ankle_boot/anthropologie_boot_shop_fb00b0ac63d8.jpg,/Users/ashley/Desktop/python/CS156-Machine-Learning/final/data/retail_images/segmented/ankle_boot/anthropologie_boot_shop_fb00b0ac63d8_seg.jpg,/Users/ashley/Desktop/python/CS156-Machine-Learning/final/data/retail_images/segmentation_overlays/ankle_boot/anthropologie_boot_shop_fb00b0ac63d8_overlay.jpg,Ankle boot,Left-shoe|Right-shoe,Left-shoe|Right-shoe,0.0251031354265396,29.0,16.0,332.0,452.0,segmented,ok,mattmdjaga/segformer_b2_clothes,crop_masked
/Users/ashley/Desktop/python/CS156-Machine-Learning/final/data/retail_images/raw/ankle_boot/anthropologie_boot_shop_fc0385c62303.jpg,/Users/ashley/Desktop/python/CS156-Machine-Learning/final/data/retail_images/segmented/ankle_boot/anthropologie_boot_shop_fc0385c62303_seg.jpg,/Users/ashley/Desktop/python/CS156-Machine-Learning/final/data/retail_images/segmentation_overlays/ankle_boot/anthropologie_boot_shop_fc0385c62303_overlay.jpg,Ankle boot,Left-shoe|Right-shoe,Left-shoe|Right-shoe,0.0490338415686446,0.0,108.0,349.0,510.0,segmented,ok,mattmdjaga/segformer_b2_clothes,crop_masked
/Users/ashley/Desktop/python/CS156-Machine-Learning/final/data/retail_images/raw/ankle_boot/princess_polly_boots_006a4cc0d7ed.jpg,/Users/ashley/Desktop/python/CS156-Machine-Learning/final/data/retail_images/segmented/ankle_boot/princess_polly_boots_006a4cc0d7ed_seg.jpg,/Users/ashley/Desktop/python/CS156-Machine-Learning/final/data/retail_images/segmentation_overlays/ankle_boot/princess_polly_boots_006a4cc0d7ed_overlay.jpg,Ankle boot,Left-shoe|Right-shoe,Left-shoe|Right-shoe,0.0261696265044479,245.0,1089.0,1188.0,1512.0,segmented,ok,mattmdjaga/segformer_b2_clothes,crop_masked
/Users/ashley/Desktop/python/CS156-Machine-Learning/final/data/retail_images/raw/ankle_boot/princess_polly_boots_0b4536745240.jpg,/Users/ashley/Desktop/python/CS156-Machine-Learning/final/data/retail_images/segmented/ankle_boot/princess_polly_boots_0b4536745240_seg.jpg,/Users/ashley/Desktop/python/CS156-Machine-Learning/final/data/retail_images/segmentation_overlays/ankle_boot/princess_polly_boots_0b4536745240_overlay.jpg,Ankle boot,Left-shoe|Right-shoe,Left-shoe|Right-shoe,0.058971771722701,256.0,493.0,1130.0,1638.0,segmented,ok,mattmdjaga/segformer_b2_clothes,crop_masked
/Users/ashley/Desktop/python/CS156-Machine-Learning/final/data/retail_images/raw/ankle_boot/princess_polly_boots_0e7340a7af89.jpg,/Users/ashley/Desktop/python/CS156-Machine-Learning/final/data/retail_images/segmented/ankle_boot/princess_polly_boots_0e7340a7af89_seg.jpg,/Users/ashley/Desktop/python/CS156-Machine-Learning/final/data/retail_images/segmentation_overlays/ankle_boot/princess_polly_boots_0e7340a7af89_overlay.jpg,Ankle boot,Left-shoe|Right-shoe,Left-shoe|Right-shoe,0.0975904304029304,288.0,296.0,1058.0,1567.0,segmented,ok,mattmdjaga/segformer_b2_clothes,crop_masked
/Users/ashley/Desktop/python/CS156-Machine-Learning/final/data/retail_images/raw/ankle_boot/princess_polly_boots_106ecc1df4b6.jpg,/Users/ashley/Desktop/python/CS156-Machine-Learning/final/data/retail_images/segmented/ankle_boot/princess_polly_boots_106ecc1df4b6_seg.jpg,/Users/ashley/Desktop/python/CS156-Machine-Learning/final/data/retail_images/segmentation_overlays/ankle_boot/princess_polly_boots_106ecc1df4b6_overlay.jpg,Ankle boot,Left-shoe|Right-shoe,Left-shoe|Right-shoe,0.1091272566718995,171.0,762.0,1344.0,1681.0,segmented,ok,mattmdjaga/segformer_b2_clothes,crop_masked
/Users/ashley/Desktop/python/CS156-Machine-Learning/final/data/retail_images/raw/ankle_boot/princess_polly_boots_115daddf3431.jpg,/Users/ashley/Desktop/python/CS156-Machine-Learning/final/data/retail_images/segmented/ankle_boot/princess_polly_boots_115daddf3431_seg.jpg,/Users/ashley/Desktop/python/CS156-Machine-Learning/final/data/retail_images/segmentation_overlays/ankle_boot/princess_polly_boots_115daddf3431_overlay.jpg,Ankle boot,Left-shoe|Right-shoe,Left-shoe|Right-shoe,0.1550018805599162,313.0,589.0,1286.0,1820.0,segmented,ok,mattmdjaga/segformer_b2_clothes,crop_masked
/Users/ashley/Desktop/python/CS156-Machine-Learning/final/data/retail_images/raw/ankle_boot/princess_polly_boots_18b9f4688dcc.jpg,/Users/ashley/Desktop/python/CS156-Machine-Learning/final/data/retail_images/segmented/ankle_boot/princess_polly_boots_18b9f4688dcc_seg.jpg,/Users/ashley/Desktop/python/CS156-Machine-Learning/final/data/retail_images/segmentation_overlays/ankle_boot/princess_polly_boots_18b9f4688dcc_overlay.jpg,Ankle boot,Left-shoe|Right-shoe,Left-shoe|Right-shoe,0.0410980017006802,207.0,340.0,1255.0,1599.0,segmented,ok,mattmdjaga/segformer_b2_clothes,crop_masked
/Users/ashley/Desktop/python/CS156-Machine-Learning/final/data/retail_images/raw/ankle_boot/princess_polly_boots_19114bdd35ad.jpg,/Users/ashley/Desktop/python/CS156-Machine-Learning/final/data/retail_images/segmented/ankle_boot/princess_polly_boots_19114bdd35ad_seg.jpg,/Users/ashley/Desktop/python/CS156-Machine-Learning/final/data/retail_images/segmentation_overlays/ankle_boot/princess_polly_boots_19114bdd35ad_overlay.jpg,Ankle boot,Left-shoe|Right-shoe,Left-shoe|Right-shoe,0.2218890299992828,0.0,310.0,2486.0,3891.0,segmented,ok,mattmdjaga/segformer_b2_clothes,crop_masked
/Users/ashley/Desktop/python/CS156-Machine-Learning/final/data/retail_images/raw/ankle_boot/princess_polly_boots_1a1ec0bc5909.jpg,/Users/ashley/Desktop/python/CS156-Machine-Learning/final/data/retail_images/segmented/ankle_boot/princess_polly_boots_1a1ec0bc5909_seg.jpg,/Users/ashley/Desktop/python/CS156-Machine-Learning/final/data/retail_images/segmentation_overlays/ankle_boot/princess_polly_boots_1a1ec0bc5909_overlay.jpg,Ankle boot,Left-shoe|Right-shoe,Left-shoe|Right-shoe,0.0162799254317111,280.0,179.0,1176.0,1580.0,segmented,ok,mattmdjaga/segformer_b2_clothes,crop_masked
/Users/ashley/Desktop/python/CS156-Machine-Learning/final/data/retail_images/raw/ankle_boot/princess_polly_boots_1c144c2be7d6.jpg,/Users/ashley/Desktop/python/CS156-Machine-Learning/final/data/retail_images/segmented/ankle_boot/princess_polly_boots_1c144c2be7d6_seg.jpg,/Users/ashley/Desktop/python/CS156-Machine-Learning/final/data/retail_images/segmentation_overlays/ankle_boot/princess_polly_boots_1c144c2be7d6_overlay.jpg,Ankle boot,Left-shoe|Right-shoe,,,,,,,fallback_copy,mask_area_out_of_range:0.0019,mattmdjaga/segformer_b2_clothes,copy
/Users/ashley/Desktop/python/CS156-Machine-Learning/final/data/retail_images/raw/ankle_boot/princess_polly_boots_2509fd405e98.jpg,/Users/ashley/Desktop/python/CS156-Machine-Learning/final/data/retail_images/segmented/ankle_boot/princess_polly_boots_2509fd405e98_seg.jpg,/Users/ashley/Desktop/python/CS156-Machine-Learning/final/data/retail_images/segmentation_overlays/ankle_boot/princess_polly_boots_2509fd405e98_overlay.jpg,Ankle boot,Left-shoe|Right-shoe,Left-shoe|Right-shoe,0.2094060701203558,42.0,518.0,1295.0,1724.0,segmented,ok,mattmdjaga/segformer_b2_clothes,crop_masked
/Users/ashley/Desktop/python/CS156-Machine-Learning/final/data/retail_images/raw/ankle_boot/princess_polly_boots_2990fa4279b4.jpg,/Users/ashley/Desktop/python/CS156-Machine-Learning/final/data/retail_images/segmented/ankle_boot/princess_polly_boots_2990fa4279b4_seg.jpg,/Users/ashley/Desktop/python/CS156-Machine-Learning/final/data/retail_images/segmentation_overlays/ankle_boot/princess_polly_boots_2990fa4279b4_overlay.jpg,Ankle boot,Left-shoe|Right-shoe,Left-shoe|Right-shoe,0.2094060701203558,42.0,518.0,1295.0,1724.0,segmented,ok,mattmdjaga/segformer_b2_clothes,crop_masked
/Users/ashley/Desktop/python/CS156-Machine-Learning/final/data/retail_images/raw/ankle_boot/princess_polly_boots_2d51cc412584.jpg,/Users/ashley/Desktop/python/CS156-Machine-Learning/final/data/retail_images/segmented/ankle_boot/princess_polly_boots_2d51cc412584_seg.jpg,/Users/ashley/Desktop/python/CS156-Machine-Learning/final/data/retail_images/segmentation_overlays/ankle_boot/princess_polly_boots_2d51cc412584_overlay.jpg,Ankle boot,Left-shoe|Right-shoe,Left-shoe|Right-shoe,0.055881246729461,171.0,147.0,1068.0,1606.0,segmented,ok,mattmdjaga/segformer_b2_clothes,crop_masked
/Users/ashley/Desktop/python/CS156-Machine-Learning/final/data/retail_images/raw/ankle_boot/princess_polly_boots_2e8cdd2e464a.jpg,/Users/ashley/Desktop/python/CS156-Machine-Learning/final/data/retail_images/segmented/ankle_boot/princess_polly_boots_2e8cdd2e464a_seg.jpg,/Users/ashley/Desktop/python/CS156-Machine-Learning/final/data/retail_images/segmentation_overlays/ankle_boot/princess_polly_boots_2e8cdd2e464a_overlay.jpg,Ankle boot,Left-shoe|Right-shoe,Left-shoe|Right-shoe,0.0108917847951305,221.0,164.0,1046.0,1589.0,segmented,ok,mattmdjaga/segformer_b2_clothes,crop_masked
/Users/ashley/Desktop/python/CS156-Machine-Learning/final/data/retail_images/raw/ankle_boot/princess_polly_boots_30a2d0c0e2eb.jpg,/Users/ashley/Desktop/python/CS156-Machine-Learning/final/data/retail_images/segmented/ankle_boot/princess_polly_boots_30a2d0c0e2eb_seg.jpg,/Users/ashley/Desktop/python/CS156-Machine-Learning/final/data/retail_images/segmentation_overlays/ankle_boot/princess_polly_boots_30a2d0c0e2eb_overlay.jpg,Ankle boot,Left-shoe|Right-shoe,Left-shoe|Right-shoe,0.0467216934850863,287.0,317.0,1056.0,1591.0,segmented,ok,mattmdjaga/segformer_b2_clothes,crop_masked
/Users/ashley/Desktop/python/CS156-Machine-Learning/final/data/retail_images/raw/ankle_boot/princess_polly_boots_32092464c347.jpg,/Users/ashley/Desktop/python/CS156-Machine-Learning/final/data/retail_images/segmented/ankle_boot/princess_polly_boots_32092464c347_seg.jpg,/Users/ashley/Desktop/python/CS156-Machine-Learning/final/data/retail_images/segmentation_overlays/ankle_boot/princess_polly_boots_32092464c347_overlay.jpg,Ankle boot,Left-shoe|Right-shoe,Left-shoe|Right-shoe,0.0162639815541601,285.0,661.0,1183.0,1536.0,segmented,ok,mattmdjaga/segformer_b2_clothes,crop_masked
/Users/ashley/Desktop/python/CS156-Machine-Learning/final/data/retail_images/raw/ankle_boot/princess_polly_boots_330f8ee1f06e.jpg,/Users/ashley/Desktop/python/CS156-Machine-Learning/final/data/retail_images/segmented/ankle_boot/princess_polly_boots_330f8ee1f06e_seg.jpg,/Users/ashley/Desktop/python/CS156-Machine-Learning/final/data/retail_images/segmentation_overlays/ankle_boot/princess_polly_boots_330f8ee1f06e_overlay.jpg,Ankle boot,Left-shoe|Right-shoe,Left-shoe|Right-shoe,0.1013660688753625,251.0,630.0,1335.0,1750.0,segmented,ok,mattmdjaga/segformer_b2_clothes,crop_masked
/Users/ashley/Desktop/python/CS156-Machine-Learning/final/data/retail_images/raw/ankle_boot/princess_polly_boots_35eb28f1dca7.jpg,/Users/ashley/Desktop/python/CS156-Machine-Learning/final/data/retail_images/segmented/ankle_boot/princess_polly_boots_35eb28f1dca7_seg.jpg,/Users/ashley/Desktop/python/CS156-Machine-Learning/final/data/retail_images/segmentation_overlays/ankle_boot/princess_polly_boots_35eb28f1dca7_overlay.jpg,Ankle boot,Left-shoe|Right-shoe,Left-shoe|Right-shoe,0.0714960262951334,244.0,131.0,1152.0,1577.0,segmented,ok,mattmdjaga/segformer_b2_clothes,crop_masked
/Users/ashley/Desktop/python/CS156-Machine-Learning/final/data/retail_images/raw/ankle_boot/princess_polly_boots_363ace787cd6.jpg,/Users/ashley/Desktop/python/CS156-Machine-Learning/final/data/retail_images/segmented/ankle_boot/princess_polly_boots_363ace787cd6_seg.jpg,/Users/ashley/Desktop/python/CS156-Machine-Learning/final/data/retail_images/segmentation_overlays/ankle_boot/princess_polly_boots_363ace787cd6_overlay.jpg,Ankle boot,Left-shoe|Right-shoe,Left-shoe|Right-shoe,0.04175538003663,223.0,149.0,1165.0,1576.0,segmented,ok,mattmdjaga/segformer_b2_clothes,crop_masked
/Users/ashley/Desktop/python/CS156-Machine-Learning/final/data/retail_images/raw/ankle_boot/princess_polly_boots_37ca5ac6417a.jpg,/Users/ashley/Desktop/python/CS156-Machine-Learning/final/data/retail_images/segmented/ankle_boot/princess_polly_boots_37ca5ac6417a_seg.jpg,/Users/ashley/Desktop/python/CS156-Machine-Learning/final/data/retail_images/segmentation_overlays/ankle_boot/princess_polly_boots_37ca5ac6417a_overlay.jpg,Ankle boot,Left-shoe|Right-shoe,Left-shoe|Right-shoe,0.0137509811616954,283.0,334.0,1120.0,1563.0,segmented,ok,mattmdjaga/segformer_b2_clothes,crop_masked
/Users/ashley/Desktop/python/CS156-Machine-Learning/final/data/retail_images/raw/ankle_boot/princess_polly_boots_37f21c4d5c2f.jpg,/Users/ashley/Desktop/python/CS156-Machine-Learning/final/data/retail_images/segmented/ankle_boot/princess_polly_boots_37f21c4d5c2f_seg.jpg,/Users/ashley/Desktop/python/CS156-Machine-Learning/final/data/retail_images/segmentation_overlays/ankle_boot/princess_polly_boots_37f21c4d5c2f_overlay.jpg,Ankle boot,Left-shoe|Right-shoe,Left-shoe|Right-shoe,0.1165284863945578,187.0,328.0,1145.0,1808.0,segmented,ok,mattmdjaga/segformer_b2_clothes,crop_masked
/Users/ashley/Desktop/python/CS156-Machine-Learning/final/data/retail_images/raw/ankle_boot/princess_polly_boots_39dc8cbd3133.jpg,/Users/ashley/Desktop/python/CS156-Machine-Learning/final/data/retail_images/segmented/ankle_boot/princess_polly_boots_39dc8cbd3133_seg.jpg,/Users/ashley/Desktop/python/CS156-Machine-Learning/final/data/retail_images/segmentation_overlays/ankle_boot/princess_polly_boots_39dc8cbd3133_overlay.jpg,Ankle boot,Left-shoe|Right-shoe,Left-shoe|Right-shoe,0.1504465051676947,40.0,525.0,1281.0,1741.0,segmented,ok,mattmdjaga/segformer_b2_clothes,crop_masked
/Users/ashley/Desktop/python/CS156-Machine-Learning/final/data/retail_images/raw/ankle_boot/princess_polly_boots_3b610e0e8a78.jpg,/Users/ashley/Desktop/python/CS156-Machine-Learning/final/data/retail_images/segmented/ankle_boot/princess_polly_boots_3b610e0e8a78_seg.jpg,/Users/ashley/Desktop/python/CS156-Machine-Learning/final/data/retail_images/segmentation_overlays/ankle_boot/princess_polly_boots_3b610e0e8a78_overlay.jpg,Ankle boot,Left-shoe|Right-shoe,Left-shoe|Right-shoe,0.1597030107439029,94.0,307.0,1219.0,1585.0,segmented,ok,mattmdjaga/segformer_b2_clothes,crop_masked
/Users/ashley/Desktop/python/CS156-Machine-Learning/final/data/retail_images/raw/ankle_boot/princess_polly_boots_3df3d76848d6.jpg,/Users/ashley/Desktop/python/CS156-Machine-Learning/final/data/retail_images/segmented/ankle_boot/princess_polly_boots_3df3d76848d6_seg.jpg,/Users/ashley/Desktop/python/CS156-Machine-Learning/final/data/retail_images/segmentation_overlays/ankle_boot/princess_polly_boots_3df3d76848d6_overlay.jpg,Ankle boot,Left-shoe|Right-shoe,Left-shoe|Right-shoe,0.1333766679748822,249.0,1027.0,1233.0,1820.0,segmented,ok,mattmdjaga/segformer_b2_clothes,crop_masked
/Users/ashley/Desktop/python/CS156-Machine-Learning/final/data/retail_images/raw/ankle_boot/princess_polly_boots_3f0c39cc4351.jpg,/Users/ashley/Desktop/python/CS156-Machine-Learning/final/data/retail_images/segmented/ankle_boot/princess_polly_boots_3f0c39cc4351_seg.jpg,/Users/ashley/Desktop/python/CS156-Machine-Learning/final/data/retail_images/segmentation_overlays/ankle_boot/princess_polly_boots_3f0c39cc4351_overlay.jpg,Ankle boot,Left-shoe|Right-shoe,Left-shoe|Right-shoe,0.3183407738095238,0.0,157.0,1283.0,1682.0,segmented,ok,mattmdjaga/segformer_b2_clothes,crop_masked
/Users/ashley/Desktop/python/CS156-Machine-Learning/final/data/retail_images/raw/ankle_boot/princess_polly_boots_406044b723ad.jpg,/Users/ashley/Desktop/python/CS156-Machine-Learning/final/data/retail_images/segmented/ankle_boot/princess_polly_boots_406044b723ad_seg.jpg,/Users/ashley/Desktop/python/CS156-Machine-Learning/final/data/retail_images/segmentation_overlays/ankle_boot/princess_polly_boots_406044b723ad_overlay.jpg,Ankle boot,Left-shoe|Right-shoe,,,,,,,fallback_copy,mask_area_out_of_range:0.0080,mattmdjaga/segformer_b2_clothes,copy
/Users/ashley/Desktop/python/CS156-Machine-Learning/final/data/retail_images/raw/ankle_boot/princess_polly_boots_41998bb18bd6.jpg,/Users/ashley/Desktop/python/CS156-Machine-Learning/final/data/retail_images/segmented/ankle_boot/princess_polly_boots_41998bb18bd6_seg.jpg,/Users/ashley/Desktop/python/CS156-Machine-Learning/final/data/retail_images/segmentation_overlays/ankle_boot/princess_polly_boots_41998bb18bd6_overlay.jpg,Ankle boot,Left-shoe|Right-shoe,Left-shoe|Right-shoe,0.1030969402344867,246.0,503.0,1345.0,1820.0,segmented,ok,mattmdjaga/segformer_b2_clothes,crop_masked
/Users/ashley/Desktop/python/CS156-Machine-Learning/final/data/retail_images/raw/ankle_boot/princess_polly_boots_42c9294f77ac.jpg,/Users/ashley/Desktop/python/CS156-Machine-Learning/final/data/retail_images/segmented/ankle_boot/princess_polly_boots_42c9294f77ac_seg.jpg,/Users/ashley/Desktop/python/CS156-Machine-Learning/final/data/retail_images/segmentation_overlays/ankle_boot/princess_polly_boots_42c9294f77ac_overlay.jpg,Ankle boot,Left-shoe|Right-shoe,Left-shoe|Right-shoe,0.0380750847665345,589.0,1023.0,1309.0,1753.0,segmented,ok,mattmdjaga/segformer_b2_clothes,crop_masked
/Users/ashley/Desktop/python/CS156-Machine-Learning/final/data/retail_images/raw/ankle_boot/princess_polly_boots_443c437d3810.jpg,/Users/ashley/Desktop/python/CS156-Machine-Learning/final/data/retail_images/segmented/ankle_boot/princess_polly_boots_443c437d3810_seg.jpg,/Users/ashley/Desktop/python/CS156-Machine-Learning/final/data/retail_images/segmentation_overlays/ankle_boot/princess_polly_boots_443c437d3810_overlay.jpg,Ankle boot,Left-shoe|Right-shoe,,,,,,,fallback_copy,mask_area_out_of_range:0.0078,mattmdjaga/segformer_b2_clothes,copy
/Users/ashley/Desktop/python/CS156-Machine-Learning/final/data/retail_images/raw/ankle_boot/princess_polly_boots_44a8a0f8d394.jpg,/Users/ashley/Desktop/python/CS156-Machine-Learning/final/data/retail_images/segmented/ankle_boot/princess_polly_boots_44a8a0f8d394_seg.jpg,/Users/ashley/Desktop/python/CS156-Machine-Learning/final/data/retail_images/segmentation_overlays/ankle_boot/princess_polly_boots_44a8a0f8d394_overlay.jpg,Ankle boot,Left-shoe|Right-shoe,Left-shoe|Right-shoe,0.1116712283998529,59.0,586.0,1014.0,1486.0,segmented,ok,mattmdjaga/segformer_b2_clothes,crop_masked
/Users/ashley/Desktop/python/CS156-Machine-Learning/final/data/retail_images/raw/ankle_boot/princess_polly_boots_489572bd26c4.jpg,/Users/ashley/Desktop/python/CS156-Machine-Learning/final/data/retail_images/segmented/ankle_boot/princess_polly_boots_489572bd26c4_seg.jpg,/Users/ashley/Desktop/python/CS156-Machine-Learning/final/data/retail_images/segmentation_overlays/ankle_boot/princess_polly_boots_489572bd26c4_overlay.jpg,Ankle boot,Left-shoe|Right-shoe,Left-shoe|Right-shoe,0.0540125630551455,179.0,1122.0,1191.0,1500.0,segmented,ok,mattmdjaga/segformer_b2_clothes,crop_masked
/Users/ashley/Desktop/python/CS156-Machine-Learning/final/data/retail_images/raw/ankle_boot/princess_polly_boots_4b55a7abb05d.jpg,/Users/ashley/Desktop/python/CS156-Machine-Learning/final/data/retail_images/segmented/ankle_boot/princess_polly_boots_4b55a7abb05d_seg.jpg,/Users/ashley/Desktop/python/CS156-Machine-Learning/final/data/retail_images/segmentation_overlays/ankle_boot/princess_polly_boots_4b55a7abb05d_overlay.jpg,Ankle boot,Left-shoe|Right-shoe,Left-shoe|Right-shoe,0.0352004022762951,328.0,556.0,1043.0,1557.0,segmented,ok,mattmdjaga/segformer_b2_clothes,crop_masked
/Users/ashley/Desktop/python/CS156-Machine-Learning/final/data/retail_images/raw/ankle_boot/princess_polly_boots_4cd64e1122d2.jpg,/Users/ashley/Desktop/python/CS156-Machine-Learning/final/data/retail_images/segmented/ankle_boot/princess_polly_boots_4cd64e1122d2_seg.jpg,/Users/ashley/Desktop/python/CS156-Machine-Learning/final/data/retail_images/segmentation_overlays/ankle_boot/princess_polly_boots_4cd64e1122d2_overlay.jpg,Ankle boot,Left-shoe|Right-shoe,Left-shoe|Right-shoe,0.030873479199372,254.0,1019.0,1193.0,1521.0,segmented,ok,mattmdjaga/segformer_b2_clothes,crop_masked
/Users/ashley/Desktop/python/CS156-Machine-Learning/final/data/retail_images/raw/ankle_boot/princess_polly_boots_4fad4b94a5f8.jpg,/Users/ashley/Desktop/python/CS156-Machine-Learning/final/data/retail_images/segmented/ankle_boot/princess_polly_boots_4fad4b94a5f8_seg.jpg,/Users/ashley/Desktop/python/CS156-Machine-Learning/final/data/retail_images/segmentation_overlays/ankle_boot/princess_polly_boots_4fad4b94a5f8_overlay.jpg,Ankle boot,Left-shoe|Right-shoe,Left-shoe|Right-shoe,0.0355773318942961,217.0,349.0,1197.0,1564.0,segmented,ok,mattmdjaga/segformer_b2_clothes,crop_masked
/Users/ashley/Desktop/python/CS156-Machine-Learning/final/data/retail_images/raw/ankle_boot/princess_polly_boots_4ff27e01f510.jpg,/Users/ashley/Desktop/python/CS156-Machine-Learning/final/data/retail_images/segmented/ankle_boot/princess_polly_boots_4ff27e01f510_seg.jpg,/Users/ashley/Desktop/python/CS156-Machine-Learning/final/data/retail_images/segmentation_overlays/ankle_boot/princess_polly_boots_4ff27e01f510_overlay.jpg,Ankle boot,Left-shoe|Right-shoe,Left-shoe|Right-shoe,0.0608088565709383,261.0,377.0,1173.0,1565.0,segmented,ok,mattmdjaga/segformer_b2_clothes,crop_masked
/Users/ashley/Desktop/python/CS156-Machine-Learning/final/data/retail_images/raw/ankle_boot/princess_polly_boots_536762f7de23.jpg,/Users/ashley/Desktop/python/CS156-Machine-Learning/final/data/retail_images/segmented/ankle_boot/princess_polly_boots_536762f7de23_seg.jpg,/Users/ashley/Desktop/python/CS156-Machine-Learning/final/data/retail_images/segmentation_overlays/ankle_boot/princess_polly_boots_536762f7de23_overlay.jpg,Ankle boot,Left-shoe|Right-shoe,Left-shoe|Right-shoe,0.0556588500784929,230.0,195.0,1211.0,1586.0,segmented,ok,mattmdjaga/segformer_b2_clothes,crop_masked
/Users/ashley/Desktop/python/CS156-Machine-Learning/final/data/retail_images/raw/ankle_boot/princess_polly_boots_53a28135565a.jpg,/Users/ashley/Desktop/python/CS156-Machine-Learning/final/data/retail_images/segmented/ankle_boot/princess_polly_boots_53a28135565a_seg.jpg,/Users/ashley/Desktop/python/CS156-Machine-Learning/final/data/retail_images/segmentation_overlays/ankle_boot/princess_polly_boots_53a28135565a_overlay.jpg,Ankle boot,Left-shoe|Right-shoe,Left-shoe|Right-shoe,0.0872976354003139,256.0,31.0,1160.0,1581.0,segmented,ok,mattmdjaga/segformer_b2_clothes,crop_masked
/Users/ashley/Desktop/python/CS156-Machine-Learning/final/data/retail_images/raw/ankle_boot/princess_polly_boots_5b834c71ed5f.jpg,/Users/ashley/Desktop/python/CS156-Machine-Learning/final/data/retail_images/segmented/ankle_boot/princess_polly_boots_5b834c71ed5f_seg.jpg,/Users/ashley/Desktop/python/CS156-Machine-Learning/final/data/retail_images/segmentation_overlays/ankle_boot/princess_polly_boots_5b834c71ed5f_overlay.jpg,Ankle boot,Left-shoe|Right-shoe,Left-shoe|Right-shoe,0.0183732995628906,337.0,332.0,1149.0,1556.0,segmented,ok,mattmdjaga/segformer_b2_clothes,crop_masked
/Users/ashley/Desktop/python/CS156-Machine-Learning/final/data/retail_images/raw/ankle_boot/princess_polly_boots_5dee6f66c768.jpg,/Users/ashley/Desktop/python/CS156-Machine-Learning/final/data/retail_images/segmented/ankle_boot/princess_polly_boots_5dee6f66c768_seg.jpg,/Users/ashley/Desktop/python/CS156-Machine-Learning/final/data/retail_images/segmentation_overlays/ankle_boot/princess_polly_boots_5dee6f66c768_overlay.jpg,Ankle boot,Left-shoe|Right-shoe,Left-shoe|Right-shoe,0.0252751340920983,254.0,727.0,1178.0,1529.0,segmented,ok,mattmdjaga/segformer_b2_clothes,crop_masked
/Users/ashley/Desktop/python/CS156-Machine-Learning/final/data/retail_images/raw/ankle_boot/princess_polly_boots_619c0452f0ea.jpg,/Users/ashley/Desktop/python/CS156-Machine-Learning/final/data/retail_images/segmented/ankle_boot/princess_polly_boots_619c0452f0ea_seg.jpg,/Users/ashley/Desktop/python/CS156-Machine-Learning/final/data/retail_images/segmentation_overlays/ankle_boot/princess_polly_boots_619c0452f0ea_overlay.jpg,Ankle boot,Left-shoe|Right-shoe,Left-shoe|Right-shoe,0.0577340070643642,245.0,334.0,1099.0,1556.0,segmented,ok,mattmdjaga/segformer_b2_clothes,crop_masked
/Users/ashley/Desktop/python/CS156-Machine-Learning/final/data/retail_images/raw/ankle_boot/princess_polly_boots_61dc14c7b31e.jpg,/Users/ashley/Desktop/python/CS156-Machine-Learning/final/data/retail_images/segmented/ankle_boot/princess_polly_boots_61dc14c7b31e_seg.jpg,/Users/ashley/Desktop/python/CS156-Machine-Learning/final/data/retail_images/segmentation_overlays/ankle_boot/princess_polly_boots_61dc14c7b31e_overlay.jpg,Ankle boot,Left-shoe|Right-shoe,Left-shoe|Right-shoe,0.0590781985871271,268.0,199.0,1166.0,1578.0,segmented,ok,mattmdjaga/segformer_b2_clothes,crop_masked
/Users/ashley/Desktop/python/CS156-Machine-Learning/final/data/retail_images/raw/ankle_boot/princess_polly_boots_6798028b8218.jpg,/Users/ashley/Desktop/python/CS156-Machine-Learning/final/data/retail_images/segmented/ankle_boot/princess_polly_boots_6798028b8218_seg.jpg,/Users/ashley/Desktop/python/CS156-Machine-Learning/final/data/retail_images/segmentation_overlays/ankle_boot/princess_polly_boots_6798028b8218_overlay.jpg,Ankle boot,Left-shoe|Right-shoe,Left-shoe|Right-shoe,0.0100682217410841,255.0,1018.0,1200.0,1510.0,segmented,ok,mattmdjaga/segformer_b2_clothes,crop_masked
/Users/ashley/Desktop/python/CS156-Machine-Learning/final/data/retail_images/raw/ankle_boot/princess_polly_boots_70339ca2446e.jpg,/Users/ashley/Desktop/python/CS156-Machine-Learning/final/data/retail_images/segmented/ankle_boot/princess_polly_boots_70339ca2446e_seg.jpg,/Users/ashley/Desktop/python/CS156-Machine-Learning/final/data/retail_images/segmentation_overlays/ankle_boot/princess_polly_boots_70339ca2446e_overlay.jpg,Ankle boot,Left-shoe|Right-shoe,Left-shoe|Right-shoe,0.1053910746991104,282.0,298.0,1062.0,1579.0,segmented,ok,mattmdjaga/segformer_b2_clothes,crop_masked
/Users/ashley/Desktop/python/CS156-Machine-Learning/final/data/retail_images/raw/ankle_boot/princess_polly_boots_7515b5873441.jpg,/Users/ashley/Desktop/python/CS156-Machine-Learning/final/data/retail_images/segmented/ankle_boot/princess_polly_boots_7515b5873441_seg.jpg,/Users/ashley/Desktop/python/CS156-Machine-Learning/final/data/retail_images/segmentation_overlays/ankle_boot/princess_polly_boots_7515b5873441_overlay.jpg,Ankle boot,Left-shoe|Right-shoe,Left-shoe|Right-shoe,0.076764864599686,126.0,251.0,1225.0,1670.0,segmented,ok,mattmdjaga/segformer_b2_clothes,crop_masked
/Users/ashley/Desktop/python/CS156-Machine-Learning/final/data/retail_images/raw/ankle_boot/princess_polly_boots_7ebca56f1ae0.jpg,/Users/ashley/Desktop/python/CS156-Machine-Learning/final/data/retail_images/segmented/ankle_boot/princess_polly_boots_7ebca56f1ae0_seg.jpg,/Users/ashley/Desktop/python/CS156-Machine-Learning/final/data/retail_images/segmentation_overlays/ankle_boot/princess_polly_boots_7ebca56f1ae0_overlay.jpg,Ankle boot,Left-shoe|Right-shoe,Left-shoe|Right-shoe,0.0135735706309495,511.0,149.0,1080.0,1605.0,segmented,ok,mattmdjaga/segformer_b2_clothes,crop_masked
/Users/ashley/Desktop/python/CS156-Machine-Learning/final/data/retail_images/raw/ankle_boot/princess_polly_boots_80249c5f41f8.jpg,/Users/ashley/Desktop/python/CS156-Machine-Learning/final/data/retail_images/segmented/ankle_boot/princess_polly_boots_80249c5f41f8_seg.jpg,/Users/ashley/Desktop/python/CS156-Machine-Learning/final/data/retail_images/segmentation_overlays/ankle_boot/princess_polly_boots_80249c5f41f8_overlay.jpg,Ankle boot,Left-shoe|Right-shoe,Left-shoe|Right-shoe,0.1334931809262166,226.0,498.0,1083.0,1797.0,segmented,ok,mattmdjaga/segformer_b2_clothes,crop_masked
/Users/ashley/Desktop/python/CS156-Machine-Learning/final/data/retail_images/raw/ankle_boot/princess_polly_boots_82c8e9a4e06e.jpg,/Users/ashley/Desktop/python/CS156-Machine-Learning/final/data/retail_images/segmented/ankle_boot/princess_polly_boots_82c8e9a4e06e_seg.jpg,/Users/ashley/Desktop/python/CS156-Machine-Learning/final/data/retail_images/segmentation_overlays/ankle_boot/princess_polly_boots_82c8e9a4e06e_overlay.jpg,Ankle boot,Left-shoe|Right-shoe,Left-shoe|Right-shoe,0.1253384533681931,248.0,291.0,1223.0,1616.0,segmented,ok,mattmdjaga/segformer_b2_clothes,crop_masked
/Users/ashley/Desktop/python/CS156-Machine-Learning/final/data/retail_images/raw/ankle_boot/princess_polly_boots_846fce8fce0e.jpg,/Users/ashley/Desktop/python/CS156-Machine-Learning/final/data/retail_images/segmented/ankle_boot/princess_polly_boots_846fce8fce0e_seg.jpg,/Users/ashley/Desktop/python/CS156-Machine-Learning/final/data/retail_images/segmentation_overlays/ankle_boot/princess_polly_boots_846fce8fce0e_overlay.jpg,Ankle boot,Left-shoe|Right-shoe,Left-shoe|Right-shoe,0.1116913592360021,0.0,628.0,1316.0,1820.0,segmented,ok,mattmdjaga/segformer_b2_clothes,crop_masked
/Users/ashley/Desktop/python/CS156-Machine-Learning/final/data/retail_images/raw/ankle_boot/princess_polly_boots_85d27cfe5135.jpg,/Users/ashley/Desktop/python/CS156-Machine-Learning/final/data/retail_images/segmented/ankle_boot/princess_polly_boots_85d27cfe5135_seg.jpg,/Users/ashley/Desktop/python/CS156-Machine-Learning/final/data/retail_images/segmentation_overlays/ankle_boot/princess_polly_boots_85d27cfe5135_overlay.jpg,Ankle boot,Left-shoe|Right-shoe,Left-shoe|Right-shoe,0.0452855180533752,444.0,617.0,877.0,1820.0,segmented,ok,mattmdjaga/segformer_b2_clothes,crop_masked
/Users/ashley/Desktop/python/CS156-Machine-Learning/final/data/retail_images/raw/ankle_boot/princess_polly_boots_8de3d72b9c1e.jpg,/Users/ashley/Desktop/python/CS156-Machine-Learning/final/data/retail_images/segmented/ankle_boot/princess_polly_boots_8de3d72b9c1e_seg.jpg,/Users/ashley/Desktop/python/CS156-Machine-Learning/final/data/retail_images/segmentation_overlays/ankle_boot/princess_polly_boots_8de3d72b9c1e_overlay.jpg,Ankle boot,Left-shoe|Right-shoe,Left-shoe|Right-shoe,0.0735307103610675,234.0,305.0,1110.0,1557.0,segmented,ok,mattmdjaga/segformer_b2_clothes,crop_masked
/Users/ashley/Desktop/python/CS156-Machine-Learning/final/data/retail_images/raw/ankle_boot/princess_polly_boots_90c63268cade.jpg,/Users/ashley/Desktop/python/CS156-Machine-Learning/final/data/retail_images/segmented/ankle_boot/princess_polly_boots_90c63268cade_seg.jpg,/Users/ashley/Desktop/python/CS156-Machine-Learning/final/data/retail_images/segmentation_overlays/ankle_boot/princess_polly_boots_90c63268cade_overlay.jpg,Ankle boot,Left-shoe|Right-shoe,Left-shoe|Right-shoe,0.1327023162710895,0.0,378.0,1271.0,1732.0,segmented,ok,mattmdjaga/segformer_b2_clothes,crop_masked
/Users/ashley/Desktop/python/CS156-Machine-Learning/final/data/retail_images/raw/ankle_boot/princess_polly_boots_9138ec416303.jpg,/Users/ashley/Desktop/python/CS156-Machine-Learning/final/data/retail_images/segmented/ankle_boot/princess_polly_boots_9138ec416303_seg.jpg,/Users/ashley/Desktop/python/CS156-Machine-Learning/final/data/retail_images/segmentation_overlays/ankle_boot/princess_polly_boots_9138ec416303_overlay.jpg,Ankle boot,Left-shoe|Right-shoe,Left-shoe|Right-shoe,0.1360082254055468,179.0,437.0,1122.0,1641.0,segmented,ok,mattmdjaga/segformer_b2_clothes,crop_masked
/Users/ashley/Desktop/python/CS156-Machine-Learning/final/data/retail_images/raw/ankle_boot/princess_polly_boots_97e1fa519a64.jpg,/Users/ashley/Desktop/python/CS156-Machine-Learning/final/data/retail_images/segmented/ankle_boot/princess_polly_boots_97e1fa519a64_seg.jpg,/Users/ashley/Desktop/python/CS156-Machine-Learning/final/data/retail_images/segmentation_overlays/ankle_boot/princess_polly_boots_97e1fa519a64_overlay.jpg,Ankle boot,Left-shoe|Right-shoe,Left-shoe|Right-shoe,0.0177042313039324,547.0,1250.0,1172.0,1493.0,segmented,ok,mattmdjaga/segformer_b2_clothes,crop_masked
/Users/ashley/Desktop/python/CS156-Machine-Learning/final/data/retail_images/raw/ankle_boot/princess_polly_boots_97f6d83f22bb.jpg,/Users/ashley/Desktop/python/CS156-Machine-Learning/final/data/retail_images/segmented/ankle_boot/princess_polly_boots_97f6d83f22bb_seg.jpg,/Users/ashley/Desktop/python/CS156-Machine-Learning/final/data/retail_images/segmentation_overlays/ankle_boot/princess_polly_boots_97f6d83f22bb_overlay.jpg,Ankle boot,Left-shoe|Right-shoe,Left-shoe|Right-shoe,0.088324993458922,225.0,123.0,1198.0,1582.0,segmented,ok,mattmdjaga/segformer_b2_clothes,crop_masked
/Users/ashley/Desktop/python/CS156-Machine-Learning/final/data/retail_images/raw/ankle_boot/princess_polly_boots_9a4b96c6f571.jpg,/Users/ashley/Desktop/python/CS156-Machine-Learning/final/data/retail_images/segmented/ankle_boot/princess_polly_boots_9a4b96c6f571_seg.jpg,/Users/ashley/Desktop/python/CS156-Machine-Learning/final/data/retail_images/segmentation_overlays/ankle_boot/princess_polly_boots_9a4b96c6f571_overlay.jpg,Ankle boot,Left-shoe|Right-shoe,Left-shoe|Right-shoe,0.0183550824175824,357.0,178.0,1004.0,1590.0,segmented,ok,mattmdjaga/segformer_b2_clothes,crop_masked
/Users/ashley/Desktop/python/CS156-Machine-Learning/final/data/retail_images/raw/ankle_boot/princess_polly_boots_9c24895269df.jpg,/Users/ashley/Desktop/python/CS156-Machine-Learning/final/data/retail_images/segmented/ankle_boot/princess_polly_boots_9c24895269df_seg.jpg,/Users/ashley/Desktop/python/CS156-Machine-Learning/final/data/retail_images/segmentation_overlays/ankle_boot/princess_polly_boots_9c24895269df_overlay.jpg,Ankle boot,Left-shoe|Right-shoe,Left-shoe|Right-shoe,0.0774410485347985,73.0,556.0,1218.0,1777.0,segmented,ok,mattmdjaga/segformer_b2_clothes,crop_masked
/Users/ashley/Desktop/python/CS156-Machine-Learning/final/data/retail_images/raw/ankle_boot/princess_polly_boots_a4a7c6e18abb.jpg,/Users/ashley/Desktop/python/CS156-Machine-Learning/final/data/retail_images/segmented/ankle_boot/princess_polly_boots_a4a7c6e18abb_seg.jpg,/Users/ashley/Desktop/python/CS156-Machine-Learning/final/data/retail_images/segmentation_overlays/ankle_boot/princess_polly_boots_a4a7c6e18abb_overlay.jpg,Ankle boot,Left-shoe|Right-shoe,Left-shoe|Right-shoe,0.1841987997121925,102.0,607.0,1344.0,1692.0,segmented,ok,mattmdjaga/segformer_b2_clothes,crop_masked
/Users/ashley/Desktop/python/CS156-Machine-Learning/final/data/retail_images/raw/ankle_boot/princess_polly_boots_a8e5624b5df4.jpg,/Users/ashley/Desktop/python/CS156-Machine-Learning/final/data/retail_images/segmented/ankle_boot/princess_polly_boots_a8e5624b5df4_seg.jpg,/Users/ashley/Desktop/python/CS156-Machine-Learning/final/data/retail_images/segmentation_overlays/ankle_boot/princess_polly_boots_a8e5624b5df4_overlay.jpg,Ankle boot,Left-shoe|Right-shoe,Left-shoe|Right-shoe,0.2400028595939376,0.0,468.0,1345.0,1647.0,segmented,ok,mattmdjaga/segformer_b2_clothes,crop_masked
/Users/ashley/Desktop/python/CS156-Machine-Learning/final/data/retail_images/raw/ankle_boot/princess_polly_boots_aac24e512123.jpg,/Users/ashley/Desktop/python/CS156-Machine-Learning/final/data/retail_images/segmented/ankle_boot/princess_polly_boots_aac24e512123_seg.jpg,/Users/ashley/Desktop/python/CS156-Machine-Learning/final/data/retail_images/segmentation_overlays/ankle_boot/princess_polly_boots_aac24e512123_overlay.jpg,Ankle boot,Left-shoe|Right-shoe,Left-shoe|Right-shoe,0.0774410485347985,73.0,556.0,1218.0,1777.0,segmented,ok,mattmdjaga/segformer_b2_clothes,crop_masked
/Users/ashley/Desktop/python/CS156-Machine-Learning/final/data/retail_images/raw/ankle_boot/princess_polly_boots_adac476f7e51.jpg,/Users/ashley/Desktop/python/CS156-Machine-Learning/final/data/retail_images/segmented/ankle_boot/princess_polly_boots_adac476f7e51_seg.jpg,/Users/ashley/Desktop/python/CS156-Machine-Learning/final/data/retail_images/segmentation_overlays/ankle_boot/princess_polly_boots_adac476f7e51_overlay.jpg,Ankle boot,Left-shoe|Right-shoe,Left-shoe|Right-shoe,0.049821755625327,247.0,393.0,1206.0,1583.0,segmented,ok,mattmdjaga/segformer_b2_clothes,crop_masked
/Users/ashley/Desktop/python/CS156-Machine-Learning/final/data/retail_images/raw/ankle_boot/princess_polly_boots_aedc96140d71.jpg,/Users/ashley/Desktop/python/CS156-Machine-Learning/final/data/retail_images/segmented/ankle_boot/princess_polly_boots_aedc96140d71_seg.jpg,/Users/ashley/Desktop/python/CS156-Machine-Learning/final/data/retail_images/segmentation_overlays/ankle_boot/princess_polly_boots_aedc96140d71_overlay.jpg,Ankle boot,Left-shoe|Right-shoe,Left-shoe|Right-shoe,0.0481319753638366,240.0,118.0,1078.0,1570.0,segmented,ok,mattmdjaga/segformer_b2_clothes,crop_masked
/Users/ashley/Desktop/python/CS156-Machine-Learning/final/data/retail_images/raw/ankle_boot/princess_polly_boots_afc183f18b37.jpg,/Users/ashley/Desktop/python/CS156-Machine-Learning/final/data/retail_images/segmented/ankle_boot/princess_polly_boots_afc183f18b37_seg.jpg,/Users/ashley/Desktop/python/CS156-Machine-Learning/final/data/retail_images/segmentation_overlays/ankle_boot/princess_polly_boots_afc183f18b37_overlay.jpg,Ankle boot,Left-shoe|Right-shoe,Left-shoe|Right-shoe,0.0137509811616954,283.0,334.0,1120.0,1563.0,segmented,ok,mattmdjaga/segformer_b2_clothes,crop_masked
/Users/ashley/Desktop/python/CS156-Machine-Learning/final/data/retail_images/raw/ankle_boot/princess_polly_boots_b0c96e594a85.jpg,/Users/ashley/Desktop/python/CS156-Machine-Learning/final/data/retail_images/segmented/ankle_boot/princess_polly_boots_b0c96e594a85_seg.jpg,/Users/ashley/Desktop/python/CS156-Machine-Learning/final/data/retail_images/segmentation_overlays/ankle_boot/princess_polly_boots_b0c96e594a85_overlay.jpg,Ankle boot,Left-shoe|Right-shoe,,,,,,,fallback_copy,mask_area_out_of_range:0.0066,mattmdjaga/segformer_b2_clothes,copy
/Users/ashley/Desktop/python/CS156-Machine-Learning/final/data/retail_images/raw/ankle_boot/princess_polly_boots_b0cd4cf4ad8e.jpg,/Users/ashley/Desktop/python/CS156-Machine-Learning/final/data/retail_images/segmented/ankle_boot/princess_polly_boots_b0cd4cf4ad8e_seg.jpg,/Users/ashley/Desktop/python/CS156-Machine-Learning/final/data/retail_images/segmentation_overlays/ankle_boot/princess_polly_boots_b0cd4cf4ad8e_overlay.jpg,Ankle boot,Left-shoe|Right-shoe,,,,,,,fallback_copy,mask_area_out_of_range:0.0080,mattmdjaga/segformer_b2_clothes,copy
/Users/ashley/Desktop/python/CS156-Machine-Learning/final/data/retail_images/raw/ankle_boot/princess_polly_boots_b1b8ce1cae80.jpg,/Users/ashley/Desktop/python/CS156-Machine-Learning/final/data/retail_images/segmented/ankle_boot/princess_polly_boots_b1b8ce1cae80_seg.jpg,/Users/ashley/Desktop/python/CS156-Machine-Learning/final/data/retail_images/segmentation_overlays/ankle_boot/princess_polly_boots_b1b8ce1cae80_overlay.jpg,Ankle boot,Left-shoe|Right-shoe,Left-shoe|Right-shoe,0.1368977490910576,327.0,766.0,1260.0,1665.0,segmented,ok,mattmdjaga/segformer_b2_clothes,crop_masked
/Users/ashley/Desktop/python/CS156-Machine-Learning/final/data/retail_images/raw/ankle_boot/princess_polly_boots_b590acd6708e.jpg,/Users/ashley/Desktop/python/CS156-Machine-Learning/final/data/retail_images/segmented/ankle_boot/princess_polly_boots_b590acd6708e_seg.jpg,/Users/ashley/Desktop/python/CS156-Machine-Learning/final/data/retail_images/segmentation_overlays/ankle_boot/princess_polly_boots_b590acd6708e_overlay.jpg,Ankle boot,Left-shoe|Right-shoe,Left-shoe|Right-shoe,0.0940299848850034,423.0,935.0,1021.0,1820.0,segmented,ok,mattmdjaga/segformer_b2_clothes,crop_masked
/Users/ashley/Desktop/python/CS156-Machine-Learning/final/data/retail_images/raw/ankle_boot/princess_polly_boots_b957c3c7277d.jpg,/Users/ashley/Desktop/python/CS156-Machine-Learning/final/data/retail_images/segmented/ankle_boot/princess_polly_boots_b957c3c7277d_seg.jpg,/Users/ashley/Desktop/python/CS156-Machine-Learning/final/data/retail_images/segmentation_overlays/ankle_boot/princess_polly_boots_b957c3c7277d_overlay.jpg,Ankle boot,Left-shoe|Right-shoe,Left-shoe|Right-shoe,0.0231366104133961,242.0,962.0,1174.0,1508.0,segmented,ok,mattmdjaga/segformer_b2_clothes,crop_masked
/Users/ashley/Desktop/python/CS156-Machine-Learning/final/data/retail_images/raw/ankle_boot/princess_polly_boots_bd1902181160.jpg,/Users/ashley/Desktop/python/CS156-Machine-Learning/final/data/retail_images/segmented/ankle_boot/princess_polly_boots_bd1902181160_seg.jpg,/Users/ashley/Desktop/python/CS156-Machine-Learning/final/data/retail_images/segmentation_overlays/ankle_boot/princess_polly_boots_bd1902181160_overlay.jpg,Ankle boot,Left-shoe|Right-shoe,Left-shoe|Right-shoe,0.063580620123371,229.0,332.0,1224.0,1567.0,segmented,ok,mattmdjaga/segformer_b2_clothes,crop_masked
/Users/ashley/Desktop/python/CS156-Machine-Learning/final/data/retail_images/raw/ankle_boot/princess_polly_boots_bd5b8deb983a.jpg,/Users/ashley/Desktop/python/CS156-Machine-Learning/final/data/retail_images/segmented/ankle_boot/princess_polly_boots_bd5b8deb983a_seg.jpg,/Users/ashley/Desktop/python/CS156-Machine-Learning/final/data/retail_images/segmentation_overlays/ankle_boot/princess_polly_boots_bd5b8deb983a_overlay.jpg,Ankle boot,Left-shoe|Right-shoe,,,,,,,fallback_copy,mask_area_out_of_range:0.0063,mattmdjaga/segformer_b2_clothes,copy
/Users/ashley/Desktop/python/CS156-Machine-Learning/final/data/retail_images/raw/ankle_boot/princess_polly_boots_bf08ba17c408.jpg,/Users/ashley/Desktop/python/CS156-Machine-Learning/final/data/retail_images/segmented/ankle_boot/princess_polly_boots_bf08ba17c408_seg.jpg,/Users/ashley/Desktop/python/CS156-Machine-Learning/final/data/retail_images/segmentation_overlays/ankle_boot/princess_polly_boots_bf08ba17c408_overlay.jpg,Ankle boot,Left-shoe|Right-shoe,Left-shoe|Right-shoe,0.0792328950811093,255.0,185.0,1163.0,1608.0,segmented,ok,mattmdjaga/segformer_b2_clothes,crop_masked
/Users/ashley/Desktop/python/CS156-Machine-Learning/final/data/retail_images/raw/ankle_boot/princess_polly_boots_bf77ebeeafa8.jpg,/Users/ashley/Desktop/python/CS156-Machine-Learning/final/data/retail_images/segmented/ankle_boot/princess_polly_boots_bf77ebeeafa8_seg.jpg,/Users/ashley/Desktop/python/CS156-Machine-Learning/final/data/retail_images/segmentation_overlays/ankle_boot/princess_polly_boots_bf77ebeeafa8_overlay.jpg,Ankle boot,Left-shoe|Right-shoe,Left-shoe|Right-shoe,0.153350522303812,83.0,745.0,1167.0,1766.0,segmented,ok,mattmdjaga/segformer_b2_clothes,crop_masked
/Users/ashley/Desktop/python/CS156-Machine-Learning/final/data/retail_images/raw/ankle_boot/princess_polly_boots_bfd53907f424.jpg,/Users/ashley/Desktop/python/CS156-Machine-Learning/final/data/retail_images/segmented/ankle_boot/princess_polly_boots_bfd53907f424_seg.jpg,/Users/ashley/Desktop/python/CS156-Machine-Learning/final/data/retail_images/segmentation_overlays/ankle_boot/princess_polly_boots_bfd53907f424_overlay.jpg,Ankle boot,Left-shoe|Right-shoe,,,,,,,fallback_copy,mask_area_out_of_range:0.0043,mattmdjaga/segformer_b2_clothes,copy
/Users/ashley/Desktop/python/CS156-Machine-Learning/final/data/retail_images/raw/ankle_boot/princess_polly_boots_c39cefe3da3f.jpg,/Users/ashley/Desktop/python/CS156-Machine-Learning/final/data/retail_images/segmented/ankle_boot/princess_polly_boots_c39cefe3da3f_seg.jpg,/Users/ashley/Desktop/python/CS156-Machine-Learning/final/data/retail_images/segmentation_overlays/ankle_boot/princess_polly_boots_c39cefe3da3f_overlay.jpg,Ankle boot,Left-shoe|Right-shoe,Left-shoe|Right-shoe,0.2171744178440607,221.0,145.0,1234.0,1622.0,segmented,ok,mattmdjaga/segformer_b2_clothes,crop_masked
/Users/ashley/Desktop/python/CS156-Machine-Learning/final/data/retail_images/raw/ankle_boot/princess_polly_boots_c73512aae563.jpg,/Users/ashley/Desktop/python/CS156-Machine-Learning/final/data/retail_images/segmented/ankle_boot/princess_polly_boots_c73512aae563_seg.jpg,/Users/ashley/Desktop/python/CS156-Machine-Learning/final/data/retail_images/segmentation_overlays/ankle_boot/princess_polly_boots_c73512aae563_overlay.jpg,Ankle boot,Left-shoe|Right-shoe,Left-shoe|Right-shoe,0.0782729918890633,162.0,189.0,1180.0,1669.0,segmented,ok,mattmdjaga/segformer_b2_clothes,crop_masked
/Users/ashley/Desktop/python/CS156-Machine-Learning/final/data/retail_images/raw/ankle_boot/princess_polly_boots_cd1ebfc008b1.jpg,/Users/ashley/Desktop/python/CS156-Machine-Learning/final/data/retail_images/segmented/ankle_boot/princess_polly_boots_cd1ebfc008b1_seg.jpg,/Users/ashley/Desktop/python/CS156-Machine-Learning/final/data/retail_images/segmentation_overlays/ankle_boot/princess_polly_boots_cd1ebfc008b1_overlay.jpg,Ankle boot,Left-shoe|Right-shoe,Left-shoe|Right-shoe,0.0287860576923076,281.0,132.0,1133.0,1606.0,segmented,ok,mattmdjaga/segformer_b2_clothes,crop_masked
/Users/ashley/Desktop/python/CS156-Machine-Learning/final/data/retail_images/raw/ankle_boot/princess_polly_boots_d4ecf554167e.jpg,/Users/ashley/Desktop/python/CS156-Machine-Learning/final/data/retail_images/segmented/ankle_boot/princess_polly_boots_d4ecf554167e_seg.jpg,/Users/ashley/Desktop/python/CS156-Machine-Learning/final/data/retail_images/segmentation_overlays/ankle_boot/princess_polly_boots_d4ecf554167e_overlay.jpg,Ankle boot,Left-shoe|Right-shoe,Left-shoe|Right-shoe,0.0385244963369963,271.0,301.0,1197.0,1566.0,segmented,ok,mattmdjaga/segformer_b2_clothes,crop_masked
/Users/ashley/Desktop/python/CS156-Machine-Learning/final/data/retail_images/raw/ankle_boot/princess_polly_boots_d9ea6e4e3d48.jpg,/Users/ashley/Desktop/python/CS156-Machine-Learning/final/data/retail_images/segmented/ankle_boot/princess_polly_boots_d9ea6e4e3d48_seg.jpg,/Users/ashley/Desktop/python/CS156-Machine-Learning/final/data/retail_images/segmentation_overlays/ankle_boot/princess_polly_boots_d9ea6e4e3d48_overlay.jpg,Ankle boot,Left-shoe|Right-shoe,Left-shoe|Right-shoe,0.0224600176609105,336.0,502.0,1006.0,1556.0,segmented,ok,mattmdjaga/segformer_b2_clothes,crop_masked
/Users/ashley/Desktop/python/CS156-Machine-Learning/final/data/retail_images/raw/ankle_boot/princess_polly_boots_ddd808954950.jpg,/Users/ashley/Desktop/python/CS156-Machine-Learning/final/data/retail_images/segmented/ankle_boot/princess_polly_boots_ddd808954950_seg.jpg,/Users/ashley/Desktop/python/CS156-Machine-Learning/final/data/retail_images/segmentation_overlays/ankle_boot/princess_polly_boots_ddd808954950_overlay.jpg,Ankle boot,Left-shoe|Right-shoe,,,,,,,fallback_copy,mask_area_out_of_range:0.0070,mattmdjaga/segformer_b2_clothes,copy
/Users/ashley/Desktop/python/CS156-Machine-Learning/final/data/retail_images/raw/ankle_boot/princess_polly_boots_e471e99cbee3.jpg,/Users/ashley/Desktop/python/CS156-Machine-Learning/final/data/retail_images/segmented/ankle_boot/princess_polly_boots_e471e99cbee3_seg.jpg,/Users/ashley/Desktop/python/CS156-Machine-Learning/final/data/retail_images/segmentation_overlays/ankle_boot/princess_polly_boots_e471e99cbee3_overlay.jpg,Ankle boot,Left-shoe|Right-shoe,Left-shoe|Right-shoe,0.0225389194139194,310.0,295.0,1134.0,1583.0,segmented,ok,mattmdjaga/segformer_b2_clothes,crop_masked
/Users/ashley/Desktop/python/CS156-Machine-Learning/final/data/retail_images/raw/ankle_boot/princess_polly_boots_e6f29dab40bf.jpg,/Users/ashley/Desktop/python/CS156-Machine-Learning/final/data/retail_images/segmented/ankle_boot/princess_polly_boots_e6f29dab40bf_seg.jpg,/Users/ashley/Desktop/python/CS156-Machine-Learning/final/data/retail_images/segmentation_overlays/ankle_boot/princess_polly_boots_e6f29dab40bf_overlay.jpg,Ankle boot,Left-shoe|Right-shoe,Left-shoe|Right-shoe,0.0437070741758241,158.0,148.0,1124.0,1579.0,segmented,ok,mattmdjaga/segformer_b2_clothes,crop_masked
/Users/ashley/Desktop/python/CS156-Machine-Learning/final/data/retail_images/raw/ankle_boot/princess_polly_boots_eab73135a32a.jpg,/Users/ashley/Desktop/python/CS156-Machine-Learning/final/data/retail_images/segmented/ankle_boot/princess_polly_boots_eab73135a32a_seg.jpg,/Users/ashley/Desktop/python/CS156-Machine-Learning/final/data/retail_images/segmentation_overlays/ankle_boot/princess_polly_boots_eab73135a32a_overlay.jpg,Ankle boot,Left-shoe|Right-shoe,Left-shoe|Right-shoe,0.076995028780743,243.0,235.0,1190.0,1589.0,segmented,ok,mattmdjaga/segformer_b2_clothes,crop_masked
/Users/ashley/Desktop/python/CS156-Machine-Learning/final/data/retail_images/raw/ankle_boot/princess_polly_boots_ebaceaeaa384.jpg,/Users/ashley/Desktop/python/CS156-Machine-Learning/final/data/retail_images/segmented/ankle_boot/princess_polly_boots_ebaceaeaa384_seg.jpg,/Users/ashley/Desktop/python/CS156-Machine-Learning/final/data/retail_images/segmentation_overlays/ankle_boot/princess_polly_boots_ebaceaeaa384_overlay.jpg,Ankle boot,Left-shoe|Right-shoe,Left-shoe|Right-shoe,0.0150134092098377,447.0,149.0,1029.0,1579.0,segmented,ok,mattmdjaga/segformer_b2_clothes,crop_masked
/Users/ashley/Desktop/python/CS156-Machine-Learning/final/data/retail_images/raw/ankle_boot/princess_polly_boots_ebe325c901b5.jpg,/Users/ashley/Desktop/python/CS156-Machine-Learning/final/data/retail_images/segmented/ankle_boot/princess_polly_boots_ebe325c901b5_seg.jpg,/Users/ashley/Desktop/python/CS156-Machine-Learning/final/data/retail_images/segmentation_overlays/ankle_boot/princess_polly_boots_ebe325c901b5_overlay.jpg,Ankle boot,Left-shoe|Right-shoe,Left-shoe|Right-shoe,0.0261696265044479,245.0,1089.0,1188.0,1512.0,segmented,ok,mattmdjaga/segformer_b2_clothes,crop_masked
/Users/ashley/Desktop/python/CS156-Machine-Learning/final/data/retail_images/raw/ankle_boot/princess_polly_boots_ee2b77ea1f47.jpg,/Users/ashley/Desktop/python/CS156-Machine-Learning/final/data/retail_images/segmented/ankle_boot/princess_polly_boots_ee2b77ea1f47_seg.jpg,/Users/ashley/Desktop/python/CS156-Machine-Learning/final/data/retail_images/segmentation_overlays/ankle_boot/princess_polly_boots_ee2b77ea1f47_overlay.jpg,Ankle boot,Left-shoe|Right-shoe,Left-shoe|Right-shoe,0.2143367784631725,280.0,154.0,1209.0,1772.0,segmented,ok,mattmdjaga/segformer_b2_clothes,crop_masked
/Users/ashley/Desktop/python/CS156-Machine-Learning/final/data/retail_images/raw/ankle_boot/princess_polly_boots_ef8165a5a936.jpg,/Users/ashley/Desktop/python/CS156-Machine-Learning/final/data/retail_images/segmented/ankle_boot/princess_polly_boots_ef8165a5a936_seg.jpg,/Users/ashley/Desktop/python/CS156-Machine-Learning/final/data/retail_images/segmentation_overlays/ankle_boot/princess_polly_boots_ef8165a5a936_overlay.jpg,Ankle boot,Left-shoe|Right-shoe,,,,,,,fallback_copy,mask_area_out_of_range:0.0088,mattmdjaga/segformer_b2_clothes,copy
/Users/ashley/Desktop/python/CS156-Machine-Learning/final/data/retail_images/raw/ankle_boot/princess_polly_boots_f1422dcdfefa.jpg,/Users/ashley/Desktop/python/CS156-Machine-Learning/final/data/retail_images/segmented/ankle_boot/princess_polly_boots_f1422dcdfefa_seg.jpg,/Users/ashley/Desktop/python/CS156-Machine-Learning/final/data/retail_images/segmentation_overlays/ankle_boot/princess_polly_boots_f1422dcdfefa_overlay.jpg,Ankle boot,Left-shoe|Right-shoe,Left-shoe|Right-shoe,0.1278696025164426,0.0,792.0,1195.0,1820.0,segmented,ok,mattmdjaga/segformer_b2_clothes,crop_masked
/Users/ashley/Desktop/python/CS156-Machine-Learning/final/data/retail_images/raw/ankle_boot/princess_polly_boots_f2e43ed85cde.jpg,/Users/ashley/Desktop/python/CS156-Machine-Learning/final/data/retail_images/segmented/ankle_boot/princess_polly_boots_f2e43ed85cde_seg.jpg,/Users/ashley/Desktop/python/CS156-Machine-Learning/final/data/retail_images/segmentation_overlays/ankle_boot/princess_polly_boots_f2e43ed85cde_overlay.jpg,Ankle boot,Left-shoe|Right-shoe,Left-shoe|Right-shoe,0.0608088565709383,261.0,377.0,1173.0,1565.0,segmented,ok,mattmdjaga/segformer_b2_clothes,crop_masked
/Users/ashley/Desktop/python/CS156-Machine-Learning/final/data/retail_images/raw/ankle_boot/princess_polly_boots_fc52827ed67d.jpg,/Users/ashley/Desktop/python/CS156-Machine-Learning/final/data/retail_images/segmented/ankle_boot/princess_polly_boots_fc52827ed67d_seg.jpg,/Users/ashley/Desktop/python/CS156-Machine-Learning/final/data/retail_images/segmentation_overlays/ankle_boot/princess_polly_boots_fc52827ed67d_overlay.jpg,Ankle boot,Left-shoe|Right-shoe,Left-shoe|Right-shoe,0.2006360553944197,115.0,220.0,1206.0,1820.0,segmented,ok,mattmdjaga/segformer_b2_clothes,crop_masked
/Users/ashley/Desktop/python/CS156-Machine-Learning/final/data/retail_images/raw/ankle_boot/princess_polly_boots_fddd6ed9718e.jpg,/Users/ashley/Desktop/python/CS156-Machine-Learning/final/data/retail_images/segmented/ankle_boot/princess_polly_boots_fddd6ed9718e_seg.jpg,/Users/ashley/Desktop/python/CS156-Machine-Learning/final/data/retail_images/segmentation_overlays/ankle_boot/princess_polly_boots_fddd6ed9718e_overlay.jpg,Ankle boot,Left-shoe|Right-shoe,,,,,,,fallback_copy,mask_area_out_of_range:0.0059,mattmdjaga/segformer_b2_clothes,copy
