path,fashion_mnist_class,width,height,mode,sha256,is_valid,validation_message,is_duplicate,usable,split,simplified_class,source_path
data/retail_images/simplified6_raw_full/bag/bag_anthropologie_bags_15eb6093e4a5.jpg,Bag,349,523,RGB,34a6f7ae89f413dcb8da0df114099a66eac35271a657b0bf6d354899d876199e,True,ok,False,True,test,bag,data/retail_images/raw/bag/anthropologie_bags_15eb6093e4a5.jpg
data/retail_images/simplified6_raw_full/bag/bag_anthropologie_bags_1d7d841afe36.jpg,Bag,349,523,RGB,0e38f2487ef4fb0fdc58ef863108fe8d676e9b2cdec8963fe50cdf36740f59fc,True,ok,False,True,test,bag,data/retail_images/raw/bag/anthropologie_bags_1d7d841afe36.jpg
data/retail_images/simplified6_raw_full/bag/bag_anthropologie_bags_869aee6aa169.jpg,Bag,349,523,RGB,4cd7f3dc888d61268191f7241c7c33c26fc9b927497e16ad45745474d680e66d,True,ok,False,True,test,bag,data/retail_images/raw/bag/anthropologie_bags_869aee6aa169.jpg
data/retail_images/simplified6_raw_full/bag/bag_anthropologie_bags_979c364c93f7.jpg,Bag,267,400,RGB,e3f6439d9123c3504fa8e6e75d347367baa926494f4b62706212cb5c2e3e65f5,True,ok,False,True,test,bag,data/retail_images/raw/bag/anthropologie_bags_979c364c93f7.jpg
data/retail_images/simplified6_raw_full/bag/bag_anthropologie_bags_a66872387df8.jpg,Bag,349,523,RGB,8438021f5eb4689eea9d2308a4a18aa2b3825601809f915f1c59074342418bf2,True,ok,False,True,test,bag,data/retail_images/raw/bag/anthropologie_bags_a66872387df8.jpg
data/retail_images/simplified6_raw_full/bag/bag_anthropologie_bags_b2b0bc782ed0.webp,Bag,698,1046,RGB,62c4e5619d5f6fb77f7e88a6b4acbbdd062ace1d36b8a1bcb8f83baf0332de67,True,ok,False,True,test,bag,data/retail_images/raw/bag/anthropologie_bags_b2b0bc782ed0.webp
data/retail_images/simplified6_raw_full/bag/bag_anthropologie_bags_bc7a978e3692.jpg,Bag,349,523,RGB,3d90ff490572b6fb6a7bd090bc579a411b66c78c60f1636d00ded8403836862b,True,ok,False,True,test,bag,data/retail_images/raw/bag/anthropologie_bags_bc7a978e3692.jpg
data/retail_images/simplified6_raw_full/bag/bag_anthropologie_bags_c303fd728f66.jpg,Bag,349,523,RGB,08a8ce749fc5b703b18e7d66d77f742d75a4ae434926b45f00a0ad82197170dc,True,ok,False,True,test,bag,data/retail_images/raw/bag/anthropologie_bags_c303fd728f66.jpg
data/retail_images/simplified6_raw_full/bag/bag_anthropologie_bags_e337e1fd5e58.jpg,Bag,349,523,RGB,d84e16ae2eed2b2a4faaae8fbc8671bf366e1cbcb3ea432eccd8f54760493c84,True,ok,False,True,test,bag,data/retail_images/raw/bag/anthropologie_bags_e337e1fd5e58.jpg
data/retail_images/simplified6_raw_full/bag/bag_anthropologie_bags_ef906f307221.jpg,Bag,349,523,RGB,e459c10e39ca5ef9eaca2d13e80f5c632d86b2f8a3f730f58a909324ca965771,True,ok,False,True,test,bag,data/retail_images/raw/bag/anthropologie_bags_ef906f307221.jpg
data/retail_images/simplified6_raw_full/bag/bag_anthropologie_bags_fa5b2efb5266.jpg,Bag,349,523,RGB,a637783cb979e04253444f9f2c7d89dcb482b3d0412ac6a169641874fdbd477c,True,ok,False,True,test,bag,data/retail_images/raw/bag/anthropologie_bags_fa5b2efb5266.jpg
data/retail_images/simplified6_raw_full/bag/bag_princess_polly_bags_1024a8ffea22.jpg,Bag,1344,1820,RGB,b966676b8fcc29ba824d5afcf454cf1f5a3f8a8052266449c079760eb240116a,True,ok,False,True,test,bag,data/retail_images/raw/bag/princess_polly_bags_1024a8ffea22.jpg
data/retail_images/simplified6_raw_full/bag/bag_princess_polly_bags_40e4560674cb.jpg,Bag,1345,1821,RGB,a59adbf18f03d7b21c37eadc97be09ed2b339f34aeb18d311503caa02922078f,True,ok,False,True,test,bag,data/retail_images/raw/bag/princess_polly_bags_40e4560674cb.jpg
data/retail_images/simplified6_raw_full/bag/bag_princess_polly_bags_5540d8f876bd.jpg,Bag,1344,1820,RGB,0ea4493a7fa54d8a6c5b27114aab99837d2bda750eb348144124698b52036e79,True,ok,False,True,test,bag,data/retail_images/raw/bag/princess_polly_bags_5540d8f876bd.jpg
data/retail_images/simplified6_raw_full/bag/bag_princess_polly_bags_6862d9eac72d.jpg,Bag,1345,1820,RGB,2aeb2faaf9a607595a5dd43b0ac82db3654da7dfea2fe6c894af5c74b1f1289c,True,ok,False,True,test,bag,data/retail_images/raw/bag/princess_polly_bags_6862d9eac72d.jpg
data/retail_images/simplified6_raw_full/bag/bag_princess_polly_bags_7204be631b69.jpg,Bag,1344,1820,RGB,e5992a6e8f434c2c5761a04ab922145b1761c13365e32a58a2ba13c3f22f7967,True,ok,False,True,test,bag,data/retail_images/raw/bag/princess_polly_bags_7204be631b69.jpg
data/retail_images/simplified6_raw_full/bag/bag_princess_polly_bags_981818359df4.jpg,Bag,1345,1820,RGB,ae254058e2ebcd0cb07ffc8210e9e2c0a60e4ea08bc05d3d50f1717604ff3d81,True,ok,False,True,test,bag,data/retail_images/raw/bag/princess_polly_bags_981818359df4.jpg
data/retail_images/simplified6_raw_full/bag/bag_princess_polly_bags_c46d030e418d.jpg,Bag,1344,1819,RGB,9e5c6b73901e49c19893b60c3a7e17d652f744cc12f95b81d59e20c8030863cc,True,ok,False,True,test,bag,data/retail_images/raw/bag/princess_polly_bags_c46d030e418d.jpg
data/retail_images/simplified6_raw_full/dress/dress_anthropologie_dresses_43f5c2b249d0.jpg,Dress,349,523,RGB,be64da7687e80de002dc79c061dc49036dc2646215390fce6ffc9a056b5b8fde,True,ok,False,True,test,dress,data/retail_images/raw/dress/anthropologie_dresses_43f5c2b249d0.jpg
data/retail_images/simplified6_raw_full/dress/dress_anthropologie_dresses_54545b288f7b.jpg,Dress,349,523,RGB,a4c718c5386f69e3eae51480d5ce6f7f1433eb3b118abb8fe2b2ba7f6d6b466e,True,ok,False,True,test,dress,data/retail_images/raw/dress/anthropologie_dresses_54545b288f7b.jpg
data/retail_images/simplified6_raw_full/dress/dress_anthropologie_dresses_a51ba1949f79.jpg,Dress,349,523,RGB,27cc8e1251452760dc6b68721c93d8505ab5187c403e7cf470667ab0a2ab81ce,True,ok,False,True,test,dress,data/retail_images/raw/dress/anthropologie_dresses_a51ba1949f79.jpg
data/retail_images/simplified6_raw_full/dress/dress_anthropologie_dresses_f34b47920890.jpg,Dress,349,523,RGB,987d64c704fb5e8153ffd7384fac9c0393c4e25e3d0be063c77aa0b230c36a08,True,ok,False,True,test,dress,data/retail_images/raw/dress/anthropologie_dresses_f34b47920890.jpg
data/retail_images/simplified6_raw_full/dress/dress_princess_polly_dresses_23fad99c1afb.jpg,Dress,1344,1820,RGB,fd6ad47d1c59211df432edd871b66e7f264df77f159fac7dc27419b1318dc5c9,True,ok,False,True,test,dress,data/retail_images/raw/dress/princess_polly_dresses_23fad99c1afb.jpg
data/retail_images/simplified6_raw_full/dress/dress_princess_polly_dresses_49073f7948af.jpg,Dress,1345,1820,RGB,9722bc9507b97fbf9394ef6f62628db0130232e532dca6be71c357b0b75287db,True,ok,False,True,test,dress,data/retail_images/raw/dress/princess_polly_dresses_49073f7948af.jpg
data/retail_images/simplified6_raw_full/dress/dress_princess_polly_dresses_65f4a44bba20.jpg,Dress,1344,1820,RGB,c244123b3b41f39049693f0d42198748a912c6da8010f1dc70604636bdc85247,True,ok,False,True,test,dress,data/retail_images/raw/dress/princess_polly_dresses_65f4a44bba20.jpg
data/retail_images/simplified6_raw_full/dress/dress_princess_polly_dresses_876c1dc77bb9.jpg,Dress,1344,1820,RGB,940ee839fc4d350d0c0807e4dde80184a12a0b5319c818fa7745f549bd062117,True,ok,False,True,test,dress,data/retail_images/raw/dress/princess_polly_dresses_876c1dc77bb9.jpg
data/retail_images/simplified6_raw_full/dress/dress_princess_polly_dresses_87b9d9926d27.jpg,Dress,1344,1820,RGB,367bde0a9ba24aa7459ab92713937a21e1a71693f0b7b11958f03532b026f2d6,True,ok,False,True,test,dress,data/retail_images/raw/dress/princess_polly_dresses_87b9d9926d27.jpg
data/retail_images/simplified6_raw_full/dress/dress_princess_polly_dresses_8a4ea6be29f3.jpg,Dress,1344,1820,RGB,6d10d73d91dd14c3eb31e27fff62e5b2582db042f69a68f7dfc5f28eac5bc262,True,ok,False,True,test,dress,data/retail_images/raw/dress/princess_polly_dresses_8a4ea6be29f3.jpg
data/retail_images/simplified6_raw_full/dress/dress_princess_polly_dresses_c71d6fb7031e.jpg,Dress,1344,1820,RGB,0b029d1aeb3b9e085deed28d13fa21a44fb166dceb96b5f9b269f74ded0327c5,True,ok,False,True,test,dress,data/retail_images/raw/dress/princess_polly_dresses_c71d6fb7031e.jpg
data/retail_images/simplified6_raw_full/dress/dress_reformation_dresses_132b71e165fc.jpg,Dress,600,800,RGB,9b8a7dbef3479c8ec01e97e9223dd01620b6a13681c8646c6963360e17d864d4,True,ok,False,True,test,dress,data/retail_images/raw/dress/reformation_dresses_132b71e165fc.jpg
data/retail_images/simplified6_raw_full/dress/dress_reformation_dresses_15e660e7ad2c.jpg,Dress,600,800,RGB,df44de56c27c0ad79fd9d6d11a7b87fff7042ab441337cae4503c95b0cb412d1,True,ok,False,True,test,dress,data/retail_images/raw/dress/reformation_dresses_15e660e7ad2c.jpg
data/retail_images/simplified6_raw_full/dress/dress_reformation_dresses_68d7b377682d.jpg,Dress,600,800,RGB,c2789244da314db051c12dafbd31ca9f8b8ced113173a7abd09774da25f4a718,True,ok,False,True,test,dress,data/retail_images/raw/dress/reformation_dresses_68d7b377682d.jpg
data/retail_images/simplified6_raw_full/dress/dress_reformation_dresses_726b0f232199.jpg,Dress,600,800,RGB,9d32de8546f48e93671b3bd9f2cb269efba96d6f1329a6944a6319544b6ed26e,True,ok,False,True,test,dress,data/retail_images/raw/dress/reformation_dresses_726b0f232199.jpg
data/retail_images/simplified6_raw_full/dress/dress_reformation_dresses_9cb23b38fede.jpg,Dress,240,320,RGB,ff700bee91308a54973888722c88e4d0e10bcab27ea8659a3feb1bf7620ff091,True,ok,False,True,test,dress,data/retail_images/raw/dress/reformation_dresses_9cb23b38fede.jpg
data/retail_images/simplified6_raw_full/dress/dress_reformation_dresses_ab795ec1bf46.jpg,Dress,600,800,RGB,8d9dc9de9b5e1743b3cf39243bc7365b1ba16b3d328f592379fd4c1b1b2a873c,True,ok,False,True,test,dress,data/retail_images/raw/dress/reformation_dresses_ab795ec1bf46.jpg
data/retail_images/simplified6_raw_full/dress/dress_reformation_dresses_ed47b8ca26cd.jpg,Dress,600,800,RGB,009e773241b20b491c08b4ab1c008ab647a6bf5aa3ddee617b4a5fbc71797cc4,True,ok,False,True,test,dress,data/retail_images/raw/dress/reformation_dresses_ed47b8ca26cd.jpg
data/retail_images/simplified6_raw_full/footwear/ankle_boot_anthropologie_boot_shop_b2be08838b0c.jpg,Ankle boot,349,523,RGB,01ca07f718f6ee34fcc2b11264cbb05ca10e36c9991457c4c2cc4c669152d492,True,ok,False,True,test,footwear,data/retail_images/raw/ankle_boot/anthropologie_boot_shop_b2be08838b0c.jpg
data/retail_images/simplified6_raw_full/footwear/ankle_boot_princess_polly_boots_115daddf3431.jpg,Ankle boot,1344,1820,RGB,9cbad15b4782cd82b098dd3abf0e5c247afd9ccc60d6007f9692afe250636d1f,True,ok,False,True,test,footwear,data/retail_images/raw/ankle_boot/princess_polly_boots_115daddf3431.jpg
data/retail_images/simplified6_raw_full/footwear/ankle_boot_princess_polly_boots_3df3d76848d6.jpg,Ankle boot,1344,1820,RGB,6cd62e4624b51a3d5e05de504b370f4e772bbfa9bece11c0c4e6f5cea88dbf1f,True,ok,False,True,test,footwear,data/retail_images/raw/ankle_boot/princess_polly_boots_3df3d76848d6.jpg
data/retail_images/simplified6_raw_full/footwear/ankle_boot_princess_polly_boots_97f6d83f22bb.jpg,Ankle boot,1344,1820,RGB,25c94fa0c310ba78be3bbd2cdf5557fbc6ab915cf8902f2bed69dd5b5e573a7c,True,ok,False,True,test,footwear,data/retail_images/raw/ankle_boot/princess_polly_boots_97f6d83f22bb.jpg
data/retail_images/simplified6_raw_full/footwear/ankle_boot_princess_polly_boots_b0c96e594a85.jpg,Ankle boot,1344,1820,RGB,cd13ddc2e897e154c1a3560de796a1f2e1c19965004204ff7ad0ff4c66e194eb,True,ok,False,True,test,footwear,data/retail_images/raw/ankle_boot/princess_polly_boots_b0c96e594a85.jpg
data/retail_images/simplified6_raw_full/footwear/ankle_boot_princess_polly_boots_ebaceaeaa384.jpg,Ankle boot,1344,1820,RGB,691151abd78fb9eaa6dc627d757d0e380f9f4b85e054eb1fd97efb28cd8a5a4d,True,ok,False,True,test,footwear,data/retail_images/raw/ankle_boot/princess_polly_boots_ebaceaeaa384.jpg
data/retail_images/simplified6_raw_full/footwear/sandal_anthropologie_sandals_35878f49cca5.jpg,Sandal,349,523,RGB,2e54906ffc7a2440f1b98f8d925f608c8cc87fb9698a92ecee59b03261ae58d7,True,ok,False,True,test,footwear,data/retail_images/raw/sandal/anthropologie_sandals_35878f49cca5.jpg
data/retail_images/simplified6_raw_full/footwear/sandal_anthropologie_sandals_6e9b6bb0d5ad.jpg,Sandal,349,523,RGB,fe52ab0cdb4dbf4354064b34b8fbc87655b56a750af4983876d3e816eb580d99,True,ok,False,True,test,footwear,data/retail_images/raw/sandal/anthropologie_sandals_6e9b6bb0d5ad.jpg
data/retail_images/simplified6_raw_full/footwear/sandal_princess_polly_sandals_5e3d38691d31.jpg,Sandal,1344,1820,RGB,a3049b974784721dd1e32ee464b648b83e13d6663e9e54c2926dd97000968b78,True,ok,False,True,test,footwear,data/retail_images/raw/sandal/princess_polly_sandals_5e3d38691d31.jpg
data/retail_images/simplified6_raw_full/footwear/sandal_urban_outfitters_sandals_1130d71c2a10.webp,Sandal,349,523,RGB,474527c746b26b29ace8bb93659e415ecd1d4bc9edd8d7f5af05e11f9fa4d4f8,True,ok,False,True,test,footwear,data/retail_images/raw/sandal/urban_outfitters_sandals_1130d71c2a10.webp
data/retail_images/simplified6_raw_full/footwear/sandal_urban_outfitters_sandals_14f9c3a6b703.webp,Sandal,349,523,RGB,a81b08420137318f8f1884b08ec9fdf8d4ee07b8961a71303bc768c675d1f7f4,True,ok,False,True,test,footwear,data/retail_images/raw/sandal/urban_outfitters_sandals_14f9c3a6b703.webp
data/retail_images/simplified6_raw_full/footwear/sandal_urban_outfitters_sandals_9853dbdf1d9d.webp,Sandal,698,1046,RGB,3c3b7da97148e3d691ba97d4ba31eb5d5c44acf253283d9a8b212c95b4d7bd2d,True,ok,False,True,test,footwear,data/retail_images/raw/sandal/urban_outfitters_sandals_9853dbdf1d9d.webp
data/retail_images/simplified6_raw_full/footwear/sneaker_anthropologie_sneakers_2a16db614ea0.jpg,Sneaker,349,523,RGB,925f1ac83294211f580fe08587f3c7dc5265440d64c8bdec5a8140ec18119caf,True,ok,False,True,test,footwear,data/retail_images/raw/sneaker/anthropologie_sneakers_2a16db614ea0.jpg
data/retail_images/simplified6_raw_full/footwear/sneaker_anthropologie_sneakers_444d45001421.jpg,Sneaker,267,400,RGB,052ed1318d3e64789de5308c6c95f59de7fb2d92f647f7d010d527f5a2a572b0,True,ok,False,True,test,footwear,data/retail_images/raw/sneaker/anthropologie_sneakers_444d45001421.jpg
data/retail_images/simplified6_raw_full/footwear/sneaker_anthropologie_sneakers_c73d9773852e.jpg,Sneaker,349,523,RGB,98df30c383dbf044a879f73e6fd31b6cb70cc459b85d5c2e58578f33f1dd7074,True,ok,False,True,test,footwear,data/retail_images/raw/sneaker/anthropologie_sneakers_c73d9773852e.jpg
data/retail_images/simplified6_raw_full/footwear/sneaker_anthropologie_sneakers_fa8a142ac3fe.jpg,Sneaker,349,523,RGB,4daa6ca85287c8e2c351ff6395ccac273c74c6bd51971d07d3df7763e6565af6,True,ok,False,True,test,footwear,data/retail_images/raw/sneaker/anthropologie_sneakers_fa8a142ac3fe.jpg
data/retail_images/simplified6_raw_full/footwear/sneaker_urban_outfitters_sneakers_2d0207c5c6ad.jpg,Sneaker,450,675,RGB,795a855a1f6d1c2ee46629430945fd942972b03f375f8740ca250e97032dfd05,True,ok,False,True,test,footwear,data/retail_images/raw/sneaker/urban_outfitters_sneakers_2d0207c5c6ad.jpg
data/retail_images/simplified6_raw_full/footwear/sneaker_urban_outfitters_sneakers_5cb06834d7ac.jpg,Sneaker,450,675,RGB,1e4104c5b39e4dccbc8ea647ae419a3e327bc163b4ac6b41cc1335911a7be44c,True,ok,False,True,test,footwear,data/retail_images/raw/sneaker/urban_outfitters_sneakers_5cb06834d7ac.jpg
data/retail_images/simplified6_raw_full/outerwear/coat_reformation_jackets_and_coats_2aae12ce5928.jpg,Coat,600,800,RGB,ad0f6164f2578c8c68400b833c92c6bf8ef4a1fabc99b3c73e0d1a77858329ee,True,ok,False,True,test,outerwear,data/retail_images/raw/coat/reformation_jackets_and_coats_2aae12ce5928.jpg
data/retail_images/simplified6_raw_full/outerwear/coat_reformation_jackets_and_coats_47d035441c63.jpg,Coat,600,800,RGB,d6a7fed33faaceaca2ce892e13d8293efed1da6250fa4c27534805e90f3a951c,True,ok,False,True,test,outerwear,data/retail_images/raw/coat/reformation_jackets_and_coats_47d035441c63.jpg
data/retail_images/simplified6_raw_full/outerwear/coat_reformation_jackets_and_coats_4a661b8dcf6e.jpg,Coat,600,800,RGB,c5169ece724c30cd55dd73108de7d4a85afb2fe0e13dd72debeac0cc6c6d50a5,True,ok,False,True,test,outerwear,data/retail_images/raw/coat/reformation_jackets_and_coats_4a661b8dcf6e.jpg
data/retail_images/simplified6_raw_full/outerwear/coat_reformation_jackets_and_coats_72692616bd22.jpg,Coat,600,800,RGB,547a2d29faea49009f0ffb42a643b2a9c021035ebac632e028bcf76e8a0a77c6,True,ok,False,True,test,outerwear,data/retail_images/raw/coat/reformation_jackets_and_coats_72692616bd22.jpg
data/retail_images/simplified6_raw_full/outerwear/coat_reformation_jackets_and_coats_80e6db0da4a0.jpg,Coat,600,800,RGB,acbc70c62ab9be82afd255a4069bc6fdc4d1befea22d876c2cb5a5f1be2be36d,True,ok,False,True,test,outerwear,data/retail_images/raw/coat/reformation_jackets_and_coats_80e6db0da4a0.jpg
data/retail_images/simplified6_raw_full/outerwear/coat_reformation_jackets_and_coats_99b871e6e7c0.jpg,Coat,600,800,RGB,04bb109a99270daf90cc2aab8dfdd4ad76a196bbc538a95280144e7ee449e570,True,ok,False,True,test,outerwear,data/retail_images/raw/coat/reformation_jackets_and_coats_99b871e6e7c0.jpg
data/retail_images/simplified6_raw_full/outerwear/coat_reformation_jackets_and_coats_b16c9a6dd30b.jpg,Coat,600,800,RGB,2091be36ddbc12015641d1ffa7dd70b3effe8cec7ff96e95596df14f0ab45807,True,ok,False,True,test,outerwear,data/retail_images/raw/coat/reformation_jackets_and_coats_b16c9a6dd30b.jpg
data/retail_images/simplified6_raw_full/outerwear/coat_reformation_jackets_and_coats_b4605e8b3005.jpg,Coat,600,800,RGB,d3a6c64be605630d5d1da60d7666ad8fe02d2658e3ca90375124bed15ddbb039,True,ok,False,True,test,outerwear,data/retail_images/raw/coat/reformation_jackets_and_coats_b4605e8b3005.jpg
data/retail_images/simplified6_raw_full/outerwear/coat_reformation_outerwear_33a50d76cc52.jpg,Coat,600,800,RGB,b145cd05521629d268ff2bb0e4092ef203da9e086bb6fcc103f049d5b649ce10,True,ok,False,True,test,outerwear,data/retail_images/raw/coat/reformation_outerwear_33a50d76cc52.jpg
data/retail_images/simplified6_raw_full/outerwear/coat_reformation_outerwear_3d6166fbba84.jpg,Coat,600,800,RGB,e3d3e860240ea927f83cbc622993f5631201969af51e86413f7873568726dd1a,True,ok,False,True,test,outerwear,data/retail_images/raw/coat/reformation_outerwear_3d6166fbba84.jpg
data/retail_images/simplified6_raw_full/outerwear/coat_reformation_outerwear_556e0bdd2822.jpg,Coat,600,800,RGB,7b288d0474301317438b8885ce23672a319d39b46f1ea72bda47bec89524aa89,True,ok,False,True,test,outerwear,data/retail_images/raw/coat/reformation_outerwear_556e0bdd2822.jpg
data/retail_images/simplified6_raw_full/outerwear/coat_reformation_outerwear_5e05052f5795.jpg,Coat,600,800,RGB,3425094b0e34784f28bc3e53f7b7e48c4f188bf0f9249355774827a4c71a5f7a,True,ok,False,True,test,outerwear,data/retail_images/raw/coat/reformation_outerwear_5e05052f5795.jpg
data/retail_images/simplified6_raw_full/outerwear/coat_reformation_outerwear_64b6cd75f245.jpg,Coat,600,800,RGB,074743fa77a7bdbc523fa0f2eaf58d23d70dc43609a670057d3fbe3522684a79,True,ok,False,True,test,outerwear,data/retail_images/raw/coat/reformation_outerwear_64b6cd75f245.jpg
data/retail_images/simplified6_raw_full/outerwear/coat_reformation_outerwear_68460109bd47.jpg,Coat,600,800,RGB,4818420b334201d8605b0aeea5f055e8984dc3f28b47cb4eace0fa8726033268,True,ok,False,True,test,outerwear,data/retail_images/raw/coat/reformation_outerwear_68460109bd47.jpg
data/retail_images/simplified6_raw_full/outerwear/coat_reformation_outerwear_69553f841cca.jpg,Coat,600,800,RGB,d6ac2247a45bea44808cfc2130bf298425cf377bc6e6192c3a9188caa073d02b,True,ok,False,True,test,outerwear,data/retail_images/raw/coat/reformation_outerwear_69553f841cca.jpg
data/retail_images/simplified6_raw_full/outerwear/coat_reformation_outerwear_951611324ff8.jpg,Coat,600,800,RGB,28b8e02a2052fed115c4ec05052fcb9a59daabd6ac93b7565d2f040395eceeeb,True,ok,False,True,test,outerwear,data/retail_images/raw/coat/reformation_outerwear_951611324ff8.jpg
data/retail_images/simplified6_raw_full/outerwear/coat_reformation_outerwear_a2e6df7c65d4.jpg,Coat,600,800,RGB,90905bdf8b4622ed20c64cd4ef24991c0c7561d284be74851cda9656b06b7ff2,True,ok,False,True,test,outerwear,data/retail_images/raw/coat/reformation_outerwear_a2e6df7c65d4.jpg
data/retail_images/simplified6_raw_full/outerwear/coat_reformation_outerwear_b5f2d2a8a66e.jpg,Coat,600,800,RGB,ef6a2a15da41fa4595399b91486ab0d2a3a2c8f78b4e8d01d64c5f01d136f13b,True,ok,False,True,test,outerwear,data/retail_images/raw/coat/reformation_outerwear_b5f2d2a8a66e.jpg
data/retail_images/simplified6_raw_full/top/pullover_anthropologie_sweaters_585188a25b8a.jpg,Pullover,349,523,RGB,caf3bab21f9a7c0953853688d65133a4970deefb1146a763bc160ad7be62c6fd,True,ok,False,True,test,top,data/retail_images/raw/pullover/anthropologie_sweaters_585188a25b8a.jpg
data/retail_images/simplified6_raw_full/top/pullover_anthropologie_sweaters_aa5719ae0674.jpg,Pullover,349,523,RGB,bfb0828db779ec4c5416c0a76bbbad2af1b0119e03df70858725cbdf3ee5f616,True,ok,False,True,test,top,data/retail_images/raw/pullover/anthropologie_sweaters_aa5719ae0674.jpg
data/retail_images/simplified6_raw_full/top/pullover_princess_polly_sweaters_0cde4374ddf8.jpg,Pullover,1344,1819,RGB,667fae288c122b64362a970dd01a798b4612bf8d80447d843488412fa7dce6a0,True,ok,False,True,test,top,data/retail_images/raw/pullover/princess_polly_sweaters_0cde4374ddf8.jpg
data/retail_images/simplified6_raw_full/top/pullover_princess_polly_sweaters_42da6d7bc1d2.jpg,Pullover,1344,1820,RGB,7c3cee6613dffc312ceb01734b3ea2cac9a651b184312a2603c036694b472fe3,True,ok,False,True,test,top,data/retail_images/raw/pullover/princess_polly_sweaters_42da6d7bc1d2.jpg
data/retail_images/simplified6_raw_full/top/pullover_princess_polly_sweaters_48c8bc4a87f6.jpg,Pullover,1344,1820,RGB,7b1e56fa0a51159a540e788b51a12a0529dd4d905df2a287cb74e5c5253239e7,True,ok,False,True,test,top,data/retail_images/raw/pullover/princess_polly_sweaters_48c8bc4a87f6.jpg
data/retail_images/simplified6_raw_full/top/pullover_princess_polly_sweaters_d9a9acb572d4.jpg,Pullover,1344,1820,RGB,053d34ef3083a10278636ed9600e86a3b1abf3640fa8facf20840c99010f6e02,True,ok,False,True,test,top,data/retail_images/raw/pullover/princess_polly_sweaters_d9a9acb572d4.jpg
data/retail_images/simplified6_raw_full/top/pullover_princess_polly_sweaters_e08480ed9bd4.jpg,Pullover,1345,1820,RGB,9667e801497a99402754b9f135cbb74db009dcf93a73cbec2eff5b5d9d198c3c,True,ok,False,True,test,top,data/retail_images/raw/pullover/princess_polly_sweaters_e08480ed9bd4.jpg
data/retail_images/simplified6_raw_full/top/pullover_reformation_sweaters_2bace5924092.jpg,Pullover,600,800,RGB,4a2b2fab556f97d507652a6f0cea4db121715529ec430c3e5aeb0d0fa0f43658,True,ok,False,True,test,top,data/retail_images/raw/pullover/reformation_sweaters_2bace5924092.jpg
data/retail_images/simplified6_raw_full/top/pullover_reformation_sweaters_cc7ef8bbb370.jpg,Pullover,600,800,RGB,f6e3e12c514945bf5dc901803b47f632cf9fde4f3bdc0de00517d320e20c23d2,True,ok,False,True,test,top,data/retail_images/raw/pullover/reformation_sweaters_cc7ef8bbb370.jpg
data/retail_images/simplified6_raw_full/top/pullover_reformation_sweaters_facbb2bff10f.jpg,Pullover,600,800,RGB,a1684bdf4c6ce6ff720aa806939b615f00f39c0f6facdd90862d8d976350516b,True,ok,False,True,test,top,data/retail_images/raw/pullover/reformation_sweaters_facbb2bff10f.jpg
data/retail_images/simplified6_raw_full/top/shirt_urban_outfitters_shirts_blouses_294a66341a5a.jpg,Shirt,698,1046,RGB,e093fa8f1b9f15cd5431e858ddae8e24d0317cd1e0bb85ae0ddccf392f52dedc,True,ok,False,True,test,top,data/retail_images/raw/shirt/urban_outfitters_shirts_blouses_294a66341a5a.jpg
data/retail_images/simplified6_raw_full/top/shirt_urban_outfitters_shirts_blouses_340184311717.webp,Shirt,349,523,RGB,e0d14e961987e602c62bc4dd3a022916286f9ea1152cfca24270a8da62a85c55,True,ok,False,True,test,top,data/retail_images/raw/shirt/urban_outfitters_shirts_blouses_340184311717.webp
data/retail_images/simplified6_raw_full/top/shirt_urban_outfitters_shirts_blouses_48f5085dc1f4.jpg,Shirt,349,523,RGB,3b8803d9bd1e575d01e20d485607b7a393a067067714c21e0a777b520f25cb60,True,ok,False,True,test,top,data/retail_images/raw/shirt/urban_outfitters_shirts_blouses_48f5085dc1f4.jpg
data/retail_images/simplified6_raw_full/top/t_shirt_top_brandy_melville_tops_61b1a4dc86ca.jpg,T-shirt/top,360,540,RGB,feb274b4e2a1a979feeb980488e764dedcec1e8ae518afa7cf6a731da840821a,True,ok,False,True,test,top,data/retail_images/raw/t_shirt_top/brandy_melville_tops_61b1a4dc86ca.jpg
data/retail_images/simplified6_raw_full/top/t_shirt_top_brandy_melville_tops_81f0c8f12128.jpg,T-shirt/top,2686,4029,RGB,a6efc682081b58ff5cd3078e4e76005581a6ed3a5bd6d90ce394736b2d3180df,True,ok,False,True,test,top,data/retail_images/raw/t_shirt_top/brandy_melville_tops_81f0c8f12128.jpg
data/retail_images/simplified6_raw_full/top/t_shirt_top_brandy_melville_tops_c0cd8f632d12.jpg,T-shirt/top,1000,1500,RGB,75a332e7cb528afaa9a6867f6848713b82ee93b70220b16df2b12a2e1fe059b9,True,ok,False,True,test,top,data/retail_images/raw/t_shirt_top/brandy_melville_tops_c0cd8f632d12.jpg
data/retail_images/simplified6_raw_full/top/t_shirt_top_brandy_melville_tops_page_4_9dc56cbac77a.jpg,T-shirt/top,533,800,RGB,b514ed3aa511ae8d9ba04e72a0562cf12ae92a81ca5cd21671b102873dc42675,True,ok,False,True,test,top,data/retail_images/raw/t_shirt_top/brandy_melville_tops_page_4_9dc56cbac77a.jpg
data/retail_images/simplified6_raw_full/top/t_shirt_top_brandy_melville_tops_page_4_f57e778ce3e6.jpg,T-shirt/top,360,540,RGB,23982ab52daae0f9986626ca22f5ba439a02cc7f40a81a212f09a64aeb2c810b,True,ok,False,True,test,top,data/retail_images/raw/t_shirt_top/brandy_melville_tops_page_4_f57e778ce3e6.jpg
data/retail_images/simplified6_raw_full/trouser/trouser_brandy_melville_pants_2af25fbc3b9a.jpg,Trouser,165,248,RGB,fe1b0e33d0a7ca0cfe3ac0be52566b990d9d87859604bce456da0de63aac8a17,True,ok,False,True,test,trouser,data/retail_images/raw/trouser/brandy_melville_pants_2af25fbc3b9a.jpg
data/retail_images/simplified6_raw_full/trouser/trouser_brandy_melville_pants_3bd131a675a9.jpg,Trouser,165,248,RGB,d8b10f522f834d73603d0c301146eb6bc50cfee5b577b685115dcfd2844d11c7,True,ok,False,True,test,trouser,data/retail_images/raw/trouser/brandy_melville_pants_3bd131a675a9.jpg
data/retail_images/simplified6_raw_full/trouser/trouser_brandy_melville_pants_7ec5ff3d603c.jpg,Trouser,533,800,RGB,f886288176a0aff6238b709fc3b2987905389d4bc6b44eafeaf1265e55213960,True,ok,False,True,test,trouser,data/retail_images/raw/trouser/brandy_melville_pants_7ec5ff3d603c.jpg
data/retail_images/simplified6_raw_full/trouser/trouser_brandy_melville_pants_8d4fc037dcb5.jpg,Trouser,533,800,RGB,6b7388f63ea9b69f61b99b16709959a9a1e06c04a38a437c5b46aa6c743c1a5c,True,ok,False,True,test,trouser,data/retail_images/raw/trouser/brandy_melville_pants_8d4fc037dcb5.jpg
data/retail_images/simplified6_raw_full/trouser/trouser_brandy_melville_pants_c457d87b70ce.jpg,Trouser,165,248,RGB,e889587f07758cc0de2512be7b32f27101ecb11eb3abba726c8b80191a4f63cd,True,ok,False,True,test,trouser,data/retail_images/raw/trouser/brandy_melville_pants_c457d87b70ce.jpg
data/retail_images/simplified6_raw_full/trouser/trouser_brandy_melville_pants_f928af003d7f.jpg,Trouser,533,800,RGB,261a82db00ce53d3940411ee697a1640a2eb1bcb873ba7d0393d5244cc637d45,True,ok,False,True,test,trouser,data/retail_images/raw/trouser/brandy_melville_pants_f928af003d7f.jpg
data/retail_images/simplified6_raw_full/trouser/trouser_princess_polly_pants_41814564b4f5.jpg,Trouser,1344,1820,RGB,ba847b7f5db1898ec6b145b3047c331631f4bc8d8f434ffbdfc0d432a03ea8c4,True,ok,False,True,test,trouser,data/retail_images/raw/trouser/princess_polly_pants_41814564b4f5.jpg
data/retail_images/simplified6_raw_full/trouser/trouser_princess_polly_pants_51e89b93b331.jpg,Trouser,1344,1820,RGB,dccc8b1f306f19de85d5b118fbd328a66f25b52169d8a56e2d61270fc3e61b28,True,ok,False,True,test,trouser,data/retail_images/raw/trouser/princess_polly_pants_51e89b93b331.jpg
data/retail_images/simplified6_raw_full/trouser/trouser_princess_polly_pants_51ee198c7eb6.jpg,Trouser,1344,1820,RGB,6a6ea1012481de137ced4e918ec73fd91cd34050bf64b192e5e965b94cbf57d0,True,ok,False,True,test,trouser,data/retail_images/raw/trouser/princess_polly_pants_51ee198c7eb6.jpg
data/retail_images/simplified6_raw_full/trouser/trouser_princess_polly_pants_5261a9002161.jpg,Trouser,1344,1819,RGB,d4d255dc0524b8b56313fe5a579ab3a769fb9bf3ab7c460b3a8ba54cf6ec6ea8,True,ok,False,True,test,trouser,data/retail_images/raw/trouser/princess_polly_pants_5261a9002161.jpg
data/retail_images/simplified6_raw_full/trouser/trouser_princess_polly_pants_52868cab035c.jpg,Trouser,1344,1819,RGB,a5e0934bb42b016edc6e1159c7005686a3ea2e2b634676f79f73444ec7e6b317,True,ok,False,True,test,trouser,data/retail_images/raw/trouser/princess_polly_pants_52868cab035c.jpg
data/retail_images/simplified6_raw_full/trouser/trouser_princess_polly_pants_66ad273bc136.jpg,Trouser,1345,1821,RGB,c792f17fbda3a741cbaad51b1b9d6ab4792202d7b5cf3892de6218ff7b24ad09,True,ok,False,True,test,trouser,data/retail_images/raw/trouser/princess_polly_pants_66ad273bc136.jpg
data/retail_images/simplified6_raw_full/trouser/trouser_princess_polly_pants_9261cbc9e5d6.jpg,Trouser,1344,1820,RGB,26f6e26a904941f4319b65c6959b488f6d43006b90aed5f501e6463b217fa834,True,ok,False,True,test,trouser,data/retail_images/raw/trouser/princess_polly_pants_9261cbc9e5d6.jpg
data/retail_images/simplified6_raw_full/trouser/trouser_princess_polly_pants_a573a77206a2.jpg,Trouser,1345,1821,RGB,e6a404dc4323ffdd56c80e287643b17a11839ccbb54678be6f13533c8d7672b7,True,ok,False,True,test,trouser,data/retail_images/raw/trouser/princess_polly_pants_a573a77206a2.jpg
data/retail_images/simplified6_raw_full/trouser/trouser_princess_polly_pants_acec45a617fc.jpg,Trouser,1344,1820,RGB,7ce212362b156d0193d6d0094b45fc99299888ec18710a16635823a48207c080,True,ok,False,True,test,trouser,data/retail_images/raw/trouser/princess_polly_pants_acec45a617fc.jpg
data/retail_images/simplified6_raw_full/trouser/trouser_princess_polly_pants_addf8e9ba6df.jpg,Trouser,1344,1819,RGB,ae7e289294a6bdc2c4d52251726daebdb69b638fb80b8a677212ccd64ec7bdbf,True,ok,False,True,test,trouser,data/retail_images/raw/trouser/princess_polly_pants_addf8e9ba6df.jpg
data/retail_images/simplified6_raw_full/trouser/trouser_princess_polly_pants_bc038cc3603c.jpg,Trouser,1344,1820,RGB,3be278bb31561c993a95f40085ad8942409b9c9e4425910964320262b7b83454,True,ok,False,True,test,trouser,data/retail_images/raw/trouser/princess_polly_pants_bc038cc3603c.jpg
data/retail_images/simplified6_raw_full/trouser/trouser_princess_polly_pants_eb51a3e5df5c.jpg,Trouser,1344,1820,RGB,83de1f41174252b645274e049fa5002933cd422ae8feba368676d9d957afe5cd,True,ok,False,True,test,trouser,data/retail_images/raw/trouser/princess_polly_pants_eb51a3e5df5c.jpg
data/retail_images/simplified6_raw_full/bag/bag_anthropologie_bags_08f6c309d50e.jpg,Bag,349,523,RGB,4d26799cbeb08afb44990dd53139c2aa17fcc2c241d72674cf4d56f639db60e8,True,ok,False,True,train,bag,data/retail_images/raw/bag/anthropologie_bags_08f6c309d50e.jpg
data/retail_images/simplified6_raw_full/bag/bag_anthropologie_bags_100289650fa9.jpg,Bag,349,523,RGB,6538ebcd4024ae59fad5ea748001dee290572ea30eadf1aeab0342da31a79c2c,True,ok,False,True,train,bag,data/retail_images/raw/bag/anthropologie_bags_100289650fa9.jpg
data/retail_images/simplified6_raw_full/bag/bag_anthropologie_bags_11e52417ec25.jpg,Bag,698,1046,RGB,d0cc908b29b63521427db6ac3c27b2ed34a66e732bd95bd06fa3f22f3e841ca4,True,ok,False,True,train,bag,data/retail_images/raw/bag/anthropologie_bags_11e52417ec25.jpg
data/retail_images/simplified6_raw_full/bag/bag_anthropologie_bags_142d7e1c8035.jpg,Bag,349,523,RGB,78b1d597ece9c750bacc30285adcff38d24344a9538e5530d1cbb02a5a00b336,True,ok,False,True,train,bag,data/retail_images/raw/bag/anthropologie_bags_142d7e1c8035.jpg
data/retail_images/simplified6_raw_full/bag/bag_anthropologie_bags_16f6d31ed0be.jpg,Bag,349,523,RGB,8b6c4401be232ce78dddcc1f01bc4e7707bb0f4f8b4dbd0ae745a239364fcd1b,True,ok,False,True,train,bag,data/retail_images/raw/bag/anthropologie_bags_16f6d31ed0be.jpg
data/retail_images/simplified6_raw_full/bag/bag_anthropologie_bags_2511f21ef881.jpg,Bag,349,523,RGB,7680b9ba387b996562b17b958c4383c318d4b9c89e8d871fc3010d1787ca3981,True,ok,False,True,train,bag,data/retail_images/raw/bag/anthropologie_bags_2511f21ef881.jpg
data/retail_images/simplified6_raw_full/bag/bag_anthropologie_bags_259d6db29d89.jpg,Bag,349,523,RGB,ba32d678194ea8f9a0b8d3cc891b7cefb7a09c321712c0b7cfda5c000eaafd09,True,ok,False,True,train,bag,data/retail_images/raw/bag/anthropologie_bags_259d6db29d89.jpg
data/retail_images/simplified6_raw_full/bag/bag_anthropologie_bags_2c6d4add3239.jpg,Bag,349,523,RGB,5396e17cbb20c6de35bf25d76cfe36d5b800879580928272d30bd02cbe2cda78,True,ok,False,True,train,bag,data/retail_images/raw/bag/anthropologie_bags_2c6d4add3239.jpg
data/retail_images/simplified6_raw_full/bag/bag_anthropologie_bags_3dababfb28f1.webp,Bag,349,523,RGB,a2ead903abbae34491933635efc2719a5f5b701347b8b49285cfe64005f0d132,True,ok,False,True,train,bag,data/retail_images/raw/bag/anthropologie_bags_3dababfb28f1.webp
data/retail_images/simplified6_raw_full/bag/bag_anthropologie_bags_3e580c27bc9b.jpg,Bag,349,523,RGB,4c82b695b3550edc62cb3f131ef5296f6246dcba1feee27f0a9c7cef3b4d4d74,True,ok,False,True,train,bag,data/retail_images/raw/bag/anthropologie_bags_3e580c27bc9b.jpg
data/retail_images/simplified6_raw_full/bag/bag_anthropologie_bags_48e79b72cd95.jpg,Bag,349,523,RGB,9a2fffced28a1e8c1bb837cb4dd322c95eb8380bad6f1864122bd265507483ac,True,ok,False,True,train,bag,data/retail_images/raw/bag/anthropologie_bags_48e79b72cd95.jpg
data/retail_images/simplified6_raw_full/bag/bag_anthropologie_bags_4aba507cdbff.webp,Bag,698,1046,RGB,4d9b5a9f2aa5018b82b7866c74964d54320d8803a824d7907b922e31541a2a37,True,ok,False,True,train,bag,data/retail_images/raw/bag/anthropologie_bags_4aba507cdbff.webp
data/retail_images/simplified6_raw_full/bag/bag_anthropologie_bags_4b430e67f977.jpg,Bag,349,523,RGB,8b41321fe05c14ec85de43bdff02ee682b8cb167c2173bd01be8e9139dd13ce3,True,ok,False,True,train,bag,data/retail_images/raw/bag/anthropologie_bags_4b430e67f977.jpg
data/retail_images/simplified6_raw_full/bag/bag_anthropologie_bags_4edc3e6a25b3.jpg,Bag,349,523,RGB,c72c67d0d0cdb577034044803c5fff8a48b1489330195a1b7b7e9007852b9d94,True,ok,False,True,train,bag,data/retail_images/raw/bag/anthropologie_bags_4edc3e6a25b3.jpg
data/retail_images/simplified6_raw_full/bag/bag_anthropologie_bags_5ced4253c402.jpg,Bag,349,523,RGB,9217b11629900c8854da6f63a6e1f9d01a13fbd8f14f4a3b01b1dbe5e65b37c4,True,ok,False,True,train,bag,data/retail_images/raw/bag/anthropologie_bags_5ced4253c402.jpg
data/retail_images/simplified6_raw_full/bag/bag_anthropologie_bags_634fa8710843.jpg,Bag,349,523,RGB,412131b960a02c2be649831181c46c817cbbe62f10020aba941bbad0da922c9c,True,ok,False,True,train,bag,data/retail_images/raw/bag/anthropologie_bags_634fa8710843.jpg
data/retail_images/simplified6_raw_full/bag/bag_anthropologie_bags_671646b20770.jpg,Bag,349,523,RGB,78a2dc8bad67827ac004f1398b7355423d1146188e4caf309e33eacd19709874,True,ok,False,True,train,bag,data/retail_images/raw/bag/anthropologie_bags_671646b20770.jpg
data/retail_images/simplified6_raw_full/bag/bag_anthropologie_bags_724a902c503c.jpg,Bag,349,523,RGB,997a63fafef2aeec3b21098b13f0ad6976c259c12ce74d9c809444f8a72ffd1e,True,ok,False,True,train,bag,data/retail_images/raw/bag/anthropologie_bags_724a902c503c.jpg
data/retail_images/simplified6_raw_full/bag/bag_anthropologie_bags_737179692ab7.jpg,Bag,349,523,RGB,0fe28b4b4ce1cd0cbd28a8631537931a2468777a9cc8701039c592d291af374c,True,ok,False,True,train,bag,data/retail_images/raw/bag/anthropologie_bags_737179692ab7.jpg
data/retail_images/simplified6_raw_full/bag/bag_anthropologie_bags_7aa9c756d8cf.jpg,Bag,349,523,RGB,0b49662a5ed0692c55b320e1abba21a90a9509a615fd855df71b4dfab8a0c7ee,True,ok,False,True,train,bag,data/retail_images/raw/bag/anthropologie_bags_7aa9c756d8cf.jpg
data/retail_images/simplified6_raw_full/bag/bag_anthropologie_bags_7be381d0aa6a.jpg,Bag,349,523,RGB,f52f4ce0ca9b213c9dfa74c49d6c2d2a3e80e5ea52ce2b5136237409e504b08f,True,ok,False,True,train,bag,data/retail_images/raw/bag/anthropologie_bags_7be381d0aa6a.jpg
data/retail_images/simplified6_raw_full/bag/bag_anthropologie_bags_8453fdcd554a.jpg,Bag,349,523,RGB,23e1235742ffb4360a5184aae9675d3dfe351e904c07d224136778899ae81ecf,True,ok,False,True,train,bag,data/retail_images/raw/bag/anthropologie_bags_8453fdcd554a.jpg
data/retail_images/simplified6_raw_full/bag/bag_anthropologie_bags_851c263dceb4.jpg,Bag,349,523,RGB,72691d844aaa05b969ac8af4358ae95bafa6a45293793bab65758a3af68c134f,True,ok,False,True,train,bag,data/retail_images/raw/bag/anthropologie_bags_851c263dceb4.jpg
data/retail_images/simplified6_raw_full/bag/bag_anthropologie_bags_86d44e097d52.jpg,Bag,349,523,RGB,a1a3f63c536c9b7a9d7ca7adf0addd0a97cf1b37217208321b101f8cd59ea58a,True,ok,False,True,train,bag,data/retail_images/raw/bag/anthropologie_bags_86d44e097d52.jpg
data/retail_images/simplified6_raw_full/bag/bag_anthropologie_bags_8fb308953c8b.jpg,Bag,349,523,RGB,209778baf8c90e2f2b929c89db59217cd3ba07cb7767e289ab97c80fe8ba1829,True,ok,False,True,train,bag,data/retail_images/raw/bag/anthropologie_bags_8fb308953c8b.jpg
data/retail_images/simplified6_raw_full/bag/bag_anthropologie_bags_98b480ef37b7.jpg,Bag,349,523,RGB,77704ee6ee4a789934682aefa24cbe27d288fa145a443ef324f43c6af8642f4c,True,ok,False,True,train,bag,data/retail_images/raw/bag/anthropologie_bags_98b480ef37b7.jpg
data/retail_images/simplified6_raw_full/bag/bag_anthropologie_bags_9b883a274047.jpg,Bag,349,523,RGB,59b235a17660c8f53fee51f629f210ea33d37fb7e6ca331fcc3f0b293be72b64,True,ok,False,True,train,bag,data/retail_images/raw/bag/anthropologie_bags_9b883a274047.jpg
data/retail_images/simplified6_raw_full/bag/bag_anthropologie_bags_9c4f71fec919.jpg,Bag,349,523,RGB,44d07ac983cefd579040a68c20aefd4ad3a8a94d206216342a750ec9f9c236f2,True,ok,False,True,train,bag,data/retail_images/raw/bag/anthropologie_bags_9c4f71fec919.jpg
data/retail_images/simplified6_raw_full/bag/bag_anthropologie_bags_9dcbf1a3f0b0.jpg,Bag,349,523,RGB,8b2bd658fb327af36982a0dc6f5b1d83093e4bc84b32505122dcae1c860d6666,True,ok,False,True,train,bag,data/retail_images/raw/bag/anthropologie_bags_9dcbf1a3f0b0.jpg
data/retail_images/simplified6_raw_full/bag/bag_anthropologie_bags_a4648918853b.jpg,Bag,349,523,RGB,f7338b7244e3c266fa7b4a820b640bd6e6657f81d573fe79330d1237ee359acd,True,ok,False,True,train,bag,data/retail_images/raw/bag/anthropologie_bags_a4648918853b.jpg
data/retail_images/simplified6_raw_full/bag/bag_anthropologie_bags_aeef5c9a53c4.jpg,Bag,349,523,RGB,a0e2599dcd70491682b081b95a771ca15bd36e8526607a19d652dc27a886c82d,True,ok,False,True,train,bag,data/retail_images/raw/bag/anthropologie_bags_aeef5c9a53c4.jpg
data/retail_images/simplified6_raw_full/bag/bag_anthropologie_bags_b080d6f29863.jpg,Bag,349,523,RGB,49a7c3363edec136f9cbca8df152c7a7f8f242bdb329c7b08e5084ea407e51c5,True,ok,False,True,train,bag,data/retail_images/raw/bag/anthropologie_bags_b080d6f29863.jpg
data/retail_images/simplified6_raw_full/bag/bag_anthropologie_bags_b74447a71d2d.jpg,Bag,349,523,RGB,c2d13bda982cf9670cf5be3f715f9a09344e8729a32c33a67d4e83ba6256b091,True,ok,False,True,train,bag,data/retail_images/raw/bag/anthropologie_bags_b74447a71d2d.jpg
data/retail_images/simplified6_raw_full/bag/bag_anthropologie_bags_b9f4ccabef96.jpg,Bag,349,523,RGB,f5cf84e7742dbba6f500218fdca7ff3c3608c394e1bf4e455545db67d1ae1551,True,ok,False,True,train,bag,data/retail_images/raw/bag/anthropologie_bags_b9f4ccabef96.jpg
data/retail_images/simplified6_raw_full/bag/bag_anthropologie_bags_bb0d1ea5f4c6.jpg,Bag,349,523,RGB,79100428ba7185d1d031105313d0cd3e6203da1893577dc936024885a54a8508,True,ok,False,True,train,bag,data/retail_images/raw/bag/anthropologie_bags_bb0d1ea5f4c6.jpg
data/retail_images/simplified6_raw_full/bag/bag_anthropologie_bags_be5e7b45e541.jpg,Bag,349,523,RGB,4136039efb4ea6b84377170060189414839310d7273fc9b9224b9e638d84a251,True,ok,False,True,train,bag,data/retail_images/raw/bag/anthropologie_bags_be5e7b45e541.jpg
data/retail_images/simplified6_raw_full/bag/bag_anthropologie_bags_c2155e21e6e9.jpg,Bag,349,523,RGB,90b010c7b64d6020e4ee02873c402d84e42ee2bbf6b09de8e49f98e4e7bf266a,True,ok,False,True,train,bag,data/retail_images/raw/bag/anthropologie_bags_c2155e21e6e9.jpg
data/retail_images/simplified6_raw_full/bag/bag_anthropologie_bags_c63e6ad46afc.jpg,Bag,349,523,RGB,832fd1f5f3b5560fbcf256eea6a88bd0b03e7f0fa1889b6c504cef16943b336c,True,ok,False,True,train,bag,data/retail_images/raw/bag/anthropologie_bags_c63e6ad46afc.jpg
data/retail_images/simplified6_raw_full/bag/bag_anthropologie_bags_c76edaa5ad4e.jpg,Bag,349,523,RGB,4ca8a6a40266efda8767f516b263a4e6b20f772622e7f750778eca80155a3390,True,ok,False,True,train,bag,data/retail_images/raw/bag/anthropologie_bags_c76edaa5ad4e.jpg
data/retail_images/simplified6_raw_full/bag/bag_anthropologie_bags_d331a89842fa.jpg,Bag,349,523,RGB,7fc51513de9d3d782b5ce1465381f0343258936abdb45bc817f1ea4fd9a4482d,True,ok,False,True,train,bag,data/retail_images/raw/bag/anthropologie_bags_d331a89842fa.jpg
data/retail_images/simplified6_raw_full/bag/bag_anthropologie_bags_db59abe93497.jpg,Bag,349,523,RGB,d92f0e8a7edcf32a475c2c7d26851abe61dd8b559cfee40b198f65c5306d9959,True,ok,False,True,train,bag,data/retail_images/raw/bag/anthropologie_bags_db59abe93497.jpg
data/retail_images/simplified6_raw_full/bag/bag_anthropologie_bags_dbf92f6af073.jpg,Bag,349,523,RGB,b70c964d7569b792b160ed30db729ad3eb6f83354eab271265a33136cee9572f,True,ok,False,True,train,bag,data/retail_images/raw/bag/anthropologie_bags_dbf92f6af073.jpg
data/retail_images/simplified6_raw_full/bag/bag_anthropologie_bags_e98d794d0fc6.webp,Bag,349,523,RGB,4964d42ca41f4f60b5b35c64393f72687c3d8af22b0397da797f09db32a168a9,True,ok,False,True,train,bag,data/retail_images/raw/bag/anthropologie_bags_e98d794d0fc6.webp
data/retail_images/simplified6_raw_full/bag/bag_anthropologie_bags_f4aee5a489ce.jpg,Bag,349,523,RGB,6572875a6959d0aac9f3af44394677eedb8bb2b0ef45d8323d466be273e0175d,True,ok,False,True,train,bag,data/retail_images/raw/bag/anthropologie_bags_f4aee5a489ce.jpg
data/retail_images/simplified6_raw_full/bag/bag_anthropologie_bags_f9d7b7ad1855.jpg,Bag,349,523,RGB,b9b203cdc3ad526a271f4d360a9bcea24427c010c4dc1b5b67e68fe2e472c449,True,ok,False,True,train,bag,data/retail_images/raw/bag/anthropologie_bags_f9d7b7ad1855.jpg
data/retail_images/simplified6_raw_full/bag/bag_princess_polly_bags_090d1d621b5a.jpg,Bag,1345,1820,RGB,46fd50d3646596a924d1dfec9a987368dcf41d7cbd36aeeb3f38cb24437e55e4,True,ok,False,True,train,bag,data/retail_images/raw/bag/princess_polly_bags_090d1d621b5a.jpg
data/retail_images/simplified6_raw_full/bag/bag_princess_polly_bags_0c7b61e96947.jpg,Bag,1344,1820,RGB,6ebcc0e976488a388bc0b51fc7a73a60ef32d55b4765d978ee534b3583e47c93,True,ok,False,True,train,bag,data/retail_images/raw/bag/princess_polly_bags_0c7b61e96947.jpg
data/retail_images/simplified6_raw_full/bag/bag_princess_polly_bags_0edb3f5012f0.jpg,Bag,1345,1820,RGB,e09e95b0da1043e7c369fe594538d4106a824a5ed75503d574c425032fc26c4a,True,ok,False,True,train,bag,data/retail_images/raw/bag/princess_polly_bags_0edb3f5012f0.jpg
data/retail_images/simplified6_raw_full/bag/bag_princess_polly_bags_0f94f47da52e.jpg,Bag,1345,1820,RGB,f6b32d282802665a12259e739e8286f08d69eec49f8eb1499d0688b474159a2c,True,ok,False,True,train,bag,data/retail_images/raw/bag/princess_polly_bags_0f94f47da52e.jpg
data/retail_images/simplified6_raw_full/bag/bag_princess_polly_bags_22f97165eff1.jpg,Bag,1344,1820,RGB,4862a9386bdbdb79d6434c0132b4a70d4ade79d80d9002d884251ae75dff0bf8,True,ok,False,True,train,bag,data/retail_images/raw/bag/princess_polly_bags_22f97165eff1.jpg
data/retail_images/simplified6_raw_full/bag/bag_princess_polly_bags_23b33ea8061b.jpg,Bag,1344,1820,RGB,4cd1df972157976761635973942c2fa962db19c43c0f01e3836d7bb7106e5452,True,ok,False,True,train,bag,data/retail_images/raw/bag/princess_polly_bags_23b33ea8061b.jpg
data/retail_images/simplified6_raw_full/bag/bag_princess_polly_bags_2a5fe0361ff6.jpg,Bag,1345,1820,RGB,9e0f50d64a7e25edf03756fb98dd9eb2d08287a603f87611bfbc3b5ad029e392,True,ok,False,True,train,bag,data/retail_images/raw/bag/princess_polly_bags_2a5fe0361ff6.jpg
data/retail_images/simplified6_raw_full/bag/bag_princess_polly_bags_2b9bf58d16c2.jpg,Bag,1345,1820,RGB,470192cd225bd30ce30bb920c428dab15c63c1c4ca12daa92ce5e65117872d02,True,ok,False,True,train,bag,data/retail_images/raw/bag/princess_polly_bags_2b9bf58d16c2.jpg
data/retail_images/simplified6_raw_full/bag/bag_princess_polly_bags_41e96bb78f42.jpg,Bag,1344,1819,RGB,a3aa31f4aac77b69957c847a3a591cf197f00e87236795b0bb9d9cbe21660254,True,ok,False,True,train,bag,data/retail_images/raw/bag/princess_polly_bags_41e96bb78f42.jpg
data/retail_images/simplified6_raw_full/bag/bag_princess_polly_bags_43c48597a5de.jpg,Bag,1365,1820,RGB,e64814b78b751919c45fd41158271dcbd512d0610da414a97a5480dc5437abcb,True,ok,False,True,train,bag,data/retail_images/raw/bag/princess_polly_bags_43c48597a5de.jpg
data/retail_images/simplified6_raw_full/bag/bag_princess_polly_bags_45a0fcbd093d.jpg,Bag,1346,1820,RGB,22956edf239e865baf623ed0a3e47edcfa0e1993b7341e9ee98cdd6dbd4550e5,True,ok,False,True,train,bag,data/retail_images/raw/bag/princess_polly_bags_45a0fcbd093d.jpg
data/retail_images/simplified6_raw_full/bag/bag_princess_polly_bags_48b334c55661.jpg,Bag,1365,1820,RGB,ec07872dc4b7ba9403256bba5dd5ac2b1dc37ed8bc946847c523d19bb97f9c9d,True,ok,False,True,train,bag,data/retail_images/raw/bag/princess_polly_bags_48b334c55661.jpg
data/retail_images/simplified6_raw_full/bag/bag_princess_polly_bags_611b310dc9df.jpg,Bag,1344,1820,RGB,32455830049bb969f63167c45f4c70ca9ff08372cdd90c33b4f785fc67b4b070,True,ok,False,True,train,bag,data/retail_images/raw/bag/princess_polly_bags_611b310dc9df.jpg
data/retail_images/simplified6_raw_full/bag/bag_princess_polly_bags_6be4c045a916.jpg,Bag,1344,1820,RGB,bd443ec423847267ef96bcca4daa0069924fb4451a51967c1d36c2e9083b62da,True,ok,False,True,train,bag,data/retail_images/raw/bag/princess_polly_bags_6be4c045a916.jpg
data/retail_images/simplified6_raw_full/bag/bag_princess_polly_bags_7c44283f5504.jpg,Bag,1345,1820,RGB,f6916a16ad9bd5d0e335d2a3e5f9aa5da2b1f9c98e537e72bec6f6996ccad943,True,ok,False,True,train,bag,data/retail_images/raw/bag/princess_polly_bags_7c44283f5504.jpg
data/retail_images/simplified6_raw_full/bag/bag_princess_polly_bags_818077ca75ea.jpg,Bag,1344,1820,RGB,85c701e9f92ccd671ed1b10417d1e4a83f2164eb908e8008b24f4316e247eb87,True,ok,False,True,train,bag,data/retail_images/raw/bag/princess_polly_bags_818077ca75ea.jpg
data/retail_images/simplified6_raw_full/bag/bag_princess_polly_bags_898a6f2a3742.jpg,Bag,1344,1820,RGB,0c101d62f76129b0ce7b4e1be68e53b7934a88a13e709b5cd2bcfa35c85e766f,True,ok,False,True,train,bag,data/retail_images/raw/bag/princess_polly_bags_898a6f2a3742.jpg
data/retail_images/simplified6_raw_full/bag/bag_princess_polly_bags_8bd5ee63694e.jpg,Bag,1344,1819,RGB,b7fa2121eef7b54df1b757a07c584042facb1840b27c59fc73143a9fd95231fe,True,ok,False,True,train,bag,data/retail_images/raw/bag/princess_polly_bags_8bd5ee63694e.jpg
data/retail_images/simplified6_raw_full/bag/bag_princess_polly_bags_8c4b326032f2.jpg,Bag,1344,1820,RGB,9c704cec6952b28fae21e90f874ee4deac4d5f0264fa22bf03d59f01e1e85db4,True,ok,False,True,train,bag,data/retail_images/raw/bag/princess_polly_bags_8c4b326032f2.jpg
data/retail_images/simplified6_raw_full/bag/bag_princess_polly_bags_917dd9795b8a.jpg,Bag,1345,1821,RGB,7c3e225edf9e7b56759336f4c8eb2d7b6a6fa85b882bdb039a2a3119946931c9,True,ok,False,True,train,bag,data/retail_images/raw/bag/princess_polly_bags_917dd9795b8a.jpg
data/retail_images/simplified6_raw_full/bag/bag_princess_polly_bags_9d008d27eca4.jpg,Bag,1345,1820,RGB,83c34b7f15246fe72f1c920d5f2ecf955e13db64e8337d81270f8dcc11689c23,True,ok,False,True,train,bag,data/retail_images/raw/bag/princess_polly_bags_9d008d27eca4.jpg
data/retail_images/simplified6_raw_full/bag/bag_princess_polly_bags_9e74cada2cc9.jpg,Bag,1345,1821,RGB,b07b66f8f0d9d762787b95bee505a6c96cbdd9ee05562246025e6a8f1e02b232,True,ok,False,True,train,bag,data/retail_images/raw/bag/princess_polly_bags_9e74cada2cc9.jpg
data/retail_images/simplified6_raw_full/bag/bag_princess_polly_bags_a41034da5f8e.jpg,Bag,1344,1820,RGB,0e819afd1ae8b6f701b892410ababb3edd363a678783dc59a127c030d97fc24a,True,ok,False,True,train,bag,data/retail_images/raw/bag/princess_polly_bags_a41034da5f8e.jpg
data/retail_images/simplified6_raw_full/bag/bag_princess_polly_bags_a65d0b51a327.jpg,Bag,1346,1820,RGB,ce38e017b7f27c97c0ecc5e42afb77faed00e6a36719eafab1dbe28d42da6873,True,ok,False,True,train,bag,data/retail_images/raw/bag/princess_polly_bags_a65d0b51a327.jpg
data/retail_images/simplified6_raw_full/bag/bag_princess_polly_bags_b23c6a57d29f.jpg,Bag,1345,1820,RGB,aafae3f6d5fc9ebcbab72a7b7627ba2aac33cd7765f1072e19558d4aafb90d4a,True,ok,False,True,train,bag,data/retail_images/raw/bag/princess_polly_bags_b23c6a57d29f.jpg
data/retail_images/simplified6_raw_full/bag/bag_princess_polly_bags_b80c60ff893a.jpg,Bag,1345,1820,RGB,1122a5c8b5b425786093071ac6339f0ed5bdac39bfa28ad565df6ffe3801463e,True,ok,False,True,train,bag,data/retail_images/raw/bag/princess_polly_bags_b80c60ff893a.jpg
data/retail_images/simplified6_raw_full/bag/bag_princess_polly_bags_bf88a75fcca9.jpg,Bag,1345,1820,RGB,8705bdd727ec987badb1ad66d5ce65c077be75b0c96923a9cfc0be608aba3523,True,ok,False,True,train,bag,data/retail_images/raw/bag/princess_polly_bags_bf88a75fcca9.jpg
data/retail_images/simplified6_raw_full/bag/bag_princess_polly_bags_bfb432dadd64.jpg,Bag,1344,1820,RGB,161b0d45af3b2ed5fa9a4afa1552ab028df045b0a54c55b03b891fb0a11709ad,True,ok,False,True,train,bag,data/retail_images/raw/bag/princess_polly_bags_bfb432dadd64.jpg
data/retail_images/simplified6_raw_full/bag/bag_princess_polly_bags_c1acb4a8ab5a.jpg,Bag,1344,1819,RGB,7264e269654e65d5062f29b8ff624e47aac13ca20deb858aad7c0bb9fd1645a8,True,ok,False,True,train,bag,data/retail_images/raw/bag/princess_polly_bags_c1acb4a8ab5a.jpg
data/retail_images/simplified6_raw_full/bag/bag_princess_polly_bags_c239e2a194eb.jpg,Bag,1344,1819,RGB,c1d2695c237035e14a52e7b25e8f3a8fa6c0ea0542628a78b40e90ac8bd49add,True,ok,False,True,train,bag,data/retail_images/raw/bag/princess_polly_bags_c239e2a194eb.jpg
data/retail_images/simplified6_raw_full/bag/bag_princess_polly_bags_c54010f6776f.jpg,Bag,2352,3184,RGB,0b99ac9ccdea352b2797f039d94e7e7da6ef4bfe3270be5e72dd89791880984d,True,ok,False,True,train,bag,data/retail_images/raw/bag/princess_polly_bags_c54010f6776f.jpg
data/retail_images/simplified6_raw_full/bag/bag_princess_polly_bags_c6919750a2b3.jpg,Bag,1344,1820,RGB,538e9dc9c4ec4144c81d28c1157438de8a646743a4afdab9094ca4b306f1247a,True,ok,False,True,train,bag,data/retail_images/raw/bag/princess_polly_bags_c6919750a2b3.jpg
data/retail_images/simplified6_raw_full/bag/bag_princess_polly_bags_d22b28ae9f44.jpg,Bag,1344,1820,RGB,ab35e2f4c4d9a224c295eb640ec3516046bed714c0c6fad210dbf3f17b88598e,True,ok,False,True,train,bag,data/retail_images/raw/bag/princess_polly_bags_d22b28ae9f44.jpg
data/retail_images/simplified6_raw_full/bag/bag_princess_polly_bags_d2b62a45285e.jpg,Bag,1344,1820,RGB,48032c53d2d0db3379d724dcfe22bc22e72244320d7d185c8c3dd00000109757,True,ok,False,True,train,bag,data/retail_images/raw/bag/princess_polly_bags_d2b62a45285e.jpg
data/retail_images/simplified6_raw_full/bag/bag_princess_polly_bags_d7019afe5d18.jpg,Bag,1344,1820,RGB,4eb91ea321c58bb8eaf18a971af51e66469e915072c4ef3ed5e8236429d7105a,True,ok,False,True,train,bag,data/retail_images/raw/bag/princess_polly_bags_d7019afe5d18.jpg
data/retail_images/simplified6_raw_full/bag/bag_princess_polly_bags_e53196fae30f.jpg,Bag,1345,1820,RGB,75a0ccfcf848d525bd3f2b9da06472d3e92775f86f8710fb4996df27da23463c,True,ok,False,True,train,bag,data/retail_images/raw/bag/princess_polly_bags_e53196fae30f.jpg
data/retail_images/simplified6_raw_full/bag/bag_princess_polly_bags_f42ae67afda4.jpg,Bag,1344,1820,RGB,397618158e8ab100b947eb508ea9fd3f35a958d7bbe7cc460317507a45c6146d,True,ok,False,True,train,bag,data/retail_images/raw/bag/princess_polly_bags_f42ae67afda4.jpg
data/retail_images/simplified6_raw_full/bag/bag_princess_polly_bags_fa228ea833c1.jpg,Bag,1345,1820,RGB,464fa46a400b740467fe2b64f17ed30c8233e52cb9706c1de5b8abd3a8189d76,True,ok,False,True,train,bag,data/retail_images/raw/bag/princess_polly_bags_fa228ea833c1.jpg
data/retail_images/simplified6_raw_full/bag/bag_princess_polly_bags_fc2686a7edeb.jpg,Bag,1345,1820,RGB,76c082400953e42d71856a9a913128bf735679e4e0bd2d7e92784f5abb68e5f5,True,ok,False,True,train,bag,data/retail_images/raw/bag/princess_polly_bags_fc2686a7edeb.jpg
data/retail_images/simplified6_raw_full/dress/dress_anthropologie_dresses_03739bd32419.jpg,Dress,349,523,RGB,43fc9cf7ee6a39284c1698be0cda5a2b2d56e253ffb0bd386474c1144576871e,True,ok,False,True,train,dress,data/retail_images/raw/dress/anthropologie_dresses_03739bd32419.jpg
data/retail_images/simplified6_raw_full/dress/dress_anthropologie_dresses_0e959bea8724.jpg,Dress,349,523,RGB,0098de8bd5f0a40352fe17c36d9827dfe5f577cbf6e25d1c8800f86dbcd74e98,True,ok,False,True,train,dress,data/retail_images/raw/dress/anthropologie_dresses_0e959bea8724.jpg
data/retail_images/simplified6_raw_full/dress/dress_anthropologie_dresses_107b1f57e15f.jpg,Dress,349,523,RGB,41bab5d6df003c892effbbe584f448c63b6562162942c4bdb649157d1b1f972a,True,ok,False,True,train,dress,data/retail_images/raw/dress/anthropologie_dresses_107b1f57e15f.jpg
data/retail_images/simplified6_raw_full/dress/dress_anthropologie_dresses_1a720671e357.jpg,Dress,349,523,RGB,deada5ec8b3afb8fdbfdb26daa7db13d604e13e3fbc2b7fb578f15680fee3f37,True,ok,False,True,train,dress,data/retail_images/raw/dress/anthropologie_dresses_1a720671e357.jpg
data/retail_images/simplified6_raw_full/dress/dress_anthropologie_dresses_38414873a0d9.jpg,Dress,349,523,RGB,788baa75800fd839f4733efecfeb30e85e3a91b58b61c1a27d83b730149a0e91,True,ok,False,True,train,dress,data/retail_images/raw/dress/anthropologie_dresses_38414873a0d9.jpg
data/retail_images/simplified6_raw_full/dress/dress_anthropologie_dresses_3d72579929c8.webp,Dress,698,1046,RGB,2e4697ee96834943c0fc35016a0fd13bdb50f611012e8413eb651fe50af2c39e,True,ok,False,True,train,dress,data/retail_images/raw/dress/anthropologie_dresses_3d72579929c8.webp
data/retail_images/simplified6_raw_full/dress/dress_anthropologie_dresses_55612251baec.jpg,Dress,349,523,RGB,cc669e5ccc67976bd04713ce4c379cc28c1a19a96000436ff8dc21b379eaba45,True,ok,False,True,train,dress,data/retail_images/raw/dress/anthropologie_dresses_55612251baec.jpg
data/retail_images/simplified6_raw_full/dress/dress_anthropologie_dresses_7dac61d21fde.webp,Dress,698,1046,RGB,5cea83eae837a2db063c5164ae4cc8a6ae1fd898d9539a842f5df029a170602b,True,ok,False,True,train,dress,data/retail_images/raw/dress/anthropologie_dresses_7dac61d21fde.webp
data/retail_images/simplified6_raw_full/dress/dress_anthropologie_dresses_8930bf052ee9.jpg,Dress,349,523,RGB,321dfce03ad176381c99a54c2b5ea45604b468a30243fb5f21831d12ab3b50cc,True,ok,False,True,train,dress,data/retail_images/raw/dress/anthropologie_dresses_8930bf052ee9.jpg
data/retail_images/simplified6_raw_full/dress/dress_anthropologie_dresses_90042e7bfb3b.jpg,Dress,349,523,RGB,d015d524aa889e02484f1782c1c290b48b2ba56574905360666dd059bc4d7b18,True,ok,False,True,train,dress,data/retail_images/raw/dress/anthropologie_dresses_90042e7bfb3b.jpg
data/retail_images/simplified6_raw_full/dress/dress_anthropologie_dresses_906abde74b35.jpg,Dress,349,523,RGB,44f506d3468e548b53fc8d7d21ade2e4bf699733ae10d3bfc91caea85cd226da,True,ok,False,True,train,dress,data/retail_images/raw/dress/anthropologie_dresses_906abde74b35.jpg
data/retail_images/simplified6_raw_full/dress/dress_anthropologie_dresses_92237ad3185a.jpg,Dress,349,523,RGB,c79c5fbe961fb46d859e5021b33a1d0ba7f56da918450dbd234e65b4e3a5d700,True,ok,False,True,train,dress,data/retail_images/raw/dress/anthropologie_dresses_92237ad3185a.jpg
data/retail_images/simplified6_raw_full/dress/dress_anthropologie_dresses_9d62e4ddc65b.jpg,Dress,349,523,RGB,5580a82278fdc9504069112c913e0ce828a341f0e4035903eeabf062366f9c8d,True,ok,False,True,train,dress,data/retail_images/raw/dress/anthropologie_dresses_9d62e4ddc65b.jpg
data/retail_images/simplified6_raw_full/dress/dress_anthropologie_dresses_9e283d1db6f3.jpg,Dress,349,523,RGB,9d5860c4f545e683c093753a5469ceb3bbae4617001a9ad8d88793b4fe931640,True,ok,False,True,train,dress,data/retail_images/raw/dress/anthropologie_dresses_9e283d1db6f3.jpg
data/retail_images/simplified6_raw_full/dress/dress_anthropologie_dresses_9f0301d40c25.jpg,Dress,349,523,RGB,78d6aaf3b7fca397592351a3ac040a7c886cfbcd1335d270ae18cb39f86c9051,True,ok,False,True,train,dress,data/retail_images/raw/dress/anthropologie_dresses_9f0301d40c25.jpg
data/retail_images/simplified6_raw_full/dress/dress_anthropologie_dresses_a41ae77bf8f5.jpg,Dress,267,400,RGB,221623409fa6d96a050e272f48162a7446027d2ebc58fb1123af391edcbb4e83,True,ok,False,True,train,dress,data/retail_images/raw/dress/anthropologie_dresses_a41ae77bf8f5.jpg
data/retail_images/simplified6_raw_full/dress/dress_anthropologie_dresses_a97f6f082a46.jpg,Dress,349,523,RGB,8005f92e08a4e99288fe84686e43f2fc0441e2f20c2e5c6f958f820cba92ff1e,True,ok,False,True,train,dress,data/retail_images/raw/dress/anthropologie_dresses_a97f6f082a46.jpg
data/retail_images/simplified6_raw_full/dress/dress_anthropologie_dresses_be35cabe0416.jpg,Dress,349,523,RGB,8a4ba33b7e893a1d916fa0a40320dbd40b3ec57d94d291e09ec49bbdb0c1a05a,True,ok,False,True,train,dress,data/retail_images/raw/dress/anthropologie_dresses_be35cabe0416.jpg
data/retail_images/simplified6_raw_full/dress/dress_anthropologie_dresses_c136ed4afdfe.webp,Dress,349,523,RGB,963b174147120df49dc38a60cd547fa6cc7b4e59a64a490a161b57bb4cca38b7,True,ok,False,True,train,dress,data/retail_images/raw/dress/anthropologie_dresses_c136ed4afdfe.webp
data/retail_images/simplified6_raw_full/dress/dress_anthropologie_dresses_c9038e3b13de.webp,Dress,349,523,RGB,197d89f315c070cbb5ab260cc9e4230decd11c64b8d9c42696d1ffefd75cd013,True,ok,False,True,train,dress,data/retail_images/raw/dress/anthropologie_dresses_c9038e3b13de.webp
data/retail_images/simplified6_raw_full/dress/dress_anthropologie_dresses_d586b0c1bd86.jpg,Dress,349,523,RGB,80763e0ae883bfb941ef389b09abc229f44e21eca2dd4fe411aa3fea522e2b0e,True,ok,False,True,train,dress,data/retail_images/raw/dress/anthropologie_dresses_d586b0c1bd86.jpg
data/retail_images/simplified6_raw_full/dress/dress_anthropologie_dresses_d80ce7d56813.jpg,Dress,349,523,RGB,ec0638c3c1d78000f48749073ce5890dba0ec75f962f3ef4999baeff38c24050,True,ok,False,True,train,dress,data/retail_images/raw/dress/anthropologie_dresses_d80ce7d56813.jpg
data/retail_images/simplified6_raw_full/dress/dress_anthropologie_dresses_effe7202148e.jpg,Dress,349,523,RGB,52ac29db3d9f74b4d6778fd3e7137ff53dd6c340c4fa1a2ec4af7cb4cbf50e3d,True,ok,False,True,train,dress,data/retail_images/raw/dress/anthropologie_dresses_effe7202148e.jpg
data/retail_images/simplified6_raw_full/dress/dress_anthropologie_dresses_f2ce4408648d.jpg,Dress,349,523,RGB,a87b2116eabb70e65b5a87c564b7cb10bb896a8084afec1781794c4e5b6014f9,True,ok,False,True,train,dress,data/retail_images/raw/dress/anthropologie_dresses_f2ce4408648d.jpg
data/retail_images/simplified6_raw_full/dress/dress_anthropologie_dresses_fe2ab9ab1c13.jpg,Dress,349,523,RGB,9df52e6fe767afcbcffaebbdf54343ad655a0f4438dbcee2f89657be2b8f864b,True,ok,False,True,train,dress,data/retail_images/raw/dress/anthropologie_dresses_fe2ab9ab1c13.jpg
data/retail_images/simplified6_raw_full/dress/dress_princess_polly_dresses_04b694269dae.jpg,Dress,1344,1820,RGB,22504946cf69df9f142f836c2c04af191b85d433900bf534a784c53ba05e26a9,True,ok,False,True,train,dress,data/retail_images/raw/dress/princess_polly_dresses_04b694269dae.jpg
data/retail_images/simplified6_raw_full/dress/dress_princess_polly_dresses_16bd05f57460.jpg,Dress,1344,1820,RGB,f6532f6c2457acdf0a4b4510feeab176bc521bf95f9f818b6ee3c83bbb4b7519,True,ok,False,True,train,dress,data/retail_images/raw/dress/princess_polly_dresses_16bd05f57460.jpg
data/retail_images/simplified6_raw_full/dress/dress_princess_polly_dresses_2288645bbfe9.jpg,Dress,1344,1820,RGB,a3798a21e6279ef95ffa2f46722e52e3b16d5402b40ea6a45a59e3d41b43000a,True,ok,False,True,train,dress,data/retail_images/raw/dress/princess_polly_dresses_2288645bbfe9.jpg
data/retail_images/simplified6_raw_full/dress/dress_princess_polly_dresses_3b244e396b7a.jpg,Dress,1345,1820,RGB,6faf033d25ad605bcbe6d13609da246a4459177d2b442e6e3a45a87f918b1c35,True,ok,False,True,train,dress,data/retail_images/raw/dress/princess_polly_dresses_3b244e396b7a.jpg
data/retail_images/simplified6_raw_full/dress/dress_princess_polly_dresses_3cf853b30f46.jpg,Dress,1345,1821,RGB,b6e6e0b67ca8935583d155bf404842a806bc962bcf7458596276f229cf717fd2,True,ok,False,True,train,dress,data/retail_images/raw/dress/princess_polly_dresses_3cf853b30f46.jpg
data/retail_images/simplified6_raw_full/dress/dress_princess_polly_dresses_48235fb927fe.jpg,Dress,1344,1820,RGB,f5fbbc9d354c2247d9d2145359797287366ded160c12ecb122d583818116d600,True,ok,False,True,train,dress,data/retail_images/raw/dress/princess_polly_dresses_48235fb927fe.jpg
data/retail_images/simplified6_raw_full/dress/dress_princess_polly_dresses_49c45731c55c.jpg,Dress,1345,1821,RGB,b7678b15bf00f80e1871dbe6bce647ae124a04026142d4c9360a0cfef33494e5,True,ok,False,True,train,dress,data/retail_images/raw/dress/princess_polly_dresses_49c45731c55c.jpg
data/retail_images/simplified6_raw_full/dress/dress_princess_polly_dresses_4ada95b194a7.jpg,Dress,1344,1820,RGB,d528cf8237ca130c8334cf7a419e792b860e250b5ad21b8d1ca5e273a1bdcb8f,True,ok,False,True,train,dress,data/retail_images/raw/dress/princess_polly_dresses_4ada95b194a7.jpg
data/retail_images/simplified6_raw_full/dress/dress_princess_polly_dresses_530040a5b529.jpg,Dress,1344,1820,RGB,91bb8c9ce18dd123b7ed73fff2a3564e47a613470b687c79f442b216102a5583,True,ok,False,True,train,dress,data/retail_images/raw/dress/princess_polly_dresses_530040a5b529.jpg
data/retail_images/simplified6_raw_full/dress/dress_princess_polly_dresses_531c29fce30e.jpg,Dress,1345,1820,RGB,a7892c36215872d2a80e0e612bbef65eba99e372311863ed736d3da98efeb65e,True,ok,False,True,train,dress,data/retail_images/raw/dress/princess_polly_dresses_531c29fce30e.jpg
data/retail_images/simplified6_raw_full/dress/dress_princess_polly_dresses_57f83e80ef51.jpg,Dress,1344,1820,RGB,309005a2ca4cc35d569c1e44bb1d1269e4b7cb3eb2874d82edf08a3227fa7fd2,True,ok,False,True,train,dress,data/retail_images/raw/dress/princess_polly_dresses_57f83e80ef51.jpg
data/retail_images/simplified6_raw_full/dress/dress_princess_polly_dresses_5c9715103bfd.jpg,Dress,1345,1820,RGB,4a3ca25db03a19f50d7aee30a8e27ecc554c86770e78450744cf23fcc4a2c2ec,True,ok,False,True,train,dress,data/retail_images/raw/dress/princess_polly_dresses_5c9715103bfd.jpg
data/retail_images/simplified6_raw_full/dress/dress_princess_polly_dresses_644d2e36868a.jpg,Dress,1344,1820,RGB,d954e3f328e06adea9da010be836e6c4e99a6f0ba6ebfc3515014866bd73c71e,True,ok,False,True,train,dress,data/retail_images/raw/dress/princess_polly_dresses_644d2e36868a.jpg
data/retail_images/simplified6_raw_full/dress/dress_princess_polly_dresses_6d79938a812a.jpg,Dress,1344,1819,RGB,7a854f4555a710d1e79ee319432407d7f62e7e5c73e8476a1b3d30aae62034bd,True,ok,False,True,train,dress,data/retail_images/raw/dress/princess_polly_dresses_6d79938a812a.jpg
data/retail_images/simplified6_raw_full/dress/dress_princess_polly_dresses_74b5f97df124.jpg,Dress,1345,1821,RGB,5bf2ec2f6cf901a0037cdabfa0934a6fda0c9642e67fc7cec1dc81329c75c77c,True,ok,False,True,train,dress,data/retail_images/raw/dress/princess_polly_dresses_74b5f97df124.jpg
data/retail_images/simplified6_raw_full/dress/dress_princess_polly_dresses_9c2b9cbd8fe0.jpg,Dress,1345,1820,RGB,04c7628b6d36d389f9e9730ee2831ba8e8e3ea94fb69a8a0a6b1f08a5f4263c2,True,ok,False,True,train,dress,data/retail_images/raw/dress/princess_polly_dresses_9c2b9cbd8fe0.jpg
data/retail_images/simplified6_raw_full/dress/dress_princess_polly_dresses_9dc2864756e0.jpg,Dress,1345,1820,RGB,84a10f7df14125e0b95186102b21c58c6557b02b4b780231f2f6ec2331bc383f,True,ok,False,True,train,dress,data/retail_images/raw/dress/princess_polly_dresses_9dc2864756e0.jpg
data/retail_images/simplified6_raw_full/dress/dress_princess_polly_dresses_a088d7e0db79.jpg,Dress,1345,1821,RGB,28fc67c11aa736248ae992f05352e8bf9bc3b0576d8be73f5ba9fa522891aa09,True,ok,False,True,train,dress,data/retail_images/raw/dress/princess_polly_dresses_a088d7e0db79.jpg
data/retail_images/simplified6_raw_full/dress/dress_princess_polly_dresses_a761db4771b8.jpg,Dress,1344,1820,RGB,d564cf48f762c340e8a9b6dccbb41948671610afb5539c41aa71ff35fa10f48c,True,ok,False,True,train,dress,data/retail_images/raw/dress/princess_polly_dresses_a761db4771b8.jpg
data/retail_images/simplified6_raw_full/dress/dress_princess_polly_dresses_b1c141c079e8.jpg,Dress,1344,1820,RGB,e5bf8b54fdf7d860ea16fc42a0593ef5830093b4d5fb48ee4c20afb373479a9b,True,ok,False,True,train,dress,data/retail_images/raw/dress/princess_polly_dresses_b1c141c079e8.jpg
data/retail_images/simplified6_raw_full/dress/dress_princess_polly_dresses_b235da9bde7c.jpg,Dress,1344,1820,RGB,b4f0d9d233ba00b3af27dde119f827e1e5990c47d6681429b90f7012b217a71c,True,ok,False,True,train,dress,data/retail_images/raw/dress/princess_polly_dresses_b235da9bde7c.jpg
data/retail_images/simplified6_raw_full/dress/dress_princess_polly_dresses_c29a48622ee9.jpg,Dress,1344,1820,RGB,0edc6e0d48cb6c896fdd42abc82286f5eb86417bfe5d809f892755864d891ec8,True,ok,False,True,train,dress,data/retail_images/raw/dress/princess_polly_dresses_c29a48622ee9.jpg
data/retail_images/simplified6_raw_full/dress/dress_princess_polly_dresses_c980e89bde47.jpg,Dress,1344,1820,RGB,2056a18c6081417d640c19859a92e6357c2835e432a34bb9223b8df0a421b28f,True,ok,False,True,train,dress,data/retail_images/raw/dress/princess_polly_dresses_c980e89bde47.jpg
data/retail_images/simplified6_raw_full/dress/dress_princess_polly_dresses_cbe8bcc60c0d.jpg,Dress,1345,1820,RGB,40e9e3ceab5d87a1cd3238d88a01958150230c488b014d1e7fa5d1a589e77e54,True,ok,False,True,train,dress,data/retail_images/raw/dress/princess_polly_dresses_cbe8bcc60c0d.jpg
data/retail_images/simplified6_raw_full/dress/dress_princess_polly_dresses_cc2b3cbecd36.jpg,Dress,1344,1820,RGB,2da07c02e3700e60020d0962357d9b07d84156a60d98049c34bbc9b66c428e6d,True,ok,False,True,train,dress,data/retail_images/raw/dress/princess_polly_dresses_cc2b3cbecd36.jpg
data/retail_images/simplified6_raw_full/dress/dress_princess_polly_dresses_d8e65a2a445f.jpg,Dress,1344,1820,RGB,68fcd7a7babd8850917b2d59bb358eb4063cf785aedcc688c4d2bc0d5ea5ec85,True,ok,False,True,train,dress,data/retail_images/raw/dress/princess_polly_dresses_d8e65a2a445f.jpg
data/retail_images/simplified6_raw_full/dress/dress_princess_polly_dresses_eb57701c117a.jpg,Dress,1345,1820,RGB,c2cad1aeeb0cbd0e346ba6a8a5e56432a9efe940f07e2a123c79b6c6a7627c73,True,ok,False,True,train,dress,data/retail_images/raw/dress/princess_polly_dresses_eb57701c117a.jpg
data/retail_images/simplified6_raw_full/dress/dress_reformation_dresses_039fe2eae544.jpg,Dress,600,800,RGB,0f533968527852c44901438430f2fff1370202755249e382363eb52b9daed62a,True,ok,False,True,train,dress,data/retail_images/raw/dress/reformation_dresses_039fe2eae544.jpg
data/retail_images/simplified6_raw_full/dress/dress_reformation_dresses_091796faa073.jpg,Dress,600,800,RGB,1cd2d706eb19a0e8c895b25e101ea8b408946ec21715e9305768e74dd345f1df,True,ok,False,True,train,dress,data/retail_images/raw/dress/reformation_dresses_091796faa073.jpg
data/retail_images/simplified6_raw_full/dress/dress_reformation_dresses_1754474d9677.jpg,Dress,600,800,RGB,b15bb848b5e37e039e08bf782b1158b2c4bd201df8b20ea351d4519237c3937d,True,ok,False,True,train,dress,data/retail_images/raw/dress/reformation_dresses_1754474d9677.jpg
data/retail_images/simplified6_raw_full/dress/dress_reformation_dresses_221f975bbb23.jpg,Dress,368,491,RGB,d2b0c57e8eede55a1c938aaa82631d22eeeb1aec4239765d66f55029d17248e7,True,ok,False,True,train,dress,data/retail_images/raw/dress/reformation_dresses_221f975bbb23.jpg
data/retail_images/simplified6_raw_full/dress/dress_reformation_dresses_2389feb43a96.jpg,Dress,600,800,RGB,7ba39b9b9142946cc38834aa6c875ab65c16eb9522581e3d7c8e8b4195789d56,True,ok,False,True,train,dress,data/retail_images/raw/dress/reformation_dresses_2389feb43a96.jpg
data/retail_images/simplified6_raw_full/dress/dress_reformation_dresses_2648b19a152a.jpg,Dress,600,800,RGB,dfef2734cf7946fa08d35deb6ac1dfa45999cefc694f336acc342a26b4bf62e5,True,ok,False,True,train,dress,data/retail_images/raw/dress/reformation_dresses_2648b19a152a.jpg
data/retail_images/simplified6_raw_full/dress/dress_reformation_dresses_39f2661032b0.jpg,Dress,600,800,RGB,7bbbfc19b5e4d722326965e0a80e319972be78a5485877fdfb14c3aebd7a8502,True,ok,False,True,train,dress,data/retail_images/raw/dress/reformation_dresses_39f2661032b0.jpg
data/retail_images/simplified6_raw_full/dress/dress_reformation_dresses_3a093c6971d9.jpg,Dress,600,800,RGB,e590447403687f94cf09d40ebfe13dac3add864a2d05481793b300b505f7218e,True,ok,False,True,train,dress,data/retail_images/raw/dress/reformation_dresses_3a093c6971d9.jpg
data/retail_images/simplified6_raw_full/dress/dress_reformation_dresses_4c596e7982a4.jpg,Dress,600,800,RGB,1f816768efac6ab63f1973bf17a3fc61dfc133c3b8914b21014d85e5caa3d712,True,ok,False,True,train,dress,data/retail_images/raw/dress/reformation_dresses_4c596e7982a4.jpg
data/retail_images/simplified6_raw_full/dress/dress_reformation_dresses_508374da0950.jpg,Dress,600,800,RGB,fcb6f8037b5d86d1ef05a9f74c994a0b600c32d16cf1b634b2699b0e3ca52538,True,ok,False,True,train,dress,data/retail_images/raw/dress/reformation_dresses_508374da0950.jpg
data/retail_images/simplified6_raw_full/dress/dress_reformation_dresses_697b69729137.jpg,Dress,600,800,RGB,2a9c8eb4d700b3120b80b951ccce0635fd369d2ec5162f2927ac1d41fa38f43b,True,ok,False,True,train,dress,data/retail_images/raw/dress/reformation_dresses_697b69729137.jpg
data/retail_images/simplified6_raw_full/dress/dress_reformation_dresses_6a21db345b62.jpg,Dress,600,800,RGB,d712e3d3b0bdde7a186a56b7af3b51291eb58dfb893cb552f2a8301c2f4edfe9,True,ok,False,True,train,dress,data/retail_images/raw/dress/reformation_dresses_6a21db345b62.jpg
data/retail_images/simplified6_raw_full/dress/dress_reformation_dresses_6f25b97744be.jpg,Dress,600,800,RGB,5318b2f31e40ff7b6d7d238f19216978d21693f72b944c5ad16a424aaca4aa0d,True,ok,False,True,train,dress,data/retail_images/raw/dress/reformation_dresses_6f25b97744be.jpg
data/retail_images/simplified6_raw_full/dress/dress_reformation_dresses_705ec6569b59.jpg,Dress,240,320,RGB,6d8dc9e097b0f0630826469f35a0b59304296b0731fedc15350809e6292e4888,True,ok,False,True,train,dress,data/retail_images/raw/dress/reformation_dresses_705ec6569b59.jpg
data/retail_images/simplified6_raw_full/dress/dress_reformation_dresses_71e18755ec0a.jpg,Dress,600,800,RGB,fa92fc415462e2a1505da8c7233af2d96f29788a8f19e6e9edbc02e4971af7d8,True,ok,False,True,train,dress,data/retail_images/raw/dress/reformation_dresses_71e18755ec0a.jpg
data/retail_images/simplified6_raw_full/dress/dress_reformation_dresses_75465779997b.jpg,Dress,600,800,RGB,6e45bf4a2450cea30ea44474f1814d706e723b7e1431868b8c4cb698c4f32920,True,ok,False,True,train,dress,data/retail_images/raw/dress/reformation_dresses_75465779997b.jpg
data/retail_images/simplified6_raw_full/dress/dress_reformation_dresses_837c8d323b64.jpg,Dress,600,800,RGB,1180d2cd77e355c2868436521dc0872a52db020c9120c62132dcc05a749d9184,True,ok,False,True,train,dress,data/retail_images/raw/dress/reformation_dresses_837c8d323b64.jpg
data/retail_images/simplified6_raw_full/dress/dress_reformation_dresses_84972b1acf7f.jpg,Dress,600,800,RGB,71393499bed1d03cdbab020fa2929c6bb0b28af17c215492dfc37421aaad1fcc,True,ok,False,True,train,dress,data/retail_images/raw/dress/reformation_dresses_84972b1acf7f.jpg
data/retail_images/simplified6_raw_full/dress/dress_reformation_dresses_84fc5d9ad427.jpg,Dress,368,491,RGB,6d6e3e497ef9719c4100f4a8a236209f9e7e03464597b3a1dc2617826753a8a3,True,ok,False,True,train,dress,data/retail_images/raw/dress/reformation_dresses_84fc5d9ad427.jpg
data/retail_images/simplified6_raw_full/dress/dress_reformation_dresses_9107af58ed68.jpg,Dress,600,800,RGB,63f3e90692136e13ca3ae0c741bed276bd13b90cb079341734b37c754ec2943d,True,ok,False,True,train,dress,data/retail_images/raw/dress/reformation_dresses_9107af58ed68.jpg
data/retail_images/simplified6_raw_full/dress/dress_reformation_dresses_9709cf03dfed.jpg,Dress,600,800,RGB,82a7b03b0ef87cab787b3bc1b3a72fd3a05f46d0e269ec394a3052bbcfbe0513,True,ok,False,True,train,dress,data/retail_images/raw/dress/reformation_dresses_9709cf03dfed.jpg
data/retail_images/simplified6_raw_full/dress/dress_reformation_dresses_97d066afdb76.jpg,Dress,600,800,RGB,4336be92ce8a9e27bf43dc669989cba07016820c05f0b662f162da31df9f045c,True,ok,False,True,train,dress,data/retail_images/raw/dress/reformation_dresses_97d066afdb76.jpg
data/retail_images/simplified6_raw_full/dress/dress_reformation_dresses_a66d477fb82c.jpg,Dress,600,800,RGB,c162d5e8cf8187d7db41f140774199cd12fca2f61943dda671dcbf5251f2601f,True,ok,False,True,train,dress,data/retail_images/raw/dress/reformation_dresses_a66d477fb82c.jpg
data/retail_images/simplified6_raw_full/dress/dress_reformation_dresses_ac4d52f6f71a.jpg,Dress,600,800,RGB,d064c11a447dbf437c74bd9fe5f07d595ac4ac537a79693cdebd73acebb31e22,True,ok,False,True,train,dress,data/retail_images/raw/dress/reformation_dresses_ac4d52f6f71a.jpg
data/retail_images/simplified6_raw_full/dress/dress_reformation_dresses_b5c8b68dfd39.jpg,Dress,600,800,RGB,689f7ad3e8490639bb84d1339ce016d0d444bded664704178fd2ca14e44f3cc6,True,ok,False,True,train,dress,data/retail_images/raw/dress/reformation_dresses_b5c8b68dfd39.jpg
data/retail_images/simplified6_raw_full/dress/dress_reformation_dresses_bf219950f8a0.jpg,Dress,600,800,RGB,a366feaac695a4ee84bf3ba6476e9e7d593c5146547c2433f2706bd3262e30d5,True,ok,False,True,train,dress,data/retail_images/raw/dress/reformation_dresses_bf219950f8a0.jpg
data/retail_images/simplified6_raw_full/dress/dress_reformation_dresses_c9949d97edfc.jpg,Dress,600,800,RGB,ebb59ee2b16832d00d2012752e03d2991a61bb82f51b7fc528b632cb2d0d0c64,True,ok,False,True,train,dress,data/retail_images/raw/dress/reformation_dresses_c9949d97edfc.jpg
data/retail_images/simplified6_raw_full/dress/dress_reformation_dresses_d456450b8f5e.jpg,Dress,600,800,RGB,a1214ca36fc81a300ec244eadde0bcf3c75572ae05db0fab614ddc37fda3b50d,True,ok,False,True,train,dress,data/retail_images/raw/dress/reformation_dresses_d456450b8f5e.jpg
data/retail_images/simplified6_raw_full/dress/dress_reformation_dresses_dd06ee547d56.jpg,Dress,600,800,RGB,236910f8b4dde3f176400a4c2ae4c072c7f321cb7719a6a88a4ab65e6c27f9d9,True,ok,False,True,train,dress,data/retail_images/raw/dress/reformation_dresses_dd06ee547d56.jpg
data/retail_images/simplified6_raw_full/dress/dress_reformation_dresses_dd41ac870ebb.jpg,Dress,600,800,RGB,ce3c363659dbd9298a24d17df7a1bc3fa8fe7a6270474c3a4ff98cb96cb7b868,True,ok,False,True,train,dress,data/retail_images/raw/dress/reformation_dresses_dd41ac870ebb.jpg
data/retail_images/simplified6_raw_full/dress/dress_reformation_dresses_e4aa13116d63.jpg,Dress,600,800,RGB,35398019f2045a6201a395ca14ee78fe0e7f584b269db953671c0edb16086ed3,True,ok,False,True,train,dress,data/retail_images/raw/dress/reformation_dresses_e4aa13116d63.jpg
data/retail_images/simplified6_raw_full/dress/dress_reformation_dresses_ee3aa0096e0d.jpg,Dress,600,800,RGB,b461b8de52f9fccca542d71a945a344646194c30306bf24084f90bc128f430d6,True,ok,False,True,train,dress,data/retail_images/raw/dress/reformation_dresses_ee3aa0096e0d.jpg
data/retail_images/simplified6_raw_full/footwear/ankle_boot_anthropologie_boot_shop_0ad7593b8267.jpg,Ankle boot,349,523,RGB,8f24a9aa5d1e068ec6a1700ef30b1a325983ab5e8ffc326aa4b06f723a8335fa,True,ok,False,True,train,footwear,data/retail_images/raw/ankle_boot/anthropologie_boot_shop_0ad7593b8267.jpg
data/retail_images/simplified6_raw_full/footwear/ankle_boot_anthropologie_boot_shop_119f3a8b66e6.jpg,Ankle boot,349,523,RGB,ce2b1221d85ccc239ffba42881d32f0b9226061276d6e3f9137846e7738fdd23,True,ok,False,True,train,footwear,data/retail_images/raw/ankle_boot/anthropologie_boot_shop_119f3a8b66e6.jpg
data/retail_images/simplified6_raw_full/footwear/ankle_boot_anthropologie_boot_shop_52cde21d030a.jpg,Ankle boot,349,523,RGB,503a961f5b0c868f5f39f0040b59e4ffea5bdc08791b789ceac29cfebbd9727d,True,ok,False,True,train,footwear,data/retail_images/raw/ankle_boot/anthropologie_boot_shop_52cde21d030a.jpg
data/retail_images/simplified6_raw_full/footwear/ankle_boot_anthropologie_boot_shop_c22efc4eadc4.jpg,Ankle boot,349,523,RGB,35aeb261175b7f5fd80fe2a44167ff6f9891084b63021527db52f93f7f2f2a51,True,ok,False,True,train,footwear,data/retail_images/raw/ankle_boot/anthropologie_boot_shop_c22efc4eadc4.jpg
data/retail_images/simplified6_raw_full/footwear/ankle_boot_anthropologie_boot_shop_c28fd2d3df2d.jpg,Ankle boot,349,523,RGB,6c7c17e824fe21e286936d685ff7933cf9d8d224fb5c0c2de6317ad2d2cbeaf5,True,ok,False,True,train,footwear,data/retail_images/raw/ankle_boot/anthropologie_boot_shop_c28fd2d3df2d.jpg
data/retail_images/simplified6_raw_full/footwear/ankle_boot_anthropologie_boot_shop_e0c929c478ed.jpg,Ankle boot,349,523,RGB,478d68f0c612ec9961f19b8cb7c0176d14983454b7799a502c9e8d811a77e705,True,ok,False,True,train,footwear,data/retail_images/raw/ankle_boot/anthropologie_boot_shop_e0c929c478ed.jpg
data/retail_images/simplified6_raw_full/footwear/ankle_boot_princess_polly_boots_0e7340a7af89.jpg,Ankle boot,1344,1820,RGB,c7bd7052db96b1d0aecdc2e922135ef2901a52ef69c283aa98628e1a34bd7a1d,True,ok,False,True,train,footwear,data/retail_images/raw/ankle_boot/princess_polly_boots_0e7340a7af89.jpg
data/retail_images/simplified6_raw_full/footwear/ankle_boot_princess_polly_boots_2d51cc412584.jpg,Ankle boot,1344,1820,RGB,4d69c837e2481782af1a1099f665872dd28e5961b98ac0fba2c19fb00f02f554,True,ok,False,True,train,footwear,data/retail_images/raw/ankle_boot/princess_polly_boots_2d51cc412584.jpg
data/retail_images/simplified6_raw_full/footwear/ankle_boot_princess_polly_boots_32092464c347.jpg,Ankle boot,1344,1820,RGB,15acaf185aa72f54c48aec36d4e7c0ee1366330ebab6cd9d6c49bffe5415d2a3,True,ok,False,True,train,footwear,data/retail_images/raw/ankle_boot/princess_polly_boots_32092464c347.jpg
data/retail_images/simplified6_raw_full/footwear/ankle_boot_princess_polly_boots_363ace787cd6.jpg,Ankle boot,1344,1820,RGB,af3dfc54c944fbc1c2518be1046f77536d9b1b57bdd90abb4f8a0b64c9170a85,True,ok,False,True,train,footwear,data/retail_images/raw/ankle_boot/princess_polly_boots_363ace787cd6.jpg
data/retail_images/simplified6_raw_full/footwear/ankle_boot_princess_polly_boots_37ca5ac6417a.jpg,Ankle boot,1344,1820,RGB,675449d7e2a3fa73b7a2a8cc170eef3289d611714bba07d396244e5dc3c28e50,True,ok,False,True,train,footwear,data/retail_images/raw/ankle_boot/princess_polly_boots_37ca5ac6417a.jpg
data/retail_images/simplified6_raw_full/footwear/ankle_boot_princess_polly_boots_37f21c4d5c2f.jpg,Ankle boot,1344,1820,RGB,4cae97ec859bff76645622081b43bb2275e956e34c4d308bbcf303c0a5b622ff,True,ok,False,True,train,footwear,data/retail_images/raw/ankle_boot/princess_polly_boots_37f21c4d5c2f.jpg
data/retail_images/simplified6_raw_full/footwear/ankle_boot_princess_polly_boots_3b610e0e8a78.jpg,Ankle boot,1345,1820,RGB,b44ef602bf10210ee98cc21108222a50c6670042bcdae10ff3d183d82214ea05,True,ok,False,True,train,footwear,data/retail_images/raw/ankle_boot/princess_polly_boots_3b610e0e8a78.jpg
data/retail_images/simplified6_raw_full/footwear/ankle_boot_princess_polly_boots_3f0c39cc4351.jpg,Ankle boot,1344,1820,RGB,2e695d2262e66f73fd789368c05cdc81c1f84bfb3e87fcc3ab1ae69c6ed258c8,True,ok,False,True,train,footwear,data/retail_images/raw/ankle_boot/princess_polly_boots_3f0c39cc4351.jpg
data/retail_images/simplified6_raw_full/footwear/ankle_boot_princess_polly_boots_41998bb18bd6.jpg,Ankle boot,1345,1820,RGB,55864251fa5f52b40cc0c047a19964e57f81b4072fd2955c1e328650d99b7a93,True,ok,False,True,train,footwear,data/retail_images/raw/ankle_boot/princess_polly_boots_41998bb18bd6.jpg
data/retail_images/simplified6_raw_full/footwear/ankle_boot_princess_polly_boots_489572bd26c4.jpg,Ankle boot,1345,1821,RGB,dc6a7f5a12652ef0163248d285bb8054d36cd7708c26d34721b90cac2f13b30e,True,ok,False,True,train,footwear,data/retail_images/raw/ankle_boot/princess_polly_boots_489572bd26c4.jpg
data/retail_images/simplified6_raw_full/footwear/ankle_boot_princess_polly_boots_4ff27e01f510.jpg,Ankle boot,1345,1820,RGB,f45637ffe41ab28cebfbe6b78b1445dd0f61af60d6e275b4d47b75a058ebfd13,True,ok,False,True,train,footwear,data/retail_images/raw/ankle_boot/princess_polly_boots_4ff27e01f510.jpg
data/retail_images/simplified6_raw_full/footwear/ankle_boot_princess_polly_boots_6798028b8218.jpg,Ankle boot,1345,1820,RGB,bc28561dde02206f478fe9eeff4d671172cf72e17cba68e9b9a92167a08d14f7,True,ok,False,True,train,footwear,data/retail_images/raw/ankle_boot/princess_polly_boots_6798028b8218.jpg
data/retail_images/simplified6_raw_full/footwear/ankle_boot_princess_polly_boots_82c8e9a4e06e.jpg,Ankle boot,1345,1820,RGB,3588e324221880b12688b76bc2bdcef92d2b2c8fc7f36d9e16c26905cd49204b,True,ok,False,True,train,footwear,data/retail_images/raw/ankle_boot/princess_polly_boots_82c8e9a4e06e.jpg
data/retail_images/simplified6_raw_full/footwear/ankle_boot_princess_polly_boots_90c63268cade.jpg,Ankle boot,1345,1820,RGB,310dfafd9df2b11591ccb4d06f967273f159e0e3ac58d1559e983c3233bfc7a0,True,ok,False,True,train,footwear,data/retail_images/raw/ankle_boot/princess_polly_boots_90c63268cade.jpg
data/retail_images/simplified6_raw_full/footwear/ankle_boot_princess_polly_boots_97e1fa519a64.jpg,Ankle boot,1345,1821,RGB,bdd69f47d375f9d935f4b767d928a808888a63a71dbfca181908f7c50f3ce26c,True,ok,False,True,train,footwear,data/retail_images/raw/ankle_boot/princess_polly_boots_97e1fa519a64.jpg
data/retail_images/simplified6_raw_full/footwear/ankle_boot_princess_polly_boots_b0cd4cf4ad8e.jpg,Ankle boot,1344,1820,RGB,9206f7062ff3e4c0489f79a52bfe62e7dbd099a6483fc93ebee278bdfa084d09,True,ok,False,True,train,footwear,data/retail_images/raw/ankle_boot/princess_polly_boots_b0cd4cf4ad8e.jpg
data/retail_images/simplified6_raw_full/footwear/ankle_boot_princess_polly_boots_c73512aae563.jpg,Ankle boot,1344,1820,RGB,04e303684fdc34e9b33b095a5aa53c176569f01ea8de08cea5cde932860411a5,True,ok,False,True,train,footwear,data/retail_images/raw/ankle_boot/princess_polly_boots_c73512aae563.jpg
data/retail_images/simplified6_raw_full/footwear/ankle_boot_princess_polly_boots_d9ea6e4e3d48.jpg,Ankle boot,1344,1820,RGB,7a42fbea8ad29259879a48b2c5d77bfd4fcc59cd0ea4bc95cd5d7edd04c45862,True,ok,False,True,train,footwear,data/retail_images/raw/ankle_boot/princess_polly_boots_d9ea6e4e3d48.jpg
data/retail_images/simplified6_raw_full/footwear/ankle_boot_princess_polly_boots_e6f29dab40bf.jpg,Ankle boot,1344,1820,RGB,908854834b017153821b5b468315e10ef8d1c3d49cc578b6171bfabab538c9b4,True,ok,False,True,train,footwear,data/retail_images/raw/ankle_boot/princess_polly_boots_e6f29dab40bf.jpg
data/retail_images/simplified6_raw_full/footwear/sandal_anthropologie_sandals_0132a973e475.jpg,Sandal,349,523,RGB,e97c9f1948f237625cb1345469fc5bcaf4dfed465a0f8989be1905bf9f37305c,True,ok,False,True,train,footwear,data/retail_images/raw/sandal/anthropologie_sandals_0132a973e475.jpg
data/retail_images/simplified6_raw_full/footwear/sandal_anthropologie_sandals_088ebda349fb.jpg,Sandal,349,523,RGB,7b80bd2a1348e548c92249f9fae76535c6ed66d20e7e62b3fd6a0a065a318293,True,ok,False,True,train,footwear,data/retail_images/raw/sandal/anthropologie_sandals_088ebda349fb.jpg
data/retail_images/simplified6_raw_full/footwear/sandal_anthropologie_sandals_0c38f0f6d3d2.jpg,Sandal,349,523,RGB,5434ce6b1327ce81858dae35ef21675d795017207d4508c9bfac8524cfa8f7ef,True,ok,False,True,train,footwear,data/retail_images/raw/sandal/anthropologie_sandals_0c38f0f6d3d2.jpg
data/retail_images/simplified6_raw_full/footwear/sandal_anthropologie_sandals_62f982e7b463.jpg,Sandal,349,523,RGB,8c8646c5698dde3bf46113b0e11c41b1f795c00fec3b4f7fa500371aeecbe686,True,ok,False,True,train,footwear,data/retail_images/raw/sandal/anthropologie_sandals_62f982e7b463.jpg
data/retail_images/simplified6_raw_full/footwear/sandal_anthropologie_sandals_6ad05c6dc538.jpg,Sandal,349,523,RGB,93ad5f17cd55010899d118f69d13c32a44a6368ac0997c4a075055b6c1cbce5d,True,ok,False,True,train,footwear,data/retail_images/raw/sandal/anthropologie_sandals_6ad05c6dc538.jpg
data/retail_images/simplified6_raw_full/footwear/sandal_anthropologie_sandals_7d7f36a38a9d.jpg,Sandal,349,523,RGB,8ebc8a7bd9a7c8876ee9689749a234d812aff57586fcc1ee9965ab650dd8a16f,True,ok,False,True,train,footwear,data/retail_images/raw/sandal/anthropologie_sandals_7d7f36a38a9d.jpg
data/retail_images/simplified6_raw_full/footwear/sandal_anthropologie_sandals_ace0313458e5.jpg,Sandal,349,523,RGB,d49cfe6ccdcfd0fcd27c8698063b2521dae7e3bc69a08832ffb227851a6e2205,True,ok,False,True,train,footwear,data/retail_images/raw/sandal/anthropologie_sandals_ace0313458e5.jpg
data/retail_images/simplified6_raw_full/footwear/sandal_anthropologie_sandals_c20a72c68b28.jpg,Sandal,349,523,RGB,543da843de6c4df2fde0941ab4172438e871a6bd698eac39320b90e696f85117,True,ok,False,True,train,footwear,data/retail_images/raw/sandal/anthropologie_sandals_c20a72c68b28.jpg
data/retail_images/simplified6_raw_full/footwear/sandal_anthropologie_sandals_e8aecc70cd8e.jpg,Sandal,349,523,RGB,b0dcfe352fbbff8bce45d7178bff22cf7dab389fdc9f1ae6cae7eab1a04db70d,True,ok,False,True,train,footwear,data/retail_images/raw/sandal/anthropologie_sandals_e8aecc70cd8e.jpg
data/retail_images/simplified6_raw_full/footwear/sandal_princess_polly_sandals_1c9f67adc31d.jpg,Sandal,1344,1820,RGB,58a32369b1797860f2c560ad6a510b47f51519c2369b455eaa23f0047235ffed,True,ok,False,True,train,footwear,data/retail_images/raw/sandal/princess_polly_sandals_1c9f67adc31d.jpg
data/retail_images/simplified6_raw_full/footwear/sandal_princess_polly_sandals_2c662fcd4314.jpg,Sandal,1344,1820,RGB,b4a55d9a4cf1e6ddec6e0bd5654e9d564c6b684382ff52077df85563ed376440,True,ok,False,True,train,footwear,data/retail_images/raw/sandal/princess_polly_sandals_2c662fcd4314.jpg
data/retail_images/simplified6_raw_full/footwear/sandal_princess_polly_sandals_5031cb19ecc1.jpg,Sandal,1344,1820,RGB,d2674e8e616c62e56717defceb5abe239b4fd48f32aea110141eb102295626a4,True,ok,False,True,train,footwear,data/retail_images/raw/sandal/princess_polly_sandals_5031cb19ecc1.jpg
data/retail_images/simplified6_raw_full/footwear/sandal_princess_polly_sandals_658104dd4734.jpg,Sandal,1344,1820,RGB,ceb9335934b07eb52fe62ecb386b76d8125170182e3764f804951290ac7c0e4e,True,ok,False,True,train,footwear,data/retail_images/raw/sandal/princess_polly_sandals_658104dd4734.jpg
data/retail_images/simplified6_raw_full/footwear/sandal_princess_polly_sandals_6aff9f2b1749.jpg,Sandal,1345,1820,RGB,1bc0148ebc7b6b1afdd9849018d36ccf63b1b76534607f110b31a50c58d7181a,True,ok,False,True,train,footwear,data/retail_images/raw/sandal/princess_polly_sandals_6aff9f2b1749.jpg
data/retail_images/simplified6_raw_full/footwear/sandal_princess_polly_sandals_9ad0237266c5.jpg,Sandal,1344,1820,RGB,0b6459c1e8443dcdee6e6b80b82b38b237f5c53216f25a90c8edecdf51c97935,True,ok,False,True,train,footwear,data/retail_images/raw/sandal/princess_polly_sandals_9ad0237266c5.jpg
data/retail_images/simplified6_raw_full/footwear/sandal_princess_polly_sandals_a2f118251332.jpg,Sandal,1344,1820,RGB,3a6e6ebde4e04d744b78aec00302becb6e30070019f51710fa3889d66535fc05,True,ok,False,True,train,footwear,data/retail_images/raw/sandal/princess_polly_sandals_a2f118251332.jpg
data/retail_images/simplified6_raw_full/footwear/sandal_princess_polly_sandals_fa57afe7d8ab.jpg,Sandal,1344,1820,RGB,7a20f06a15aa9ba4effdca1cbf52393b33346276882d247980179c5384651b52,True,ok,False,True,train,footwear,data/retail_images/raw/sandal/princess_polly_sandals_fa57afe7d8ab.jpg
data/retail_images/simplified6_raw_full/footwear/sandal_urban_outfitters_sandals_25cd0ab63f96.jpg,Sandal,400,600,RGB,aaf0353fdf7caeeb89fe0a5a202cd26dbbeee57a159e3e3bb2d337f859caef1b,True,ok,False,True,train,footwear,data/retail_images/raw/sandal/urban_outfitters_sandals_25cd0ab63f96.jpg
data/retail_images/simplified6_raw_full/footwear/sandal_urban_outfitters_sandals_266c6ba46124.jpg,Sandal,450,675,RGB,942e81a6b1daba80da75f1b57c5c2f6f0355632e3b478a0ab2a625404857000c,True,ok,False,True,train,footwear,data/retail_images/raw/sandal/urban_outfitters_sandals_266c6ba46124.jpg
data/retail_images/simplified6_raw_full/footwear/sandal_urban_outfitters_sandals_29157a959ca2.jpg,Sandal,450,675,RGB,df19a97f66a3fa226dd73b7c412b86e1be03d073bf57aa97fbf48f1d89bad426,True,ok,False,True,train,footwear,data/retail_images/raw/sandal/urban_outfitters_sandals_29157a959ca2.jpg
data/retail_images/simplified6_raw_full/footwear/sandal_urban_outfitters_sandals_38cfa5f86bfb.jpg,Sandal,450,675,RGB,31df852bbd6fb92b19a438da9e44e192d33b919d07f79ffc30ede41b34c2e0f5,True,ok,False,True,train,footwear,data/retail_images/raw/sandal/urban_outfitters_sandals_38cfa5f86bfb.jpg
data/retail_images/simplified6_raw_full/footwear/sandal_urban_outfitters_sandals_3e9ed22301aa.webp,Sandal,698,1046,RGB,14088af4e1861fed13f10efcc5dc3744285a132b1049472917c77bcd2abccc60,True,ok,False,True,train,footwear,data/retail_images/raw/sandal/urban_outfitters_sandals_3e9ed22301aa.webp
data/retail_images/simplified6_raw_full/footwear/sandal_urban_outfitters_sandals_46bd4ee2b997.jpg,Sandal,450,675,RGB,ecf1d9f17f89ad47639bdc6fc15213f4b12cee96b6f03ae412a705338a64d7b3,True,ok,False,True,train,footwear,data/retail_images/raw/sandal/urban_outfitters_sandals_46bd4ee2b997.jpg
data/retail_images/simplified6_raw_full/footwear/sandal_urban_outfitters_sandals_4d37180b0161.jpg,Sandal,450,675,RGB,275f19b45130e7f5b61501b8e68dc9f0d5ee4c401e31044bbeb96d0a99c75e72,True,ok,False,True,train,footwear,data/retail_images/raw/sandal/urban_outfitters_sandals_4d37180b0161.jpg
data/retail_images/simplified6_raw_full/footwear/sandal_urban_outfitters_sandals_5289b61cb4da.jpg,Sandal,450,675,RGB,e19d5674ca84fc1d85ff0433235b35bf9d7c450168c10f5eefd5a42670c85669,True,ok,False,True,train,footwear,data/retail_images/raw/sandal/urban_outfitters_sandals_5289b61cb4da.jpg
data/retail_images/simplified6_raw_full/footwear/sandal_urban_outfitters_sandals_5caff8d83cbd.jpg,Sandal,450,675,RGB,a7a58a2db3a801c6a8243958fff3272fabb4667a9486bc59497467e596db44ad,True,ok,False,True,train,footwear,data/retail_images/raw/sandal/urban_outfitters_sandals_5caff8d83cbd.jpg
data/retail_images/simplified6_raw_full/footwear/sandal_urban_outfitters_sandals_7ab0fd0b73cd.jpg,Sandal,450,675,RGB,f5e08c1d5994ccef807643dfb9f323335eb88b5dc3c13313cce40b0579a7128f,True,ok,False,True,train,footwear,data/retail_images/raw/sandal/urban_outfitters_sandals_7ab0fd0b73cd.jpg
data/retail_images/simplified6_raw_full/footwear/sandal_urban_outfitters_sandals_c640b39b2476.jpg,Sandal,450,675,RGB,3f04174826db4f2f620f51a9306cd5efd1419eb1fb4940e596ddf9eb5602770e,True,ok,False,True,train,footwear,data/retail_images/raw/sandal/urban_outfitters_sandals_c640b39b2476.jpg
data/retail_images/simplified6_raw_full/footwear/sandal_urban_outfitters_sandals_c7bc5690c408.jpg,Sandal,698,1046,RGB,d7abfe970f8788d13e1598c3a70d9b4904ce240100dcdea9750a128d3d8904ab,True,ok,False,True,train,footwear,data/retail_images/raw/sandal/urban_outfitters_sandals_c7bc5690c408.jpg
data/retail_images/simplified6_raw_full/footwear/sandal_urban_outfitters_sandals_e3c7fe4924b2.jpg,Sandal,450,675,RGB,0b311fea1ed1c75bbd5baa393d7fa7d4b2080fb71a71baa54e062b3471f7dfa6,True,ok,False,True,train,footwear,data/retail_images/raw/sandal/urban_outfitters_sandals_e3c7fe4924b2.jpg
data/retail_images/simplified6_raw_full/footwear/sandal_urban_outfitters_sandals_fd018e28a343.jpg,Sandal,450,675,RGB,025664a246d09e91515094528edf418600fcc496dd157f7692974f90a94bfa3e,True,ok,False,True,train,footwear,data/retail_images/raw/sandal/urban_outfitters_sandals_fd018e28a343.jpg
data/retail_images/simplified6_raw_full/footwear/sneaker_anthropologie_sneakers_15d96372ae2b.jpg,Sneaker,349,523,RGB,30a7e6d26de5ee94cfbac889dd9b68d944aeeb01020e771d5ce6f415a886260d,True,ok,False,True,train,footwear,data/retail_images/raw/sneaker/anthropologie_sneakers_15d96372ae2b.jpg
data/retail_images/simplified6_raw_full/footwear/sneaker_anthropologie_sneakers_18cfc659a217.jpg,Sneaker,349,523,RGB,7321135f393c8a7871879280153eb33a7e58b1926ee7b6fe61e40609765b9e07,True,ok,False,True,train,footwear,data/retail_images/raw/sneaker/anthropologie_sneakers_18cfc659a217.jpg
data/retail_images/simplified6_raw_full/footwear/sneaker_anthropologie_sneakers_3faa1e86ad5b.jpg,Sneaker,349,523,RGB,9ee020b2f6b82b680ec3734d694156a095e40fcb9bbcaf7f0c99bf44de48e6ff,True,ok,False,True,train,footwear,data/retail_images/raw/sneaker/anthropologie_sneakers_3faa1e86ad5b.jpg
data/retail_images/simplified6_raw_full/footwear/sneaker_anthropologie_sneakers_8ae864b1ef27.jpg,Sneaker,349,523,RGB,6704141b0991c446138c170e1393783a5cbda9460dd763adf12867a378591a0f,True,ok,False,True,train,footwear,data/retail_images/raw/sneaker/anthropologie_sneakers_8ae864b1ef27.jpg
data/retail_images/simplified6_raw_full/footwear/sneaker_anthropologie_sneakers_9c5226a77217.jpg,Sneaker,349,523,RGB,84b4126fca73e4a71872856a51d67ba17b6a218487fd9c7473e710aa376b9815,True,ok,False,True,train,footwear,data/retail_images/raw/sneaker/anthropologie_sneakers_9c5226a77217.jpg
data/retail_images/simplified6_raw_full/footwear/sneaker_anthropologie_sneakers_adf73f10feba.jpg,Sneaker,349,523,RGB,d0d5a5ce9a4ca7a8bcaab13dab9c1657a5b40f3677302fc0e659421458f8e86e,True,ok,False,True,train,footwear,data/retail_images/raw/sneaker/anthropologie_sneakers_adf73f10feba.jpg
data/retail_images/simplified6_raw_full/footwear/sneaker_anthropologie_sneakers_b0afbd1f8214.jpg,Sneaker,349,523,RGB,7153ddd04088c8c9ffb6a2c6f235a93dd231fb88bf716a3fc8dd95523a68c6d3,True,ok,False,True,train,footwear,data/retail_images/raw/sneaker/anthropologie_sneakers_b0afbd1f8214.jpg
data/retail_images/simplified6_raw_full/footwear/sneaker_anthropologie_sneakers_b0c87b66b10d.jpg,Sneaker,349,523,RGB,1786a99006eff5c64766183388fd96f493ac6595c286bbe823cfe2d05f01d902,True,ok,False,True,train,footwear,data/retail_images/raw/sneaker/anthropologie_sneakers_b0c87b66b10d.jpg
data/retail_images/simplified6_raw_full/footwear/sneaker_anthropologie_sneakers_c2974ec58c36.jpg,Sneaker,349,523,RGB,9079d1428393842f2532da08dbf53bb8d1bdf7ebf112db7d8940a69915d8b222,True,ok,False,True,train,footwear,data/retail_images/raw/sneaker/anthropologie_sneakers_c2974ec58c36.jpg
data/retail_images/simplified6_raw_full/footwear/sneaker_anthropologie_sneakers_c7999cfb5472.jpg,Sneaker,349,523,RGB,56d83baef20de6f2946eddab67dde8aa779ccc1a5b36b9f85c3c8b771f36ad04,True,ok,False,True,train,footwear,data/retail_images/raw/sneaker/anthropologie_sneakers_c7999cfb5472.jpg
data/retail_images/simplified6_raw_full/footwear/sneaker_anthropologie_sneakers_e5bb8fa980aa.jpg,Sneaker,349,523,RGB,dcea9998784c3c80d99546686e72654889e774fa34c66ea3d93b8af54168a7e4,True,ok,False,True,train,footwear,data/retail_images/raw/sneaker/anthropologie_sneakers_e5bb8fa980aa.jpg
data/retail_images/simplified6_raw_full/footwear/sneaker_anthropologie_sneakers_f0e8385dffe3.jpg,Sneaker,349,523,RGB,ac58a29730dfc929bb0d75c39b67aeb26798ee3abe323df7db3a821ac04e7f21,True,ok,False,True,train,footwear,data/retail_images/raw/sneaker/anthropologie_sneakers_f0e8385dffe3.jpg
data/retail_images/simplified6_raw_full/footwear/sneaker_fashion_nova_sneakers_0892a01dcf26.jpg,Sneaker,400,599,RGB,6b7b32ceec528603307c75d7c9feba6a4c99e160a52d8609aad438328a3fa35c,True,ok,False,True,train,footwear,data/retail_images/raw/sneaker/fashion_nova_sneakers_0892a01dcf26.jpg
data/retail_images/simplified6_raw_full/footwear/sneaker_fashion_nova_sneakers_39e14968eb11.jpg,Sneaker,650,973,RGB,a0a185a7ec63cff5f3050cbeec2bf3f419c1b79ed32257d0ebeafafed64f33c3,True,ok,False,True,train,footwear,data/retail_images/raw/sneaker/fashion_nova_sneakers_39e14968eb11.jpg
data/retail_images/simplified6_raw_full/footwear/sneaker_fashion_nova_sneakers_68b76c8fea80.jpg,Sneaker,600,898,RGB,74ef84c1b01ba982af375356c9b4e6bf0908ed335bfc687b980275daa7d4c51d,True,ok,False,True,train,footwear,data/retail_images/raw/sneaker/fashion_nova_sneakers_68b76c8fea80.jpg
data/retail_images/simplified6_raw_full/footwear/sneaker_fashion_nova_sneakers_a56302c14f1c.jpg,Sneaker,200,299,RGB,3e971eef4be8f221fb8b631b9ebd5e8066a1747c400a1e56a5f11ba5ca246613,True,ok,False,True,train,footwear,data/retail_images/raw/sneaker/fashion_nova_sneakers_a56302c14f1c.jpg
data/retail_images/simplified6_raw_full/footwear/sneaker_princess_polly_sneakers_228e1d60cb10.jpg,Sneaker,1344,1820,RGB,314d13b9b36b387819211646946290f8dcd088629220b978f3537d89859f0180,True,ok,False,True,train,footwear,data/retail_images/raw/sneaker/princess_polly_sneakers_228e1d60cb10.jpg
data/retail_images/simplified6_raw_full/footwear/sneaker_princess_polly_sneakers_409521b83086.jpg,Sneaker,1344,1820,RGB,f9488a1c008b602ae5054e3f49f79bbe9bf82b07e2dfc37e1b7be83b65efb5e2,True,ok,False,True,train,footwear,data/retail_images/raw/sneaker/princess_polly_sneakers_409521b83086.jpg
data/retail_images/simplified6_raw_full/footwear/sneaker_princess_polly_sneakers_d8e065798f34.jpg,Sneaker,1344,1820,RGB,7d3b767cf8062798cd1018ede3903c1ebbdd846b2b22ff28729d5f7e569a24ba,True,ok,False,True,train,footwear,data/retail_images/raw/sneaker/princess_polly_sneakers_d8e065798f34.jpg
data/retail_images/simplified6_raw_full/footwear/sneaker_urban_outfitters_sneakers_29a5cbef648f.jpg,Sneaker,450,675,RGB,280c767e5c4b91efcea7e1c1d6a3322ef9bc1043b9a001264dfe8644081ce1fb,True,ok,False,True,train,footwear,data/retail_images/raw/sneaker/urban_outfitters_sneakers_29a5cbef648f.jpg
data/retail_images/simplified6_raw_full/footwear/sneaker_urban_outfitters_sneakers_59d1326af833.jpg,Sneaker,698,1046,RGB,97fdb3d80e87780fdc069093e7d1256ccf183d362c5ba90950f9799ac01a91da,True,ok,False,True,train,footwear,data/retail_images/raw/sneaker/urban_outfitters_sneakers_59d1326af833.jpg
data/retail_images/simplified6_raw_full/footwear/sneaker_urban_outfitters_sneakers_5f8821ebe9ff.jpg,Sneaker,450,675,RGB,5d6e9ff7dc2ae7c6b4b9c8d280ab81503e9c62deaca7bdb2489c34c1eac47bc3,True,ok,False,True,train,footwear,data/retail_images/raw/sneaker/urban_outfitters_sneakers_5f8821ebe9ff.jpg
data/retail_images/simplified6_raw_full/footwear/sneaker_urban_outfitters_sneakers_80e38c20d451.jpg,Sneaker,450,675,RGB,afbbd46f4975fc0a1e1a15d409af536ca42bfe83c4c6ac76456e31032933a0fd,True,ok,False,True,train,footwear,data/retail_images/raw/sneaker/urban_outfitters_sneakers_80e38c20d451.jpg
data/retail_images/simplified6_raw_full/footwear/sneaker_urban_outfitters_sneakers_88c0408e8718.jpg,Sneaker,349,523,RGB,2d674483ac231025bf7a3ed7e1ac3afb06ac739a90370019730ad898142d4510,True,ok,False,True,train,footwear,data/retail_images/raw/sneaker/urban_outfitters_sneakers_88c0408e8718.jpg
data/retail_images/simplified6_raw_full/footwear/sneaker_urban_outfitters_sneakers_9512fe19a02f.jpg,Sneaker,450,675,RGB,9d6612e67201db51d47dd0a8ada4e6e691cdf796b7581b2d3abc75bba4b3ffae,True,ok,False,True,train,footwear,data/retail_images/raw/sneaker/urban_outfitters_sneakers_9512fe19a02f.jpg
data/retail_images/simplified6_raw_full/footwear/sneaker_urban_outfitters_sneakers_a089ff26a284.webp,Sneaker,698,1046,RGB,c849a10dea0bd32f8392849d5eef5a82325cf932756f7194d6c2f990c4832cc6,True,ok,False,True,train,footwear,data/retail_images/raw/sneaker/urban_outfitters_sneakers_a089ff26a284.webp
data/retail_images/simplified6_raw_full/footwear/sneaker_urban_outfitters_sneakers_a52773e0266e.jpg,Sneaker,698,1046,RGB,8ab945844a0ab2ea7ed9cbeba64fe4489b5a75e71f766bd99eac8f37481c2ec3,True,ok,False,True,train,footwear,data/retail_images/raw/sneaker/urban_outfitters_sneakers_a52773e0266e.jpg
data/retail_images/simplified6_raw_full/footwear/sneaker_urban_outfitters_sneakers_ad16aa1dd1a8.jpg,Sneaker,450,675,RGB,30c5289f62c5da302464535f48ae626d3ecb204563749a53b022e5a4c12ad82d,True,ok,False,True,train,footwear,data/retail_images/raw/sneaker/urban_outfitters_sneakers_ad16aa1dd1a8.jpg
data/retail_images/simplified6_raw_full/outerwear/coat_princess_polly_jackets_2189cc5d8ba8.jpg,Coat,1345,1820,RGB,5f5d0619ae62205593689332dc6adb8ee1bc3c0df26ccfab5d2289d2b96f63b9,True,ok,False,True,train,outerwear,data/retail_images/raw/coat/princess_polly_jackets_2189cc5d8ba8.jpg
data/retail_images/simplified6_raw_full/outerwear/coat_princess_polly_jackets_2c35b97c51c4.jpg,Coat,1344,1820,RGB,d30653ee7bc07e6d50f4144f76c873538f9b00373f9b45e5b43b0b876f06076d,True,ok,False,True,train,outerwear,data/retail_images/raw/coat/princess_polly_jackets_2c35b97c51c4.jpg
data/retail_images/simplified6_raw_full/outerwear/coat_princess_polly_jackets_3d1fa754d1b7.jpg,Coat,1344,1820,RGB,aa3416e3fa04e71168323dae2fe5a4f1948868ebcabd26cb69a17006b7d41cbd,True,ok,False,True,train,outerwear,data/retail_images/raw/coat/princess_polly_jackets_3d1fa754d1b7.jpg
data/retail_images/simplified6_raw_full/outerwear/coat_princess_polly_jackets_5bed9999e48a.jpg,Coat,1345,1820,RGB,db52af11934fa925a154948d85ccdd5926079f7f9d8b12d175393d44dd521c34,True,ok,False,True,train,outerwear,data/retail_images/raw/coat/princess_polly_jackets_5bed9999e48a.jpg
data/retail_images/simplified6_raw_full/outerwear/coat_princess_polly_jackets_5ceb66c18310.jpg,Coat,1345,1821,RGB,7962ad80fac266de58665830f803283f720cfeaf6ee9a7892eebd7c8c229f701,True,ok,False,True,train,outerwear,data/retail_images/raw/coat/princess_polly_jackets_5ceb66c18310.jpg
data/retail_images/simplified6_raw_full/outerwear/coat_princess_polly_jackets_5edde275b0b7.jpg,Coat,1345,1820,RGB,022e7a052a870b111814653158d1ef8ed7c604c56f1c6c69aaf7af7cceb4e06d,True,ok,False,True,train,outerwear,data/retail_images/raw/coat/princess_polly_jackets_5edde275b0b7.jpg
data/retail_images/simplified6_raw_full/outerwear/coat_princess_polly_jackets_5ee340a62e19.jpg,Coat,1344,1820,RGB,045366ac84dd8e1378fb77ab324e079994abf7dc08c1010f02b12c15c9ff96e0,True,ok,False,True,train,outerwear,data/retail_images/raw/coat/princess_polly_jackets_5ee340a62e19.jpg
data/retail_images/simplified6_raw_full/outerwear/coat_princess_polly_jackets_6bd564c5f9be.jpg,Coat,1344,1820,RGB,fbbf86013d7d2e83475eaafb339178dc01e0d6acc2fc18d93dc83ae973aaef1e,True,ok,False,True,train,outerwear,data/retail_images/raw/coat/princess_polly_jackets_6bd564c5f9be.jpg
data/retail_images/simplified6_raw_full/outerwear/coat_princess_polly_jackets_795f00684060.jpg,Coat,1344,1820,RGB,0ccdd683051ceffdc3774f633984263d4b79e31cba888f4a0b5bf4d30afd863e,True,ok,False,True,train,outerwear,data/retail_images/raw/coat/princess_polly_jackets_795f00684060.jpg
data/retail_images/simplified6_raw_full/outerwear/coat_princess_polly_jackets_7b274a6fddc1.jpg,Coat,1344,1820,RGB,bce3f242dcbf6cd2a87fe61ea4ae44d4503e02aad410c5f3adc24102661549fe,True,ok,False,True,train,outerwear,data/retail_images/raw/coat/princess_polly_jackets_7b274a6fddc1.jpg
data/retail_images/simplified6_raw_full/outerwear/coat_princess_polly_jackets_849e4ddc1e46.jpg,Coat,1345,1821,RGB,b4ed980a6bc22f8cf7bf145ce1cb3c2a780244ea32e2062f95e9949fac5fc8ac,True,ok,False,True,train,outerwear,data/retail_images/raw/coat/princess_polly_jackets_849e4ddc1e46.jpg
data/retail_images/simplified6_raw_full/outerwear/coat_princess_polly_jackets_954a65f9d13e.jpg,Coat,1344,1820,RGB,687717a06abc6ce9c7647f49cf8925577ad2dd5de12af2a8dc115aa1670b4e24,True,ok,False,True,train,outerwear,data/retail_images/raw/coat/princess_polly_jackets_954a65f9d13e.jpg
data/retail_images/simplified6_raw_full/outerwear/coat_princess_polly_jackets_c27920dc154e.jpg,Coat,1344,1820,RGB,a0eae7b4638896cda2caaa5bb7602de424c1a02516e068feeb7384ae513676e1,True,ok,False,True,train,outerwear,data/retail_images/raw/coat/princess_polly_jackets_c27920dc154e.jpg
data/retail_images/simplified6_raw_full/outerwear/coat_princess_polly_jackets_f3fba15fb253.jpg,Coat,1345,1821,RGB,2cf689a5ecf81eab5bf9cfac3d3529c6dcf198129d1840b79e85e99d152676cc,True,ok,False,True,train,outerwear,data/retail_images/raw/coat/princess_polly_jackets_f3fba15fb253.jpg
data/retail_images/simplified6_raw_full/outerwear/coat_reformation_jackets_and_coats_0afc2460959e.jpg,Coat,600,800,RGB,ef067662fb483e77010a8215f218f5ca77fadb4e594042cbbf2e82d27f440bb6,True,ok,False,True,train,outerwear,data/retail_images/raw/coat/reformation_jackets_and_coats_0afc2460959e.jpg
data/retail_images/simplified6_raw_full/outerwear/coat_reformation_jackets_and_coats_0d1f199a8937.jpg,Coat,600,800,RGB,b3ecfad3347dd4cc933b49dd4366870f15ddd9d75749a5a89e17397b225d3304,True,ok,False,True,train,outerwear,data/retail_images/raw/coat/reformation_jackets_and_coats_0d1f199a8937.jpg
data/retail_images/simplified6_raw_full/outerwear/coat_reformation_jackets_and_coats_0efe4778e60f.jpg,Coat,600,800,RGB,e64c24724402ae06b34b8f67f609924812d1b2418563dbf790fc88424d9819a2,True,ok,False,True,train,outerwear,data/retail_images/raw/coat/reformation_jackets_and_coats_0efe4778e60f.jpg
data/retail_images/simplified6_raw_full/outerwear/coat_reformation_jackets_and_coats_0f05b41e66c8.jpg,Coat,600,800,RGB,2f78d001a02b35d2f27c5ec29b8eb2c14eba4733b89905e2e9d103de6df66dcf,True,ok,False,True,train,outerwear,data/retail_images/raw/coat/reformation_jackets_and_coats_0f05b41e66c8.jpg
data/retail_images/simplified6_raw_full/outerwear/coat_reformation_jackets_and_coats_1876ebdcfe74.jpg,Coat,600,800,RGB,db5944736c56f4557fc9d9743035817a313529ee9cf03ec499b6677bf356a427,True,ok,False,True,train,outerwear,data/retail_images/raw/coat/reformation_jackets_and_coats_1876ebdcfe74.jpg
data/retail_images/simplified6_raw_full/outerwear/coat_reformation_jackets_and_coats_1c532533cdb2.jpg,Coat,600,800,RGB,3aea0163b50fe3c5a73ff5c366a6aa6290937ef58ed3e6c2199148451196069e,True,ok,False,True,train,outerwear,data/retail_images/raw/coat/reformation_jackets_and_coats_1c532533cdb2.jpg
data/retail_images/simplified6_raw_full/outerwear/coat_reformation_jackets_and_coats_21098d0d610b.jpg,Coat,600,800,RGB,0de3d4bdbfd571dbc4915f9048ea3a071f550839baf316e6d56ef6f0d2ec3415,True,ok,False,True,train,outerwear,data/retail_images/raw/coat/reformation_jackets_and_coats_21098d0d610b.jpg
data/retail_images/simplified6_raw_full/outerwear/coat_reformation_jackets_and_coats_23165c9fa4c3.jpg,Coat,600,800,RGB,2cbfed518ad1664b3014b236cb7630496b1d4ac02af2a74668276458d41eefcb,True,ok,False,True,train,outerwear,data/retail_images/raw/coat/reformation_jackets_and_coats_23165c9fa4c3.jpg
data/retail_images/simplified6_raw_full/outerwear/coat_reformation_jackets_and_coats_29301a8567d0.jpg,Coat,600,800,RGB,c76742955c445cf3a1db17d4f2beb35a197137d0c9c4165a502b3784e84fdb5a,True,ok,False,True,train,outerwear,data/retail_images/raw/coat/reformation_jackets_and_coats_29301a8567d0.jpg
data/retail_images/simplified6_raw_full/outerwear/coat_reformation_jackets_and_coats_2e09756d940b.jpg,Coat,600,800,RGB,21e5e0b81d7eefc6b826f05aee73960bf46b0020714d578b4e679dd3b1e0c77e,True,ok,False,True,train,outerwear,data/retail_images/raw/coat/reformation_jackets_and_coats_2e09756d940b.jpg
data/retail_images/simplified6_raw_full/outerwear/coat_reformation_jackets_and_coats_30caf09d7112.jpg,Coat,600,800,RGB,7a36f428152a768d741d2bacad8844a993e3427763512cc5bcb8b1a5967ca2c7,True,ok,False,True,train,outerwear,data/retail_images/raw/coat/reformation_jackets_and_coats_30caf09d7112.jpg
data/retail_images/simplified6_raw_full/outerwear/coat_reformation_jackets_and_coats_3f08fe36fbf2.jpg,Coat,600,800,RGB,dc8b4fdcde73a0c675cc22aabc901a5a6d94887291442da154b32a423bf0008e,True,ok,False,True,train,outerwear,data/retail_images/raw/coat/reformation_jackets_and_coats_3f08fe36fbf2.jpg
data/retail_images/simplified6_raw_full/outerwear/coat_reformation_jackets_and_coats_42cd43b01312.jpg,Coat,600,800,RGB,199bc5d1db170d1d555f134ef5871dc6aa82c462a45d09debcc444ddb8341e72,True,ok,False,True,train,outerwear,data/retail_images/raw/coat/reformation_jackets_and_coats_42cd43b01312.jpg
data/retail_images/simplified6_raw_full/outerwear/coat_reformation_jackets_and_coats_709072f8bdc9.jpg,Coat,600,800,RGB,171ea8a34c6767e87610d5773b494977559f639071365cde52850baa4d0a1b22,True,ok,False,True,train,outerwear,data/retail_images/raw/coat/reformation_jackets_and_coats_709072f8bdc9.jpg
data/retail_images/simplified6_raw_full/outerwear/coat_reformation_jackets_and_coats_7c2dda78f0ff.jpg,Coat,600,800,RGB,89369cc48020ace780c9712bfffa721b4f5e9e2a80bf57fa323e05d2c34bf0d2,True,ok,False,True,train,outerwear,data/retail_images/raw/coat/reformation_jackets_and_coats_7c2dda78f0ff.jpg
data/retail_images/simplified6_raw_full/outerwear/coat_reformation_jackets_and_coats_882b03539990.jpg,Coat,600,800,RGB,63d723efea9a9b123607f5062cff2221daf1175ecfcfc4c623a27be9ef82f3d0,True,ok,False,True,train,outerwear,data/retail_images/raw/coat/reformation_jackets_and_coats_882b03539990.jpg
data/retail_images/simplified6_raw_full/outerwear/coat_reformation_jackets_and_coats_8e422e30c599.jpg,Coat,600,800,RGB,936ad330aad93f447bd2a5a62a3a51b5e15a56c307f4fcca274334e0478ce73f,True,ok,False,True,train,outerwear,data/retail_images/raw/coat/reformation_jackets_and_coats_8e422e30c599.jpg
data/retail_images/simplified6_raw_full/outerwear/coat_reformation_jackets_and_coats_a4ff4a3dc717.jpg,Coat,600,800,RGB,fa6537f22b0f17a3dcf8065e7714ad6c850f150b2e7f9682b81fcbb7441db811,True,ok,False,True,train,outerwear,data/retail_images/raw/coat/reformation_jackets_and_coats_a4ff4a3dc717.jpg
data/retail_images/simplified6_raw_full/outerwear/coat_reformation_jackets_and_coats_a6b782f4d91c.jpg,Coat,600,800,RGB,79bdcd12462ec08c96b00c54f9b31e0473d4bbbc42f3808d28b90a451d67c7a6,True,ok,False,True,train,outerwear,data/retail_images/raw/coat/reformation_jackets_and_coats_a6b782f4d91c.jpg
data/retail_images/simplified6_raw_full/outerwear/coat_reformation_jackets_and_coats_a6ed27452b5a.jpg,Coat,600,800,RGB,bf0c6a0d137ac3d23c8f0021cf415a5d76a6c561be65aa41be5c9475b2a2c60f,True,ok,False,True,train,outerwear,data/retail_images/raw/coat/reformation_jackets_and_coats_a6ed27452b5a.jpg
data/retail_images/simplified6_raw_full/outerwear/coat_reformation_jackets_and_coats_af76e2e3382e.jpg,Coat,600,800,RGB,0123a0b1ab06f12754520ca70545cbc2669d2b9597848429f1e4207c9ffa8a77,True,ok,False,True,train,outerwear,data/retail_images/raw/coat/reformation_jackets_and_coats_af76e2e3382e.jpg
data/retail_images/simplified6_raw_full/outerwear/coat_reformation_jackets_and_coats_affdaefd465e.jpg,Coat,600,800,RGB,16c3a28c5f6b357e5ff8632dc8b6cae1b70d874cc3dfd7481133b91e0bbdd505,True,ok,False,True,train,outerwear,data/retail_images/raw/coat/reformation_jackets_and_coats_affdaefd465e.jpg
data/retail_images/simplified6_raw_full/outerwear/coat_reformation_jackets_and_coats_b7972cee35ce.jpg,Coat,600,800,RGB,9e8356160e5c6c2d07ebeef2207eb94acf1509b31084b55813459b5158a40bd2,True,ok,False,True,train,outerwear,data/retail_images/raw/coat/reformation_jackets_and_coats_b7972cee35ce.jpg
data/retail_images/simplified6_raw_full/outerwear/coat_reformation_jackets_and_coats_b826af8d5264.jpg,Coat,600,800,RGB,b6d1387b07bd9af12dda14ab7d7564fcc4f65ce129378edb8dfa4b1637d8a43c,True,ok,False,True,train,outerwear,data/retail_images/raw/coat/reformation_jackets_and_coats_b826af8d5264.jpg
data/retail_images/simplified6_raw_full/outerwear/coat_reformation_jackets_and_coats_d2dd2be1fe14.jpg,Coat,600,800,RGB,3ba46d4e3f4b13caf7e1bbb63c189d0ca7920f7676e961e397d44d243455c8b6,True,ok,False,True,train,outerwear,data/retail_images/raw/coat/reformation_jackets_and_coats_d2dd2be1fe14.jpg
data/retail_images/simplified6_raw_full/outerwear/coat_reformation_jackets_and_coats_e73cf91f1fb7.jpg,Coat,600,800,RGB,0be420b25a48a8edeec5303ef8c4edad81a4350abdd4085d80a24521ad140e07,True,ok,False,True,train,outerwear,data/retail_images/raw/coat/reformation_jackets_and_coats_e73cf91f1fb7.jpg
data/retail_images/simplified6_raw_full/outerwear/coat_reformation_jackets_and_coats_f22e27e1b462.jpg,Coat,600,800,RGB,493a15f7e29983871fdf2752218d5c18a83abdf714c533c07faa2d16c252f1ba,True,ok,False,True,train,outerwear,data/retail_images/raw/coat/reformation_jackets_and_coats_f22e27e1b462.jpg
data/retail_images/simplified6_raw_full/outerwear/coat_reformation_jackets_and_coats_f3b50ce21383.jpg,Coat,600,800,RGB,3884f09232102d0ebc74d2246f73b438692111e39f0ee1079333b089dcd6040b,True,ok,False,True,train,outerwear,data/retail_images/raw/coat/reformation_jackets_and_coats_f3b50ce21383.jpg
data/retail_images/simplified6_raw_full/outerwear/coat_reformation_jackets_and_coats_faa1f808be69.jpg,Coat,600,800,RGB,1a7e960bcf74431debcdbfde569aa2c3362f6837d137f9c9bc903866e6f95008,True,ok,False,True,train,outerwear,data/retail_images/raw/coat/reformation_jackets_and_coats_faa1f808be69.jpg
data/retail_images/simplified6_raw_full/outerwear/coat_reformation_outerwear_0b656ad16fc5.jpg,Coat,600,800,RGB,7b397abc4a2271e81a4810369047dc83b34ecf682174367bc35d48f199ab723e,True,ok,False,True,train,outerwear,data/retail_images/raw/coat/reformation_outerwear_0b656ad16fc5.jpg
data/retail_images/simplified6_raw_full/outerwear/coat_reformation_outerwear_164d3fdbe683.jpg,Coat,600,800,RGB,9b9023080e97f076f5e87dc5b63a49b299a6deb8846a53864e32df2067851c48,True,ok,False,True,train,outerwear,data/retail_images/raw/coat/reformation_outerwear_164d3fdbe683.jpg
data/retail_images/simplified6_raw_full/outerwear/coat_reformation_outerwear_19f3164cc5f6.jpg,Coat,600,800,RGB,1dfec4b2984d94d26b15b8343e78cd97eec7f5bc3d8896e9ca3b60356f04d042,True,ok,False,True,train,outerwear,data/retail_images/raw/coat/reformation_outerwear_19f3164cc5f6.jpg
data/retail_images/simplified6_raw_full/outerwear/coat_reformation_outerwear_2320834481eb.jpg,Coat,600,800,RGB,72229b5e60e638d282f8e45faf77c972cbc03b4e0bae4edfde6e89fbb73cb20c,True,ok,False,True,train,outerwear,data/retail_images/raw/coat/reformation_outerwear_2320834481eb.jpg
data/retail_images/simplified6_raw_full/outerwear/coat_reformation_outerwear_239dd220ab70.jpg,Coat,600,800,RGB,5e5ae18f3479292e84ec7b9cdf334b6265d5f0270833111885466fd830e03134,True,ok,False,True,train,outerwear,data/retail_images/raw/coat/reformation_outerwear_239dd220ab70.jpg
data/retail_images/simplified6_raw_full/outerwear/coat_reformation_outerwear_23aaba6f2c23.jpg,Coat,600,800,RGB,dc8f55b9fde7c8bc7352000c9662abbdd3c331d9ca7e6349fc95ebfc7145a147,True,ok,False,True,train,outerwear,data/retail_images/raw/coat/reformation_outerwear_23aaba6f2c23.jpg
data/retail_images/simplified6_raw_full/outerwear/coat_reformation_outerwear_2bb46a7c3025.jpg,Coat,600,800,RGB,b4096323db8b32cea6fb619df86e02e44d8695acc6fea281852beff480ff0ffa,True,ok,False,True,train,outerwear,data/retail_images/raw/coat/reformation_outerwear_2bb46a7c3025.jpg
data/retail_images/simplified6_raw_full/outerwear/coat_reformation_outerwear_2e81dbd48580.jpg,Coat,600,800,RGB,a4115179cf1b65fd8ba6f01f1b9c6577d1b0a617a26e4ad95e80ab1e0d3fcca4,True,ok,False,True,train,outerwear,data/retail_images/raw/coat/reformation_outerwear_2e81dbd48580.jpg
data/retail_images/simplified6_raw_full/outerwear/coat_reformation_outerwear_39593c953ee1.jpg,Coat,600,800,RGB,4f47c712faa917cb36dd3d05e71541b85b77e61c974105797802b03cce212300,True,ok,False,True,train,outerwear,data/retail_images/raw/coat/reformation_outerwear_39593c953ee1.jpg
data/retail_images/simplified6_raw_full/outerwear/coat_reformation_outerwear_3c69163dc1e9.jpg,Coat,600,800,RGB,9eabbb53327c5df4530a6fb5aa3d0e501955a44dd93479cec1908ce586522ca4,True,ok,False,True,train,outerwear,data/retail_images/raw/coat/reformation_outerwear_3c69163dc1e9.jpg
data/retail_images/simplified6_raw_full/outerwear/coat_reformation_outerwear_3d2885ab772b.jpg,Coat,600,800,RGB,8430e628637a0251d3d8dcc2d1bea9d3e27d26137bc79b87338374fbe1045ca3,True,ok,False,True,train,outerwear,data/retail_images/raw/coat/reformation_outerwear_3d2885ab772b.jpg
data/retail_images/simplified6_raw_full/outerwear/coat_reformation_outerwear_3ed665831cc5.jpg,Coat,600,800,RGB,369e14e6162e2ee4ee6b571266311122b7acce4b7538faa53976745cf2665c64,True,ok,False,True,train,outerwear,data/retail_images/raw/coat/reformation_outerwear_3ed665831cc5.jpg
data/retail_images/simplified6_raw_full/outerwear/coat_reformation_outerwear_417dc43dea0b.jpg,Coat,600,800,RGB,9099ff0dc32161e6a9eacaf9423b0da6edb4c3429e55d7bbe71879620aafb7b5,True,ok,False,True,train,outerwear,data/retail_images/raw/coat/reformation_outerwear_417dc43dea0b.jpg
data/retail_images/simplified6_raw_full/outerwear/coat_reformation_outerwear_42d4864cc30a.jpg,Coat,600,800,RGB,e886fa9049324a0874e6962b40ceeb07bd8fae0e0897164fa764d6b587a3f16e,True,ok,False,True,train,outerwear,data/retail_images/raw/coat/reformation_outerwear_42d4864cc30a.jpg
data/retail_images/simplified6_raw_full/outerwear/coat_reformation_outerwear_503eddb194b7.jpg,Coat,600,800,RGB,5a6a3be5d7142f4d3b9d2bc2aa076b9d39c71941d9ba5b8451e981a231748617,True,ok,False,True,train,outerwear,data/retail_images/raw/coat/reformation_outerwear_503eddb194b7.jpg
data/retail_images/simplified6_raw_full/outerwear/coat_reformation_outerwear_6099779f3965.jpg,Coat,600,800,RGB,8da820ada0fceff7088350432df20f05c76366e081f3759c077e831b5e57e467,True,ok,False,True,train,outerwear,data/retail_images/raw/coat/reformation_outerwear_6099779f3965.jpg
data/retail_images/simplified6_raw_full/outerwear/coat_reformation_outerwear_61f1843b14dd.jpg,Coat,600,800,RGB,eeb0c616a7bb967dc2461fc1824c6ed3a9dacaf7139024b0c261ac1df1b4fefd,True,ok,False,True,train,outerwear,data/retail_images/raw/coat/reformation_outerwear_61f1843b14dd.jpg
data/retail_images/simplified6_raw_full/outerwear/coat_reformation_outerwear_672804aa47a1.jpg,Coat,600,800,RGB,38b460c856356cf0a961e036ddce7b1005dd5f0e640ba15a4675576ede6285d6,True,ok,False,True,train,outerwear,data/retail_images/raw/coat/reformation_outerwear_672804aa47a1.jpg
data/retail_images/simplified6_raw_full/outerwear/coat_reformation_outerwear_6879e8144727.jpg,Coat,600,800,RGB,f54b3b369fbb6c14c2a318b3fcd2d679a3f4abde8f17913298277286f4693727,True,ok,False,True,train,outerwear,data/retail_images/raw/coat/reformation_outerwear_6879e8144727.jpg
data/retail_images/simplified6_raw_full/outerwear/coat_reformation_outerwear_6a165ba81861.jpg,Coat,600,800,RGB,d31f5474468e4a41680f72bfc97a429c6364a9be740b94a4bc2cff9be6ef6099,True,ok,False,True,train,outerwear,data/retail_images/raw/coat/reformation_outerwear_6a165ba81861.jpg
data/retail_images/simplified6_raw_full/outerwear/coat_reformation_outerwear_6bb428e954f1.jpg,Coat,600,800,RGB,99e198484e64e64d05c0ba68b04b82f7f5ce05d01642695ac3655f2a11baf2d7,True,ok,False,True,train,outerwear,data/retail_images/raw/coat/reformation_outerwear_6bb428e954f1.jpg
data/retail_images/simplified6_raw_full/outerwear/coat_reformation_outerwear_6fa15881bfa7.jpg,Coat,600,800,RGB,93b4de44fff8e6b43952c27f879a9e194a4ab8793b18a1c31f651ed8e8d667bf,True,ok,False,True,train,outerwear,data/retail_images/raw/coat/reformation_outerwear_6fa15881bfa7.jpg
data/retail_images/simplified6_raw_full/outerwear/coat_reformation_outerwear_725f60d2e991.jpg,Coat,600,800,RGB,5c792829a904adb6311ffc773028a330f5d78c666d781a0d895d91d585e9a6ec,True,ok,False,True,train,outerwear,data/retail_images/raw/coat/reformation_outerwear_725f60d2e991.jpg
data/retail_images/simplified6_raw_full/outerwear/coat_reformation_outerwear_76b2f66b7771.jpg,Coat,600,800,RGB,28c932eb50bf98039273e152f913d5f0e6f1e6ecf067b8a1801a6831faa549cf,True,ok,False,True,train,outerwear,data/retail_images/raw/coat/reformation_outerwear_76b2f66b7771.jpg
data/retail_images/simplified6_raw_full/outerwear/coat_reformation_outerwear_79698d33c358.jpg,Coat,368,491,RGB,f4cb63bed5011636de103eed0545bf699845e49a1e5b4f4e378268da825651d0,True,ok,False,True,train,outerwear,data/retail_images/raw/coat/reformation_outerwear_79698d33c358.jpg
data/retail_images/simplified6_raw_full/outerwear/coat_reformation_outerwear_7c5a1b9c0ec2.jpg,Coat,600,800,RGB,8cf010e6563334c00430af4d6c8b5aae53cc9006b2050b37f229791b9ea085d5,True,ok,False,True,train,outerwear,data/retail_images/raw/coat/reformation_outerwear_7c5a1b9c0ec2.jpg
data/retail_images/simplified6_raw_full/outerwear/coat_reformation_outerwear_8121fdfe94a2.jpg,Coat,600,800,RGB,4e9bbabd30efa77cf7f7d86492dc7937d309e0d5584c4fd6c60e2fb89cfe6bbf,True,ok,False,True,train,outerwear,data/retail_images/raw/coat/reformation_outerwear_8121fdfe94a2.jpg
data/retail_images/simplified6_raw_full/outerwear/coat_reformation_outerwear_877a8ff3588c.jpg,Coat,600,800,RGB,01ff07246701037c12fad8861574c3d288c203bc61e61d05ad49f5db04fa2d82,True,ok,False,True,train,outerwear,data/retail_images/raw/coat/reformation_outerwear_877a8ff3588c.jpg
data/retail_images/simplified6_raw_full/outerwear/coat_reformation_outerwear_8eeca859be11.jpg,Coat,600,800,RGB,bef7bb4fc37cc78c5515bfa82dd68ad54f8d0c9c31f251c69fcdc5fa258e0df3,True,ok,False,True,train,outerwear,data/retail_images/raw/coat/reformation_outerwear_8eeca859be11.jpg
data/retail_images/simplified6_raw_full/outerwear/coat_reformation_outerwear_ab32524f3198.jpg,Coat,600,800,RGB,4770c35f93d0b51321a80bc64743d0fa34fe1b194a2cbbf84abf6cdd3f8faa90,True,ok,False,True,train,outerwear,data/retail_images/raw/coat/reformation_outerwear_ab32524f3198.jpg
data/retail_images/simplified6_raw_full/outerwear/coat_reformation_outerwear_b6ce020a75ce.jpg,Coat,600,800,RGB,2d447f16a4d94a0755361b70595f6d65360efe82a3b5d2ba6fb8b74503b81845,True,ok,False,True,train,outerwear,data/retail_images/raw/coat/reformation_outerwear_b6ce020a75ce.jpg
data/retail_images/simplified6_raw_full/outerwear/coat_reformation_outerwear_cbad5d782328.jpg,Coat,600,800,RGB,2455eadfa2a54b8c21cb92817a656b32f1f9d9449a2a54b79fee3599c27da66b,True,ok,False,True,train,outerwear,data/retail_images/raw/coat/reformation_outerwear_cbad5d782328.jpg
data/retail_images/simplified6_raw_full/outerwear/coat_reformation_outerwear_cd9162ebbaea.jpg,Coat,600,800,RGB,ef0e0c9a6086c3d40e2b25dc3d552f27f483c2610d58544b64bd1cbcd17c86a4,True,ok,False,True,train,outerwear,data/retail_images/raw/coat/reformation_outerwear_cd9162ebbaea.jpg
data/retail_images/simplified6_raw_full/outerwear/coat_reformation_outerwear_cf9a30413e6f.jpg,Coat,600,800,RGB,82d8630e0de904ced685f76a1d6b79966e74b1439c76612b86bbf523f23e09e1,True,ok,False,True,train,outerwear,data/retail_images/raw/coat/reformation_outerwear_cf9a30413e6f.jpg
data/retail_images/simplified6_raw_full/outerwear/coat_reformation_outerwear_cfc308e51d9a.jpg,Coat,600,800,RGB,d870756a4db963ae48767486c7e36909dc9d96969281befd0ccd0cd28841935e,True,ok,False,True,train,outerwear,data/retail_images/raw/coat/reformation_outerwear_cfc308e51d9a.jpg
data/retail_images/simplified6_raw_full/outerwear/coat_reformation_outerwear_d1bd3c89b82f.jpg,Coat,600,800,RGB,a3f003c8ca07636cc70f58b5825f99e38b3152ed1706cb4bf66fc564d175d8f1,True,ok,False,True,train,outerwear,data/retail_images/raw/coat/reformation_outerwear_d1bd3c89b82f.jpg
data/retail_images/simplified6_raw_full/outerwear/coat_reformation_outerwear_dbc709607b50.jpg,Coat,600,800,RGB,190b3742f9243c40d6d733d9c3fd74926b507b318a8c8d86e54c19ad67a7797c,True,ok,False,True,train,outerwear,data/retail_images/raw/coat/reformation_outerwear_dbc709607b50.jpg
data/retail_images/simplified6_raw_full/outerwear/coat_reformation_outerwear_deba6a0b656e.jpg,Coat,600,800,RGB,26bd79630d3374a99be7b1e474729eaaf03cdd976ce68119e14c5b67058d0910,True,ok,False,True,train,outerwear,data/retail_images/raw/coat/reformation_outerwear_deba6a0b656e.jpg
data/retail_images/simplified6_raw_full/outerwear/coat_reformation_outerwear_e4c20dc029fb.jpg,Coat,600,800,RGB,2dc5d650e493177036e512a52a342fb1bb690e5c092758c635d356e95a99d406,True,ok,False,True,train,outerwear,data/retail_images/raw/coat/reformation_outerwear_e4c20dc029fb.jpg
data/retail_images/simplified6_raw_full/outerwear/coat_reformation_outerwear_eeb174e927f7.jpg,Coat,600,800,RGB,1ee294e03ac63495a6d305abffb827598a60bcab9a7484f01db099b0cea3e8c8,True,ok,False,True,train,outerwear,data/retail_images/raw/coat/reformation_outerwear_eeb174e927f7.jpg
data/retail_images/simplified6_raw_full/outerwear/coat_reformation_outerwear_f6f7e51a6a92.jpg,Coat,600,800,RGB,7ae5af825af5976e30c081b99b3fccce00f29b16a988e25bddfa362f16b3b601,True,ok,False,True,train,outerwear,data/retail_images/raw/coat/reformation_outerwear_f6f7e51a6a92.jpg
data/retail_images/simplified6_raw_full/top/pullover_anthropologie_sweaters_45fba37cabea.jpg,Pullover,349,523,RGB,33fb7d16f6a0c410151ff6c31ffbf1f81b05ecff57434b94419ec2a572fef42d,True,ok,False,True,train,top,data/retail_images/raw/pullover/anthropologie_sweaters_45fba37cabea.jpg
data/retail_images/simplified6_raw_full/top/pullover_anthropologie_sweaters_6c36c6cb5be3.jpg,Pullover,349,523,RGB,cf28590218524b6bf662833bb40aadb8949aa99efb230fb8aedfe76677713315,True,ok,False,True,train,top,data/retail_images/raw/pullover/anthropologie_sweaters_6c36c6cb5be3.jpg
data/retail_images/simplified6_raw_full/top/pullover_anthropologie_sweaters_aa3d3dd70bc9.jpg,Pullover,349,523,RGB,c50565007b777249a3435aa21b053c747f37b9e754ceea47459c001c9535930c,True,ok,False,True,train,top,data/retail_images/raw/pullover/anthropologie_sweaters_aa3d3dd70bc9.jpg
data/retail_images/simplified6_raw_full/top/pullover_anthropologie_sweaters_aaaf91e0ae70.jpg,Pullover,349,523,RGB,6a9d97b5fcbab3f7d02132689dd99ae8aaa784deb2a5538935219919bce4cb03,True,ok,False,True,train,top,data/retail_images/raw/pullover/anthropologie_sweaters_aaaf91e0ae70.jpg
data/retail_images/simplified6_raw_full/top/pullover_anthropologie_sweaters_bc2256c37e2a.jpg,Pullover,349,523,RGB,5380b7acef37cb1c60fdb1fe0762c8d88858e6ada2efbc4b192c2e4d5714273f,True,ok,False,True,train,top,data/retail_images/raw/pullover/anthropologie_sweaters_bc2256c37e2a.jpg
data/retail_images/simplified6_raw_full/top/pullover_anthropologie_sweaters_d824f9951201.jpg,Pullover,349,523,RGB,248bd1b9137f04166337fbdcb14e42f649111627b36a3f64d3187b0117a363f8,True,ok,False,True,train,top,data/retail_images/raw/pullover/anthropologie_sweaters_d824f9951201.jpg
data/retail_images/simplified6_raw_full/top/pullover_anthropologie_sweaters_dc52bf4044df.jpg,Pullover,349,523,RGB,46080303daf4b74bdc3a5ca8d17efa9d6f25ae065e1422e73c04f33ebe84d983,True,ok,False,True,train,top,data/retail_images/raw/pullover/anthropologie_sweaters_dc52bf4044df.jpg
data/retail_images/simplified6_raw_full/top/pullover_princess_polly_sweaters_645d5f330caa.jpg,Pullover,1344,1820,RGB,66eb527c24e3463c6f143acf8e1f26646412365d2c55c9757b59313a40be5276,True,ok,False,True,train,top,data/retail_images/raw/pullover/princess_polly_sweaters_645d5f330caa.jpg
data/retail_images/simplified6_raw_full/top/pullover_princess_polly_sweaters_6c5942cc6b70.jpg,Pullover,1345,1820,RGB,13d954116b3a0eac32675bd82ec0b05bdefef3e1ef2b1e074e7d3aafc5de0fcf,True,ok,False,True,train,top,data/retail_images/raw/pullover/princess_polly_sweaters_6c5942cc6b70.jpg
data/retail_images/simplified6_raw_full/top/pullover_princess_polly_sweaters_852ad5878eb2.jpg,Pullover,1344,1820,RGB,846167929da98d47f376678478b9be15ba0cb600b13b2758c660b65656c5682f,True,ok,False,True,train,top,data/retail_images/raw/pullover/princess_polly_sweaters_852ad5878eb2.jpg
data/retail_images/simplified6_raw_full/top/pullover_princess_polly_sweaters_89d9636266ba.jpg,Pullover,1345,1820,RGB,e2c54d39e21ff3a5968e985f3f2ee9e6b883408b60fd0b57a512d7d899017082,True,ok,False,True,train,top,data/retail_images/raw/pullover/princess_polly_sweaters_89d9636266ba.jpg
data/retail_images/simplified6_raw_full/top/pullover_princess_polly_sweaters_a503dcd57564.jpg,Pullover,1345,1820,RGB,5dce9d3d0bfe9bb5a068f6097b0e22f49a4f573ab37972fecd3920a9c9dc110d,True,ok,False,True,train,top,data/retail_images/raw/pullover/princess_polly_sweaters_a503dcd57564.jpg
data/retail_images/simplified6_raw_full/top/pullover_princess_polly_sweaters_bbe6c20ecec5.jpg,Pullover,1345,1821,RGB,885414141a4d815297828f3581c7670c4f9bb8839559ccbb4498b7bcbba4ba55,True,ok,False,True,train,top,data/retail_images/raw/pullover/princess_polly_sweaters_bbe6c20ecec5.jpg
data/retail_images/simplified6_raw_full/top/pullover_princess_polly_sweaters_c67f46785e46.jpg,Pullover,1344,1820,RGB,8230397bbd5f87fb6d314afe7adf7590f8a8396bd18651481b07da7988ad7b2d,True,ok,False,True,train,top,data/retail_images/raw/pullover/princess_polly_sweaters_c67f46785e46.jpg
data/retail_images/simplified6_raw_full/top/pullover_princess_polly_sweaters_da58a62ce67c.jpg,Pullover,1344,1820,RGB,96dc46204da1520534bf338218de14c7730cea6b5d7fcf3676be6c120b3a1a82,True,ok,False,True,train,top,data/retail_images/raw/pullover/princess_polly_sweaters_da58a62ce67c.jpg
data/retail_images/simplified6_raw_full/top/pullover_princess_polly_sweaters_f7d230314216.jpg,Pullover,1345,1820,RGB,8be3a2fb69d17f836c2171ac50e2748399dad941454b3e7fa157282292aeab7a,True,ok,False,True,train,top,data/retail_images/raw/pullover/princess_polly_sweaters_f7d230314216.jpg
data/retail_images/simplified6_raw_full/top/pullover_reformation_sweaters_15a8d5a40b93.jpg,Pullover,600,800,RGB,78e4ea571feeb538190146789cf3c9ed57c686424ae1003c03739d9e18034efa,True,ok,False,True,train,top,data/retail_images/raw/pullover/reformation_sweaters_15a8d5a40b93.jpg
data/retail_images/simplified6_raw_full/top/pullover_reformation_sweaters_2544545bb673.jpg,Pullover,600,800,RGB,061153193892293477496858b2b0634079be86d999788831836553127e22479f,True,ok,False,True,train,top,data/retail_images/raw/pullover/reformation_sweaters_2544545bb673.jpg
data/retail_images/simplified6_raw_full/top/pullover_reformation_sweaters_2afdc11facd6.jpg,Pullover,600,800,RGB,23fa721770a38f559d3b89e48e477a10c90257d18d90af81ef9abce57ab68c9e,True,ok,False,True,train,top,data/retail_images/raw/pullover/reformation_sweaters_2afdc11facd6.jpg
data/retail_images/simplified6_raw_full/top/pullover_reformation_sweaters_3eafa1daace2.jpg,Pullover,600,800,RGB,0202b660a0d2d9b3fd1189f970b1077e16a3ccccddcf7f1798ea7d5f636fcf3e,True,ok,False,True,train,top,data/retail_images/raw/pullover/reformation_sweaters_3eafa1daace2.jpg
data/retail_images/simplified6_raw_full/top/pullover_reformation_sweaters_6db11aecd2b2.jpg,Pullover,600,800,RGB,5b1b4482d9af486133c7dfbbeb6e86b4f0e66b0b93282e6f3e275ab0cfa2b9cd,True,ok,False,True,train,top,data/retail_images/raw/pullover/reformation_sweaters_6db11aecd2b2.jpg
data/retail_images/simplified6_raw_full/top/pullover_reformation_sweaters_83735f5fed34.jpg,Pullover,600,800,RGB,46a79464689b95b6b450c1452dfa15a4a5beb6d3dc30139922c7f0306c33013a,True,ok,False,True,train,top,data/retail_images/raw/pullover/reformation_sweaters_83735f5fed34.jpg
data/retail_images/simplified6_raw_full/top/pullover_reformation_sweaters_9487e53a791a.jpg,Pullover,600,800,RGB,8ca5f0050532019d5cd2aac0b72dfeb6c832cd5d0042c6b21cb3c27233c359f3,True,ok,False,True,train,top,data/retail_images/raw/pullover/reformation_sweaters_9487e53a791a.jpg
data/retail_images/simplified6_raw_full/top/pullover_reformation_sweaters_c00fb071cb69.jpg,Pullover,600,800,RGB,b5b6f853ca929cc0df9a914f2632e064417a68a4567ce6e6451eb495cedaf760,True,ok,False,True,train,top,data/retail_images/raw/pullover/reformation_sweaters_c00fb071cb69.jpg
data/retail_images/simplified6_raw_full/top/pullover_reformation_sweaters_c296d24b0835.jpg,Pullover,600,800,RGB,8435e672551fa9abe5d4860d4fc69983110ea2afde69282c58794f4ec89f9448,True,ok,False,True,train,top,data/retail_images/raw/pullover/reformation_sweaters_c296d24b0835.jpg
data/retail_images/simplified6_raw_full/top/pullover_reformation_sweaters_c4f5a89ac9a5.jpg,Pullover,600,800,RGB,ea3863102600fd5784e7771cf715eca5c55c247e1ca62c2c84740cf4425de773,True,ok,False,True,train,top,data/retail_images/raw/pullover/reformation_sweaters_c4f5a89ac9a5.jpg
data/retail_images/simplified6_raw_full/top/shirt_anthropologie_blouses_0d69378e0e7b.jpg,Shirt,349,523,RGB,b0fdd130759f1dda0ccff944c71e7528e0cac4539c2947a52b2cca7d24c6c1c5,True,ok,False,True,train,top,data/retail_images/raw/shirt/anthropologie_blouses_0d69378e0e7b.jpg
data/retail_images/simplified6_raw_full/top/shirt_anthropologie_blouses_134adf57382c.jpg,Shirt,349,523,RGB,ef72a21082089dd1d0dc473d6dae8bde915c55c45f111aa5d9b3046eae52430c,True,ok,False,True,train,top,data/retail_images/raw/shirt/anthropologie_blouses_134adf57382c.jpg
data/retail_images/simplified6_raw_full/top/shirt_anthropologie_blouses_2d4c74520fb4.jpg,Shirt,349,523,RGB,9a446f727bac379bb3f1f5ba1a47f8b84057d88f946433e3597743590a47ead4,True,ok,False,True,train,top,data/retail_images/raw/shirt/anthropologie_blouses_2d4c74520fb4.jpg
data/retail_images/simplified6_raw_full/top/shirt_anthropologie_blouses_3c008f61b908.jpg,Shirt,349,523,RGB,c5e88af8b59f0f26e0c03ed9f4494ee439e759b5ffb509774ecad5cd714827d5,True,ok,False,True,train,top,data/retail_images/raw/shirt/anthropologie_blouses_3c008f61b908.jpg
data/retail_images/simplified6_raw_full/top/shirt_anthropologie_blouses_4517b3ccb374.jpg,Shirt,349,523,RGB,3e2e1e681c0a3c323b18e77740e21cec4ba91362a56b421818bb9e78525011e8,True,ok,False,True,train,top,data/retail_images/raw/shirt/anthropologie_blouses_4517b3ccb374.jpg
data/retail_images/simplified6_raw_full/top/shirt_anthropologie_blouses_4a327717476d.jpg,Shirt,349,523,RGB,d46c2fa2f261f09e0194997037c339d9cb2c37e321e433d83fbc5b21bee62059,True,ok,False,True,train,top,data/retail_images/raw/shirt/anthropologie_blouses_4a327717476d.jpg
data/retail_images/simplified6_raw_full/top/shirt_anthropologie_blouses_5c64f839f0eb.jpg,Shirt,349,523,RGB,3cb640253a03535abd22013b518cdcbb1ca41f6aab4b5d26837f6a89ca38baa1,True,ok,False,True,train,top,data/retail_images/raw/shirt/anthropologie_blouses_5c64f839f0eb.jpg
data/retail_images/simplified6_raw_full/top/shirt_anthropologie_blouses_75316587c320.webp,Shirt,698,1046,RGB,9c880557c30702e821c0a5caff51dc72ff7edddc72f39b6142877a9270d4b6f0,True,ok,False,True,train,top,data/retail_images/raw/shirt/anthropologie_blouses_75316587c320.webp
data/retail_images/simplified6_raw_full/top/shirt_anthropologie_blouses_7b619e0d16ad.jpg,Shirt,349,523,RGB,527b8411e3f5ebfa6b9a387f26bbbb218e4591e22ae6a3af568e0ae4b90933fa,True,ok,False,True,train,top,data/retail_images/raw/shirt/anthropologie_blouses_7b619e0d16ad.jpg
data/retail_images/simplified6_raw_full/top/shirt_anthropologie_blouses_850b2bf4b764.jpg,Shirt,349,523,RGB,ac1a566e544ed00124e3e63e010b4b99daa2343867bf14914df2fa8c42631e61,True,ok,False,True,train,top,data/retail_images/raw/shirt/anthropologie_blouses_850b2bf4b764.jpg
data/retail_images/simplified6_raw_full/top/shirt_anthropologie_blouses_86b0658c38eb.jpg,Shirt,349,523,RGB,6d98b9c5fdb343f01259cb5e4cacd1647a77ca0f6a87e5dc0ffbe38d54ea87f4,True,ok,False,True,train,top,data/retail_images/raw/shirt/anthropologie_blouses_86b0658c38eb.jpg
data/retail_images/simplified6_raw_full/top/shirt_anthropologie_blouses_899c383d1a40.jpg,Shirt,349,523,RGB,9befb237bf32b4742ea009b0b3147ea5a6a75635a208369069e51d2abd8d4d06,True,ok,False,True,train,top,data/retail_images/raw/shirt/anthropologie_blouses_899c383d1a40.jpg
data/retail_images/simplified6_raw_full/top/shirt_free_people_blouses_0927292eda82.jpg,Shirt,698,1046,RGB,718e55ecd6b29f31276e232b640311101e2032311cd8f12fe3e7743ded876d50,True,ok,False,True,train,top,data/retail_images/raw/shirt/free_people_blouses_0927292eda82.jpg
data/retail_images/simplified6_raw_full/top/shirt_free_people_blouses_3ff76da2a2c2.jpg,Shirt,698,1046,RGB,1b13c21c82b736d9013f36241228993cfddf2b2c5bc89568a871aa28e0e78251,True,ok,False,True,train,top,data/retail_images/raw/shirt/free_people_blouses_3ff76da2a2c2.jpg
data/retail_images/simplified6_raw_full/top/shirt_free_people_blouses_90ec509b5800.webp,Shirt,698,1046,RGB,b8abdfdf3ee6d61d47c1db3f729273dbbe99932bf26cdb646971b0488d99a448,True,ok,False,True,train,top,data/retail_images/raw/shirt/free_people_blouses_90ec509b5800.webp
data/retail_images/simplified6_raw_full/top/shirt_free_people_blouses_a4032379c6c4.webp,Shirt,698,1046,RGB,f1b7e12704e1b40377ed1b14e4e30afffd34a87bef91a8a6fbb87f7e2fecb73c,True,ok,False,True,train,top,data/retail_images/raw/shirt/free_people_blouses_a4032379c6c4.webp
data/retail_images/simplified6_raw_full/top/shirt_free_people_blouses_df632ab7066c.jpg,Shirt,349,523,RGB,131de6344307f03fae583731f9bcb8410d620676eb87a343220a9fd738dd2926,True,ok,False,True,train,top,data/retail_images/raw/shirt/free_people_blouses_df632ab7066c.jpg
data/retail_images/simplified6_raw_full/top/shirt_princess_polly_button_ups_8066147f9829.jpg,Shirt,1365,1820,RGB,b77b35691b82e2108530cb78460e0d290cd1a421f4ee90e00597a3664db385a7,True,ok,False,True,train,top,data/retail_images/raw/shirt/princess_polly_button_ups_8066147f9829.jpg
data/retail_images/simplified6_raw_full/top/shirt_princess_polly_button_ups_ce3e54d55b33.jpg,Shirt,1345,1821,RGB,4c2cd213599ebc7d854d38284ae5aef2124f0f3d1eadcdba105587fa8fed8861,True,ok,False,True,train,top,data/retail_images/raw/shirt/princess_polly_button_ups_ce3e54d55b33.jpg
data/retail_images/simplified6_raw_full/top/shirt_princess_polly_button_ups_d656a55c5e98.jpg,Shirt,1344,1820,RGB,b5a4091a025f39552654a7d1f876df2550974dbc8021378709e7efe6041858e7,True,ok,False,True,train,top,data/retail_images/raw/shirt/princess_polly_button_ups_d656a55c5e98.jpg
data/retail_images/simplified6_raw_full/top/shirt_princess_polly_button_ups_ec53df43e92b.jpg,Shirt,1345,1821,RGB,2814a6ab62e766f48c05633f100cf697a28dabc7b8910d53c5e07b584d5b7ddb,True,ok,False,True,train,top,data/retail_images/raw/shirt/princess_polly_button_ups_ec53df43e92b.jpg
data/retail_images/simplified6_raw_full/top/shirt_princess_polly_shirts_blouses_0b5efedb0d23.jpg,Shirt,1344,1820,RGB,c98ec1806185db4af780d83c847d4bdc3739dbf505e557179fa55cc7b5a4f1db,True,ok,False,True,train,top,data/retail_images/raw/shirt/princess_polly_shirts_blouses_0b5efedb0d23.jpg
data/retail_images/simplified6_raw_full/top/shirt_princess_polly_shirts_blouses_1c38aff5c06a.jpg,Shirt,1344,1820,RGB,dd74bb7a59a5d98df77e403687e472522e9a9d9ad566fd3a7e698f6fb8b0c85b,True,ok,False,True,train,top,data/retail_images/raw/shirt/princess_polly_shirts_blouses_1c38aff5c06a.jpg
data/retail_images/simplified6_raw_full/top/shirt_princess_polly_shirts_blouses_74a4fa3499b0.jpg,Shirt,1344,1820,RGB,9dca711d4e0a673264d9f9ddba6c4a16e5c6e5d54e5971b18791c4a0bfb6b3a4,True,ok,False,True,train,top,data/retail_images/raw/shirt/princess_polly_shirts_blouses_74a4fa3499b0.jpg
data/retail_images/simplified6_raw_full/top/shirt_princess_polly_shirts_blouses_996043d0eb46.jpg,Shirt,1345,1821,RGB,a8138c200b56e451510ae1909bf72a473da9bf4ac8266428cfcc8eaff4933164,True,ok,False,True,train,top,data/retail_images/raw/shirt/princess_polly_shirts_blouses_996043d0eb46.jpg
data/retail_images/simplified6_raw_full/top/shirt_princess_polly_shirts_blouses_b1f1e59cdda9.jpg,Shirt,1344,1820,RGB,7a464ffdabaad9ea673b54a0d109903ff4e2e774ae66b0d3b876b0106e6203b2,True,ok,False,True,train,top,data/retail_images/raw/shirt/princess_polly_shirts_blouses_b1f1e59cdda9.jpg
data/retail_images/simplified6_raw_full/top/shirt_princess_polly_shirts_blouses_c3907a7840ec.jpg,Shirt,1344,1820,RGB,1ba3a2f685107477e7a465f7e9399236d3d945e5cee6836616db146df47aa1f4,True,ok,False,True,train,top,data/retail_images/raw/shirt/princess_polly_shirts_blouses_c3907a7840ec.jpg
data/retail_images/simplified6_raw_full/top/shirt_princess_polly_shirts_blouses_dd09c33cef4d.jpg,Shirt,1345,1820,RGB,fe0f48ffadf3d1f08d4aa7db292d4ffd5ef9188b3ff30ba24123ae8aaa192bd8,True,ok,False,True,train,top,data/retail_images/raw/shirt/princess_polly_shirts_blouses_dd09c33cef4d.jpg
data/retail_images/simplified6_raw_full/top/shirt_urban_outfitters_shirts_blouses_0b5c71defc32.jpg,Shirt,450,675,RGB,632a25d3c92647c83d1c710f6ce4eef7d57ab3054a5a91787c42e283a0f9d842,True,ok,False,True,train,top,data/retail_images/raw/shirt/urban_outfitters_shirts_blouses_0b5c71defc32.jpg
data/retail_images/simplified6_raw_full/top/shirt_urban_outfitters_shirts_blouses_0b7f3d258833.jpg,Shirt,450,675,RGB,27b56d6a3b087b8df18d4f913d7c17b088536511a18a29e7ce4f463921443557,True,ok,False,True,train,top,data/retail_images/raw/shirt/urban_outfitters_shirts_blouses_0b7f3d258833.jpg
data/retail_images/simplified6_raw_full/top/shirt_urban_outfitters_shirts_blouses_34ee471abf91.jpg,Shirt,400,600,RGB,79e95ad56eaa50dcea9697df8f93cf8b699e7d3b062667e0df7fe15741fc1f87,True,ok,False,True,train,top,data/retail_images/raw/shirt/urban_outfitters_shirts_blouses_34ee471abf91.jpg
data/retail_images/simplified6_raw_full/top/shirt_urban_outfitters_shirts_blouses_6f35454508a7.jpg,Shirt,698,1046,RGB,3d897c70d8b9d96c6940b86929a0e017502833e93c628f4dfe21ff8a0e71e851,True,ok,False,True,train,top,data/retail_images/raw/shirt/urban_outfitters_shirts_blouses_6f35454508a7.jpg
data/retail_images/simplified6_raw_full/top/shirt_urban_outfitters_shirts_blouses_9e7dd594ce43.jpg,Shirt,349,523,RGB,50e95d5ad89b93aa6ccb99ba3251532404256ca09fd9be83227d243d16042f0a,True,ok,False,True,train,top,data/retail_images/raw/shirt/urban_outfitters_shirts_blouses_9e7dd594ce43.jpg
data/retail_images/simplified6_raw_full/top/t_shirt_top_brandy_melville_tops_26b2bc1908d9.jpg,T-shirt/top,360,540,RGB,cb73a67bd35d2d1c6fdb8472443dceca552e1dd84cab73a67533b2cc15b476c0,True,ok,False,True,train,top,data/retail_images/raw/t_shirt_top/brandy_melville_tops_26b2bc1908d9.jpg
data/retail_images/simplified6_raw_full/top/t_shirt_top_brandy_melville_tops_2f445afef59d.jpg,T-shirt/top,533,800,RGB,ae3ecfb169611e4449a83ac9219a02cfed16ba941d326f41ff67c5cff68de86d,True,ok,False,True,train,top,data/retail_images/raw/t_shirt_top/brandy_melville_tops_2f445afef59d.jpg
data/retail_images/simplified6_raw_full/top/t_shirt_top_brandy_melville_tops_43417f92a4a3.jpg,T-shirt/top,533,800,RGB,346caf5ad97ba35f713b6513dc4c532564d0e00e48fefb5ee2b6a61cff5c3a65,True,ok,False,True,train,top,data/retail_images/raw/t_shirt_top/brandy_melville_tops_43417f92a4a3.jpg
data/retail_images/simplified6_raw_full/top/t_shirt_top_brandy_melville_tops_49a8549255e5.jpg,T-shirt/top,360,540,RGB,73109766c7d20078171fc3cc482f6e6b929fb6ce559c01bd09fbae8791a8d691,True,ok,False,True,train,top,data/retail_images/raw/t_shirt_top/brandy_melville_tops_49a8549255e5.jpg
data/retail_images/simplified6_raw_full/top/t_shirt_top_brandy_melville_tops_55d5232a7760.jpg,T-shirt/top,360,540,RGB,74e801df4fc28ebc1bec3e990f5f77ebf43e14b420ac7395e29e9b04e768cbcf,True,ok,False,True,train,top,data/retail_images/raw/t_shirt_top/brandy_melville_tops_55d5232a7760.jpg
data/retail_images/simplified6_raw_full/top/t_shirt_top_brandy_melville_tops_676a7ec2431e.jpg,T-shirt/top,360,540,RGB,52de2049351cedc0ced4a6b9a9526dbbdb768a4a6ccebc18088d6c5f73a75b93,True,ok,False,True,train,top,data/retail_images/raw/t_shirt_top/brandy_melville_tops_676a7ec2431e.jpg
data/retail_images/simplified6_raw_full/top/t_shirt_top_brandy_melville_tops_680cd367d03b.jpg,T-shirt/top,533,800,RGB,ae73c739bbcc7b081ab1a3d8d8747bfef0cbfb5d58e74577e0e914991479c9bd,True,ok,False,True,train,top,data/retail_images/raw/t_shirt_top/brandy_melville_tops_680cd367d03b.jpg
data/retail_images/simplified6_raw_full/top/t_shirt_top_brandy_melville_tops_8e355aaeae47.jpg,T-shirt/top,165,248,RGB,16f306451faf775eac90bc71f8b3017d0b937e3fabc8feddd1930be5127e20ff,True,ok,False,True,train,top,data/retail_images/raw/t_shirt_top/brandy_melville_tops_8e355aaeae47.jpg
data/retail_images/simplified6_raw_full/top/t_shirt_top_brandy_melville_tops_b2b1364c2e7b.jpg,T-shirt/top,1000,1500,RGB,a76d096e87be9d2fcc5943047bfd021a66a33251b64e7652d003b6b0d6130f46,True,ok,False,True,train,top,data/retail_images/raw/t_shirt_top/brandy_melville_tops_b2b1364c2e7b.jpg
data/retail_images/simplified6_raw_full/top/t_shirt_top_brandy_melville_tops_b9e51d9b9728.jpg,T-shirt/top,360,540,RGB,7994494d677ee6750570546311e3e5dada1a0ddec357a198a1b8190f64bab71a,True,ok,False,True,train,top,data/retail_images/raw/t_shirt_top/brandy_melville_tops_b9e51d9b9728.jpg
data/retail_images/simplified6_raw_full/top/t_shirt_top_brandy_melville_tops_bd60d5e5e1b0.jpg,T-shirt/top,1000,1500,RGB,7e453cf39e90272093e80b4adf068036edf70d43158e7b9a7bda064cbd28d2bf,True,ok,False,True,train,top,data/retail_images/raw/t_shirt_top/brandy_melville_tops_bd60d5e5e1b0.jpg
data/retail_images/simplified6_raw_full/top/t_shirt_top_brandy_melville_tops_cf8c1adc7b10.jpg,T-shirt/top,360,540,RGB,4662ef40e6c9b5e5c144342da1bc1dce1cdd4b594ba919231f28468f337dcd4e,True,ok,False,True,train,top,data/retail_images/raw/t_shirt_top/brandy_melville_tops_cf8c1adc7b10.jpg
data/retail_images/simplified6_raw_full/top/t_shirt_top_brandy_melville_tops_e39f833af212.jpg,T-shirt/top,360,540,RGB,77f9e0735e0532c7aeb023e51d86e478afd33f155a3e8c0398d5339e96de8e8c,True,ok,False,True,train,top,data/retail_images/raw/t_shirt_top/brandy_melville_tops_e39f833af212.jpg
data/retail_images/simplified6_raw_full/top/t_shirt_top_brandy_melville_tops_page_4_044c789ddf04.jpg,T-shirt/top,165,248,RGB,039638a16fa47484475022572cc1b167cb4cbb2af7aa96c47426a8516b823132,True,ok,False,True,train,top,data/retail_images/raw/t_shirt_top/brandy_melville_tops_page_4_044c789ddf04.jpg
data/retail_images/simplified6_raw_full/top/t_shirt_top_brandy_melville_tops_page_4_137ee632ca9b.jpg,T-shirt/top,360,540,RGB,ec063e69b5b2bb8d254b4b7bfc2aa58ce8950eaad7761d6b770ae2421d91cbee,True,ok,False,True,train,top,data/retail_images/raw/t_shirt_top/brandy_melville_tops_page_4_137ee632ca9b.jpg
data/retail_images/simplified6_raw_full/top/t_shirt_top_brandy_melville_tops_page_4_2902642fc5cf.jpg,T-shirt/top,165,248,RGB,2ad1aae77c2fa6be2766e20aa28af6e4ef74fa1aedfe003dbbd1f2c7b6e2ee98,True,ok,False,True,train,top,data/retail_images/raw/t_shirt_top/brandy_melville_tops_page_4_2902642fc5cf.jpg
data/retail_images/simplified6_raw_full/top/t_shirt_top_brandy_melville_tops_page_4_46f611a3a5a9.jpg,T-shirt/top,165,248,RGB,cb69630d4e5a3e8c421df7cd1d1a9d5c4eace3d4cd276db8f4dbf5ac0454440c,True,ok,False,True,train,top,data/retail_images/raw/t_shirt_top/brandy_melville_tops_page_4_46f611a3a5a9.jpg
data/retail_images/simplified6_raw_full/top/t_shirt_top_brandy_melville_tops_page_4_482bb4971a05.jpg,T-shirt/top,360,540,RGB,597dea9c0bb9b659056e1d4fafd80a095020198a537160398ae3ec845b4abe39,True,ok,False,True,train,top,data/retail_images/raw/t_shirt_top/brandy_melville_tops_page_4_482bb4971a05.jpg
data/retail_images/simplified6_raw_full/top/t_shirt_top_brandy_melville_tops_page_4_5f5de885e34a.jpg,T-shirt/top,165,248,RGB,1218b45025cc07d157d7621bf6f7e75ef68c149de75afbbe0e94552c8cf051cf,True,ok,False,True,train,top,data/retail_images/raw/t_shirt_top/brandy_melville_tops_page_4_5f5de885e34a.jpg
data/retail_images/simplified6_raw_full/top/t_shirt_top_brandy_melville_tops_page_4_703524a05112.jpg,T-shirt/top,533,800,RGB,31e2b7ab3ffc72c9c439e05b63c8f0ec946d0ca5b1b110df8a74b7741d022130,True,ok,False,True,train,top,data/retail_images/raw/t_shirt_top/brandy_melville_tops_page_4_703524a05112.jpg
data/retail_images/simplified6_raw_full/top/t_shirt_top_brandy_melville_tops_page_4_750e24641e84.jpg,T-shirt/top,165,248,RGB,08081d3053bc300e29b0f541604b693af724b314ccb85f4cd55d129ad6003172,True,ok,False,True,train,top,data/retail_images/raw/t_shirt_top/brandy_melville_tops_page_4_750e24641e84.jpg
data/retail_images/simplified6_raw_full/top/t_shirt_top_brandy_melville_tops_page_4_83fea7ea8895.jpg,T-shirt/top,165,248,RGB,53566738117ab62a3ec1afe3ac2ec9f6d67912d44fe1d6f3350388a6b649c7b2,True,ok,False,True,train,top,data/retail_images/raw/t_shirt_top/brandy_melville_tops_page_4_83fea7ea8895.jpg
data/retail_images/simplified6_raw_full/top/t_shirt_top_brandy_melville_tops_page_4_ca9000d0f64f.jpg,T-shirt/top,360,540,RGB,331e89c82b31827e328a6a4788a510440033ffc7df71c1ad4e2e767e455ae460,True,ok,False,True,train,top,data/retail_images/raw/t_shirt_top/brandy_melville_tops_page_4_ca9000d0f64f.jpg
data/retail_images/simplified6_raw_full/top/t_shirt_top_brandy_melville_tops_page_4_ef89a9a1122f.jpg,T-shirt/top,533,800,RGB,a127405606bf6ae7ca86fd969457def062e75f31a0e78475a002e70fee751221,True,ok,False,True,train,top,data/retail_images/raw/t_shirt_top/brandy_melville_tops_page_4_ef89a9a1122f.jpg
data/retail_images/simplified6_raw_full/top/t_shirt_top_reformation_tops_beda761951b4.jpg,T-shirt/top,600,800,RGB,2ed168ae801e2644a9914be4fdff3148e4ea62aa6ee15cb77c3b2c31203c26b8,True,ok,False,True,train,top,data/retail_images/raw/t_shirt_top/reformation_tops_beda761951b4.jpg
data/retail_images/simplified6_raw_full/trouser/trouser_brandy_melville_pants_05804eb6f323.jpg,Trouser,360,540,RGB,15ccdaccd5dcc6aa8eef7e2bc129f84a59251ca254a4284a79d5a4a76df36c87,True,ok,False,True,train,trouser,data/retail_images/raw/trouser/brandy_melville_pants_05804eb6f323.jpg
data/retail_images/simplified6_raw_full/trouser/trouser_brandy_melville_pants_059115266fbf.jpg,Trouser,165,248,RGB,f9b8f2ee68392050e3e1a58441ee81061d1897a09726869d0ee40a72eb209d4d,True,ok,False,True,train,trouser,data/retail_images/raw/trouser/brandy_melville_pants_059115266fbf.jpg
data/retail_images/simplified6_raw_full/trouser/trouser_brandy_melville_pants_063c4b34ec1d.jpg,Trouser,360,540,RGB,82b4ce40b0d0f2a4029e0b0f455d07f79703d4a98d2baa96834f681e4cee1dde,True,ok,False,True,train,trouser,data/retail_images/raw/trouser/brandy_melville_pants_063c4b34ec1d.jpg
data/retail_images/simplified6_raw_full/trouser/trouser_brandy_melville_pants_17ce3a7cc03a.jpg,Trouser,533,800,RGB,bf9b5c9678d9511594eddecf0277b5a2e100fe0fe650064421fc2e5f80efb848,True,ok,False,True,train,trouser,data/retail_images/raw/trouser/brandy_melville_pants_17ce3a7cc03a.jpg
data/retail_images/simplified6_raw_full/trouser/trouser_brandy_melville_pants_25ff169e42f6.jpg,Trouser,533,800,RGB,16dcbb7d5ac0eedc6543232d3198452d772656de258e181a60e7a05131008140,True,ok,False,True,train,trouser,data/retail_images/raw/trouser/brandy_melville_pants_25ff169e42f6.jpg
data/retail_images/simplified6_raw_full/trouser/trouser_brandy_melville_pants_2b26b8ee22eb.jpg,Trouser,533,800,RGB,bfc97b535438fa02201cf3a63098e96dcd55efc34bbf8e2823676464b5a27c36,True,ok,False,True,train,trouser,data/retail_images/raw/trouser/brandy_melville_pants_2b26b8ee22eb.jpg
data/retail_images/simplified6_raw_full/trouser/trouser_brandy_melville_pants_303207e63d31.jpg,Trouser,165,248,RGB,86172cfa1e24caa1e806009a4408494eeb450e9462703a3075231dc26073bb7d,True,ok,False,True,train,trouser,data/retail_images/raw/trouser/brandy_melville_pants_303207e63d31.jpg
data/retail_images/simplified6_raw_full/trouser/trouser_brandy_melville_pants_3376cfec7209.jpg,Trouser,165,248,RGB,a07f735a549c19a40c57eba4fec13ad88aedc6dddeb9b82708e599f29a57b072,True,ok,False,True,train,trouser,data/retail_images/raw/trouser/brandy_melville_pants_3376cfec7209.jpg
data/retail_images/simplified6_raw_full/trouser/trouser_brandy_melville_pants_3b01aa852e57.jpg,Trouser,533,800,RGB,6fcb34e39c67f16e8cf99f05f4326249edc4b9af24971662f33e365fc86c5323,True,ok,False,True,train,trouser,data/retail_images/raw/trouser/brandy_melville_pants_3b01aa852e57.jpg
data/retail_images/simplified6_raw_full/trouser/trouser_brandy_melville_pants_43dd56772753.jpg,Trouser,360,540,RGB,46ab1d34ea77082b673ffde56387f449ae021ad20d86fe7eb6befbe1fd62be55,True,ok,False,True,train,trouser,data/retail_images/raw/trouser/brandy_melville_pants_43dd56772753.jpg
data/retail_images/simplified6_raw_full/trouser/trouser_brandy_melville_pants_4d7510437310.jpg,Trouser,533,800,RGB,74304c0e33008e04cef6476ed5dc7a35f55a130c688c2d44c87d9f56c0824944,True,ok,False,True,train,trouser,data/retail_images/raw/trouser/brandy_melville_pants_4d7510437310.jpg
data/retail_images/simplified6_raw_full/trouser/trouser_brandy_melville_pants_5329dba38eba.jpg,Trouser,360,540,RGB,d3794cbaf822f4f65340bedc3af67d2689fb1a23f18c953421868c380f936c01,True,ok,False,True,train,trouser,data/retail_images/raw/trouser/brandy_melville_pants_5329dba38eba.jpg
data/retail_images/simplified6_raw_full/trouser/trouser_brandy_melville_pants_56f62ab7d63b.jpg,Trouser,533,800,RGB,efa215b14da98da50f5e30a818d31415e5d2f16b029c3278a00fd2e74dab6670,True,ok,False,True,train,trouser,data/retail_images/raw/trouser/brandy_melville_pants_56f62ab7d63b.jpg
data/retail_images/simplified6_raw_full/trouser/trouser_brandy_melville_pants_5952e07e939c.jpg,Trouser,533,800,RGB,6f060bdcd0ffd5ddec82eb6029f5e3552fe064a6f17446fc61a44128ac89347d,True,ok,False,True,train,trouser,data/retail_images/raw/trouser/brandy_melville_pants_5952e07e939c.jpg
data/retail_images/simplified6_raw_full/trouser/trouser_brandy_melville_pants_654d7ec1c905.jpg,Trouser,533,800,RGB,ffafd7ba7c7d5cad19c56b8f4ca04566916741bbe261cf0ded34fd154aabe6f4,True,ok,False,True,train,trouser,data/retail_images/raw/trouser/brandy_melville_pants_654d7ec1c905.jpg
data/retail_images/simplified6_raw_full/trouser/trouser_brandy_melville_pants_688ba18a76c9.jpg,Trouser,360,540,RGB,84e17d42ffdcae725889f6053fc9501f445f8a67f78e99d05973eb1789e49634,True,ok,False,True,train,trouser,data/retail_images/raw/trouser/brandy_melville_pants_688ba18a76c9.jpg
data/retail_images/simplified6_raw_full/trouser/trouser_brandy_melville_pants_689332e2b7a6.jpg,Trouser,533,800,RGB,42dd96315a13f626480ad19d6bd0d7ec564f5dab785c6114f531d30922f5857c,True,ok,False,True,train,trouser,data/retail_images/raw/trouser/brandy_melville_pants_689332e2b7a6.jpg
data/retail_images/simplified6_raw_full/trouser/trouser_brandy_melville_pants_770cf03e6b47.jpg,Trouser,165,248,RGB,86511e2929f7f362a875186b541037613d0d829b2b189e31757a66d970df3e2c,True,ok,False,True,train,trouser,data/retail_images/raw/trouser/brandy_melville_pants_770cf03e6b47.jpg
data/retail_images/simplified6_raw_full/trouser/trouser_brandy_melville_pants_7ba1f7fe45bd.jpg,Trouser,533,800,RGB,f25f6cb69b1e3c372d9f09d2bf332e81cab19d562fe72b1b676c701dbf208f1a,True,ok,False,True,train,trouser,data/retail_images/raw/trouser/brandy_melville_pants_7ba1f7fe45bd.jpg
data/retail_images/simplified6_raw_full/trouser/trouser_brandy_melville_pants_7c28a8123e34.jpg,Trouser,360,540,RGB,3582f0bd4ce2a16eeb7f2255798a6288e859f762ecd2e6ac63655c933d8ccb6e,True,ok,False,True,train,trouser,data/retail_images/raw/trouser/brandy_melville_pants_7c28a8123e34.jpg
data/retail_images/simplified6_raw_full/trouser/trouser_brandy_melville_pants_84d41d9db9b6.jpg,Trouser,165,248,RGB,85b8f9f308f843b1c3024f8e35c89b35ef930399577167bebf9eb2b9b6c22825,True,ok,False,True,train,trouser,data/retail_images/raw/trouser/brandy_melville_pants_84d41d9db9b6.jpg
data/retail_images/simplified6_raw_full/trouser/trouser_brandy_melville_pants_862db7e5a16e.jpg,Trouser,165,248,RGB,b9f3fa3f3d54c7c6606d91aa213b587a76faff1ee96202265a1d105ee39a400c,True,ok,False,True,train,trouser,data/retail_images/raw/trouser/brandy_melville_pants_862db7e5a16e.jpg
data/retail_images/simplified6_raw_full/trouser/trouser_brandy_melville_pants_91732ff018e5.jpg,Trouser,360,540,RGB,81d5954f77aa71eda6c6c0b63f8d13377dcfc716874ade589aa786f94d3bbfe3,True,ok,False,True,train,trouser,data/retail_images/raw/trouser/brandy_melville_pants_91732ff018e5.jpg
data/retail_images/simplified6_raw_full/trouser/trouser_brandy_melville_pants_98e2c2b9c588.jpg,Trouser,165,248,RGB,f7d2afad6a34474c65b7288d72243f1802a1ca87d4b926478593abfba4078886,True,ok,False,True,train,trouser,data/retail_images/raw/trouser/brandy_melville_pants_98e2c2b9c588.jpg
data/retail_images/simplified6_raw_full/trouser/trouser_brandy_melville_pants_9b46709b53fc.jpg,Trouser,533,800,RGB,a48bf26a8f0ec2865191beda018c4224f6b663ff7cd789abbddeea6dd4f69e67,True,ok,False,True,train,trouser,data/retail_images/raw/trouser/brandy_melville_pants_9b46709b53fc.jpg
data/retail_images/simplified6_raw_full/trouser/trouser_brandy_melville_pants_9e0d6611c773.jpg,Trouser,165,248,RGB,0ef8051842b0d3dd426fe461ccb06da9cb320014f4986c6127f8cc5ee7c5720c,True,ok,False,True,train,trouser,data/retail_images/raw/trouser/brandy_melville_pants_9e0d6611c773.jpg
data/retail_images/simplified6_raw_full/trouser/trouser_brandy_melville_pants_9ebaeaef044e.jpg,Trouser,360,540,RGB,4691442877d5dc0fd2b692ab89651c14a2db9dd4489b069b5193cb9b613359d7,True,ok,False,True,train,trouser,data/retail_images/raw/trouser/brandy_melville_pants_9ebaeaef044e.jpg
data/retail_images/simplified6_raw_full/trouser/trouser_brandy_melville_pants_ae9455c205e4.jpg,Trouser,165,248,RGB,a9f0cf2ea7c44006933f11890c1eacc05ffdc01089a36ba6ab4208b918e34b68,True,ok,False,True,train,trouser,data/retail_images/raw/trouser/brandy_melville_pants_ae9455c205e4.jpg
data/retail_images/simplified6_raw_full/trouser/trouser_brandy_melville_pants_b8571b9e313b.jpg,Trouser,360,540,RGB,0124fdbc18ae42d397a3a605238ab16e988b030df066ea5a1081011fd32d7d0d,True,ok,False,True,train,trouser,data/retail_images/raw/trouser/brandy_melville_pants_b8571b9e313b.jpg
data/retail_images/simplified6_raw_full/trouser/trouser_brandy_melville_pants_be69d4f5ac67.jpg,Trouser,165,248,RGB,45d369ee6970e57bf0c75753652fcb56d692598db463383dc3baafb8fa0bb2ec,True,ok,False,True,train,trouser,data/retail_images/raw/trouser/brandy_melville_pants_be69d4f5ac67.jpg
data/retail_images/simplified6_raw_full/trouser/trouser_brandy_melville_pants_c7d695c8e2ed.jpg,Trouser,533,800,RGB,98c90475251113e88128b7856274ef34d0e24b4391d641470153c86bd9d055c2,True,ok,False,True,train,trouser,data/retail_images/raw/trouser/brandy_melville_pants_c7d695c8e2ed.jpg
data/retail_images/simplified6_raw_full/trouser/trouser_brandy_melville_pants_c81fcb24df2e.jpg,Trouser,533,800,RGB,add9f594e2e66ee72241c3f90a496bf01fba45e8b6fc199d186558264826c06e,True,ok,False,True,train,trouser,data/retail_images/raw/trouser/brandy_melville_pants_c81fcb24df2e.jpg
data/retail_images/simplified6_raw_full/trouser/trouser_brandy_melville_pants_cef8312a6206.jpg,Trouser,165,248,RGB,5d58e3e6d3b898da1f09a03fc9baef605bae38806ff00a549270d158592bbebc,True,ok,False,True,train,trouser,data/retail_images/raw/trouser/brandy_melville_pants_cef8312a6206.jpg
data/retail_images/simplified6_raw_full/trouser/trouser_brandy_melville_pants_d5da36f797b3.jpg,Trouser,165,248,RGB,ab8f71942affca9a2f250f4b17550e3292bedf027f150bfd5025ba05c4f68d54,True,ok,False,True,train,trouser,data/retail_images/raw/trouser/brandy_melville_pants_d5da36f797b3.jpg
data/retail_images/simplified6_raw_full/trouser/trouser_brandy_melville_pants_e4ef1d1bf227.jpg,Trouser,360,540,RGB,e2e32b27f39503bf45e1a2061f8d563734b5047217c27e8bf77835fb0be67528,True,ok,False,True,train,trouser,data/retail_images/raw/trouser/brandy_melville_pants_e4ef1d1bf227.jpg
data/retail_images/simplified6_raw_full/trouser/trouser_brandy_melville_pants_e7443c889ab2.jpg,Trouser,533,800,RGB,d9292028790fb54c8ac82e328e4480215eed9070ef485b9c0b0bc6b05725bcbf,True,ok,False,True,train,trouser,data/retail_images/raw/trouser/brandy_melville_pants_e7443c889ab2.jpg
data/retail_images/simplified6_raw_full/trouser/trouser_brandy_melville_pants_ecde28cfeb1b.jpg,Trouser,165,248,RGB,9ccb85366caa8f33ad86bc02d97f580ee067cb569d32852465879ca64521ee2c,True,ok,False,True,train,trouser,data/retail_images/raw/trouser/brandy_melville_pants_ecde28cfeb1b.jpg
data/retail_images/simplified6_raw_full/trouser/trouser_brandy_melville_pants_eed707d8eb20.jpg,Trouser,533,800,RGB,1ad1b6933821c201c8120b3accfcf7c468944168aaa7e30e149e5357f237ed52,True,ok,False,True,train,trouser,data/retail_images/raw/trouser/brandy_melville_pants_eed707d8eb20.jpg
data/retail_images/simplified6_raw_full/trouser/trouser_brandy_melville_pants_f0ca0a6c4474.jpg,Trouser,360,540,RGB,e681bda5ebe2552ab571b73921563bc36b40e26417cce63edb6b406729a8ecf8,True,ok,False,True,train,trouser,data/retail_images/raw/trouser/brandy_melville_pants_f0ca0a6c4474.jpg
data/retail_images/simplified6_raw_full/trouser/trouser_brandy_melville_pants_f8dd69d3cfc2.jpg,Trouser,360,540,RGB,5d25e9439f6eabf827fb8c9268bfd7c3b9c9761aa88306d7d5c24f40be00c2f8,True,ok,False,True,train,trouser,data/retail_images/raw/trouser/brandy_melville_pants_f8dd69d3cfc2.jpg
data/retail_images/simplified6_raw_full/trouser/trouser_princess_polly_pants_0b9209fb19f9.jpg,Trouser,1344,1820,RGB,d0b171c18b2629276161e31caeb3bb55fba54e880db007b479df674c5eea5fe1,True,ok,False,True,train,trouser,data/retail_images/raw/trouser/princess_polly_pants_0b9209fb19f9.jpg
data/retail_images/simplified6_raw_full/trouser/trouser_princess_polly_pants_0bb8e0b870d2.jpg,Trouser,1345,1821,RGB,fd78ddd03aed62793c8582471523986a857f89cf7faee5d2389df01369009f0b,True,ok,False,True,train,trouser,data/retail_images/raw/trouser/princess_polly_pants_0bb8e0b870d2.jpg
data/retail_images/simplified6_raw_full/trouser/trouser_princess_polly_pants_1265aa55f7e4.jpg,Trouser,1344,1820,RGB,b038848905916f6bd8c1f2c4a9ad865ef88f233918a415ba4f163afc989df237,True,ok,False,True,train,trouser,data/retail_images/raw/trouser/princess_polly_pants_1265aa55f7e4.jpg
data/retail_images/simplified6_raw_full/trouser/trouser_princess_polly_pants_127c40606224.jpg,Trouser,1345,1821,RGB,6bb15d43d1cc703980466364b87abe2c3fdef123343abc3fca5bf145d2b21799,True,ok,False,True,train,trouser,data/retail_images/raw/trouser/princess_polly_pants_127c40606224.jpg
data/retail_images/simplified6_raw_full/trouser/trouser_princess_polly_pants_1d7de3ed776f.png,Trouser,296,382,RGB,9679629b48f8f9ee2559fdf956e39a7880b3759eb0e80e1ee84a7a3b581c5b0f,True,ok,False,True,train,trouser,data/retail_images/raw/trouser/princess_polly_pants_1d7de3ed776f.png
data/retail_images/simplified6_raw_full/trouser/trouser_princess_polly_pants_20c466eb3ed2.jpg,Trouser,1345,1820,RGB,4cbc5e2aa65b8dc405efdb91a637324ccfcc89b3e875ddc272bcaebaad930588,True,ok,False,True,train,trouser,data/retail_images/raw/trouser/princess_polly_pants_20c466eb3ed2.jpg
data/retail_images/simplified6_raw_full/trouser/trouser_princess_polly_pants_24e2376be3ca.jpg,Trouser,1344,1820,RGB,0199135add1d652040f88bd887f4cfb00194860af9ce5459077ae4db1411d6dd,True,ok,False,True,train,trouser,data/retail_images/raw/trouser/princess_polly_pants_24e2376be3ca.jpg
data/retail_images/simplified6_raw_full/trouser/trouser_princess_polly_pants_3a262db23aaa.jpg,Trouser,1345,1821,RGB,75b3cc23b8d4e940e6348f53538facdb7cc88abb925b96afee2d458a2f69544f,True,ok,False,True,train,trouser,data/retail_images/raw/trouser/princess_polly_pants_3a262db23aaa.jpg
data/retail_images/simplified6_raw_full/trouser/trouser_princess_polly_pants_4702da360241.jpg,Trouser,1344,1820,RGB,99374bdc4ddf72003443d25020ff49b8400875c0539e2e205d5b518af75a1b5c,True,ok,False,True,train,trouser,data/retail_images/raw/trouser/princess_polly_pants_4702da360241.jpg
data/retail_images/simplified6_raw_full/trouser/trouser_princess_polly_pants_47725178f295.jpg,Trouser,1344,1820,RGB,97fa44d811176883d24272a04df3cbab1d4178696121eb0ddbef72955318f365,True,ok,False,True,train,trouser,data/retail_images/raw/trouser/princess_polly_pants_47725178f295.jpg
data/retail_images/simplified6_raw_full/trouser/trouser_princess_polly_pants_47ec8e3616de.jpg,Trouser,1345,1820,RGB,b88e29e04d7228cab2a44642258166f4869b995edf50292adfa51d6e2f9948e9,True,ok,False,True,train,trouser,data/retail_images/raw/trouser/princess_polly_pants_47ec8e3616de.jpg
data/retail_images/simplified6_raw_full/trouser/trouser_princess_polly_pants_4c39b9983ea6.jpg,Trouser,1345,1820,RGB,ad5d6f5953bd404d588423c165e2f7188a6051eed8f5a32f4ad6ed575f98c9e5,True,ok,False,True,train,trouser,data/retail_images/raw/trouser/princess_polly_pants_4c39b9983ea6.jpg
data/retail_images/simplified6_raw_full/trouser/trouser_princess_polly_pants_50fec2b110f2.jpg,Trouser,1345,1820,RGB,3ffb43e094ba1eb57bbbfbf4ecd05bd98777d0e2faf49e6c3438fe665fe3f811,True,ok,False,True,train,trouser,data/retail_images/raw/trouser/princess_polly_pants_50fec2b110f2.jpg
data/retail_images/simplified6_raw_full/trouser/trouser_princess_polly_pants_53f8947b6a62.jpg,Trouser,1345,1821,RGB,fec87c396a7dc69723a8ec73358cbfc279de281870fd2dc89e373558ea261af6,True,ok,False,True,train,trouser,data/retail_images/raw/trouser/princess_polly_pants_53f8947b6a62.jpg
data/retail_images/simplified6_raw_full/trouser/trouser_princess_polly_pants_585ba1ec21cc.jpg,Trouser,1345,1821,RGB,d72c9a8ddc4b378dfee55c50bf950b9461a28f1aed56f3209488c8ff77df5761,True,ok,False,True,train,trouser,data/retail_images/raw/trouser/princess_polly_pants_585ba1ec21cc.jpg
data/retail_images/simplified6_raw_full/trouser/trouser_princess_polly_pants_61fb93af03f1.jpg,Trouser,1344,1820,RGB,17d53072274c20ff8415962f9cde6279ad2fd6ec2b602a352673e3d378ee5039,True,ok,False,True,train,trouser,data/retail_images/raw/trouser/princess_polly_pants_61fb93af03f1.jpg
data/retail_images/simplified6_raw_full/trouser/trouser_princess_polly_pants_6240f906b71c.jpg,Trouser,1345,1820,RGB,7eaf50c65063847aad712f677588656bee0b4a79883526f2292b4f69136b4ed2,True,ok,False,True,train,trouser,data/retail_images/raw/trouser/princess_polly_pants_6240f906b71c.jpg
data/retail_images/simplified6_raw_full/trouser/trouser_princess_polly_pants_68cea0e3fb7e.jpg,Trouser,1344,1820,RGB,432c749b55e123240ddbb178ec04d8c37aa9b9329284f320c38d18921050d245,True,ok,False,True,train,trouser,data/retail_images/raw/trouser/princess_polly_pants_68cea0e3fb7e.jpg
data/retail_images/simplified6_raw_full/trouser/trouser_princess_polly_pants_69a58c9121f9.png,Trouser,296,382,RGB,c3d44c17d6ed8e2fda504db915cdefff30e3f4399411a92b58bd2ecb9cd2bd07,True,ok,False,True,train,trouser,data/retail_images/raw/trouser/princess_polly_pants_69a58c9121f9.png
data/retail_images/simplified6_raw_full/trouser/trouser_princess_polly_pants_79ab5083d755.jpg,Trouser,1344,1820,RGB,87a6ed31b44cbe7d6c58cbb293966ef53d5bca87f697e356d1f9c2b9eba81f17,True,ok,False,True,train,trouser,data/retail_images/raw/trouser/princess_polly_pants_79ab5083d755.jpg
data/retail_images/simplified6_raw_full/trouser/trouser_princess_polly_pants_7f5ef93dbd22.jpg,Trouser,1345,1820,RGB,3a2b3e00eda70807bb63e7be463698137ff2a22bf93c21c5bf35e942e052a27a,True,ok,False,True,train,trouser,data/retail_images/raw/trouser/princess_polly_pants_7f5ef93dbd22.jpg
data/retail_images/simplified6_raw_full/trouser/trouser_princess_polly_pants_889ce53cd678.jpg,Trouser,1344,1820,RGB,085733507aa8aa8cc7b26f9e1db1ff7b54daebe6d3b08baeb3a8460fa3fa5420,True,ok,False,True,train,trouser,data/retail_images/raw/trouser/princess_polly_pants_889ce53cd678.jpg
data/retail_images/simplified6_raw_full/trouser/trouser_princess_polly_pants_91ce63e17844.jpg,Trouser,1344,1820,RGB,975589bee0930c64ada87340b67dc71a0187bdf7aff872b30fc0536f2af86129,True,ok,False,True,train,trouser,data/retail_images/raw/trouser/princess_polly_pants_91ce63e17844.jpg
data/retail_images/simplified6_raw_full/trouser/trouser_princess_polly_pants_92b582969b4b.png,Trouser,296,382,RGB,98f85917f22dafba0a4f3c2b10987ca1c8103659e20ce51f6279377c3cd05af4,True,ok,False,True,train,trouser,data/retail_images/raw/trouser/princess_polly_pants_92b582969b4b.png
data/retail_images/simplified6_raw_full/trouser/trouser_princess_polly_pants_a21002373cb8.jpg,Trouser,1344,1820,RGB,a772b672f13865e9a09212413c523982be97202cc24a4a1964ea70b58b9ca0e5,True,ok,False,True,train,trouser,data/retail_images/raw/trouser/princess_polly_pants_a21002373cb8.jpg
data/retail_images/simplified6_raw_full/trouser/trouser_princess_polly_pants_a71acf17afad.jpg,Trouser,1344,1820,RGB,22b82b9aecc4cadc32c74b5e2cdf39ae2adaacbc2c33feaac2ea0e868bfa4c1d,True,ok,False,True,train,trouser,data/retail_images/raw/trouser/princess_polly_pants_a71acf17afad.jpg
data/retail_images/simplified6_raw_full/trouser/trouser_princess_polly_pants_aa1f411573b1.jpg,Trouser,1277,1916,RGB,087c2a09da42d73377a09cbc2f0e1a6cda938185c13ae6984ea34b7899dcd6f0,True,ok,False,True,train,trouser,data/retail_images/raw/trouser/princess_polly_pants_aa1f411573b1.jpg
data/retail_images/simplified6_raw_full/trouser/trouser_princess_polly_pants_abce4b849aa1.jpg,Trouser,1345,1820,RGB,6669a538d6fd9a2366e718cb209cdf64daaf8e480c81cf3a703cf1cefb9cd14b,True,ok,False,True,train,trouser,data/retail_images/raw/trouser/princess_polly_pants_abce4b849aa1.jpg
data/retail_images/simplified6_raw_full/trouser/trouser_princess_polly_pants_bcae99b5a43b.jpg,Trouser,1344,1820,RGB,735ff68d84824297c49b4be9031f6d0390c8e9384091055c65dbed53a77a2069,True,ok,False,True,train,trouser,data/retail_images/raw/trouser/princess_polly_pants_bcae99b5a43b.jpg
data/retail_images/simplified6_raw_full/trouser/trouser_princess_polly_pants_c9938621f3c0.jpg,Trouser,1344,1820,RGB,f9e0c6db2f7b9bf63acc8b0f43ee59fb6f25c6c131d329c5c6960bddcfb244a2,True,ok,False,True,train,trouser,data/retail_images/raw/trouser/princess_polly_pants_c9938621f3c0.jpg
data/retail_images/simplified6_raw_full/trouser/trouser_princess_polly_pants_cae0323621a1.jpg,Trouser,1345,1821,RGB,5e42b4b003c15b620194f331635986b205976079b30bf5fd74b5e8e876b3a02a,True,ok,False,True,train,trouser,data/retail_images/raw/trouser/princess_polly_pants_cae0323621a1.jpg
data/retail_images/simplified6_raw_full/trouser/trouser_princess_polly_pants_cfedbd129498.jpg,Trouser,1345,1820,RGB,4651786715662d211e0cab7624727030d941431c8b53338a2b76df42add4c6ed,True,ok,False,True,train,trouser,data/retail_images/raw/trouser/princess_polly_pants_cfedbd129498.jpg
data/retail_images/simplified6_raw_full/trouser/trouser_princess_polly_pants_d4c1af5dfa8c.jpg,Trouser,1344,1820,RGB,83a67f010b24414658b187b6be1acfa91f0c97fb6d731de6568964c19a6a8c34,True,ok,False,True,train,trouser,data/retail_images/raw/trouser/princess_polly_pants_d4c1af5dfa8c.jpg
data/retail_images/simplified6_raw_full/trouser/trouser_princess_polly_pants_d5570c3c3d9c.jpg,Trouser,1344,1820,RGB,71811dc66aa2db0b10abf8f1c42d3171b0ffbdd3c1a310d9c0d235cea6f6f0b8,True,ok,False,True,train,trouser,data/retail_images/raw/trouser/princess_polly_pants_d5570c3c3d9c.jpg
data/retail_images/simplified6_raw_full/trouser/trouser_princess_polly_pants_d9d62b1e98ee.jpg,Trouser,1344,1820,RGB,2437187a4a8cbd130a10f77c1b736616688399e8caa782ce3b499657a1f56c27,True,ok,False,True,train,trouser,data/retail_images/raw/trouser/princess_polly_pants_d9d62b1e98ee.jpg
data/retail_images/simplified6_raw_full/trouser/trouser_princess_polly_pants_dbcf57a07922.jpg,Trouser,1344,1819,RGB,38c9242e3df85ba34f19abe7e4484f6f8e3f65300cb2a5efc581b1d537b635f6,True,ok,False,True,train,trouser,data/retail_images/raw/trouser/princess_polly_pants_dbcf57a07922.jpg
data/retail_images/simplified6_raw_full/trouser/trouser_princess_polly_pants_dc43925bb231.jpg,Trouser,1345,1820,RGB,ece631976fbf778e87e0cb70bf1c974c43bddbbf589809fa2a4e069374efc6a4,True,ok,False,True,train,trouser,data/retail_images/raw/trouser/princess_polly_pants_dc43925bb231.jpg
data/retail_images/simplified6_raw_full/trouser/trouser_princess_polly_pants_dc86f1a7a9ba.jpg,Trouser,1344,1820,RGB,c651997b02f414b32372618146f938d84881584d1aacc016bc1d065137a88387,True,ok,False,True,train,trouser,data/retail_images/raw/trouser/princess_polly_pants_dc86f1a7a9ba.jpg
data/retail_images/simplified6_raw_full/trouser/trouser_princess_polly_pants_dfae2bbfd1e6.jpg,Trouser,1345,1821,RGB,893b5089e9a14535a258dbdaaf85eb5300436dfb1b4afe8c232e2e14eccf58bf,True,ok,False,True,train,trouser,data/retail_images/raw/trouser/princess_polly_pants_dfae2bbfd1e6.jpg
data/retail_images/simplified6_raw_full/trouser/trouser_princess_polly_pants_e612bbee0317.jpg,Trouser,1344,1820,RGB,6a9d4014f218cae7629e43354fac3035d6a7629383c8b4cdf2bb7487696413e1,True,ok,False,True,train,trouser,data/retail_images/raw/trouser/princess_polly_pants_e612bbee0317.jpg
data/retail_images/simplified6_raw_full/trouser/trouser_princess_polly_pants_eb5523e8d8e5.jpg,Trouser,1345,1820,RGB,8ffc4cbed79138b4084e613f578734a0056c4c59ccd643308a46a1b9728d62ed,True,ok,False,True,train,trouser,data/retail_images/raw/trouser/princess_polly_pants_eb5523e8d8e5.jpg
data/retail_images/simplified6_raw_full/trouser/trouser_princess_polly_pants_f0ff12ca438a.jpg,Trouser,1345,1820,RGB,9e051219991a300d308bb9a985c3782876337ef19426aab0585ad38525d289e6,True,ok,False,True,train,trouser,data/retail_images/raw/trouser/princess_polly_pants_f0ff12ca438a.jpg
data/retail_images/simplified6_raw_full/trouser/trouser_princess_polly_pants_f97be6949c06.jpg,Trouser,1344,1820,RGB,4fe7710400da8f3d44dd7284fb280d9594959a8d18a5140ebc6e0a70c9d04bef,True,ok,False,True,train,trouser,data/retail_images/raw/trouser/princess_polly_pants_f97be6949c06.jpg
data/retail_images/simplified6_raw_full/trouser/trouser_princess_polly_pants_fa6e6c85c4e4.jpg,Trouser,1344,1820,RGB,01c327c6f26f1f9f3f049f8077322178cff6cc76631b43ece3277d36f641c48c,True,ok,False,True,train,trouser,data/retail_images/raw/trouser/princess_polly_pants_fa6e6c85c4e4.jpg
data/retail_images/simplified6_raw_full/bag/bag_anthropologie_bags_0e3abfe58323.jpg,Bag,349,523,RGB,05905751a18a6bf4d04bb4517720131bb020da627f39bdbfd9a433a8cd6df877,True,ok,False,True,val,bag,data/retail_images/raw/bag/anthropologie_bags_0e3abfe58323.jpg
data/retail_images/simplified6_raw_full/bag/bag_anthropologie_bags_0ebf2492d134.jpg,Bag,349,523,RGB,698db5593ae3d4195fa2f58c2a543e2097633772949a80b92a8fd7cb7bda5304,True,ok,False,True,val,bag,data/retail_images/raw/bag/anthropologie_bags_0ebf2492d134.jpg
data/retail_images/simplified6_raw_full/bag/bag_anthropologie_bags_492c901c018f.jpg,Bag,698,1046,RGB,64aa0c085fa598213f8f25edead8cf2e5395aeb276c342b549e04de0532e046f,True,ok,False,True,val,bag,data/retail_images/raw/bag/anthropologie_bags_492c901c018f.jpg
data/retail_images/simplified6_raw_full/bag/bag_anthropologie_bags_969b07b4500a.jpg,Bag,349,523,RGB,47093d8f33dcd8273905fae14e6373e6c37d7aa8d94beacaa5ef41173c2a44cf,True,ok,False,True,val,bag,data/retail_images/raw/bag/anthropologie_bags_969b07b4500a.jpg
data/retail_images/simplified6_raw_full/bag/bag_anthropologie_bags_c7f08ce0cc27.webp,Bag,2882,498,RGB,983fb3c4a8983284f1fa062c016f9adad94424b241eec3d9d72c1eb9d16ffbb3,True,ok,False,True,val,bag,data/retail_images/raw/bag/anthropologie_bags_c7f08ce0cc27.webp
data/retail_images/simplified6_raw_full/bag/bag_princess_polly_bags_0c2f2ba8dc76.jpg,Bag,1345,1820,RGB,3f67303d3d063c686f23e40d08e781d7a2153d7c927c179a63f34a326a7befac,True,ok,False,True,val,bag,data/retail_images/raw/bag/princess_polly_bags_0c2f2ba8dc76.jpg
data/retail_images/simplified6_raw_full/bag/bag_princess_polly_bags_1f79e87cb9a4.jpg,Bag,1344,1820,RGB,8bb25dc12347bbfb6c125ae0a46747b21d6a7e8f89c2dbb2d76fcaf8965916c8,True,ok,False,True,val,bag,data/retail_images/raw/bag/princess_polly_bags_1f79e87cb9a4.jpg
data/retail_images/simplified6_raw_full/bag/bag_princess_polly_bags_20cf83fd9c98.jpg,Bag,1345,1820,RGB,e51b17839a18b5483d1c7b486fb7675f093886b6cdcdca785dbc5211f365a6a1,True,ok,False,True,val,bag,data/retail_images/raw/bag/princess_polly_bags_20cf83fd9c98.jpg
data/retail_images/simplified6_raw_full/bag/bag_princess_polly_bags_2e78053ed613.jpg,Bag,1344,1819,RGB,573c5d1e67e9a9adf90483b0f45e9bc5c3d63412920918fef35ef2dc81bf15bf,True,ok,False,True,val,bag,data/retail_images/raw/bag/princess_polly_bags_2e78053ed613.jpg
data/retail_images/simplified6_raw_full/bag/bag_princess_polly_bags_33fcaf763677.jpg,Bag,1344,1820,RGB,5cb723125cc3b7e1d158d810912d57a2968ffe28f9c7ecf3362bcb6e196a87a9,True,ok,False,True,val,bag,data/retail_images/raw/bag/princess_polly_bags_33fcaf763677.jpg
data/retail_images/simplified6_raw_full/bag/bag_princess_polly_bags_3f8a4736057b.jpg,Bag,1344,1820,RGB,931fb5ffa9a8ac0db316a560bd44fa40d4e0545c1e56e8657bafa92215c7bee0,True,ok,False,True,val,bag,data/retail_images/raw/bag/princess_polly_bags_3f8a4736057b.jpg
data/retail_images/simplified6_raw_full/bag/bag_princess_polly_bags_915aa4be690a.jpg,Bag,1344,1820,RGB,08ef2a8935c9a2b0f67b5ca7945db90a3cf3a18c42f5132ccb073a5c4d5d3fb6,True,ok,False,True,val,bag,data/retail_images/raw/bag/princess_polly_bags_915aa4be690a.jpg
data/retail_images/simplified6_raw_full/bag/bag_princess_polly_bags_a1d2f0adb97c.jpg,Bag,1344,1820,RGB,ed9d197e3de1ad2bdf6dc9605fe40c3f1fe1bff39a1c46e76b1361a98783e390,True,ok,False,True,val,bag,data/retail_images/raw/bag/princess_polly_bags_a1d2f0adb97c.jpg
data/retail_images/simplified6_raw_full/bag/bag_princess_polly_bags_d6e6780fbe27.jpg,Bag,1345,1820,RGB,69b971b6677646822c7ab7514d6810a79269515b3432470bc3218fa1c0572442,True,ok,False,True,val,bag,data/retail_images/raw/bag/princess_polly_bags_d6e6780fbe27.jpg
data/retail_images/simplified6_raw_full/bag/bag_princess_polly_bags_dc53e42a72c9.jpg,Bag,1344,1820,RGB,070fb662c0d12770dfccd29974c62df13cc93122318a3d2d6badd9e7110f7b52,True,ok,False,True,val,bag,data/retail_images/raw/bag/princess_polly_bags_dc53e42a72c9.jpg
data/retail_images/simplified6_raw_full/bag/bag_princess_polly_bags_eff5cdf53d2e.jpg,Bag,1345,1820,RGB,d4012f965d79453514e599c5d80fb28951d314fee89a06d666ecf62944019a5f,True,ok,False,True,val,bag,data/retail_images/raw/bag/princess_polly_bags_eff5cdf53d2e.jpg
data/retail_images/simplified6_raw_full/bag/bag_princess_polly_bags_f3819a4922f3.jpg,Bag,1344,1820,RGB,deff1b2e38821b0fc67727e2706f646b34ca1e80be31c19569bdba6b6cac1579,True,ok,False,True,val,bag,data/retail_images/raw/bag/princess_polly_bags_f3819a4922f3.jpg
data/retail_images/simplified6_raw_full/bag/bag_princess_polly_bags_f9a1b3cff753.jpg,Bag,1345,1821,RGB,28cb29ba7d59a5a3dd73d73a8224161bb4920faf99dd63cc5708b760acbbb713,True,ok,False,True,val,bag,data/retail_images/raw/bag/princess_polly_bags_f9a1b3cff753.jpg
data/retail_images/simplified6_raw_full/dress/dress_anthropologie_dresses_1eb0f4c69358.jpg,Dress,698,1046,RGB,dfcecbe56fcd11b36a53e809b34a39f2ae11e67906a3e6fe2d406a9e0e5ac47f,True,ok,False,True,val,dress,data/retail_images/raw/dress/anthropologie_dresses_1eb0f4c69358.jpg
data/retail_images/simplified6_raw_full/dress/dress_anthropologie_dresses_37e095016f9e.jpg,Dress,349,523,RGB,a08b60f9de47c81b04397dbcced580d8dc36eb17e71dcf818ef245b55a9cba6e,True,ok,False,True,val,dress,data/retail_images/raw/dress/anthropologie_dresses_37e095016f9e.jpg
data/retail_images/simplified6_raw_full/dress/dress_anthropologie_dresses_4dcfb3f211e5.jpg,Dress,349,523,RGB,721387675649e3d939e30596833eb59b3a724ac76264ed0d95259a6415adf3f2,True,ok,False,True,val,dress,data/retail_images/raw/dress/anthropologie_dresses_4dcfb3f211e5.jpg
data/retail_images/simplified6_raw_full/dress/dress_anthropologie_dresses_a1c17e695cc8.jpg,Dress,349,523,RGB,e35991c6856af0490131ae9739aaa926be9c808510557d716630722f67ea3acd,True,ok,False,True,val,dress,data/retail_images/raw/dress/anthropologie_dresses_a1c17e695cc8.jpg
data/retail_images/simplified6_raw_full/dress/dress_anthropologie_dresses_b2690778f3e2.webp,Dress,349,523,RGB,a2aa35335c3220cd3294a5c599446dbad15a1addaa0471bb8c9954182160a0f2,True,ok,False,True,val,dress,data/retail_images/raw/dress/anthropologie_dresses_b2690778f3e2.webp
data/retail_images/simplified6_raw_full/dress/dress_anthropologie_dresses_b52d77c3a6a9.jpg,Dress,349,523,RGB,e2f06498d2f82bbb3f1d737c76f2a7d28c4cba20a55a8616bae9ce02ed6d1992,True,ok,False,True,val,dress,data/retail_images/raw/dress/anthropologie_dresses_b52d77c3a6a9.jpg
data/retail_images/simplified6_raw_full/dress/dress_anthropologie_dresses_d2e785499b2b.jpg,Dress,349,523,RGB,9f1c00508f3ca1def51232ff8219140f8567b644617cdc6b4ba2e2bd048a1819,True,ok,False,True,val,dress,data/retail_images/raw/dress/anthropologie_dresses_d2e785499b2b.jpg
data/retail_images/simplified6_raw_full/dress/dress_anthropologie_dresses_e6a4b66763f1.jpg,Dress,698,1046,RGB,eefc1039f684ad518e6c216706c0d4b060fc9bea8a7fc8d369dfee32d77dd326,True,ok,False,True,val,dress,data/retail_images/raw/dress/anthropologie_dresses_e6a4b66763f1.jpg
data/retail_images/simplified6_raw_full/dress/dress_anthropologie_dresses_effbad416e99.webp,Dress,698,1046,RGB,17536588ed9ab138f721addd55bcd0b6b867292700143880004e932f12d6890a,True,ok,False,True,val,dress,data/retail_images/raw/dress/anthropologie_dresses_effbad416e99.webp
data/retail_images/simplified6_raw_full/dress/dress_princess_polly_dresses_2b8437c2a06d.jpg,Dress,1344,1820,RGB,bc11b52593dc4a833de702e3503f413ee445b6cf2959a2548bef2219f8dbf48d,True,ok,False,True,val,dress,data/retail_images/raw/dress/princess_polly_dresses_2b8437c2a06d.jpg
data/retail_images/simplified6_raw_full/dress/dress_princess_polly_dresses_71e11be3e3e1.jpg,Dress,1344,1820,RGB,afa28395e42d1a7e6658d01d17db17a29fb663a029ee201bb763a1088b4e83a5,True,ok,False,True,val,dress,data/retail_images/raw/dress/princess_polly_dresses_71e11be3e3e1.jpg
data/retail_images/simplified6_raw_full/dress/dress_princess_polly_dresses_733fa24e5dae.jpg,Dress,1344,1820,RGB,160483b8e572b12185b5e887e6787d1c8d0f384a1c0b06c54c72e1076340f5e1,True,ok,False,True,val,dress,data/retail_images/raw/dress/princess_polly_dresses_733fa24e5dae.jpg
data/retail_images/simplified6_raw_full/dress/dress_princess_polly_dresses_7ed8d09f145d.jpg,Dress,1345,1821,RGB,28b21b0ae072e389de44477f560e0acb2c16af7ce6a433bd5538d0f146c46865,True,ok,False,True,val,dress,data/retail_images/raw/dress/princess_polly_dresses_7ed8d09f145d.jpg
data/retail_images/simplified6_raw_full/dress/dress_princess_polly_dresses_963ad7ba0253.jpg,Dress,1344,1820,RGB,1e869d9da9f7df771eed9c50579199c2bfc65a6153e4207cf77cd993344168b1,True,ok,False,True,val,dress,data/retail_images/raw/dress/princess_polly_dresses_963ad7ba0253.jpg
data/retail_images/simplified6_raw_full/dress/dress_reformation_dresses_0e1fe8b0e856.jpg,Dress,600,800,RGB,96d503a338c09b1a3315b988a2e64efc2e3f6ccbefe4e3916b9a517236466660,True,ok,False,True,val,dress,data/retail_images/raw/dress/reformation_dresses_0e1fe8b0e856.jpg
data/retail_images/simplified6_raw_full/dress/dress_reformation_dresses_1f7a4792ee1c.jpg,Dress,600,800,RGB,13c672123676e86ed54689578dcef3abae04f1e75d4123c8a2af32ce4b3cade0,True,ok,False,True,val,dress,data/retail_images/raw/dress/reformation_dresses_1f7a4792ee1c.jpg
data/retail_images/simplified6_raw_full/dress/dress_reformation_dresses_6f3f6aeb1c79.jpg,Dress,600,800,RGB,5695e5779560fe8a183d1185e788d77d14274f96cfef5a724d954c3c9055cf35,True,ok,False,True,val,dress,data/retail_images/raw/dress/reformation_dresses_6f3f6aeb1c79.jpg
data/retail_images/simplified6_raw_full/dress/dress_reformation_dresses_b5ca22ac4597.jpg,Dress,600,800,RGB,d45ced369f31e246ea0ae283fdec856892c80e9994ec2d01f23fb46f3efca1e5,True,ok,False,True,val,dress,data/retail_images/raw/dress/reformation_dresses_b5ca22ac4597.jpg
data/retail_images/simplified6_raw_full/footwear/ankle_boot_anthropologie_boot_shop_2fc34c57c931.jpg,Ankle boot,349,523,RGB,ea570fc2a1d2d08e80a5b6ab189d2bd6983cc9ed81f192c6c0a52e48760d9af8,True,ok,False,True,val,footwear,data/retail_images/raw/ankle_boot/anthropologie_boot_shop_2fc34c57c931.jpg
data/retail_images/simplified6_raw_full/footwear/ankle_boot_anthropologie_boot_shop_bf244bcdd0e8.jpg,Ankle boot,349,523,RGB,0adcc0fc9e749e9d94522d8267e8eb98a0f544a10e46efbfe552840cea108af4,True,ok,False,True,val,footwear,data/retail_images/raw/ankle_boot/anthropologie_boot_shop_bf244bcdd0e8.jpg
data/retail_images/simplified6_raw_full/footwear/ankle_boot_anthropologie_boot_shop_ddd90f978a1a.webp,Ankle boot,349,523,RGB,11b73fb6f7c25cd74969a2e86759b3ec23a33738f629a64553c5769a249704e2,True,ok,False,True,val,footwear,data/retail_images/raw/ankle_boot/anthropologie_boot_shop_ddd90f978a1a.webp
data/retail_images/simplified6_raw_full/footwear/ankle_boot_princess_polly_boots_39dc8cbd3133.jpg,Ankle boot,1345,1820,RGB,f898b23f4de675fa9a2924842a24f768a93248fbd7b4e7efae2ba07f2a8ef38d,True,ok,False,True,val,footwear,data/retail_images/raw/ankle_boot/princess_polly_boots_39dc8cbd3133.jpg
data/retail_images/simplified6_raw_full/footwear/ankle_boot_princess_polly_boots_443c437d3810.jpg,Ankle boot,1345,1820,RGB,3c3e544f55689b1bf48a9c4c26cbfa3ef1ea7e58464a372af3ed8d30596d8437,True,ok,False,True,val,footwear,data/retail_images/raw/ankle_boot/princess_polly_boots_443c437d3810.jpg
data/retail_images/simplified6_raw_full/footwear/ankle_boot_princess_polly_boots_adac476f7e51.jpg,Ankle boot,1344,1820,RGB,fd19f4572eee990e5bfcee6dd5e6750268a5b4337c4f579f5255959f6faead70,True,ok,False,True,val,footwear,data/retail_images/raw/ankle_boot/princess_polly_boots_adac476f7e51.jpg
data/retail_images/simplified6_raw_full/footwear/ankle_boot_princess_polly_boots_bf77ebeeafa8.jpg,Ankle boot,1345,1821,RGB,673030fd688743dfeddc60e6b2f99d6677d0e3af55edad00977b7c4977c00bbe,True,ok,False,True,val,footwear,data/retail_images/raw/ankle_boot/princess_polly_boots_bf77ebeeafa8.jpg
data/retail_images/simplified6_raw_full/footwear/ankle_boot_princess_polly_boots_e471e99cbee3.jpg,Ankle boot,1344,1820,RGB,e2be33634183b8df6e675888420c2704ff6812911485c8e136a063a15919f203,True,ok,False,True,val,footwear,data/retail_images/raw/ankle_boot/princess_polly_boots_e471e99cbee3.jpg
data/retail_images/simplified6_raw_full/footwear/ankle_boot_princess_polly_boots_f1422dcdfefa.jpg,Ankle boot,1345,1820,RGB,e6bfc6a2bdc25f5351c204db50bdac3ffa984580643ceb6209d2c618a21af6f8,True,ok,False,True,val,footwear,data/retail_images/raw/ankle_boot/princess_polly_boots_f1422dcdfefa.jpg
data/retail_images/simplified6_raw_full/footwear/sandal_princess_polly_sandals_590830a82ba8.jpg,Sandal,1344,1820,RGB,04b29851823c82e2388254c3121d81b6dd74904321a2cd816a7603feca697bf1,True,ok,False,True,val,footwear,data/retail_images/raw/sandal/princess_polly_sandals_590830a82ba8.jpg
data/retail_images/simplified6_raw_full/footwear/sandal_princess_polly_sandals_f55eb7aa707b.jpg,Sandal,1344,1820,RGB,9db89f1c7160c0a59093af7a24b5504770a0c77c27cdee5c3e2333c47bebe2a2,True,ok,False,True,val,footwear,data/retail_images/raw/sandal/princess_polly_sandals_f55eb7aa707b.jpg
data/retail_images/simplified6_raw_full/footwear/sneaker_anthropologie_sneakers_4cfa9d6b3985.jpg,Sneaker,349,523,RGB,dd8226f1bbd46c8a1b31db8af6e810a8d85363bc15e8aea0a1789ef4560e404f,True,ok,False,True,val,footwear,data/retail_images/raw/sneaker/anthropologie_sneakers_4cfa9d6b3985.jpg
data/retail_images/simplified6_raw_full/footwear/sneaker_anthropologie_sneakers_67b9434d492a.jpg,Sneaker,349,523,RGB,9315bd402b99b9f9bf21e24fb4e17621929252cd90a17c594769794e502c811c,True,ok,False,True,val,footwear,data/retail_images/raw/sneaker/anthropologie_sneakers_67b9434d492a.jpg
data/retail_images/simplified6_raw_full/footwear/sneaker_anthropologie_sneakers_6a89fd59c616.jpg,Sneaker,349,523,RGB,c722596530605636afb84d3896e09f808ff0a6d2a30e28a8a8d03b54af81000d,True,ok,False,True,val,footwear,data/retail_images/raw/sneaker/anthropologie_sneakers_6a89fd59c616.jpg
data/retail_images/simplified6_raw_full/footwear/sneaker_anthropologie_sneakers_74f6588afa9c.jpg,Sneaker,698,1046,RGB,14cafd11d27711f2fff90aedbd40c57a0ae2cc0eaf364d3ef0edcee2786a04c5,True,ok,False,True,val,footwear,data/retail_images/raw/sneaker/anthropologie_sneakers_74f6588afa9c.jpg
data/retail_images/simplified6_raw_full/footwear/sneaker_anthropologie_sneakers_d1fb051bedea.jpg,Sneaker,349,523,RGB,a84eea661dae5d270987cbc78dd2486feb9645a49af135418b1f91296a7a9b9d,True,ok,False,True,val,footwear,data/retail_images/raw/sneaker/anthropologie_sneakers_d1fb051bedea.jpg
data/retail_images/simplified6_raw_full/footwear/sneaker_princess_polly_sneakers_96d768b6d56e.jpg,Sneaker,1344,1820,RGB,f34414e31182f3e812c734907409527aa7c1ce3a4e4a1e238d008b6851744b89,True,ok,False,True,val,footwear,data/retail_images/raw/sneaker/princess_polly_sneakers_96d768b6d56e.jpg
data/retail_images/simplified6_raw_full/footwear/sneaker_urban_outfitters_sneakers_0265f48296f5.jpg,Sneaker,450,675,RGB,478ee931ff47fc0ebaaca1fea6ab34a7c25853bff6a1e22945a8c09eb63688ea,True,ok,False,True,val,footwear,data/retail_images/raw/sneaker/urban_outfitters_sneakers_0265f48296f5.jpg
data/retail_images/simplified6_raw_full/outerwear/coat_princess_polly_jackets_901cd8cdc415.jpg,Coat,1345,1820,RGB,df266cba516cd9ade8ee03cc03ca68e1437ab252f7033bef9d4949c99dce2c4e,True,ok,False,True,val,outerwear,data/retail_images/raw/coat/princess_polly_jackets_901cd8cdc415.jpg
data/retail_images/simplified6_raw_full/outerwear/coat_reformation_jackets_and_coats_0a0346e4a700.jpg,Coat,600,800,RGB,32b03c80b20f15bd4f84e5c074dbea32a37c767db10caa4cd20339601c162ac8,True,ok,False,True,val,outerwear,data/retail_images/raw/coat/reformation_jackets_and_coats_0a0346e4a700.jpg
data/retail_images/simplified6_raw_full/outerwear/coat_reformation_jackets_and_coats_13afbe39d8ff.jpg,Coat,600,800,RGB,eb669ab8f7f899bd9df9e23d7e3bca1a16d932b1404672dfeb7ee9c0eb6a660f,True,ok,False,True,val,outerwear,data/retail_images/raw/coat/reformation_jackets_and_coats_13afbe39d8ff.jpg
data/retail_images/simplified6_raw_full/outerwear/coat_reformation_jackets_and_coats_1ecf8117cc1b.jpg,Coat,600,800,RGB,44b36d27d06674904faed633001f2426983bf598396700419f63eb51b2bb8141,True,ok,False,True,val,outerwear,data/retail_images/raw/coat/reformation_jackets_and_coats_1ecf8117cc1b.jpg
data/retail_images/simplified6_raw_full/outerwear/coat_reformation_jackets_and_coats_4612324284a6.jpg,Coat,600,800,RGB,5a59f400e9799b23c37d17bd71f548d5a6ca39a212004c33f6cf3313050cdab5,True,ok,False,True,val,outerwear,data/retail_images/raw/coat/reformation_jackets_and_coats_4612324284a6.jpg
data/retail_images/simplified6_raw_full/outerwear/coat_reformation_jackets_and_coats_4c7c5a1d4603.jpg,Coat,600,800,RGB,47f5ed2b101dc9fc9402d3add67b718525c24c00fb66ca95ef929aab846f19b2,True,ok,False,True,val,outerwear,data/retail_images/raw/coat/reformation_jackets_and_coats_4c7c5a1d4603.jpg
data/retail_images/simplified6_raw_full/outerwear/coat_reformation_jackets_and_coats_6289a8e0b47d.jpg,Coat,600,800,RGB,4632b4d862d8cc850e2e9ad44eb939a6843580e0ba36c3175e892973ce68f44e,True,ok,False,True,val,outerwear,data/retail_images/raw/coat/reformation_jackets_and_coats_6289a8e0b47d.jpg
data/retail_images/simplified6_raw_full/outerwear/coat_reformation_jackets_and_coats_f8c4429dc9f3.jpg,Coat,600,800,RGB,99b6ddb01822898afaa525910c4687b05aeaf31e5e1b24c6c453ba31ef9d4647,True,ok,False,True,val,outerwear,data/retail_images/raw/coat/reformation_jackets_and_coats_f8c4429dc9f3.jpg
data/retail_images/simplified6_raw_full/outerwear/coat_reformation_outerwear_1010aef461c4.jpg,Coat,600,800,RGB,b8dd8850425c65c0a0945ab9db49b6f5426bcfe3d82cad87b52511f68bd54666,True,ok,False,True,val,outerwear,data/retail_images/raw/coat/reformation_outerwear_1010aef461c4.jpg
data/retail_images/simplified6_raw_full/outerwear/coat_reformation_outerwear_22fd2d4071e5.jpg,Coat,600,800,RGB,cea6bed796943319e33908366a1175c09f2fb059d1cb23da577ab017077c1b69,True,ok,False,True,val,outerwear,data/retail_images/raw/coat/reformation_outerwear_22fd2d4071e5.jpg
data/retail_images/simplified6_raw_full/outerwear/coat_reformation_outerwear_3671d7ab4c43.jpg,Coat,600,800,RGB,f1126b03f0d0f49895052ada341fb7ebc1e018267fe8edb265a2b49bba7acf7c,True,ok,False,True,val,outerwear,data/retail_images/raw/coat/reformation_outerwear_3671d7ab4c43.jpg
data/retail_images/simplified6_raw_full/outerwear/coat_reformation_outerwear_69edfa222ddb.jpg,Coat,600,800,RGB,bc5714fab883f624257d0fba63b674d6d61d478bb2079bc08605b3dd1fcf7173,True,ok,False,True,val,outerwear,data/retail_images/raw/coat/reformation_outerwear_69edfa222ddb.jpg
data/retail_images/simplified6_raw_full/outerwear/coat_reformation_outerwear_73ee7224801d.jpg,Coat,600,800,RGB,0cba74411117f41a0d5e9439dc3213ec465681b78ce3302b22f1dae55c931c43,True,ok,False,True,val,outerwear,data/retail_images/raw/coat/reformation_outerwear_73ee7224801d.jpg
data/retail_images/simplified6_raw_full/outerwear/coat_reformation_outerwear_bc2dd615a3a5.jpg,Coat,600,800,RGB,74be8ba74057fd26207923bccf2ea0cde88ef4fe7fc61c74d308fb1bfcda0217,True,ok,False,True,val,outerwear,data/retail_images/raw/coat/reformation_outerwear_bc2dd615a3a5.jpg
data/retail_images/simplified6_raw_full/outerwear/coat_reformation_outerwear_cf2c2b092879.jpg,Coat,600,800,RGB,e8768b14d3d51767568d55d181fbd2fcdef6c38038ce6e099d5ac4eaefa21bb7,True,ok,False,True,val,outerwear,data/retail_images/raw/coat/reformation_outerwear_cf2c2b092879.jpg
data/retail_images/simplified6_raw_full/outerwear/coat_reformation_outerwear_d56db7d0ae80.jpg,Coat,240,320,RGB,1d3c6084aa8a3cd26b2c11661b8e27c1e69d6b64903f7fc776f4835368d619bf,True,ok,False,True,val,outerwear,data/retail_images/raw/coat/reformation_outerwear_d56db7d0ae80.jpg
data/retail_images/simplified6_raw_full/outerwear/coat_reformation_outerwear_dea0a031cd41.jpg,Coat,600,800,RGB,a9186f20c7eb0fff5ae0f0d07163f6bace7f73909acb88a94c3cbe69d63be4bb,True,ok,False,True,val,outerwear,data/retail_images/raw/coat/reformation_outerwear_dea0a031cd41.jpg
data/retail_images/simplified6_raw_full/outerwear/coat_reformation_outerwear_f4a90f725965.jpg,Coat,240,320,RGB,55bc6cdef08d1f20b6de6cd9c20f7caecbc791a641c972bdbe5b26650ceb6618,True,ok,False,True,val,outerwear,data/retail_images/raw/coat/reformation_outerwear_f4a90f725965.jpg
data/retail_images/simplified6_raw_full/top/pullover_princess_polly_sweaters_0c9792ba1cbb.jpg,Pullover,1345,1820,RGB,894d53900a9e95281942f3e2b01a0606fd88fc14a6453cf95f25084405049f13,True,ok,False,True,val,top,data/retail_images/raw/pullover/princess_polly_sweaters_0c9792ba1cbb.jpg
data/retail_images/simplified6_raw_full/top/pullover_princess_polly_sweaters_71ea450245e9.jpg,Pullover,1344,1820,RGB,6617104713559908093a4a9d37ff38a9092e6d9e1e48c710c73b1191590fd833,True,ok,False,True,val,top,data/retail_images/raw/pullover/princess_polly_sweaters_71ea450245e9.jpg
data/retail_images/simplified6_raw_full/top/pullover_reformation_sweaters_1ec9b8c27d10.jpg,Pullover,600,800,RGB,5eef666f5fbc9d703ed735801e7d40ddcb69ff5e4cc39fc250f989d571efebf6,True,ok,False,True,val,top,data/retail_images/raw/pullover/reformation_sweaters_1ec9b8c27d10.jpg
data/retail_images/simplified6_raw_full/top/pullover_reformation_sweaters_c8bd53c996ec.jpg,Pullover,600,800,RGB,86a6cfba4ac98959743dc2684a8f368559d8b43fca577c6d73e16ef529f7ac00,True,ok,False,True,val,top,data/retail_images/raw/pullover/reformation_sweaters_c8bd53c996ec.jpg
data/retail_images/simplified6_raw_full/top/pullover_reformation_sweaters_dc6adcac5df8.jpg,Pullover,600,800,RGB,545a1bbbc54c323d4b6a55f1986b178a7079f7c2e130474bca60eeda924129fe,True,ok,False,True,val,top,data/retail_images/raw/pullover/reformation_sweaters_dc6adcac5df8.jpg
data/retail_images/simplified6_raw_full/top/shirt_anthropologie_blouses_50133ce31eaf.jpg,Shirt,349,523,RGB,7f0eb412dfd1cc2feb9ac5d21d8882fb2ce9f5d200c1d2ba91aaed8f334aef5a,True,ok,False,True,val,top,data/retail_images/raw/shirt/anthropologie_blouses_50133ce31eaf.jpg
data/retail_images/simplified6_raw_full/top/shirt_free_people_blouses_91c44611637c.jpg,Shirt,698,1046,RGB,30d4d956aa35e965f7652948466e01d311353247d1c51194c4aa0e3a0047e3d0,True,ok,False,True,val,top,data/retail_images/raw/shirt/free_people_blouses_91c44611637c.jpg
data/retail_images/simplified6_raw_full/top/shirt_free_people_blouses_9b971541b5b2.jpg,Shirt,698,1046,RGB,fd236b0e46939a8af7b3a0da6630d3ccb32b496aa789cad1c3fdfe1f67e2a28f,True,ok,False,True,val,top,data/retail_images/raw/shirt/free_people_blouses_9b971541b5b2.jpg
data/retail_images/simplified6_raw_full/top/t_shirt_top_brandy_melville_tops_531965ae670c.jpg,T-shirt/top,1000,1500,RGB,0cdd83bbc98581eb981bfa4692189dc214a64adfdf401c22b0eb465e9ff010cd,True,ok,False,True,val,top,data/retail_images/raw/t_shirt_top/brandy_melville_tops_531965ae670c.jpg
data/retail_images/simplified6_raw_full/top/t_shirt_top_brandy_melville_tops_9acfea72b4f9.jpg,T-shirt/top,360,540,RGB,5247753bb0915fbede9921dff0a750451941a39c0ae5d47c63ccb0c2b171423a,True,ok,False,True,val,top,data/retail_images/raw/t_shirt_top/brandy_melville_tops_9acfea72b4f9.jpg
data/retail_images/simplified6_raw_full/top/t_shirt_top_brandy_melville_tops_e633aa47fe45.jpg,T-shirt/top,533,800,RGB,efccae71ce0a680cd96beaece0c2445122a210fa1d07304f8387ab0079c3f245,True,ok,False,True,val,top,data/retail_images/raw/t_shirt_top/brandy_melville_tops_e633aa47fe45.jpg
data/retail_images/simplified6_raw_full/top/t_shirt_top_brandy_melville_tops_page_4_11ac445273be.jpg,T-shirt/top,165,248,RGB,31b92938e611350d9f61309951ecf402626e53751d66a78748618a6b34879758,True,ok,False,True,val,top,data/retail_images/raw/t_shirt_top/brandy_melville_tops_page_4_11ac445273be.jpg
data/retail_images/simplified6_raw_full/top/t_shirt_top_brandy_melville_tops_page_4_31f46c6d9e2d.jpg,T-shirt/top,360,540,RGB,295efd3f8304abb6668ec88f118a228f5b8f9d65a0898a5eb5944cfe6a1643ac,True,ok,False,True,val,top,data/retail_images/raw/t_shirt_top/brandy_melville_tops_page_4_31f46c6d9e2d.jpg
data/retail_images/simplified6_raw_full/top/t_shirt_top_brandy_melville_tops_page_4_3e6105fc11a5.jpg,T-shirt/top,360,540,RGB,1ce31ca3d62b93b72c623ff54ec3b531b7c87032610f86e6f1536fc1930a622d,True,ok,False,True,val,top,data/retail_images/raw/t_shirt_top/brandy_melville_tops_page_4_3e6105fc11a5.jpg
data/retail_images/simplified6_raw_full/top/t_shirt_top_brandy_melville_tops_page_4_725dd10599fe.jpg,T-shirt/top,165,248,RGB,bd00df6c38085e9c1fab9a28a46c4ed04c6563324774e919fe55ca31f8b993b5,True,ok,False,True,val,top,data/retail_images/raw/t_shirt_top/brandy_melville_tops_page_4_725dd10599fe.jpg
data/retail_images/simplified6_raw_full/top/t_shirt_top_brandy_melville_tops_page_4_a3f47dd459cc.jpg,T-shirt/top,533,800,RGB,8e6a79f36ced0af7d279d0deb1f1a27d8003095eb2d6d9208965090a4ce69b9d,True,ok,False,True,val,top,data/retail_images/raw/t_shirt_top/brandy_melville_tops_page_4_a3f47dd459cc.jpg
data/retail_images/simplified6_raw_full/top/t_shirt_top_reformation_tops_514d4e935bbb.jpg,T-shirt/top,600,800,RGB,44e3466172baeb7b64375b327447e18e4656fea814defba8281d206641d3d6a4,True,ok,False,True,val,top,data/retail_images/raw/t_shirt_top/reformation_tops_514d4e935bbb.jpg
data/retail_images/simplified6_raw_full/top/t_shirt_top_reformation_tops_8695ca575f53.jpg,T-shirt/top,600,800,RGB,17594b93ca02eb0c5b971e54899cdece66d1eeff21ba457b9385cca69408d6d7,True,ok,False,True,val,top,data/retail_images/raw/t_shirt_top/reformation_tops_8695ca575f53.jpg
data/retail_images/simplified6_raw_full/trouser/trouser_brandy_melville_pants_173a49fe8d58.jpg,Trouser,360,540,RGB,fbf0420880f43dce4902ca8ee1fe2f7f5d61f6e29a1c13ed60c15e0644b9b76d,True,ok,False,True,val,trouser,data/retail_images/raw/trouser/brandy_melville_pants_173a49fe8d58.jpg
data/retail_images/simplified6_raw_full/trouser/trouser_brandy_melville_pants_72ccea7dca2c.jpg,Trouser,360,540,RGB,5f8c654f4d870ceaab7ffe205f18f53a5d8c9c80497a10f29ff8d05896fe0871,True,ok,False,True,val,trouser,data/retail_images/raw/trouser/brandy_melville_pants_72ccea7dca2c.jpg
data/retail_images/simplified6_raw_full/trouser/trouser_brandy_melville_pants_7c4debcd6d05.jpg,Trouser,165,248,RGB,36b9d6e6c852ea0651dc435c9a25ce9bc613df24e1c3337e6c63fb409bac32ee,True,ok,False,True,val,trouser,data/retail_images/raw/trouser/brandy_melville_pants_7c4debcd6d05.jpg
data/retail_images/simplified6_raw_full/trouser/trouser_brandy_melville_pants_8ea102548574.jpg,Trouser,360,540,RGB,fc5c92a170dfb96dc32ff899f60e0a9a30bfb9353194398808e4baafb7494196,True,ok,False,True,val,trouser,data/retail_images/raw/trouser/brandy_melville_pants_8ea102548574.jpg
data/retail_images/simplified6_raw_full/trouser/trouser_brandy_melville_pants_df59695f1212.jpg,Trouser,165,248,RGB,0a6307a890d0e1cc4359e59c9ba4ca332fade16f6f8c6b1b537f7683ab9946a8,True,ok,False,True,val,trouser,data/retail_images/raw/trouser/brandy_melville_pants_df59695f1212.jpg
data/retail_images/simplified6_raw_full/trouser/trouser_princess_polly_pants_19bfb74d8c9b.jpg,Trouser,1344,1820,RGB,2e871f9af63afb027cbdab120586b770d37c9fe603b61a2b1cbb801c46bd909c,True,ok,False,True,val,trouser,data/retail_images/raw/trouser/princess_polly_pants_19bfb74d8c9b.jpg
data/retail_images/simplified6_raw_full/trouser/trouser_princess_polly_pants_351763613a5b.jpg,Trouser,1344,1820,RGB,7e970ebf872889ebeaadba80a90249c1b38fe3cf8f4a99fedde5ce81e0aad7a5,True,ok,False,True,val,trouser,data/retail_images/raw/trouser/princess_polly_pants_351763613a5b.jpg
data/retail_images/simplified6_raw_full/trouser/trouser_princess_polly_pants_48220b6521be.jpg,Trouser,1344,1820,RGB,c67ea517ff75e352b735a85d766e5a35ce2ff901a29e1fc59ac3eb6272d69f4d,True,ok,False,True,val,trouser,data/retail_images/raw/trouser/princess_polly_pants_48220b6521be.jpg
data/retail_images/simplified6_raw_full/trouser/trouser_princess_polly_pants_54b6ce2667f7.jpg,Trouser,1345,1820,RGB,54fd34d8d32bb49aa9a5e71fb9b8c5f09532c273dfc174d039e906094afadf8b,True,ok,False,True,val,trouser,data/retail_images/raw/trouser/princess_polly_pants_54b6ce2667f7.jpg
data/retail_images/simplified6_raw_full/trouser/trouser_princess_polly_pants_57c8a7c6f121.jpg,Trouser,1345,1820,RGB,c4cbfbf4e84a4754233fea4a6e66351754fa62e434fc426e9f9d4726e95692fb,True,ok,False,True,val,trouser,data/retail_images/raw/trouser/princess_polly_pants_57c8a7c6f121.jpg
data/retail_images/simplified6_raw_full/trouser/trouser_princess_polly_pants_66d0d6eb8f66.png,Trouser,296,382,RGB,480aba5b4a454708972b0b83f8ea78b412c5931bb5a54a805ec558a2a3916797,True,ok,False,True,val,trouser,data/retail_images/raw/trouser/princess_polly_pants_66d0d6eb8f66.png
data/retail_images/simplified6_raw_full/trouser/trouser_princess_polly_pants_8e86a552f46f.jpg,Trouser,1344,1820,RGB,c13e409843b2927f829d46b412af0f872f5740ea1a53ef99ce91f400791280a1,True,ok,False,True,val,trouser,data/retail_images/raw/trouser/princess_polly_pants_8e86a552f46f.jpg
data/retail_images/simplified6_raw_full/trouser/trouser_princess_polly_pants_91f23dcf74df.jpg,Trouser,1344,1820,RGB,a96558bdcae3cda6ac29d4e78f01e4c495df850cebae099ea2c4cf04ef919f8c,True,ok,False,True,val,trouser,data/retail_images/raw/trouser/princess_polly_pants_91f23dcf74df.jpg
data/retail_images/simplified6_raw_full/trouser/trouser_princess_polly_pants_a32d4cd39a31.jpg,Trouser,1345,1820,RGB,25db8bd377ab7cf37e8560eebd3cd446d0e8e318e88dd98d4984a5227061a706,True,ok,False,True,val,trouser,data/retail_images/raw/trouser/princess_polly_pants_a32d4cd39a31.jpg
data/retail_images/simplified6_raw_full/trouser/trouser_princess_polly_pants_ad871fe7d27e.jpg,Trouser,1344,1820,RGB,0242506e0109383dbf3c81c6e39ec66f146076e30cb5c1b56f3283ccc91aeef3,True,ok,False,True,val,trouser,data/retail_images/raw/trouser/princess_polly_pants_ad871fe7d27e.jpg
data/retail_images/simplified6_raw_full/trouser/trouser_princess_polly_pants_bbf5cb0938f5.jpg,Trouser,1345,1820,RGB,e7f8db9dd1905f014a6d7f0db139533325bba2f05e9d6f60d073c914abede7ea,True,ok,False,True,val,trouser,data/retail_images/raw/trouser/princess_polly_pants_bbf5cb0938f5.jpg
data/retail_images/simplified6_raw_full/trouser/trouser_princess_polly_pants_f4a3ec340fd5.jpg,Trouser,1344,1820,RGB,7fa3e63b5a65a0989e15abdbb3700fa39b1dbc5f438f5bef1fca4ee76f303bc3,True,ok,False,True,val,trouser,data/retail_images/raw/trouser/princess_polly_pants_f4a3ec340fd5.jpg
data/retail_images/simplified6_raw_full/trouser/trouser_princess_polly_pants_faf9ea488f8f.jpg,Trouser,1344,1820,RGB,1f4d58e682ed5f6ffbbecdb735ab7fc220b3f05d4dbcbddc0312f9b333053ac5,True,ok,False,True,val,trouser,data/retail_images/raw/trouser/princess_polly_pants_faf9ea488f8f.jpg
