path,source_path,fashion_mnist_class,width,height,mode,sha256,is_valid,validation_message,segmentation_status,mask_area_ratio,is_duplicate,usable,split
/Users/ashley/Desktop/python/CS156-Machine-Learning/final/data/retail_images/segmentation_overlays/dress/reformation_dresses_8bf100070d45_overlay.jpg,/Users/ashley/Desktop/python/CS156-Machine-Learning/final/data/retail_images/raw/dress/reformation_dresses_8bf100070d45.jpg,Dress,600,800,RGB,e29619c7b5b14b3ca35d4668674bc947ce1ec6ec0767246a1cb889361cbce8fc,True,ok,segmented,0.1825645833333333,False,True,train
/Users/ashley/Desktop/python/CS156-Machine-Learning/final/data/retail_images/segmentation_overlays/bag/anthropologie_bags_5175ad56e6cf_overlay.jpg,/Users/ashley/Desktop/python/CS156-Machine-Learning/final/data/retail_images/raw/bag/anthropologie_bags_5175ad56e6cf.jpg,Bag,698,1046,RGB,90a3a1f26874b050d165a6284cf3b0e55344dfb36afbca65e597e34e9611d235,True,ok,segmented,0.0687158612150531,False,True,train
/Users/ashley/Desktop/python/CS156-Machine-Learning/final/data/retail_images/segmentation_overlays/coat/reformation_outerwear_85f357ee99b8_overlay.jpg,/Users/ashley/Desktop/python/CS156-Machine-Learning/final/data/retail_images/raw/coat/reformation_outerwear_85f357ee99b8.jpg,Coat,600,800,RGB,8e34aadabe8953138ec67b30ef578be7c2ec4345876debe8cf746eaafe412db8,True,ok,segmented,0.0805395833333333,False,True,train
/Users/ashley/Desktop/python/CS156-Machine-Learning/final/data/retail_images/segmentation_overlays/coat/reformation_outerwear_cf9a30413e6f_overlay.jpg,/Users/ashley/Desktop/python/CS156-Machine-Learning/final/data/retail_images/raw/coat/reformation_outerwear_cf9a30413e6f.jpg,Coat,600,800,RGB,36e935de3c6f4f92bc0921072d0b65adc4c13e7468d3282266eb13ff9909e29b,True,ok,segmented,0.1849,False,True,train
/Users/ashley/Desktop/python/CS156-Machine-Learning/final/data/retail_images/segmentation_overlays/dress/princess_polly_dresses_3b244e396b7a_overlay.jpg,/Users/ashley/Desktop/python/CS156-Machine-Learning/final/data/retail_images/raw/dress/princess_polly_dresses_3b244e396b7a.jpg,Dress,1345,1820,RGB,baea622ff02fa7d11ade52543061122925b7ccd587e63b213be501c0c4da8147,True,ok,segmented,0.0523485436496588,False,True,train
/Users/ashley/Desktop/python/CS156-Machine-Learning/final/data/retail_images/segmentation_overlays/t_shirt_top/brandy_melville_tops_page_4_a3f47dd459cc_overlay.jpg,/Users/ashley/Desktop/python/CS156-Machine-Learning/final/data/retail_images/raw/t_shirt_top/brandy_melville_tops_page_4_a3f47dd459cc.jpg,T-shirt/top,533,800,RGB,4f983e922459fd324f8bb369303eef458bdeab519fa3f4f4a7f77d8cc1d776d7,True,ok,segmented,0.2949249530956848,False,True,train
/Users/ashley/Desktop/python/CS156-Machine-Learning/final/data/retail_images/segmentation_overlays/dress/princess_polly_dresses_6d79938a812a_overlay.jpg,/Users/ashley/Desktop/python/CS156-Machine-Learning/final/data/retail_images/raw/dress/princess_polly_dresses_6d79938a812a.jpg,Dress,1344,1819,RGB,0bb5476a4e6db19b95bb2742fc6279d2a4e5f0ef815670cfafcc949cebd1cc2a,True,ok,segmented,0.2321768076389434,False,True,train
/Users/ashley/Desktop/python/CS156-Machine-Learning/final/data/retail_images/segmentation_overlays/shirt/princess_polly_shirts_blouses_eff5af0890c4_overlay.jpg,/Users/ashley/Desktop/python/CS156-Machine-Learning/final/data/retail_images/raw/shirt/princess_polly_shirts_blouses_eff5af0890c4.jpg,Shirt,1344,1820,RGB,853cd5b298118bf15605c9f71b14e0bc1993dee3d1b713b976fb4bdb3ccc89be,True,ok,segmented,0.1081653093929879,False,True,train
/Users/ashley/Desktop/python/CS156-Machine-Learning/final/data/retail_images/segmentation_overlays/sneaker/urban_outfitters_sneakers_e652db812369_overlay.jpg,/Users/ashley/Desktop/python/CS156-Machine-Learning/final/data/retail_images/raw/sneaker/urban_outfitters_sneakers_e652db812369.jpg,Sneaker,450,675,RGB,bdfdd00df1b21c1fe7d6e2f0db8d4785dd88cad09ccc8f04bfebedadd5d224a9,True,ok,segmented,0.0700411522633744,False,True,train
/Users/ashley/Desktop/python/CS156-Machine-Learning/final/data/retail_images/segmentation_overlays/ankle_boot/anthropologie_boot_shop_0f568d7cbd82_overlay.jpg,/Users/ashley/Desktop/python/CS156-Machine-Learning/final/data/retail_images/raw/ankle_boot/anthropologie_boot_shop_0f568d7cbd82.jpg,Ankle boot,349,523,RGB,445c922305fd344f7f4fd9852bdc78dea60f5adac84f1211478555970a159042,True,ok,segmented,0.0355399475146142,False,True,train
/Users/ashley/Desktop/python/CS156-Machine-Learning/final/data/retail_images/segmentation_overlays/sneaker/princess_polly_sneakers_409521b83086_overlay.jpg,/Users/ashley/Desktop/python/CS156-Machine-Learning/final/data/retail_images/raw/sneaker/princess_polly_sneakers_409521b83086.jpg,Sneaker,1344,1820,RGB,0d1fc51f350334d06792a281f329715ce08b93eba25b36f5ae06c885bbd85cd7,True,ok,segmented,0.0948435864730507,False,True,train
/Users/ashley/Desktop/python/CS156-Machine-Learning/final/data/retail_images/segmentation_overlays/sandal/urban_outfitters_sandals_6f2592d15543_overlay.jpg,/Users/ashley/Desktop/python/CS156-Machine-Learning/final/data/retail_images/raw/sandal/urban_outfitters_sandals_6f2592d15543.jpg,Sandal,450,675,RGB,adf846c300ec520b479f830af287cd01b8f4113fdba7ee44088ab2b772fc9ca4,True,ok,segmented,0.0748839506172839,False,True,train
/Users/ashley/Desktop/python/CS156-Machine-Learning/final/data/retail_images/segmentation_overlays/trouser/princess_polly_pants_acec45a617fc_overlay.jpg,/Users/ashley/Desktop/python/CS156-Machine-Learning/final/data/retail_images/raw/trouser/princess_polly_pants_acec45a617fc.jpg,Trouser,1344,1820,RGB,64102eba61efd63f6dbecf3a08726704efe44ff38d9a205dfc5c96f91a7149a2,True,ok,segmented,0.1279443027210884,False,True,train
/Users/ashley/Desktop/python/CS156-Machine-Learning/final/data/retail_images/segmentation_overlays/trouser/brandy_melville_pants_3b01aa852e57_overlay.jpg,/Users/ashley/Desktop/python/CS156-Machine-Learning/final/data/retail_images/raw/trouser/brandy_melville_pants_3b01aa852e57.jpg,Trouser,533,800,RGB,a61e468f4e009d22adb72e1119d06f26e14b089ca8038aed67a3fb4e764d6873,True,ok,segmented,0.2527509380863039,False,True,train
/Users/ashley/Desktop/python/CS156-Machine-Learning/final/data/retail_images/segmentation_overlays/t_shirt_top/brandy_melville_tops_1f0a1b271868_overlay.jpg,/Users/ashley/Desktop/python/CS156-Machine-Learning/final/data/retail_images/raw/t_shirt_top/brandy_melville_tops_1f0a1b271868.jpg,T-shirt/top,360,540,RGB,27b1d599c5b52be4e5f1327689737841e4574fbb4666f69247f70b5e304764e2,True,ok,segmented,0.1361316872427983,False,True,train
/Users/ashley/Desktop/python/CS156-Machine-Learning/final/data/retail_images/segmentation_overlays/sneaker/urban_outfitters_sneakers_361a76386571_overlay.jpg,/Users/ashley/Desktop/python/CS156-Machine-Learning/final/data/retail_images/raw/sneaker/urban_outfitters_sneakers_361a76386571.webp,Sneaker,349,523,RGB,c30a8fcfa2b5fe00af3d44478c6fe077da3bde66dc75314323b9eb49202a8704,True,ok,segmented,0.0828151451566069,False,True,train
/Users/ashley/Desktop/python/CS156-Machine-Learning/final/data/retail_images/segmentation_overlays/dress/anthropologie_dresses_9f0301d40c25_overlay.jpg,/Users/ashley/Desktop/python/CS156-Machine-Learning/final/data/retail_images/raw/dress/anthropologie_dresses_9f0301d40c25.jpg,Dress,349,523,RGB,ba0704926813f344e8f6c746a130268718dff6914cfdddbdcce5c18322f94e6d,True,ok,segmented,0.1969352479359218,False,True,train
/Users/ashley/Desktop/python/CS156-Machine-Learning/final/data/retail_images/segmentation_overlays/dress/princess_polly_dresses_b1c141c079e8_overlay.jpg,/Users/ashley/Desktop/python/CS156-Machine-Learning/final/data/retail_images/raw/dress/princess_polly_dresses_b1c141c079e8.jpg,Dress,1344,1820,RGB,4c6d2978427ce6152294193a63f707f19ba1cc8f9f8c7036e251c7d932ba0726,True,ok,segmented,0.1611312794348508,False,True,train
/Users/ashley/Desktop/python/CS156-Machine-Learning/final/data/retail_images/segmentation_overlays/t_shirt_top/reformation_tops_711693adf27d_overlay.jpg,/Users/ashley/Desktop/python/CS156-Machine-Learning/final/data/retail_images/raw/t_shirt_top/reformation_tops_711693adf27d.jpg,T-shirt/top,600,800,RGB,47041e3d549b5e637eb0d9f4b98a55cda0fa7b3473bb95f6cd34b39702b825c3,True,ok,segmented,0.157775,False,True,train
/Users/ashley/Desktop/python/CS156-Machine-Learning/final/data/retail_images/segmentation_overlays/dress/princess_polly_dresses_4ada95b194a7_overlay.jpg,/Users/ashley/Desktop/python/CS156-Machine-Learning/final/data/retail_images/raw/dress/princess_polly_dresses_4ada95b194a7.jpg,Dress,1344,1820,RGB,6a2af4d15c65f031871b007ab0d7bb6bd364da8341393ecb843d1c868ea58318,True,ok,segmented,0.2290284863945578,False,True,train
/Users/ashley/Desktop/python/CS156-Machine-Learning/final/data/retail_images/segmentation_overlays/sandal/princess_polly_sandals_391346177b48_overlay.jpg,/Users/ashley/Desktop/python/CS156-Machine-Learning/final/data/retail_images/raw/sandal/princess_polly_sandals_391346177b48.jpg,Sandal,1344,1820,RGB,a97933b8622be47ec7a055bb6073c9ed670b44831a65a385e0eb351a79642d88,True,ok,segmented,0.0320287970957613,False,True,train
/Users/ashley/Desktop/python/CS156-Machine-Learning/final/data/retail_images/segmentation_overlays/coat/reformation_outerwear_a2e6df7c65d4_overlay.jpg,/Users/ashley/Desktop/python/CS156-Machine-Learning/final/data/retail_images/raw/coat/reformation_outerwear_a2e6df7c65d4.jpg,Coat,600,800,RGB,2fc166bac001dfea3abc78a61341c88584a270e79a4074eb8a992393ace6122e,True,ok,segmented,0.0858541666666666,False,True,train
/Users/ashley/Desktop/python/CS156-Machine-Learning/final/data/retail_images/segmentation_overlays/t_shirt_top/brandy_melville_tops_page_4_49b800a8ac33_overlay.jpg,/Users/ashley/Desktop/python/CS156-Machine-Learning/final/data/retail_images/raw/t_shirt_top/brandy_melville_tops_page_4_49b800a8ac33.jpg,T-shirt/top,533,800,RGB,0cd2a44dabf51014461ee7e392d4a504b3f60eef761b7011733268a4e04b7839,True,ok,segmented,0.4605839587242026,False,True,train
/Users/ashley/Desktop/python/CS156-Machine-Learning/final/data/retail_images/segmentation_overlays/t_shirt_top/brandy_melville_tops_d2ae4ba8280d_overlay.jpg,/Users/ashley/Desktop/python/CS156-Machine-Learning/final/data/retail_images/raw/t_shirt_top/brandy_melville_tops_d2ae4ba8280d.jpg,T-shirt/top,533,800,RGB,8618990d4e11d3afb41a3b1e2f68f532ac36e4c687521100f6b1399d96495e93,True,ok,segmented,0.118468574108818,False,True,train
/Users/ashley/Desktop/python/CS156-Machine-Learning/final/data/retail_images/segmentation_overlays/dress/anthropologie_dresses_a51ba1949f79_overlay.jpg,/Users/ashley/Desktop/python/CS156-Machine-Learning/final/data/retail_images/raw/dress/anthropologie_dresses_a51ba1949f79.jpg,Dress,349,523,RGB,0f83580996722ecb463b632d9201119729efaee4e64047a578f130869841401e,True,ok,segmented,0.126381302492234,False,True,train
/Users/ashley/Desktop/python/CS156-Machine-Learning/final/data/retail_images/segmentation_overlays/bag/anthropologie_bags_9b883a274047_overlay.jpg,/Users/ashley/Desktop/python/CS156-Machine-Learning/final/data/retail_images/raw/bag/anthropologie_bags_9b883a274047.jpg,Bag,349,523,RGB,90bd751fcc931ccad14d6d2fe004c7a53ea264fd1a76334d1183af56a4638892,True,ok,segmented,0.2697354364011899,False,True,train
/Users/ashley/Desktop/python/CS156-Machine-Learning/final/data/retail_images/segmentation_overlays/coat/reformation_outerwear_39593c953ee1_overlay.jpg,/Users/ashley/Desktop/python/CS156-Machine-Learning/final/data/retail_images/raw/coat/reformation_outerwear_39593c953ee1.jpg,Coat,600,800,RGB,0e78e8cf159c5971f732f4944941c4b83f9d7251884d75a4a7a75dac363c5647,True,ok,segmented,0.2541791666666667,False,True,train
/Users/ashley/Desktop/python/CS156-Machine-Learning/final/data/retail_images/segmentation_overlays/coat/reformation_jackets_and_coats_6289a8e0b47d_overlay.jpg,/Users/ashley/Desktop/python/CS156-Machine-Learning/final/data/retail_images/raw/coat/reformation_jackets_and_coats_6289a8e0b47d.jpg,Coat,600,800,RGB,6e4fe9ed3e6aab68d8de29fc10ddff755f625414c6a7c533ae9b32ab5b578c9a,True,ok,segmented,0.25419375,False,True,train
/Users/ashley/Desktop/python/CS156-Machine-Learning/final/data/retail_images/segmentation_overlays/bag/princess_polly_bags_2e78053ed613_overlay.jpg,/Users/ashley/Desktop/python/CS156-Machine-Learning/final/data/retail_images/raw/bag/princess_polly_bags_2e78053ed613.jpg,Bag,1344,1819,RGB,37820299d4eb7e73011d74e9fc5ed977b72d081354e45c56bfbe9cc2800300f1,True,ok,segmented,0.101168387915914,False,True,train
/Users/ashley/Desktop/python/CS156-Machine-Learning/final/data/retail_images/segmentation_overlays/bag/anthropologie_bags_259d6db29d89_overlay.jpg,/Users/ashley/Desktop/python/CS156-Machine-Learning/final/data/retail_images/raw/bag/anthropologie_bags_259d6db29d89.jpg,Bag,349,523,RGB,c9196326de415f7c574c219a8a05bcad51b9b5181aefd0dae302e4093841a8d0,True,ok,segmented,0.0383121401217354,False,True,train
/Users/ashley/Desktop/python/CS156-Machine-Learning/final/data/retail_images/segmentation_overlays/coat/reformation_jackets_and_coats_b826af8d5264_overlay.jpg,/Users/ashley/Desktop/python/CS156-Machine-Learning/final/data/retail_images/raw/coat/reformation_jackets_and_coats_b826af8d5264.jpg,Coat,600,800,RGB,4d75f01a6098becbac15523e7e3f4f7d8a5990e3c1c85149bd0ebeb96625d40c,True,ok,segmented,0.2615229166666666,False,True,train
/Users/ashley/Desktop/python/CS156-Machine-Learning/final/data/retail_images/segmentation_overlays/trouser/princess_polly_pants_4c39b9983ea6_overlay.jpg,/Users/ashley/Desktop/python/CS156-Machine-Learning/final/data/retail_images/raw/trouser/princess_polly_pants_4c39b9983ea6.jpg,Trouser,1345,1820,RGB,956dca7bd6be42a9ea80e863e03a13371990f088057105fd6490841ee49599dc,True,ok,segmented,0.0958723804076964,False,True,train
/Users/ashley/Desktop/python/CS156-Machine-Learning/final/data/retail_images/segmentation_overlays/ankle_boot/princess_polly_boots_a4a7c6e18abb_overlay.jpg,/Users/ashley/Desktop/python/CS156-Machine-Learning/final/data/retail_images/raw/ankle_boot/princess_polly_boots_a4a7c6e18abb.jpg,Ankle boot,1344,1820,RGB,a25627b992c4a34f02637b9ca7c7f94db154b22d4cf74278e2c14c2137934725,True,ok,segmented,0.1841987997121925,False,True,train
/Users/ashley/Desktop/python/CS156-Machine-Learning/final/data/retail_images/segmentation_overlays/trouser/princess_polly_pants_9916e69b983b_overlay.jpg,/Users/ashley/Desktop/python/CS156-Machine-Learning/final/data/retail_images/raw/trouser/princess_polly_pants_9916e69b983b.jpg,Trouser,1344,1819,RGB,17028d8b92fbb6ec4877d217b3839602b96e0be06b3020f37299569c09463e2a,True,ok,segmented,0.1956522094819236,False,True,train
/Users/ashley/Desktop/python/CS156-Machine-Learning/final/data/retail_images/segmentation_overlays/pullover/reformation_sweaters_bb1738bd3d5a_overlay.jpg,/Users/ashley/Desktop/python/CS156-Machine-Learning/final/data/retail_images/raw/pullover/reformation_sweaters_bb1738bd3d5a.jpg,Pullover,600,800,RGB,edfcf729d75489f99d54c9dff132528ab3b792910ab69746a75fe600da07e49b,True,ok,segmented,0.2191458333333333,False,True,train
/Users/ashley/Desktop/python/CS156-Machine-Learning/final/data/retail_images/segmentation_overlays/sandal/anthropologie_sandals_3b63204a2d90_overlay.jpg,/Users/ashley/Desktop/python/CS156-Machine-Learning/final/data/retail_images/raw/sandal/anthropologie_sandals_3b63204a2d90.jpg,Sandal,349,523,RGB,b646a4e1c8380b3792b97bc0d8dad5dccf25500310df0def6281ca21fe14fbfe,True,ok,segmented,0.0458452722063037,False,True,train
/Users/ashley/Desktop/python/CS156-Machine-Learning/final/data/retail_images/segmentation_overlays/coat/reformation_outerwear_ca725f8b335b_overlay.jpg,/Users/ashley/Desktop/python/CS156-Machine-Learning/final/data/retail_images/raw/coat/reformation_outerwear_ca725f8b335b.jpg,Coat,600,800,RGB,8c53f3d822b7002323049a996d5a2317051a8c610840669bafbba93a13f55cfb,True,ok,segmented,0.4274895833333333,False,True,train
/Users/ashley/Desktop/python/CS156-Machine-Learning/final/data/retail_images/segmentation_overlays/ankle_boot/anthropologie_boot_shop_cd0a3d0795b3_overlay.jpg,/Users/ashley/Desktop/python/CS156-Machine-Learning/final/data/retail_images/raw/ankle_boot/anthropologie_boot_shop_cd0a3d0795b3.jpg,Ankle boot,349,523,RGB,ea2a634d830d5e683b5ddc3de8b9a3ef3c9a882d6d37b8cf5e2e91dc5abfc515,True,ok,segmented,0.1088934787730034,False,True,train
/Users/ashley/Desktop/python/CS156-Machine-Learning/final/data/retail_images/segmentation_overlays/sandal/princess_polly_sandals_30904d24464a_overlay.jpg,/Users/ashley/Desktop/python/CS156-Machine-Learning/final/data/retail_images/raw/sandal/princess_polly_sandals_30904d24464a.jpg,Sandal,1344,1820,RGB,68a836c7ec444a78e187479248cf1df85946d9da6f360373ea7a01c2e63e5e64,True,ok,segmented,0.031048044217687,False,True,train
/Users/ashley/Desktop/python/CS156-Machine-Learning/final/data/retail_images/segmentation_overlays/sandal/urban_outfitters_sandals_fca71247551d_overlay.jpg,/Users/ashley/Desktop/python/CS156-Machine-Learning/final/data/retail_images/raw/sandal/urban_outfitters_sandals_fca71247551d.webp,Sandal,698,1046,RGB,dab98e6cdc0c1b9ef2c5cf4c1bfe77ee87168f16b346b56a7df2bbf8fb989e91,True,ok,segmented,0.0224569515742876,False,True,train
/Users/ashley/Desktop/python/CS156-Machine-Learning/final/data/retail_images/segmentation_overlays/t_shirt_top/brandy_melville_tops_ab7875d6832d_overlay.jpg,/Users/ashley/Desktop/python/CS156-Machine-Learning/final/data/retail_images/raw/t_shirt_top/brandy_melville_tops_ab7875d6832d.jpg,T-shirt/top,360,540,RGB,a65258d1d30b4bfee34550b7886f27f5831a96da6f13b701e642c5918a49a401,True,ok,segmented,0.230869341563786,False,True,train
/Users/ashley/Desktop/python/CS156-Machine-Learning/final/data/retail_images/segmentation_overlays/bag/anthropologie_bags_86d44e097d52_overlay.jpg,/Users/ashley/Desktop/python/CS156-Machine-Learning/final/data/retail_images/raw/bag/anthropologie_bags_86d44e097d52.jpg,Bag,349,523,RGB,73ad0b5f434237a896f9ed8d056418c2d9081a8549d9d41ac51702f4f863aa05,True,ok,segmented,0.2272540500857407,False,True,train
/Users/ashley/Desktop/python/CS156-Machine-Learning/final/data/retail_images/segmentation_overlays/coat/reformation_outerwear_295b67e25630_overlay.jpg,/Users/ashley/Desktop/python/CS156-Machine-Learning/final/data/retail_images/raw/coat/reformation_outerwear_295b67e25630.jpg,Coat,600,800,RGB,ee2ee54595c59b47ad1e39b5c16baa3e8b11e00f078466768154067c0fe4fac4,True,ok,segmented,0.23049375,False,True,train
/Users/ashley/Desktop/python/CS156-Machine-Learning/final/data/retail_images/segmentation_overlays/sandal/princess_polly_sandals_2a8312c1df1b_overlay.jpg,/Users/ashley/Desktop/python/CS156-Machine-Learning/final/data/retail_images/raw/sandal/princess_polly_sandals_2a8312c1df1b.jpg,Sandal,1345,1820,RGB,1838af2556ecc48446dff1008993a0be0da91ef298d30e13259a5ec51ba99a5b,True,ok,segmented,0.0435577433718697,False,True,train
/Users/ashley/Desktop/python/CS156-Machine-Learning/final/data/retail_images/segmentation_overlays/dress/anthropologie_dresses_b2690778f3e2_overlay.jpg,/Users/ashley/Desktop/python/CS156-Machine-Learning/final/data/retail_images/raw/dress/anthropologie_dresses_b2690778f3e2.webp,Dress,349,523,RGB,8366a7f5e24fbaf3e5ca13189a45825dfeb7702322033998786d7854175898f3,True,ok,segmented,0.1681011576369523,False,True,train
/Users/ashley/Desktop/python/CS156-Machine-Learning/final/data/retail_images/segmentation_overlays/sneaker/anthropologie_sneakers_f3c71f9053dd_overlay.jpg,/Users/ashley/Desktop/python/CS156-Machine-Learning/final/data/retail_images/raw/sneaker/anthropologie_sneakers_f3c71f9053dd.jpg,Sneaker,349,523,RGB,5de7837fbbd9340137503f17bc9d49d1022d90f3f3281e5e7c2bc12600e7da96,True,ok,segmented,0.0424539931078689,False,True,train
/Users/ashley/Desktop/python/CS156-Machine-Learning/final/data/retail_images/segmentation_overlays/dress/anthropologie_dresses_54545b288f7b_overlay.jpg,/Users/ashley/Desktop/python/CS156-Machine-Learning/final/data/retail_images/raw/dress/anthropologie_dresses_54545b288f7b.jpg,Dress,349,523,RGB,d8013d3d614ee8fc5aa4e8850c48d3d34a09cd2a4e6d3dadcd4b6fb41d6b3ffd,True,ok,segmented,0.0950544303034619,False,True,train
/Users/ashley/Desktop/python/CS156-Machine-Learning/final/data/retail_images/segmentation_overlays/coat/princess_polly_jackets_795f00684060_overlay.jpg,/Users/ashley/Desktop/python/CS156-Machine-Learning/final/data/retail_images/raw/coat/princess_polly_jackets_795f00684060.jpg,Coat,1344,1820,RGB,4b6385245e721864b5b5cb6da7a829a2ea441c96c1c6c3469bb8d84171bba806,True,ok,segmented,0.3900322148090005,False,True,train
/Users/ashley/Desktop/python/CS156-Machine-Learning/final/data/retail_images/segmentation_overlays/ankle_boot/princess_polly_boots_0e7340a7af89_overlay.jpg,/Users/ashley/Desktop/python/CS156-Machine-Learning/final/data/retail_images/raw/ankle_boot/princess_polly_boots_0e7340a7af89.jpg,Ankle boot,1344,1820,RGB,5c6a32028eccf51385681ef7f0a4beccbec7365fc3a9694dbddf205f136a48e5,True,ok,segmented,0.0975904304029304,False,True,train
/Users/ashley/Desktop/python/CS156-Machine-Learning/final/data/retail_images/segmentation_overlays/dress/princess_polly_dresses_644d2e36868a_overlay.jpg,/Users/ashley/Desktop/python/CS156-Machine-Learning/final/data/retail_images/raw/dress/princess_polly_dresses_644d2e36868a.jpg,Dress,1344,1820,RGB,9f2321cf3397a9bd11c9b0cb9a7c289456d3ccc2adea43ce45a71733db19574a,True,ok,segmented,0.3723058935112506,False,True,train
/Users/ashley/Desktop/python/CS156-Machine-Learning/final/data/retail_images/segmentation_overlays/coat/reformation_jackets_and_coats_0d1f199a8937_overlay.jpg,/Users/ashley/Desktop/python/CS156-Machine-Learning/final/data/retail_images/raw/coat/reformation_jackets_and_coats_0d1f199a8937.jpg,Coat,600,800,RGB,b4a43a8fd03fc0ce4fd3fd42c0a05fe3ebd0cb81c3413598c7c48367389dbe2d,True,ok,segmented,0.5270958333333333,False,True,train
/Users/ashley/Desktop/python/CS156-Machine-Learning/final/data/retail_images/segmentation_overlays/sneaker/anthropologie_sneakers_5d5f8c7acac3_overlay.jpg,/Users/ashley/Desktop/python/CS156-Machine-Learning/final/data/retail_images/raw/sneaker/anthropologie_sneakers_5d5f8c7acac3.jpg,Sneaker,349,523,RGB,6d5484c42ce852cc50a3625a220c8759ef037ec226b4f608b94d4d5aacb071aa,True,ok,segmented,0.16122546253431,False,True,train
/Users/ashley/Desktop/python/CS156-Machine-Learning/final/data/retail_images/segmentation_overlays/pullover/anthropologie_sweaters_e2bbfb111624_overlay.jpg,/Users/ashley/Desktop/python/CS156-Machine-Learning/final/data/retail_images/raw/pullover/anthropologie_sweaters_e2bbfb111624.jpg,Pullover,349,523,RGB,df31326a82ff18e33c77e6018ac0982da626cac69ea9b2a1014465321bd20b6e,True,ok,segmented,0.4121198507618051,False,True,train
/Users/ashley/Desktop/python/CS156-Machine-Learning/final/data/retail_images/segmentation_overlays/bag/princess_polly_bags_138636bcb44b_overlay.jpg,/Users/ashley/Desktop/python/CS156-Machine-Learning/final/data/retail_images/raw/bag/princess_polly_bags_138636bcb44b.jpg,Bag,1344,1820,RGB,14d0ca50c2bf58358bff5f4d0ceaf9327e0f16d4ce513c0be0c6415abd0216cc,True,ok,segmented,0.1055770866038723,False,True,train
/Users/ashley/Desktop/python/CS156-Machine-Learning/final/data/retail_images/segmentation_overlays/sandal/urban_outfitters_sandals_418a266d0992_overlay.jpg,/Users/ashley/Desktop/python/CS156-Machine-Learning/final/data/retail_images/raw/sandal/urban_outfitters_sandals_418a266d0992.jpg,Sandal,450,675,RGB,7d17086eae7a973cef936506556c79a8e0d53ef7d188a8a3a8e5350887c410cc,True,ok,segmented,0.0242074074074074,False,True,train
/Users/ashley/Desktop/python/CS156-Machine-Learning/final/data/retail_images/segmentation_overlays/ankle_boot/anthropologie_boot_shop_8b4152a96317_overlay.jpg,/Users/ashley/Desktop/python/CS156-Machine-Learning/final/data/retail_images/raw/ankle_boot/anthropologie_boot_shop_8b4152a96317.jpg,Ankle boot,349,523,RGB,14266b68b5bc0a1530404a91ee48e2086184e908de3989c5742165efb597dee4,True,ok,segmented,0.1186892898037002,False,True,train
/Users/ashley/Desktop/python/CS156-Machine-Learning/final/data/retail_images/segmentation_overlays/shirt/urban_outfitters_shirts_blouses_0b7f3d258833_overlay.jpg,/Users/ashley/Desktop/python/CS156-Machine-Learning/final/data/retail_images/raw/shirt/urban_outfitters_shirts_blouses_0b7f3d258833.jpg,Shirt,450,675,RGB,67bd5745c75bd24f392fc84da4925e1d95c6f8b7890723aedfd4e3e67cbfa791,True,ok,segmented,0.3119440329218107,False,True,train
/Users/ashley/Desktop/python/CS156-Machine-Learning/final/data/retail_images/segmentation_overlays/sneaker/urban_outfitters_sneakers_3f91724bb04b_overlay.jpg,/Users/ashley/Desktop/python/CS156-Machine-Learning/final/data/retail_images/raw/sneaker/urban_outfitters_sneakers_3f91724bb04b.jpg,Sneaker,450,675,RGB,74d726ace2da6152c37b28d80b9296a0c3f1f3e07a91f4b912c8ef454e95e744,True,ok,segmented,0.0326255144032921,False,True,train
/Users/ashley/Desktop/python/CS156-Machine-Learning/final/data/retail_images/segmentation_overlays/bag/anthropologie_bags_15eb6093e4a5_overlay.jpg,/Users/ashley/Desktop/python/CS156-Machine-Learning/final/data/retail_images/raw/bag/anthropologie_bags_15eb6093e4a5.jpg,Bag,349,523,RGB,a881a72c035a4275272311feea093d15be680c51b1d4e93ba7271d4c8bce64a2,True,ok,segmented,0.2224109309855528,False,True,train
/Users/ashley/Desktop/python/CS156-Machine-Learning/final/data/retail_images/segmentation_overlays/pullover/reformation_sweaters_c8bd53c996ec_overlay.jpg,/Users/ashley/Desktop/python/CS156-Machine-Learning/final/data/retail_images/raw/pullover/reformation_sweaters_c8bd53c996ec.jpg,Pullover,600,800,RGB,a0bacbaebdaac827be00bee32774bdaa3133602a7ef181f85b319db2383b7082,True,ok,segmented,0.1988270833333333,False,True,train
/Users/ashley/Desktop/python/CS156-Machine-Learning/final/data/retail_images/segmentation_overlays/t_shirt_top/brandy_melville_tops_3ff41db59c62_overlay.jpg,/Users/ashley/Desktop/python/CS156-Machine-Learning/final/data/retail_images/raw/t_shirt_top/brandy_melville_tops_3ff41db59c62.png,T-shirt/top,1200,628,RGB,3c65c8fd4e6d8bed7f608f5c6d59884fcee7f1b287a677db69ff271b0940fadd,True,ok,segmented,0.0468285562632696,False,True,train
/Users/ashley/Desktop/python/CS156-Machine-Learning/final/data/retail_images/segmentation_overlays/pullover/princess_polly_sweaters_71ea450245e9_overlay.jpg,/Users/ashley/Desktop/python/CS156-Machine-Learning/final/data/retail_images/raw/pullover/princess_polly_sweaters_71ea450245e9.jpg,Pullover,1344,1820,RGB,c70015628891393c82c94d121cba30fdadd4be94e53b02f00ea71c8d8165f3a0,True,ok,segmented,0.2757792059131345,False,True,train
/Users/ashley/Desktop/python/CS156-Machine-Learning/final/data/retail_images/segmentation_overlays/coat/reformation_jackets_and_coats_0f05b41e66c8_overlay.jpg,/Users/ashley/Desktop/python/CS156-Machine-Learning/final/data/retail_images/raw/coat/reformation_jackets_and_coats_0f05b41e66c8.jpg,Coat,600,800,RGB,320861d046ea80e5a83741662ba770009ac0a1af91918d1526220b1a2c61ba9e,True,ok,segmented,0.16984375,False,True,train
/Users/ashley/Desktop/python/CS156-Machine-Learning/final/data/retail_images/segmentation_overlays/t_shirt_top/reformation_tops_ff03a6d1e56d_overlay.jpg,/Users/ashley/Desktop/python/CS156-Machine-Learning/final/data/retail_images/raw/t_shirt_top/reformation_tops_ff03a6d1e56d.jpg,T-shirt/top,600,800,RGB,e8f7385f8ef1729fa55deaf901ddc6294cd6ef0d9c1d96b9e787a31a1434ae52,True,ok,segmented,0.0423,False,True,train
/Users/ashley/Desktop/python/CS156-Machine-Learning/final/data/retail_images/segmentation_overlays/ankle_boot/anthropologie_boot_shop_31c16e75fb03_overlay.jpg,/Users/ashley/Desktop/python/CS156-Machine-Learning/final/data/retail_images/raw/ankle_boot/anthropologie_boot_shop_31c16e75fb03.jpg,Ankle boot,349,523,RGB,e5ad1d11982c64914742f95e1aa8827c779353508c2903f7fb7d3750978031e2,True,ok,segmented,0.0497844154563434,False,True,train
/Users/ashley/Desktop/python/CS156-Machine-Learning/final/data/retail_images/segmentation_overlays/bag/anthropologie_bags_b74447a71d2d_overlay.jpg,/Users/ashley/Desktop/python/CS156-Machine-Learning/final/data/retail_images/raw/bag/anthropologie_bags_b74447a71d2d.jpg,Bag,349,523,RGB,4f100cc662deb67841f409251e78e109f0020bbb2b14c1097a81a277f4a99162,True,ok,segmented,0.0876089564831504,False,True,train
/Users/ashley/Desktop/python/CS156-Machine-Learning/final/data/retail_images/segmentation_overlays/dress/reformation_dresses_ee963964fbd9_overlay.jpg,/Users/ashley/Desktop/python/CS156-Machine-Learning/final/data/retail_images/raw/dress/reformation_dresses_ee963964fbd9.jpg,Dress,600,800,RGB,8f2abb8a6c18335cb9dc2eb0be14457f0faf7f03b7b4ca70617a293418873d2d,True,ok,segmented,0.1930520833333333,False,True,train
/Users/ashley/Desktop/python/CS156-Machine-Learning/final/data/retail_images/segmentation_overlays/coat/reformation_jackets_and_coats_a6b782f4d91c_overlay.jpg,/Users/ashley/Desktop/python/CS156-Machine-Learning/final/data/retail_images/raw/coat/reformation_jackets_and_coats_a6b782f4d91c.jpg,Coat,600,800,RGB,d83afe110f002f7c2df4338dbc03387bc34bee5b7d6bfb578fe4f3b42e43c14e,True,ok,segmented,0.55949375,False,True,train
/Users/ashley/Desktop/python/CS156-Machine-Learning/final/data/retail_images/segmentation_overlays/shirt/urban_outfitters_shirts_blouses_6e5974eeb046_overlay.jpg,/Users/ashley/Desktop/python/CS156-Machine-Learning/final/data/retail_images/raw/shirt/urban_outfitters_shirts_blouses_6e5974eeb046.jpg,Shirt,698,1046,RGB,949e2f43dcaa15a286d4a17918d4503c5013cfa6220c9edb2143a0a7ceb50dda,True,ok,segmented,0.1662836183140028,False,True,train
/Users/ashley/Desktop/python/CS156-Machine-Learning/final/data/retail_images/segmentation_overlays/trouser/princess_polly_pants_bc038cc3603c_overlay.jpg,/Users/ashley/Desktop/python/CS156-Machine-Learning/final/data/retail_images/raw/trouser/princess_polly_pants_bc038cc3603c.jpg,Trouser,1344,1820,RGB,6e548ef0c0bc7344c35c6166c92ec4ceca6cc45d650bb44e9821bdbc5646bc2c,True,ok,segmented,0.0882064364207221,False,True,train
/Users/ashley/Desktop/python/CS156-Machine-Learning/final/data/retail_images/segmentation_overlays/shirt/urban_outfitters_shirts_blouses_f207548454ad_overlay.jpg,/Users/ashley/Desktop/python/CS156-Machine-Learning/final/data/retail_images/raw/shirt/urban_outfitters_shirts_blouses_f207548454ad.webp,Shirt,698,1046,RGB,eaafcc35a58b7fe4531bd39983e5f1b76a184f0cd296a19b05d9c26119061e12,True,ok,segmented,0.1682394933352326,False,True,train
/Users/ashley/Desktop/python/CS156-Machine-Learning/final/data/retail_images/segmentation_overlays/sandal/urban_outfitters_sandals_c98a645d689a_overlay.jpg,/Users/ashley/Desktop/python/CS156-Machine-Learning/final/data/retail_images/raw/sandal/urban_outfitters_sandals_c98a645d689a.jpg,Sandal,450,675,RGB,3716aafcea94692f036ac99233214205cac4f62d4fe5ae4c376935ec6cf67c06,True,ok,segmented,0.0940806584362139,False,True,train
/Users/ashley/Desktop/python/CS156-Machine-Learning/final/data/retail_images/segmentation_overlays/shirt/free_people_blouses_0a675fff9ab8_overlay.jpg,/Users/ashley/Desktop/python/CS156-Machine-Learning/final/data/retail_images/raw/shirt/free_people_blouses_0a675fff9ab8.webp,Shirt,698,1046,RGB,18ef4327aa4d56d386b3fbd5bcbc93027510ef076f78cb82ddd9930c83045411,True,ok,segmented,0.1413996285481052,False,True,train
/Users/ashley/Desktop/python/CS156-Machine-Learning/final/data/retail_images/segmentation_overlays/dress/reformation_dresses_541de5b33a2c_overlay.jpg,/Users/ashley/Desktop/python/CS156-Machine-Learning/final/data/retail_images/raw/dress/reformation_dresses_541de5b33a2c.jpg,Dress,600,800,RGB,60eb3fbcb24a87dd6f1b2078b87d2910d285822589bbeb956588c38816f4c632,True,ok,segmented,0.2220583333333333,False,True,train
/Users/ashley/Desktop/python/CS156-Machine-Learning/final/data/retail_images/segmentation_overlays/dress/princess_polly_dresses_c29a48622ee9_overlay.jpg,/Users/ashley/Desktop/python/CS156-Machine-Learning/final/data/retail_images/raw/dress/princess_polly_dresses_c29a48622ee9.jpg,Dress,1344,1820,RGB,96fb23c067256f50795fe42b52b0833e8782647738978f2140a06d82a6dd3757,True,ok,segmented,0.1347580618785976,False,True,train
/Users/ashley/Desktop/python/CS156-Machine-Learning/final/data/retail_images/segmentation_overlays/sandal/urban_outfitters_sandals_4d37180b0161_overlay.jpg,/Users/ashley/Desktop/python/CS156-Machine-Learning/final/data/retail_images/raw/sandal/urban_outfitters_sandals_4d37180b0161.jpg,Sandal,450,675,RGB,e9410ae919eb750446250a039a7a694073b8627c5c44296b6c2f46c887e740a6,True,ok,segmented,0.0953843621399176,False,True,train
/Users/ashley/Desktop/python/CS156-Machine-Learning/final/data/retail_images/segmentation_overlays/trouser/princess_polly_pants_3a262db23aaa_overlay.jpg,/Users/ashley/Desktop/python/CS156-Machine-Learning/final/data/retail_images/raw/trouser/princess_polly_pants_3a262db23aaa.jpg,Trouser,1345,1821,RGB,73d9a5eb8355d599d39dc6d0681ed2aa3c3a03823abe7a51c6edb2fcc8ffc23a,True,ok,segmented,0.1695069296864952,False,True,train
/Users/ashley/Desktop/python/CS156-Machine-Learning/final/data/retail_images/segmentation_overlays/bag/anthropologie_bags_dd988c7b90ac_overlay.jpg,/Users/ashley/Desktop/python/CS156-Machine-Learning/final/data/retail_images/raw/bag/anthropologie_bags_dd988c7b90ac.jpg,Bag,349,523,RGB,f9154571ac98bda5966851319ff3813fa5c0f62c61b4b0bcfe59de5adb5ee008,True,ok,segmented,0.1327036548017553,False,True,train
/Users/ashley/Desktop/python/CS156-Machine-Learning/final/data/retail_images/segmentation_overlays/shirt/urban_outfitters_shirts_blouses_6f35454508a7_overlay.jpg,/Users/ashley/Desktop/python/CS156-Machine-Learning/final/data/retail_images/raw/shirt/urban_outfitters_shirts_blouses_6f35454508a7.jpg,Shirt,698,1046,RGB,b78a04c2451a4dc669fbbf61d5f3aabc3157678d81e44c0a72b7706d1037d9cf,True,ok,segmented,0.2390180630810784,False,True,train
/Users/ashley/Desktop/python/CS156-Machine-Learning/final/data/retail_images/segmentation_overlays/sneaker/anthropologie_sneakers_9c5226a77217_overlay.jpg,/Users/ashley/Desktop/python/CS156-Machine-Learning/final/data/retail_images/raw/sneaker/anthropologie_sneakers_9c5226a77217.jpg,Sneaker,349,523,RGB,bc6b8193d0e3f47fb2498856cd580216a64336f00476d5596c85341d4c7e9ce5,True,ok,segmented,0.1040229664652352,False,True,train
/Users/ashley/Desktop/python/CS156-Machine-Learning/final/data/retail_images/segmentation_overlays/sneaker/anthropologie_sneakers_c3e45af6ca06_overlay.jpg,/Users/ashley/Desktop/python/CS156-Machine-Learning/final/data/retail_images/raw/sneaker/anthropologie_sneakers_c3e45af6ca06.jpg,Sneaker,349,523,RGB,23cb16e2b704054c8fcfad7bcc1b2257ea9c2fc929c3a5097f827f400f45d750,True,ok,segmented,0.2014660844696948,False,True,train
/Users/ashley/Desktop/python/CS156-Machine-Learning/final/data/retail_images/segmentation_overlays/shirt/anthropologie_blouses_7b619e0d16ad_overlay.jpg,/Users/ashley/Desktop/python/CS156-Machine-Learning/final/data/retail_images/raw/shirt/anthropologie_blouses_7b619e0d16ad.jpg,Shirt,349,523,RGB,f8a483970fcfd43c9a553cf240d4c5b18a35717eca004e31304e378d22b1530f,True,ok,segmented,0.2555841053652336,False,True,train
/Users/ashley/Desktop/python/CS156-Machine-Learning/final/data/retail_images/segmentation_overlays/bag/anthropologie_bags_98b480ef37b7_overlay.jpg,/Users/ashley/Desktop/python/CS156-Machine-Learning/final/data/retail_images/raw/bag/anthropologie_bags_98b480ef37b7.jpg,Bag,349,523,RGB,91a7cf32d3993bb25404857e44f63aefd9891196edbb55c75b5b76597d96ac9e,True,ok,segmented,0.096944561626499,False,True,train
/Users/ashley/Desktop/python/CS156-Machine-Learning/final/data/retail_images/segmentation_overlays/shirt/princess_polly_button_ups_ac27d8acb1c1_overlay.jpg,/Users/ashley/Desktop/python/CS156-Machine-Learning/final/data/retail_images/raw/shirt/princess_polly_button_ups_ac27d8acb1c1.jpg,Shirt,1345,1820,RGB,2718d459a1814eeb11de8b9573b9764df6814bf9b0d4999e714c3da4bd098f84,True,ok,segmented,0.1502120184648065,False,True,train
/Users/ashley/Desktop/python/CS156-Machine-Learning/final/data/retail_images/segmentation_overlays/shirt/anthropologie_blouses_ff15edc7f0db_overlay.jpg,/Users/ashley/Desktop/python/CS156-Machine-Learning/final/data/retail_images/raw/shirt/anthropologie_blouses_ff15edc7f0db.jpg,Shirt,349,523,RGB,dbbdd10a4224a862d13781e1ad51fb6586b0ad5468dedcd31862d8de832a84ad,True,ok,segmented,0.3394675856174703,False,True,train
/Users/ashley/Desktop/python/CS156-Machine-Learning/final/data/retail_images/segmentation_overlays/shirt/anthropologie_blouses_0a0a9b001e80_overlay.jpg,/Users/ashley/Desktop/python/CS156-Machine-Learning/final/data/retail_images/raw/shirt/anthropologie_blouses_0a0a9b001e80.jpg,Shirt,349,523,RGB,9371a52bf4b1f3bc22678a3ddde783105ee1e38c702264c0fbe9283fa5ed0a58,True,ok,segmented,0.4005763530874884,False,True,train
/Users/ashley/Desktop/python/CS156-Machine-Learning/final/data/retail_images/segmentation_overlays/shirt/princess_polly_shirts_blouses_d353c2006c3b_overlay.jpg,/Users/ashley/Desktop/python/CS156-Machine-Learning/final/data/retail_images/raw/shirt/princess_polly_shirts_blouses_d353c2006c3b.jpg,Shirt,1344,1820,RGB,0b30b9a9f00b29f7aac915fece1b68abb1167e5d615f3dfc76657302c5b110cc,True,ok,segmented,0.5379235347985348,False,True,train
/Users/ashley/Desktop/python/CS156-Machine-Learning/final/data/retail_images/segmentation_overlays/bag/princess_polly_bags_3f8a4736057b_overlay.jpg,/Users/ashley/Desktop/python/CS156-Machine-Learning/final/data/retail_images/raw/bag/princess_polly_bags_3f8a4736057b.jpg,Bag,1344,1820,RGB,3018e6d389ab16e19fe2fce2467d03716d996984b7705cc10fc2ad68b8a3adf7,True,ok,segmented,0.1517166241496598,False,True,train
/Users/ashley/Desktop/python/CS156-Machine-Learning/final/data/retail_images/segmentation_overlays/coat/princess_polly_jackets_c27920dc154e_overlay.jpg,/Users/ashley/Desktop/python/CS156-Machine-Learning/final/data/retail_images/raw/coat/princess_polly_jackets_c27920dc154e.jpg,Coat,1344,1820,RGB,7c03adac0e06a2ec8a79653e9bfccf79607aec62d0c13078e98aa9ea87724991,True,ok,segmented,0.2426016319989534,False,True,train
/Users/ashley/Desktop/python/CS156-Machine-Learning/final/data/retail_images/segmentation_overlays/shirt/anthropologie_blouses_16653fdbfb32_overlay.jpg,/Users/ashley/Desktop/python/CS156-Machine-Learning/final/data/retail_images/raw/shirt/anthropologie_blouses_16653fdbfb32.jpg,Shirt,349,523,RGB,e7f3183b286e17449005fcd4047b1b868d64edff4e2f6c6352a18080ff0f30be,True,ok,segmented,0.2930580133350134,False,True,train
/Users/ashley/Desktop/python/CS156-Machine-Learning/final/data/retail_images/segmentation_overlays/sneaker/princess_polly_sneakers_228e1d60cb10_overlay.jpg,/Users/ashley/Desktop/python/CS156-Machine-Learning/final/data/retail_images/raw/sneaker/princess_polly_sneakers_228e1d60cb10.jpg,Sneaker,1344,1820,RGB,ad651a11b66e5a983282b283506005ff8a7c31963592926cbc92b6cd9390cbe3,True,ok,segmented,0.0844759778911564,False,True,train
/Users/ashley/Desktop/python/CS156-Machine-Learning/final/data/retail_images/segmentation_overlays/trouser/princess_polly_pants_73a33c3ef9a4_overlay.jpg,/Users/ashley/Desktop/python/CS156-Machine-Learning/final/data/retail_images/raw/trouser/princess_polly_pants_73a33c3ef9a4.jpg,Trouser,1344,1820,RGB,78d3fc51874d17ce1efbba8998329899bf23d5649a806b041419b8c23cb4e8e7,True,ok,segmented,0.0270469485871271,False,True,train
/Users/ashley/Desktop/python/CS156-Machine-Learning/final/data/retail_images/segmentation_overlays/trouser/princess_polly_pants_abce4b849aa1_overlay.jpg,/Users/ashley/Desktop/python/CS156-Machine-Learning/final/data/retail_images/raw/trouser/princess_polly_pants_abce4b849aa1.jpg,Trouser,1345,1820,RGB,9e80a94acc5c6a97c82dbd0d4db27e71c5f9a905af4157ba7098713453fcc55e,True,ok,segmented,0.0683863719923199,False,True,train
/Users/ashley/Desktop/python/CS156-Machine-Learning/final/data/retail_images/segmentation_overlays/t_shirt_top/reformation_tops_f83c6cba1084_overlay.jpg,/Users/ashley/Desktop/python/CS156-Machine-Learning/final/data/retail_images/raw/t_shirt_top/reformation_tops_f83c6cba1084.jpg,T-shirt/top,600,800,RGB,7596278f9758821490f536a4e26338bea47d3cf14a361fb1b36af9e21efec689,True,ok,segmented,0.09735625,False,True,train
/Users/ashley/Desktop/python/CS156-Machine-Learning/final/data/retail_images/segmentation_overlays/sandal/princess_polly_sandals_590830a82ba8_overlay.jpg,/Users/ashley/Desktop/python/CS156-Machine-Learning/final/data/retail_images/raw/sandal/princess_polly_sandals_590830a82ba8.jpg,Sandal,1344,1820,RGB,f8b8f7ce019e6f31f8d50f4e7c0d6455510630afca929d354befe9c52793f8fa,True,ok,segmented,0.0534021781789638,False,True,train
/Users/ashley/Desktop/python/CS156-Machine-Learning/final/data/retail_images/segmentation_overlays/sandal/anthropologie_sandals_9e41421fb996_overlay.jpg,/Users/ashley/Desktop/python/CS156-Machine-Learning/final/data/retail_images/raw/sandal/anthropologie_sandals_9e41421fb996.webp,Sandal,698,1046,RGB,326abe35127e7dc9b537eb146d13a1e610c598335e04deda12ac90d0c8ded9a2,True,ok,segmented,0.0115489763158327,False,True,train
/Users/ashley/Desktop/python/CS156-Machine-Learning/final/data/retail_images/segmentation_overlays/sneaker/anthropologie_sneakers_01e084fe282d_overlay.jpg,/Users/ashley/Desktop/python/CS156-Machine-Learning/final/data/retail_images/raw/sneaker/anthropologie_sneakers_01e084fe282d.jpg,Sneaker,349,523,RGB,b280bc990f18624b7a9eb58f76703b8d6dcbd5503f110ce7a48f7a2df5eff5db,True,ok,segmented,0.1860491872435311,False,True,train
/Users/ashley/Desktop/python/CS156-Machine-Learning/final/data/retail_images/segmentation_overlays/sneaker/urban_outfitters_sneakers_29a5cbef648f_overlay.jpg,/Users/ashley/Desktop/python/CS156-Machine-Learning/final/data/retail_images/raw/sneaker/urban_outfitters_sneakers_29a5cbef648f.jpg,Sneaker,450,675,RGB,7c2836defee06b34ee73a5a4b922ff24cc77a05bba86743d644de7ef76bc6bc6,True,ok,segmented,0.0327341563786008,False,True,train
/Users/ashley/Desktop/python/CS156-Machine-Learning/final/data/retail_images/segmentation_overlays/pullover/princess_polly_sweaters_0cde4374ddf8_overlay.jpg,/Users/ashley/Desktop/python/CS156-Machine-Learning/final/data/retail_images/raw/pullover/princess_polly_sweaters_0cde4374ddf8.jpg,Pullover,1344,1819,RGB,3f6184c5bc371d9c334519b3e5d253a7059da80594ff62db76682fe98ccaca9e,True,ok,segmented,0.1791956268488704,False,True,train
/Users/ashley/Desktop/python/CS156-Machine-Learning/final/data/retail_images/segmentation_overlays/pullover/reformation_sweaters_6db11aecd2b2_overlay.jpg,/Users/ashley/Desktop/python/CS156-Machine-Learning/final/data/retail_images/raw/pullover/reformation_sweaters_6db11aecd2b2.jpg,Pullover,600,800,RGB,aded33098bd0334cbf6cf53f296070348dd81cd039aee346f5bd35a3e778e7de,True,ok,segmented,0.42978125,False,True,train
/Users/ashley/Desktop/python/CS156-Machine-Learning/final/data/retail_images/segmentation_overlays/sandal/princess_polly_sandals_c114aebce15c_overlay.jpg,/Users/ashley/Desktop/python/CS156-Machine-Learning/final/data/retail_images/raw/sandal/princess_polly_sandals_c114aebce15c.jpg,Sandal,1344,1820,RGB,2e2ded47557df345ae62dfade37a8e091cd7ac49a67a033cdb3bbfc5e3d0aee4,True,ok,segmented,0.0616414835164835,False,True,train
/Users/ashley/Desktop/python/CS156-Machine-Learning/final/data/retail_images/segmentation_overlays/t_shirt_top/brandy_melville_tops_c7280abc2001_overlay.jpg,/Users/ashley/Desktop/python/CS156-Machine-Learning/final/data/retail_images/raw/t_shirt_top/brandy_melville_tops_c7280abc2001.jpg,T-shirt/top,533,800,RGB,590bf6f9901e51b0347ac04e1d517991cad2ae76dd94adc62f4d083d287e9d24,True,ok,segmented,0.0843597560975609,False,True,train
/Users/ashley/Desktop/python/CS156-Machine-Learning/final/data/retail_images/segmentation_overlays/ankle_boot/anthropologie_boot_shop_ed776d07e154_overlay.jpg,/Users/ashley/Desktop/python/CS156-Machine-Learning/final/data/retail_images/raw/ankle_boot/anthropologie_boot_shop_ed776d07e154.webp,Ankle boot,698,1046,RGB,3983e6b5795d58149222a4d56be6acdc0db73669320ec282288e8cdd4bf60d2c,True,ok,segmented,0.2574427344995535,False,True,train
/Users/ashley/Desktop/python/CS156-Machine-Learning/final/data/retail_images/segmentation_overlays/ankle_boot/princess_polly_boots_cd1ebfc008b1_overlay.jpg,/Users/ashley/Desktop/python/CS156-Machine-Learning/final/data/retail_images/raw/ankle_boot/princess_polly_boots_cd1ebfc008b1.jpg,Ankle boot,1344,1820,RGB,f6995514623006800ea0c166a329a9da888b28a53564aaf19507689c82162312,True,ok,segmented,0.0287860576923076,False,True,train
/Users/ashley/Desktop/python/CS156-Machine-Learning/final/data/retail_images/segmentation_overlays/ankle_boot/princess_polly_boots_eab73135a32a_overlay.jpg,/Users/ashley/Desktop/python/CS156-Machine-Learning/final/data/retail_images/raw/ankle_boot/princess_polly_boots_eab73135a32a.jpg,Ankle boot,1344,1820,RGB,640f6f23300ef02c4f5bf18e89c38db8a47e20970813b7b862c0ca566dc0f7ff,True,ok,segmented,0.076995028780743,False,True,train
/Users/ashley/Desktop/python/CS156-Machine-Learning/final/data/retail_images/segmentation_overlays/trouser/princess_polly_pants_6240f906b71c_overlay.jpg,/Users/ashley/Desktop/python/CS156-Machine-Learning/final/data/retail_images/raw/trouser/princess_polly_pants_6240f906b71c.jpg,Trouser,1345,1820,RGB,7b6c48d7f21d5de1fff1edb131ae240585cb2ff6f20db380ef747b99cc03fa21,True,ok,segmented,0.301470648310797,False,True,train
/Users/ashley/Desktop/python/CS156-Machine-Learning/final/data/retail_images/segmentation_overlays/pullover/reformation_sweaters_7511e6c7daf1_overlay.jpg,/Users/ashley/Desktop/python/CS156-Machine-Learning/final/data/retail_images/raw/pullover/reformation_sweaters_7511e6c7daf1.jpg,Pullover,600,800,RGB,e12bfe56be635e509c5f4d5b11891b9ba5c8ded5637d6d883a77e5329b9a6cf5,True,ok,segmented,0.0501583333333333,False,True,train
/Users/ashley/Desktop/python/CS156-Machine-Learning/final/data/retail_images/segmentation_overlays/t_shirt_top/brandy_melville_tops_page_4_3e6105fc11a5_overlay.jpg,/Users/ashley/Desktop/python/CS156-Machine-Learning/final/data/retail_images/raw/t_shirt_top/brandy_melville_tops_page_4_3e6105fc11a5.jpg,T-shirt/top,360,540,RGB,cbc1a5140123cce6e1f5bdf96b9b47f1d3b6ffc82fdffd2607ba7042635a9b43,True,ok,segmented,0.1124537037037037,False,True,train
/Users/ashley/Desktop/python/CS156-Machine-Learning/final/data/retail_images/segmentation_overlays/trouser/brandy_melville_pants_f8dd69d3cfc2_overlay.jpg,/Users/ashley/Desktop/python/CS156-Machine-Learning/final/data/retail_images/raw/trouser/brandy_melville_pants_f8dd69d3cfc2.jpg,Trouser,360,540,RGB,1f663f0daf969bbc91080d504bfed7408aed2daf270280ebcb22a68521fa3414,True,ok,segmented,0.3103652263374485,False,True,train
/Users/ashley/Desktop/python/CS156-Machine-Learning/final/data/retail_images/segmentation_overlays/sandal/urban_outfitters_sandals_38cfa5f86bfb_overlay.jpg,/Users/ashley/Desktop/python/CS156-Machine-Learning/final/data/retail_images/raw/sandal/urban_outfitters_sandals_38cfa5f86bfb.jpg,Sandal,450,675,RGB,d7eea5a13f893746908929eb23a5e82d9d31086548dcc0595c3b785dacfe1ecc,True,ok,segmented,0.0137053497942386,False,True,train
/Users/ashley/Desktop/python/CS156-Machine-Learning/final/data/retail_images/segmentation_overlays/sneaker/urban_outfitters_sneakers_c3e1c4b13087_overlay.jpg,/Users/ashley/Desktop/python/CS156-Machine-Learning/final/data/retail_images/raw/sneaker/urban_outfitters_sneakers_c3e1c4b13087.jpg,Sneaker,450,675,RGB,49d3ecb0df7c35d497a60300db35d0a06e4f62b5179848867dbf79a2f3c00bab,True,ok,segmented,0.0821234567901234,False,True,train
/Users/ashley/Desktop/python/CS156-Machine-Learning/final/data/retail_images/segmentation_overlays/ankle_boot/princess_polly_boots_b590acd6708e_overlay.jpg,/Users/ashley/Desktop/python/CS156-Machine-Learning/final/data/retail_images/raw/ankle_boot/princess_polly_boots_b590acd6708e.jpg,Ankle boot,1345,1820,RGB,395139e432e3a56687568bcf490da9dc086a9edbc722b52d3556ce29d1807c7a,True,ok,segmented,0.0940299848850034,False,True,train
/Users/ashley/Desktop/python/CS156-Machine-Learning/final/data/retail_images/segmentation_overlays/pullover/princess_polly_sweaters_a503dcd57564_overlay.jpg,/Users/ashley/Desktop/python/CS156-Machine-Learning/final/data/retail_images/raw/pullover/princess_polly_sweaters_a503dcd57564.jpg,Pullover,1345,1820,RGB,024dc8202bdefa061a5f8a4830f68c1fdd26e693bd6a60e9eec4f5439ac9b0f8,True,ok,segmented,0.4559312063401283,False,True,train
/Users/ashley/Desktop/python/CS156-Machine-Learning/final/data/retail_images/segmentation_overlays/sandal/princess_polly_sandals_1c9f67adc31d_overlay.jpg,/Users/ashley/Desktop/python/CS156-Machine-Learning/final/data/retail_images/raw/sandal/princess_polly_sandals_1c9f67adc31d.jpg,Sandal,1344,1820,RGB,2b7c1b3cfdd3c56fcb21e14ab873ba6f1acb40616b36593c162c8a25e7fe648c,True,ok,segmented,0.0416834281789638,False,True,train
/Users/ashley/Desktop/python/CS156-Machine-Learning/final/data/retail_images/segmentation_overlays/ankle_boot/princess_polly_boots_bf77ebeeafa8_overlay.jpg,/Users/ashley/Desktop/python/CS156-Machine-Learning/final/data/retail_images/raw/ankle_boot/princess_polly_boots_bf77ebeeafa8.jpg,Ankle boot,1345,1821,RGB,6b2a9cc6b5b2e01fdce0f323bc200652b1c91e4d32387e9896cf11e247495013,True,ok,segmented,0.153350522303812,False,True,train
/Users/ashley/Desktop/python/CS156-Machine-Learning/final/data/retail_images/segmentation_overlays/bag/anthropologie_bags_b080d6f29863_overlay.jpg,/Users/ashley/Desktop/python/CS156-Machine-Learning/final/data/retail_images/raw/bag/anthropologie_bags_b080d6f29863.jpg,Bag,349,523,RGB,61e90cf59d09f4bb0c3189e62a688e414719530689b7dc8c6c333c0c6471b1cb,True,ok,segmented,0.0562108619546697,False,True,train
/Users/ashley/Desktop/python/CS156-Machine-Learning/final/data/retail_images/segmentation_overlays/trouser/princess_polly_pants_1265aa55f7e4_overlay.jpg,/Users/ashley/Desktop/python/CS156-Machine-Learning/final/data/retail_images/raw/trouser/princess_polly_pants_1265aa55f7e4.jpg,Trouser,1344,1820,RGB,c169c16ee81361d4fd3264854002888b913d26fa6b1448f9348694830cfa65a0,True,ok,segmented,0.1332707842752485,False,True,train
/Users/ashley/Desktop/python/CS156-Machine-Learning/final/data/retail_images/segmentation_overlays/dress/princess_polly_dresses_4093f31ee93a_overlay.jpg,/Users/ashley/Desktop/python/CS156-Machine-Learning/final/data/retail_images/raw/dress/princess_polly_dresses_4093f31ee93a.jpg,Dress,1345,1821,RGB,d152b48a5ea04b728e933ecd322554aceb14f3d5074f59a0a4ac57bcec85fe7d,True,ok,segmented,0.3373002700832297,False,True,train
/Users/ashley/Desktop/python/CS156-Machine-Learning/final/data/retail_images/segmentation_overlays/shirt/urban_outfitters_shirts_blouses_48f5085dc1f4_overlay.jpg,/Users/ashley/Desktop/python/CS156-Machine-Learning/final/data/retail_images/raw/shirt/urban_outfitters_shirts_blouses_48f5085dc1f4.jpg,Shirt,349,523,RGB,4c85f7c850fa23c27e9f63e029115f07e9bfe0e141f0c352e78dd51e0e800276,True,ok,segmented,0.3330356604776279,False,True,train
/Users/ashley/Desktop/python/CS156-Machine-Learning/final/data/retail_images/segmentation_overlays/trouser/princess_polly_pants_79ab5083d755_overlay.jpg,/Users/ashley/Desktop/python/CS156-Machine-Learning/final/data/retail_images/raw/trouser/princess_polly_pants_79ab5083d755.jpg,Trouser,1344,1820,RGB,f6f5e90f1858e647b785fbe61212ee1a89d92ae26072fc008102064278f5b13f,True,ok,segmented,0.1094972363945578,False,True,train
/Users/ashley/Desktop/python/CS156-Machine-Learning/final/data/retail_images/segmentation_overlays/dress/anthropologie_dresses_effe7202148e_overlay.jpg,/Users/ashley/Desktop/python/CS156-Machine-Learning/final/data/retail_images/raw/dress/anthropologie_dresses_effe7202148e.jpg,Dress,349,523,RGB,ab75c8a0fdc72da9704b7d77d4c7f7a680a56a04ac30a48bb659b697acaaa2d1,True,ok,segmented,0.2096511748946731,False,True,train
/Users/ashley/Desktop/python/CS156-Machine-Learning/final/data/retail_images/segmentation_overlays/pullover/reformation_sweaters_91ab8bd242ae_overlay.jpg,/Users/ashley/Desktop/python/CS156-Machine-Learning/final/data/retail_images/raw/pullover/reformation_sweaters_91ab8bd242ae.jpg,Pullover,600,800,RGB,90164f92bf54bbcabf5fa14bb0ab07655972c6d4c9ebe1a98a77e93a1eb758db,True,ok,segmented,0.1289479166666666,False,True,train
/Users/ashley/Desktop/python/CS156-Machine-Learning/final/data/retail_images/segmentation_overlays/sandal/princess_polly_sandals_9f56a8203726_overlay.jpg,/Users/ashley/Desktop/python/CS156-Machine-Learning/final/data/retail_images/raw/sandal/princess_polly_sandals_9f56a8203726.jpg,Sandal,1345,1820,RGB,ec6f0c816ebb7712d8802cf149b4919872275db0785dfb246ee9d5521d33cfec,True,ok,segmented,0.0400665876874055,False,True,train
/Users/ashley/Desktop/python/CS156-Machine-Learning/final/data/retail_images/segmentation_overlays/shirt/anthropologie_blouses_4a327717476d_overlay.jpg,/Users/ashley/Desktop/python/CS156-Machine-Learning/final/data/retail_images/raw/shirt/anthropologie_blouses_4a327717476d.jpg,Shirt,349,523,RGB,498a5fdbaec985980fa1f7761882012795f789be1c9390dcec3a0c00f3722238,True,ok,segmented,0.2514751242281964,False,True,train
/Users/ashley/Desktop/python/CS156-Machine-Learning/final/data/retail_images/segmentation_overlays/bag/princess_polly_bags_d22b28ae9f44_overlay.jpg,/Users/ashley/Desktop/python/CS156-Machine-Learning/final/data/retail_images/raw/bag/princess_polly_bags_d22b28ae9f44.jpg,Bag,1344,1820,RGB,ce8f3aed9cdf2e5f9d839dab13e59637eb92d29080eca6a847889cedc2aafc89,True,ok,segmented,0.2053019525117739,False,True,train
/Users/ashley/Desktop/python/CS156-Machine-Learning/final/data/retail_images/segmentation_overlays/coat/reformation_jackets_and_coats_29301a8567d0_overlay.jpg,/Users/ashley/Desktop/python/CS156-Machine-Learning/final/data/retail_images/raw/coat/reformation_jackets_and_coats_29301a8567d0.jpg,Coat,600,800,RGB,50be40b326e940f34c4781568ea325c84e13e0ac1197d42586a66db5b73f69d4,True,ok,segmented,0.3585833333333333,False,True,train
/Users/ashley/Desktop/python/CS156-Machine-Learning/final/data/retail_images/segmentation_overlays/t_shirt_top/brandy_melville_tops_7ac5da8696cf_overlay.jpg,/Users/ashley/Desktop/python/CS156-Machine-Learning/final/data/retail_images/raw/t_shirt_top/brandy_melville_tops_7ac5da8696cf.jpg,T-shirt/top,533,800,RGB,1c9d9fcd9d5e2c1139dbc937733ec109b2acac9f71826f0ee5d3012aca0ee25f,True,ok,segmented,0.0846482176360225,False,True,train
/Users/ashley/Desktop/python/CS156-Machine-Learning/final/data/retail_images/segmentation_overlays/dress/anthropologie_dresses_3d72579929c8_overlay.jpg,/Users/ashley/Desktop/python/CS156-Machine-Learning/final/data/retail_images/raw/dress/anthropologie_dresses_3d72579929c8.webp,Dress,698,1046,RGB,321f585c1931d3ab3d9403d4a17a5c61878774ec512ac9242970cf0b1fdb1a35,True,ok,segmented,0.1852862864124211,False,True,train
/Users/ashley/Desktop/python/CS156-Machine-Learning/final/data/retail_images/segmentation_overlays/sneaker/urban_outfitters_sneakers_ad16aa1dd1a8_overlay.jpg,/Users/ashley/Desktop/python/CS156-Machine-Learning/final/data/retail_images/raw/sneaker/urban_outfitters_sneakers_ad16aa1dd1a8.jpg,Sneaker,450,675,RGB,657345d63c4fb6da7cb4a4126ec50c9bdfd4697b6695329d9d3e46930eb265b2,True,ok,segmented,0.0197794238683127,False,True,train
/Users/ashley/Desktop/python/CS156-Machine-Learning/final/data/retail_images/segmentation_overlays/trouser/brandy_melville_pants_2b26b8ee22eb_overlay.jpg,/Users/ashley/Desktop/python/CS156-Machine-Learning/final/data/retail_images/raw/trouser/brandy_melville_pants_2b26b8ee22eb.jpg,Trouser,533,800,RGB,b7f396869b76dae0874b71c5179763e5e544f4c342eae8b43433d35090444e5e,True,ok,segmented,0.1784333958724202,False,True,train
/Users/ashley/Desktop/python/CS156-Machine-Learning/final/data/retail_images/segmentation_overlays/sneaker/anthropologie_sneakers_48d18c7646a8_overlay.jpg,/Users/ashley/Desktop/python/CS156-Machine-Learning/final/data/retail_images/raw/sneaker/anthropologie_sneakers_48d18c7646a8.jpg,Sneaker,349,523,RGB,5fc0d1c5ba7a650c84d674b65dd7c1a584e1f292745ee9adf9edf6535eb54846,True,ok,segmented,0.0329211568699425,False,True,train
/Users/ashley/Desktop/python/CS156-Machine-Learning/final/data/retail_images/segmentation_overlays/coat/reformation_jackets_and_coats_1ecf8117cc1b_overlay.jpg,/Users/ashley/Desktop/python/CS156-Machine-Learning/final/data/retail_images/raw/coat/reformation_jackets_and_coats_1ecf8117cc1b.jpg,Coat,600,800,RGB,33b9e94bbe9589379894abb023382c616945105e5069aa08db90446659f73773,True,ok,segmented,0.4886,False,True,train
/Users/ashley/Desktop/python/CS156-Machine-Learning/final/data/retail_images/segmentation_overlays/t_shirt_top/brandy_melville_tops_page_4_49b7d1b6b021_overlay.jpg,/Users/ashley/Desktop/python/CS156-Machine-Learning/final/data/retail_images/raw/t_shirt_top/brandy_melville_tops_page_4_49b7d1b6b021.jpg,T-shirt/top,165,248,RGB,b5db28ecea71fcf02246424d9c8f65ebc90916b4a33816b131f44b0cc9eba8c0,True,ok,segmented,0.4545454545454545,False,True,train
/Users/ashley/Desktop/python/CS156-Machine-Learning/final/data/retail_images/segmentation_overlays/ankle_boot/princess_polly_boots_a8e5624b5df4_overlay.jpg,/Users/ashley/Desktop/python/CS156-Machine-Learning/final/data/retail_images/raw/ankle_boot/princess_polly_boots_a8e5624b5df4.jpg,Ankle boot,1345,1820,RGB,058ec61242856a57db9b6a2487d3ed59294b32bb9a63b679e0a951539a3d7198,True,ok,segmented,0.2400028595939376,False,True,train
/Users/ashley/Desktop/python/CS156-Machine-Learning/final/data/retail_images/segmentation_overlays/t_shirt_top/brandy_melville_tops_page_4_8c4c0d9efec4_overlay.jpg,/Users/ashley/Desktop/python/CS156-Machine-Learning/final/data/retail_images/raw/t_shirt_top/brandy_melville_tops_page_4_8c4c0d9efec4.jpg,T-shirt/top,360,540,RGB,552894bba9acbd2db9740617e6954a2b578243d8612b66d80f99dc87029861ab,True,ok,segmented,0.2170473251028806,False,True,train
/Users/ashley/Desktop/python/CS156-Machine-Learning/final/data/retail_images/segmentation_overlays/sneaker/princess_polly_sneakers_8fd192c02cb5_overlay.jpg,/Users/ashley/Desktop/python/CS156-Machine-Learning/final/data/retail_images/raw/sneaker/princess_polly_sneakers_8fd192c02cb5.jpg,Sneaker,1344,1820,RGB,250955408d1af6e589aaa25051e952b6b63b2f4f8bf7e20b906504cfbbac0f3b,True,ok,segmented,0.0167005985086342,False,True,train
/Users/ashley/Desktop/python/CS156-Machine-Learning/final/data/retail_images/segmentation_overlays/coat/reformation_jackets_and_coats_36381cc8b51d_overlay.jpg,/Users/ashley/Desktop/python/CS156-Machine-Learning/final/data/retail_images/raw/coat/reformation_jackets_and_coats_36381cc8b51d.jpg,Coat,600,800,RGB,e33e0bb95bc37ab5f00e85d7c21dc493109647a89e01d0c1176326de90959b02,True,ok,segmented,0.19120625,False,True,train
/Users/ashley/Desktop/python/CS156-Machine-Learning/final/data/retail_images/segmentation_overlays/coat/reformation_outerwear_dea0a031cd41_overlay.jpg,/Users/ashley/Desktop/python/CS156-Machine-Learning/final/data/retail_images/raw/coat/reformation_outerwear_dea0a031cd41.jpg,Coat,600,800,RGB,82eab74d92f4ad3c54c5497215d8d0f56b924d57947e39e8be5cae6fff64d9e0,True,ok,segmented,0.4445458333333333,False,True,train
/Users/ashley/Desktop/python/CS156-Machine-Learning/final/data/retail_images/segmentation_overlays/sandal/urban_outfitters_sandals_4195fa00a423_overlay.jpg,/Users/ashley/Desktop/python/CS156-Machine-Learning/final/data/retail_images/raw/sandal/urban_outfitters_sandals_4195fa00a423.jpg,Sandal,450,675,RGB,e44406e03813faa8e8b0bb349d5e29e69388e72f22b4e0ca0c996d27a073a930,True,ok,segmented,0.0554995884773662,False,True,train
/Users/ashley/Desktop/python/CS156-Machine-Learning/final/data/retail_images/segmentation_overlays/trouser/brandy_melville_pants_7ec5ff3d603c_overlay.jpg,/Users/ashley/Desktop/python/CS156-Machine-Learning/final/data/retail_images/raw/trouser/brandy_melville_pants_7ec5ff3d603c.jpg,Trouser,533,800,RGB,770ad50ca04e2b3559800bfc86e345818d03b983f298d9266f8e4f528ddd6b15,True,ok,segmented,0.3297138836772983,False,True,train
/Users/ashley/Desktop/python/CS156-Machine-Learning/final/data/retail_images/segmentation_overlays/coat/reformation_outerwear_ab32524f3198_overlay.jpg,/Users/ashley/Desktop/python/CS156-Machine-Learning/final/data/retail_images/raw/coat/reformation_outerwear_ab32524f3198.jpg,Coat,600,800,RGB,044aa5ea010386e07a5eff510f8a0df79ba9b3b83496c5b9b3ed7c96538a830d,True,ok,segmented,0.1910666666666666,False,True,train
/Users/ashley/Desktop/python/CS156-Machine-Learning/final/data/retail_images/segmentation_overlays/shirt/anthropologie_blouses_0d69378e0e7b_overlay.jpg,/Users/ashley/Desktop/python/CS156-Machine-Learning/final/data/retail_images/raw/shirt/anthropologie_blouses_0d69378e0e7b.jpg,Shirt,349,523,RGB,19cfb19808160012404a7da2df5265947846ec85a95ae5993d27769b5ee179e0,True,ok,segmented,0.1179222799914533,False,True,train
/Users/ashley/Desktop/python/CS156-Machine-Learning/final/data/retail_images/segmentation_overlays/pullover/reformation_sweaters_c858ea0c75e4_overlay.jpg,/Users/ashley/Desktop/python/CS156-Machine-Learning/final/data/retail_images/raw/pullover/reformation_sweaters_c858ea0c75e4.jpg,Pullover,600,800,RGB,d0a570d1356a102a6377c2e89555b91cb0f212527f204387b77f295543218d4d,True,ok,segmented,0.16244375,False,True,train
/Users/ashley/Desktop/python/CS156-Machine-Learning/final/data/retail_images/segmentation_overlays/sneaker/anthropologie_sneakers_e0998d59679d_overlay.jpg,/Users/ashley/Desktop/python/CS156-Machine-Learning/final/data/retail_images/raw/sneaker/anthropologie_sneakers_e0998d59679d.jpg,Sneaker,349,523,RGB,fa190674dab848df5fa55229bbd77dab832c220b94f8373ec4a8f95b33b7f260,True,ok,segmented,0.0701923551036285,False,True,train
/Users/ashley/Desktop/python/CS156-Machine-Learning/final/data/retail_images/segmentation_overlays/dress/reformation_dresses_039fe2eae544_overlay.jpg,/Users/ashley/Desktop/python/CS156-Machine-Learning/final/data/retail_images/raw/dress/reformation_dresses_039fe2eae544.jpg,Dress,600,800,RGB,87a7a4e15b1dbdb5fc675c5ca78946670b50ddb9b30499cd3e14901452d289e0,True,ok,segmented,0.150975,False,True,train
/Users/ashley/Desktop/python/CS156-Machine-Learning/final/data/retail_images/segmentation_overlays/dress/princess_polly_dresses_2b8437c2a06d_overlay.jpg,/Users/ashley/Desktop/python/CS156-Machine-Learning/final/data/retail_images/raw/dress/princess_polly_dresses_2b8437c2a06d.jpg,Dress,1344,1820,RGB,ad32baee7c7ec3c115abb40be70fc6fade96fdae5e0bd44de5ceb2e21ca56052,True,ok,segmented,0.1924139848246991,False,True,train
/Users/ashley/Desktop/python/CS156-Machine-Learning/final/data/retail_images/segmentation_overlays/t_shirt_top/brandy_melville_tops_4dc0ea6cc3dc_overlay.jpg,/Users/ashley/Desktop/python/CS156-Machine-Learning/final/data/retail_images/raw/t_shirt_top/brandy_melville_tops_4dc0ea6cc3dc.jpg,T-shirt/top,533,800,RGB,2bab66c2145a14cd6c212fa0de57ca6ac089bd17be2d0199f19f6929e0d07e25,True,ok,segmented,0.085077392120075,False,True,train
/Users/ashley/Desktop/python/CS156-Machine-Learning/final/data/retail_images/segmentation_overlays/bag/anthropologie_bags_100289650fa9_overlay.jpg,/Users/ashley/Desktop/python/CS156-Machine-Learning/final/data/retail_images/raw/bag/anthropologie_bags_100289650fa9.jpg,Bag,349,523,RGB,181149207386d02370a2bc6f38aaf73b0b9dd3f6f863820f60002428a3c475c4,True,ok,segmented,0.2567674919327004,False,True,train
/Users/ashley/Desktop/python/CS156-Machine-Learning/final/data/retail_images/segmentation_overlays/coat/reformation_jackets_and_coats_42cd43b01312_overlay.jpg,/Users/ashley/Desktop/python/CS156-Machine-Learning/final/data/retail_images/raw/coat/reformation_jackets_and_coats_42cd43b01312.jpg,Coat,600,800,RGB,05a276d06d620ab5732e6bf7bab308664ccda8c937bb910280067daeffdfff78,True,ok,segmented,0.375925,False,True,train
/Users/ashley/Desktop/python/CS156-Machine-Learning/final/data/retail_images/segmentation_overlays/ankle_boot/anthropologie_boot_shop_38084c6c8f5b_overlay.jpg,/Users/ashley/Desktop/python/CS156-Machine-Learning/final/data/retail_images/raw/ankle_boot/anthropologie_boot_shop_38084c6c8f5b.jpg,Ankle boot,349,523,RGB,b3702bf3844b6ac08b9a622a93f2f74fd5639a3e233eb564fc7e9e4e7ef929ec,True,ok,segmented,0.09329578637681,False,True,train
/Users/ashley/Desktop/python/CS156-Machine-Learning/final/data/retail_images/segmentation_overlays/dress/reformation_dresses_ab795ec1bf46_overlay.jpg,/Users/ashley/Desktop/python/CS156-Machine-Learning/final/data/retail_images/raw/dress/reformation_dresses_ab795ec1bf46.jpg,Dress,600,800,RGB,3f38e852e7b67b4f38e8d9b57c90d4bdf5e5a4369a748200a17db098cf12927c,True,ok,segmented,0.30999375,False,True,train
/Users/ashley/Desktop/python/CS156-Machine-Learning/final/data/retail_images/segmentation_overlays/bag/anthropologie_bags_2a731f285397_overlay.jpg,/Users/ashley/Desktop/python/CS156-Machine-Learning/final/data/retail_images/raw/bag/anthropologie_bags_2a731f285397.jpg,Bag,349,523,RGB,1770ea2696a8751fea9341348c3e34c89f437fb641e558471a575bb7a91e96a6,True,ok,segmented,0.1256800363781796,False,True,train
/Users/ashley/Desktop/python/CS156-Machine-Learning/final/data/retail_images/segmentation_overlays/sneaker/anthropologie_sneakers_89fc481b90c9_overlay.jpg,/Users/ashley/Desktop/python/CS156-Machine-Learning/final/data/retail_images/raw/sneaker/anthropologie_sneakers_89fc481b90c9.jpg,Sneaker,349,523,RGB,03938427309d641ed30446266bd2f454a8fda8385defded7bda52f510cb52ab5,True,ok,segmented,0.0316391547551869,False,True,train
/Users/ashley/Desktop/python/CS156-Machine-Learning/final/data/retail_images/segmentation_overlays/dress/reformation_dresses_6f3f6aeb1c79_overlay.jpg,/Users/ashley/Desktop/python/CS156-Machine-Learning/final/data/retail_images/raw/dress/reformation_dresses_6f3f6aeb1c79.jpg,Dress,600,800,RGB,fda4c231b455eb393eea5f0149da534116c42113db9ddf2b280fda40b26f99ad,True,ok,segmented,0.1787854166666666,False,True,train
/Users/ashley/Desktop/python/CS156-Machine-Learning/final/data/retail_images/segmentation_overlays/shirt/urban_outfitters_shirts_blouses_9e7dd594ce43_overlay.jpg,/Users/ashley/Desktop/python/CS156-Machine-Learning/final/data/retail_images/raw/shirt/urban_outfitters_shirts_blouses_9e7dd594ce43.jpg,Shirt,349,523,RGB,7bae2584dbc757d23aa72b40ad5d294766dd536564d7c592bbf176ac8728cab1,True,ok,segmented,0.2402274731957464,False,True,train
/Users/ashley/Desktop/python/CS156-Machine-Learning/final/data/retail_images/segmentation_overlays/sandal/urban_outfitters_sandals_7c4b51f2adec_overlay.jpg,/Users/ashley/Desktop/python/CS156-Machine-Learning/final/data/retail_images/raw/sandal/urban_outfitters_sandals_7c4b51f2adec.jpg,Sandal,698,1046,RGB,a8809197704ce173a84d990772385d17ba18d51577ff38037ba8dcb66a3df66a,True,ok,segmented,0.0517950768927336,False,True,train
/Users/ashley/Desktop/python/CS156-Machine-Learning/final/data/retail_images/segmentation_overlays/coat/princess_polly_jackets_3d1fa754d1b7_overlay.jpg,/Users/ashley/Desktop/python/CS156-Machine-Learning/final/data/retail_images/raw/coat/princess_polly_jackets_3d1fa754d1b7.jpg,Coat,1344,1820,RGB,73cd24f842431e1ddcc364c1bb05726d25d5e30d7600de7faf0831929d31ffb4,True,ok,segmented,0.4480466705913134,False,True,train
/Users/ashley/Desktop/python/CS156-Machine-Learning/final/data/retail_images/segmentation_overlays/sandal/urban_outfitters_sandals_efb25691edd1_overlay.jpg,/Users/ashley/Desktop/python/CS156-Machine-Learning/final/data/retail_images/raw/sandal/urban_outfitters_sandals_efb25691edd1.jpg,Sandal,450,675,RGB,5aa26c8b708f250c085877e325921d99728153f977a344377af0fe980e524094,True,ok,segmented,0.0428378600823045,False,True,train
/Users/ashley/Desktop/python/CS156-Machine-Learning/final/data/retail_images/segmentation_overlays/bag/princess_polly_bags_40e4560674cb_overlay.jpg,/Users/ashley/Desktop/python/CS156-Machine-Learning/final/data/retail_images/raw/bag/princess_polly_bags_40e4560674cb.jpg,Bag,1345,1821,RGB,044d558d47756e7e52ade09bff279fb054e5be5553c742a4ff00b471066bb205,True,ok,segmented,0.170356170983303,False,True,train
/Users/ashley/Desktop/python/CS156-Machine-Learning/final/data/retail_images/segmentation_overlays/coat/reformation_outerwear_3d2885ab772b_overlay.jpg,/Users/ashley/Desktop/python/CS156-Machine-Learning/final/data/retail_images/raw/coat/reformation_outerwear_3d2885ab772b.jpg,Coat,600,800,RGB,85dc30566b935cf7f3bd9eafaf96d1427ce5852ca0c9282c1c15d24fac2c4175,True,ok,segmented,0.2001020833333333,False,True,train
/Users/ashley/Desktop/python/CS156-Machine-Learning/final/data/retail_images/segmentation_overlays/dress/princess_polly_dresses_531c29fce30e_overlay.jpg,/Users/ashley/Desktop/python/CS156-Machine-Learning/final/data/retail_images/raw/dress/princess_polly_dresses_531c29fce30e.jpg,Dress,1345,1820,RGB,ed37a7c8655f390ec85b69e1dc38b4e8a3cc831ca2ae0ddd3925ec877301f066,True,ok,segmented,0.144916867519098,False,True,train
/Users/ashley/Desktop/python/CS156-Machine-Learning/final/data/retail_images/segmentation_overlays/shirt/anthropologie_blouses_2d4c74520fb4_overlay.jpg,/Users/ashley/Desktop/python/CS156-Machine-Learning/final/data/retail_images/raw/shirt/anthropologie_blouses_2d4c74520fb4.jpg,Shirt,349,523,RGB,cc848ae2ff58a30233499cfd378042391659887c11ce9dc72b6791cebb16478b,True,ok,segmented,0.3132468073216565,False,True,train
/Users/ashley/Desktop/python/CS156-Machine-Learning/final/data/retail_images/segmentation_overlays/dress/princess_polly_dresses_d8e65a2a445f_overlay.jpg,/Users/ashley/Desktop/python/CS156-Machine-Learning/final/data/retail_images/raw/dress/princess_polly_dresses_d8e65a2a445f.jpg,Dress,1344,1820,RGB,372ce9454b9b2472f80bdae1204e7ed2939551efb3290a6bffa5cfc6f52f0b07,True,ok,segmented,0.2348737571951857,False,True,train
/Users/ashley/Desktop/python/CS156-Machine-Learning/final/data/retail_images/segmentation_overlays/coat/reformation_jackets_and_coats_1876ebdcfe74_overlay.jpg,/Users/ashley/Desktop/python/CS156-Machine-Learning/final/data/retail_images/raw/coat/reformation_jackets_and_coats_1876ebdcfe74.jpg,Coat,600,800,RGB,3d4ab09226278dd2b27695ced2291545f434df2dee9f1b725dfaf41ea83bb3be,True,ok,segmented,0.2739270833333333,False,True,train
/Users/ashley/Desktop/python/CS156-Machine-Learning/final/data/retail_images/segmentation_overlays/sneaker/anthropologie_sneakers_c73d9773852e_overlay.jpg,/Users/ashley/Desktop/python/CS156-Machine-Learning/final/data/retail_images/raw/sneaker/anthropologie_sneakers_c73d9773852e.jpg,Sneaker,349,523,RGB,31910f3a5f33e977950c6542b2775dbd08a2011b44e96de019c478df16ebf9be,True,ok,segmented,0.0673544187983147,False,True,train
/Users/ashley/Desktop/python/CS156-Machine-Learning/final/data/retail_images/segmentation_overlays/sneaker/urban_outfitters_sneakers_11755c984f62_overlay.jpg,/Users/ashley/Desktop/python/CS156-Machine-Learning/final/data/retail_images/raw/sneaker/urban_outfitters_sneakers_11755c984f62.jpg,Sneaker,450,675,RGB,0902e7e1d4dddc599bbed5ee3300c2974f7ee47932fc4fc54a9f6ef1beec76e4,True,ok,segmented,0.0383078189300411,False,True,train
/Users/ashley/Desktop/python/CS156-Machine-Learning/final/data/retail_images/segmentation_overlays/t_shirt_top/brandy_melville_tops_71996ee72661_overlay.jpg,/Users/ashley/Desktop/python/CS156-Machine-Learning/final/data/retail_images/raw/t_shirt_top/brandy_melville_tops_71996ee72661.jpg,T-shirt/top,1000,1500,RGB,7b4ad9d32efb5a91b1dd6000c4bf2126fc3fccd6f177accfb5c95f3ad9d68b11,True,ok,segmented,0.1582893333333333,False,True,train
/Users/ashley/Desktop/python/CS156-Machine-Learning/final/data/retail_images/segmentation_overlays/dress/reformation_dresses_bf219950f8a0_overlay.jpg,/Users/ashley/Desktop/python/CS156-Machine-Learning/final/data/retail_images/raw/dress/reformation_dresses_bf219950f8a0.jpg,Dress,600,800,RGB,70930ba0ba8f61a102eb44f694f601f499ac31425b426b6b3ffcf4df55f8066b,True,ok,segmented,0.12946875,False,True,train
/Users/ashley/Desktop/python/CS156-Machine-Learning/final/data/retail_images/segmentation_overlays/trouser/princess_polly_pants_aa1f411573b1_overlay.jpg,/Users/ashley/Desktop/python/CS156-Machine-Learning/final/data/retail_images/raw/trouser/princess_polly_pants_aa1f411573b1.jpg,Trouser,1277,1916,RGB,03f2ea63862312d88886328e029b08f228b22be3e97809a4a56323ad746b7787,True,ok,segmented,0.1189991384426246,False,True,train
/Users/ashley/Desktop/python/CS156-Machine-Learning/final/data/retail_images/segmentation_overlays/t_shirt_top/brandy_melville_tops_ba1db65b9086_overlay.jpg,/Users/ashley/Desktop/python/CS156-Machine-Learning/final/data/retail_images/raw/t_shirt_top/brandy_melville_tops_ba1db65b9086.jpg,T-shirt/top,360,540,RGB,197d462640007f3f54a457fffe696169cdb93557b1d2e392d007954d14bc0959,True,ok,segmented,0.1193055555555555,False,True,train
/Users/ashley/Desktop/python/CS156-Machine-Learning/final/data/retail_images/segmentation_overlays/sandal/anthropologie_sandals_3b12b4a0265a_overlay.jpg,/Users/ashley/Desktop/python/CS156-Machine-Learning/final/data/retail_images/raw/sandal/anthropologie_sandals_3b12b4a0265a.jpg,Sandal,349,523,RGB,d3f7ae64977d14c5a5acef86743480a24f863ecd89406563ce376f4e6a00e683,True,ok,segmented,0.0262810433524903,False,True,train
/Users/ashley/Desktop/python/CS156-Machine-Learning/final/data/retail_images/segmentation_overlays/t_shirt_top/brandy_melville_tops_26b2bc1908d9_overlay.jpg,/Users/ashley/Desktop/python/CS156-Machine-Learning/final/data/retail_images/raw/t_shirt_top/brandy_melville_tops_26b2bc1908d9.jpg,T-shirt/top,360,540,RGB,2594989cbd70bae911ce08f4d6e1414967dc0d8dcd6b4251cbc80597a8446176,True,ok,segmented,0.1921604938271605,False,True,train
/Users/ashley/Desktop/python/CS156-Machine-Learning/final/data/retail_images/segmentation_overlays/ankle_boot/princess_polly_boots_32092464c347_overlay.jpg,/Users/ashley/Desktop/python/CS156-Machine-Learning/final/data/retail_images/raw/ankle_boot/princess_polly_boots_32092464c347.jpg,Ankle boot,1344,1820,RGB,0fe5485081c8a766a0c9b673e875af7dc459f37aa33a25673c3bba629271bd28,True,ok,segmented,0.0162639815541601,False,True,train
/Users/ashley/Desktop/python/CS156-Machine-Learning/final/data/retail_images/segmentation_overlays/t_shirt_top/brandy_melville_tops_2b228eec5482_overlay.jpg,/Users/ashley/Desktop/python/CS156-Machine-Learning/final/data/retail_images/raw/t_shirt_top/brandy_melville_tops_2b228eec5482.jpg,T-shirt/top,1000,1500,RGB,7cb1345a85e2e6c28f3bcd8f03ca3a044c9bad812b7f3a781e1151e77872b2f5,True,ok,segmented,0.162876,False,True,train
/Users/ashley/Desktop/python/CS156-Machine-Learning/final/data/retail_images/segmentation_overlays/shirt/princess_polly_button_ups_aac3fbcc0da6_overlay.jpg,/Users/ashley/Desktop/python/CS156-Machine-Learning/final/data/retail_images/raw/shirt/princess_polly_button_ups_aac3fbcc0da6.jpg,Shirt,1345,1820,RGB,9b142a44413eee6be2a662ad220b5c5a5842b9310c387937fd4f17023e1b1283,True,ok,segmented,0.2327987254381306,False,True,train
/Users/ashley/Desktop/python/CS156-Machine-Learning/final/data/retail_images/segmentation_overlays/pullover/anthropologie_sweaters_9974a1be3580_overlay.jpg,/Users/ashley/Desktop/python/CS156-Machine-Learning/final/data/retail_images/raw/pullover/anthropologie_sweaters_9974a1be3580.jpg,Pullover,349,523,RGB,d48320e5d81a839811619e65d1ac24e6c3c52a0ade36ac78d416f7bdf3f994ff,True,ok,segmented,0.4155549589923683,False,True,train
/Users/ashley/Desktop/python/CS156-Machine-Learning/final/data/retail_images/segmentation_overlays/bag/princess_polly_bags_9e74cada2cc9_overlay.jpg,/Users/ashley/Desktop/python/CS156-Machine-Learning/final/data/retail_images/raw/bag/princess_polly_bags_9e74cada2cc9.jpg,Bag,1345,1821,RGB,b9ee57315bd26a0d5798af4eae52413a7ce99e492550519687dee863e7b849ff,True,ok,segmented,0.1187761942966097,False,True,train
/Users/ashley/Desktop/python/CS156-Machine-Learning/final/data/retail_images/segmentation_overlays/pullover/reformation_sweaters_2544545bb673_overlay.jpg,/Users/ashley/Desktop/python/CS156-Machine-Learning/final/data/retail_images/raw/pullover/reformation_sweaters_2544545bb673.jpg,Pullover,600,800,RGB,5948c56db792268e617f5f3098624460b4797e6350b8295118fb2bda02a0449d,True,ok,segmented,0.04223125,False,True,train
/Users/ashley/Desktop/python/CS156-Machine-Learning/final/data/retail_images/segmentation_overlays/pullover/anthropologie_sweaters_2b9f9aaeb369_overlay.jpg,/Users/ashley/Desktop/python/CS156-Machine-Learning/final/data/retail_images/raw/pullover/anthropologie_sweaters_2b9f9aaeb369.jpg,Pullover,349,523,RGB,8e23cbab70c65879834f86f250f580e4a3d5264d985d85a58b60f656860b3654,True,ok,segmented,0.6632443419329743,False,True,train
/Users/ashley/Desktop/python/CS156-Machine-Learning/final/data/retail_images/segmentation_overlays/pullover/reformation_sweaters_fd4ec7b76057_overlay.jpg,/Users/ashley/Desktop/python/CS156-Machine-Learning/final/data/retail_images/raw/pullover/reformation_sweaters_fd4ec7b76057.jpg,Pullover,600,800,RGB,b690df74a6d0b009799baac8f6939c97c2f8ab65b9bb2ddc87e9f78a202be0ec,True,ok,segmented,0.047475,False,True,train
/Users/ashley/Desktop/python/CS156-Machine-Learning/final/data/retail_images/segmentation_overlays/pullover/princess_polly_sweaters_57d981d8d2d4_overlay.jpg,/Users/ashley/Desktop/python/CS156-Machine-Learning/final/data/retail_images/raw/pullover/princess_polly_sweaters_57d981d8d2d4.jpg,Pullover,1345,1820,RGB,64c2f6905afec75a1d7a37be72b5920d8d9885e2d8645298a12aed59ee4425f5,True,ok,segmented,0.2843016463090813,False,True,train
/Users/ashley/Desktop/python/CS156-Machine-Learning/final/data/retail_images/segmentation_overlays/ankle_boot/anthropologie_boot_shop_bc458f86efe2_overlay.jpg,/Users/ashley/Desktop/python/CS156-Machine-Learning/final/data/retail_images/raw/ankle_boot/anthropologie_boot_shop_bc458f86efe2.jpg,Ankle boot,349,523,RGB,2be4d6831301e5c41109a045ade5e53b533b6d40feff6d395358c1b094c02296,True,ok,segmented,0.0376327885737452,False,True,train
/Users/ashley/Desktop/python/CS156-Machine-Learning/final/data/retail_images/segmentation_overlays/bag/anthropologie_bags_c63e6ad46afc_overlay.jpg,/Users/ashley/Desktop/python/CS156-Machine-Learning/final/data/retail_images/raw/bag/anthropologie_bags_c63e6ad46afc.jpg,Bag,349,523,RGB,c5f85a40852f2ccc0a774f2bd9fd657e310680752bd2985747af2890601f2b25,True,ok,segmented,0.1726429514537575,False,True,train
/Users/ashley/Desktop/python/CS156-Machine-Learning/final/data/retail_images/segmentation_overlays/t_shirt_top/brandy_melville_tops_81f0c8f12128_overlay.jpg,/Users/ashley/Desktop/python/CS156-Machine-Learning/final/data/retail_images/raw/t_shirt_top/brandy_melville_tops_81f0c8f12128.jpg,T-shirt/top,2686,4029,RGB,a8dc411d9bede1b31572e2321a42ce8d23d99e0bc1113d76a493dcd7a0679a92,True,ok,segmented,0.069412064098946,False,True,train
/Users/ashley/Desktop/python/CS156-Machine-Learning/final/data/retail_images/segmentation_overlays/pullover/princess_polly_sweaters_e08480ed9bd4_overlay.jpg,/Users/ashley/Desktop/python/CS156-Machine-Learning/final/data/retail_images/raw/pullover/princess_polly_sweaters_e08480ed9bd4.jpg,Pullover,1345,1820,RGB,9d5cfb72aea9852f42a6f88a7f2f466c411047f293ec5de3f21ed8c6f6401ba8,True,ok,segmented,0.1669479962416765,False,True,train
/Users/ashley/Desktop/python/CS156-Machine-Learning/final/data/retail_images/segmentation_overlays/coat/reformation_jackets_and_coats_affdaefd465e_overlay.jpg,/Users/ashley/Desktop/python/CS156-Machine-Learning/final/data/retail_images/raw/coat/reformation_jackets_and_coats_affdaefd465e.jpg,Coat,600,800,RGB,47e1cd4c2745ac62ff1e0969a0dfb5e528beaed68709f233fd40a431bf204553,True,ok,segmented,0.4517583333333333,False,True,train
/Users/ashley/Desktop/python/CS156-Machine-Learning/final/data/retail_images/segmentation_overlays/coat/reformation_outerwear_3f63dac10f02_overlay.jpg,/Users/ashley/Desktop/python/CS156-Machine-Learning/final/data/retail_images/raw/coat/reformation_outerwear_3f63dac10f02.jpg,Coat,600,800,RGB,b06b6e6b94bef53cdc01e8b58a2ca88b5933ff2c72939646f5faf63a1614d9ff,True,ok,segmented,0.3582333333333333,False,True,train
/Users/ashley/Desktop/python/CS156-Machine-Learning/final/data/retail_images/segmentation_overlays/sandal/urban_outfitters_sandals_7ab0fd0b73cd_overlay.jpg,/Users/ashley/Desktop/python/CS156-Machine-Learning/final/data/retail_images/raw/sandal/urban_outfitters_sandals_7ab0fd0b73cd.jpg,Sandal,450,675,RGB,a6da9c0b8b3419caf226501cef28a7a3c11f7164868b348e0e05325eb470e3af,True,ok,segmented,0.0572016460905349,False,True,train
/Users/ashley/Desktop/python/CS156-Machine-Learning/final/data/retail_images/segmentation_overlays/shirt/anthropologie_blouses_f772e2b7bcf4_overlay.jpg,/Users/ashley/Desktop/python/CS156-Machine-Learning/final/data/retail_images/raw/shirt/anthropologie_blouses_f772e2b7bcf4.jpg,Shirt,349,523,RGB,5613568a15f5eff64a78a8dd39552da90ed82f65119a7fc6fbea16464a435479,True,ok,segmented,0.3936403929281695,False,True,train
/Users/ashley/Desktop/python/CS156-Machine-Learning/final/data/retail_images/segmentation_overlays/dress/princess_polly_dresses_48235fb927fe_overlay.jpg,/Users/ashley/Desktop/python/CS156-Machine-Learning/final/data/retail_images/raw/dress/princess_polly_dresses_48235fb927fe.jpg,Dress,1344,1820,RGB,2bd20c174ea302fb23a1da97bda543c1cf2231b11ec5698f3b17315b263fc858,True,ok,segmented,0.1667251275510204,False,True,train
/Users/ashley/Desktop/python/CS156-Machine-Learning/final/data/retail_images/segmentation_overlays/sneaker/urban_outfitters_sneakers_2e12a2371938_overlay.jpg,/Users/ashley/Desktop/python/CS156-Machine-Learning/final/data/retail_images/raw/sneaker/urban_outfitters_sneakers_2e12a2371938.jpg,Sneaker,450,675,RGB,e143641cdab999c30292b83b9369307862689b9dfa30b9b81801fe0e16c12ede,True,ok,segmented,0.1396938271604938,False,True,train
/Users/ashley/Desktop/python/CS156-Machine-Learning/final/data/retail_images/segmentation_overlays/t_shirt_top/brandy_melville_tops_page_4_31f46c6d9e2d_overlay.jpg,/Users/ashley/Desktop/python/CS156-Machine-Learning/final/data/retail_images/raw/t_shirt_top/brandy_melville_tops_page_4_31f46c6d9e2d.jpg,T-shirt/top,360,540,RGB,07a70fe8960f75fe07694e4e9041c43b22d94da6e0069de86868290c9c8dd59e,True,ok,segmented,0.1899074074074074,False,True,train
/Users/ashley/Desktop/python/CS156-Machine-Learning/final/data/retail_images/segmentation_overlays/ankle_boot/anthropologie_boot_shop_2fc34c57c931_overlay.jpg,/Users/ashley/Desktop/python/CS156-Machine-Learning/final/data/retail_images/raw/ankle_boot/anthropologie_boot_shop_2fc34c57c931.jpg,Ankle boot,349,523,RGB,9580e32c750e707d66dd3936e49cd22e4bb96a3010be9249f35298b57a82a66b,True,ok,segmented,0.0263084365600705,False,True,train
/Users/ashley/Desktop/python/CS156-Machine-Learning/final/data/retail_images/segmentation_overlays/pullover/reformation_sweaters_7fe2d8054e22_overlay.jpg,/Users/ashley/Desktop/python/CS156-Machine-Learning/final/data/retail_images/raw/pullover/reformation_sweaters_7fe2d8054e22.jpg,Pullover,600,800,RGB,a5f8f8997b73c5d7aaf0911048bf7c803d35cae17814a133471e549a688bee5d,True,ok,segmented,0.5674375,False,True,train
/Users/ashley/Desktop/python/CS156-Machine-Learning/final/data/retail_images/segmentation_overlays/sneaker/urban_outfitters_sneakers_5b18efdbdf8d_overlay.jpg,/Users/ashley/Desktop/python/CS156-Machine-Learning/final/data/retail_images/raw/sneaker/urban_outfitters_sneakers_5b18efdbdf8d.jpg,Sneaker,450,675,RGB,bcabe8f099b21a3b1de4c5d1eefc37c8dd3633a95a4c924481885f534b44f306,True,ok,segmented,0.0424625514403292,False,True,train
/Users/ashley/Desktop/python/CS156-Machine-Learning/final/data/retail_images/segmentation_overlays/coat/reformation_jackets_and_coats_709072f8bdc9_overlay.jpg,/Users/ashley/Desktop/python/CS156-Machine-Learning/final/data/retail_images/raw/coat/reformation_jackets_and_coats_709072f8bdc9.jpg,Coat,600,800,RGB,4b0f8ab488b2a966e4295f269b038c92c4b0ab76c9d8a956d6a213d0db60c872,True,ok,segmented,0.1243416666666666,False,True,train
/Users/ashley/Desktop/python/CS156-Machine-Learning/final/data/retail_images/segmentation_overlays/pullover/anthropologie_sweaters_585188a25b8a_overlay.jpg,/Users/ashley/Desktop/python/CS156-Machine-Learning/final/data/retail_images/raw/pullover/anthropologie_sweaters_585188a25b8a.jpg,Pullover,349,523,RGB,4da362295120ce54aba5c751e1753dd9f75cc5741c5a213ae47de3db581c3006,True,ok,segmented,0.2000142444679417,False,True,train
/Users/ashley/Desktop/python/CS156-Machine-Learning/final/data/retail_images/segmentation_overlays/pullover/anthropologie_sweaters_c16e577beea4_overlay.jpg,/Users/ashley/Desktop/python/CS156-Machine-Learning/final/data/retail_images/raw/pullover/anthropologie_sweaters_c16e577beea4.jpg,Pullover,349,523,RGB,2f9bc675a0cede07504b0855e31c1a9eb83e9e81bab513baa38e39ce0fb00817,True,ok,segmented,0.183397524749763,False,True,train
/Users/ashley/Desktop/python/CS156-Machine-Learning/final/data/retail_images/segmentation_overlays/trouser/princess_polly_pants_5bd1bbb56ac1_overlay.jpg,/Users/ashley/Desktop/python/CS156-Machine-Learning/final/data/retail_images/raw/trouser/princess_polly_pants_5bd1bbb56ac1.jpg,Trouser,1344,1820,RGB,045b2ae696a617ad46f87f82963d2e00627a1382d2aebed06b526ced9a714938,True,ok,segmented,0.1582720107273678,False,True,train
/Users/ashley/Desktop/python/CS156-Machine-Learning/final/data/retail_images/segmentation_overlays/ankle_boot/princess_polly_boots_19114bdd35ad_overlay.jpg,/Users/ashley/Desktop/python/CS156-Machine-Learning/final/data/retail_images/raw/ankle_boot/princess_polly_boots_19114bdd35ad.jpg,Ankle boot,2874,3891,RGB,5f16efc7e33a9ca03bf36d667a2bbe755091d4bbb0b479ebbf5a4c7a1b6693c4,True,ok,segmented,0.2218890299992828,False,True,train
/Users/ashley/Desktop/python/CS156-Machine-Learning/final/data/retail_images/segmentation_overlays/ankle_boot/princess_polly_boots_4b55a7abb05d_overlay.jpg,/Users/ashley/Desktop/python/CS156-Machine-Learning/final/data/retail_images/raw/ankle_boot/princess_polly_boots_4b55a7abb05d.jpg,Ankle boot,1344,1820,RGB,eecd403b128523c01fcfe38da460b1e7ced498df8666cd289a63dc1217fc0df3,True,ok,segmented,0.0352004022762951,False,True,train
/Users/ashley/Desktop/python/CS156-Machine-Learning/final/data/retail_images/segmentation_overlays/shirt/princess_polly_shirts_blouses_74a4fa3499b0_overlay.jpg,/Users/ashley/Desktop/python/CS156-Machine-Learning/final/data/retail_images/raw/shirt/princess_polly_shirts_blouses_74a4fa3499b0.jpg,Shirt,1344,1820,RGB,8614d3a2a057f187a8a6e6b69990630c17b964dbfe196a94a03d160677cebf5c,True,ok,segmented,0.3199351615646258,False,True,train
/Users/ashley/Desktop/python/CS156-Machine-Learning/final/data/retail_images/segmentation_overlays/t_shirt_top/brandy_melville_tops_page_4_71b185967c23_overlay.jpg,/Users/ashley/Desktop/python/CS156-Machine-Learning/final/data/retail_images/raw/t_shirt_top/brandy_melville_tops_page_4_71b185967c23.jpg,T-shirt/top,533,800,RGB,947671ebe52e06c119b8d26ac92abeefb7e6ccf9a2572db99dc15c74a753e8d2,True,ok,segmented,0.0651876172607879,False,True,train
/Users/ashley/Desktop/python/CS156-Machine-Learning/final/data/retail_images/segmentation_overlays/trouser/princess_polly_pants_dc43925bb231_overlay.jpg,/Users/ashley/Desktop/python/CS156-Machine-Learning/final/data/retail_images/raw/trouser/princess_polly_pants_dc43925bb231.jpg,Trouser,1345,1820,RGB,11120cec134e1370ca9d372a9e7cbc3b141ff0b3f2709e6c7cbbf7dee7e8327f,True,ok,segmented,0.1341545814780015,False,True,train
/Users/ashley/Desktop/python/CS156-Machine-Learning/final/data/retail_images/segmentation_overlays/trouser/brandy_melville_pants_5952e07e939c_overlay.jpg,/Users/ashley/Desktop/python/CS156-Machine-Learning/final/data/retail_images/raw/trouser/brandy_melville_pants_5952e07e939c.jpg,Trouser,533,800,RGB,229e1226bb9928bf0833a3790a1e02bb9f25fd0f6491c767bd83f669ddd4dab4,True,ok,segmented,0.144155722326454,False,True,train
/Users/ashley/Desktop/python/CS156-Machine-Learning/final/data/retail_images/segmentation_overlays/bag/anthropologie_bags_21434693831f_overlay.jpg,/Users/ashley/Desktop/python/CS156-Machine-Learning/final/data/retail_images/raw/bag/anthropologie_bags_21434693831f.webp,Bag,698,1046,RGB,8a80cdb0c567a636154adea197ce4e3ea92692162750ce854f3a258eec05bfc4,True,ok,segmented,0.068818585743479,False,True,train
/Users/ashley/Desktop/python/CS156-Machine-Learning/final/data/retail_images/segmentation_overlays/dress/reformation_dresses_508374da0950_overlay.jpg,/Users/ashley/Desktop/python/CS156-Machine-Learning/final/data/retail_images/raw/dress/reformation_dresses_508374da0950.jpg,Dress,600,800,RGB,92499eb0c5a4cd0797bc38b9a1e0858fac533106a3f04c2baab96501831b898b,True,ok,segmented,0.2364270833333333,False,True,train
/Users/ashley/Desktop/python/CS156-Machine-Learning/final/data/retail_images/segmentation_overlays/coat/reformation_outerwear_76b2f66b7771_overlay.jpg,/Users/ashley/Desktop/python/CS156-Machine-Learning/final/data/retail_images/raw/coat/reformation_outerwear_76b2f66b7771.jpg,Coat,600,800,RGB,ffcf7d878596bd3f7cfea0c0ee0b60b7abcf88edfe9a7429b0ff6501debf1004,True,ok,segmented,0.558775,False,True,train
/Users/ashley/Desktop/python/CS156-Machine-Learning/final/data/retail_images/segmentation_overlays/sandal/princess_polly_sandals_6aff9f2b1749_overlay.jpg,/Users/ashley/Desktop/python/CS156-Machine-Learning/final/data/retail_images/raw/sandal/princess_polly_sandals_6aff9f2b1749.jpg,Sandal,1345,1820,RGB,e681d19004395f116b3390ba204911c0fd87bd85a2d772c01cafc2e7cb1cb13e,True,ok,segmented,0.0111769271620572,False,True,train
/Users/ashley/Desktop/python/CS156-Machine-Learning/final/data/retail_images/segmentation_overlays/coat/reformation_jackets_and_coats_4a661b8dcf6e_overlay.jpg,/Users/ashley/Desktop/python/CS156-Machine-Learning/final/data/retail_images/raw/coat/reformation_jackets_and_coats_4a661b8dcf6e.jpg,Coat,600,800,RGB,6ddf514ea66d3d10f2ecacbac03d5654aca9aa389bba88fcb3d59e0532b802c5,True,ok,segmented,0.0635791666666666,False,True,train
/Users/ashley/Desktop/python/CS156-Machine-Learning/final/data/retail_images/segmentation_overlays/dress/reformation_dresses_132b71e165fc_overlay.jpg,/Users/ashley/Desktop/python/CS156-Machine-Learning/final/data/retail_images/raw/dress/reformation_dresses_132b71e165fc.jpg,Dress,600,800,RGB,62e7ea458f5daa4115d802e5f9b87d41c77f7501e449295485f6b752ae6c2465,True,ok,segmented,0.1992104166666666,False,True,train
/Users/ashley/Desktop/python/CS156-Machine-Learning/final/data/retail_images/segmentation_overlays/t_shirt_top/brandy_melville_tops_page_4_50d2e51ae671_overlay.jpg,/Users/ashley/Desktop/python/CS156-Machine-Learning/final/data/retail_images/raw/t_shirt_top/brandy_melville_tops_page_4_50d2e51ae671.jpg,T-shirt/top,360,540,RGB,8a3876d69644776d34ec3988161a4446e2a948e3a1c8b6c8e9b8d9f3f5679f0b,True,ok,segmented,0.1365020576131687,False,True,train
/Users/ashley/Desktop/python/CS156-Machine-Learning/final/data/retail_images/segmentation_overlays/t_shirt_top/brandy_melville_tops_2d0c63c2dcba_overlay.jpg,/Users/ashley/Desktop/python/CS156-Machine-Learning/final/data/retail_images/raw/t_shirt_top/brandy_melville_tops_2d0c63c2dcba.jpg,T-shirt/top,533,800,RGB,f412186114cd83594ac8b619f83dd346e7ad61b230178132a90c4d1874b1dfa7,True,ok,segmented,0.1115220450281425,False,True,train
/Users/ashley/Desktop/python/CS156-Machine-Learning/final/data/retail_images/segmentation_overlays/shirt/princess_polly_shirts_blouses_e4bcb0b34dcd_overlay.jpg,/Users/ashley/Desktop/python/CS156-Machine-Learning/final/data/retail_images/raw/shirt/princess_polly_shirts_blouses_e4bcb0b34dcd.jpg,Shirt,1344,1820,RGB,0548f60ab3da15cdaaacc0cd035dc9e153d0798c0a5d1c611f32d1441b628fe7,True,ok,segmented,0.141422193877551,False,True,train
/Users/ashley/Desktop/python/CS156-Machine-Learning/final/data/retail_images/segmentation_overlays/trouser/princess_polly_pants_47ec8e3616de_overlay.jpg,/Users/ashley/Desktop/python/CS156-Machine-Learning/final/data/retail_images/raw/trouser/princess_polly_pants_47ec8e3616de.jpg,Trouser,1345,1820,RGB,3666b467dc71c89f80ca9af784bff883f2067a7a82018e7baddc90a3c2e794c5,True,ok,segmented,0.2431545406266596,False,True,train
/Users/ashley/Desktop/python/CS156-Machine-Learning/final/data/retail_images/segmentation_overlays/trouser/princess_polly_pants_a573a77206a2_overlay.jpg,/Users/ashley/Desktop/python/CS156-Machine-Learning/final/data/retail_images/raw/trouser/princess_polly_pants_a573a77206a2.jpg,Trouser,1345,1821,RGB,c700a1f23b655282f79d307aba5974f3a11a72856c2e873d6e3d8cfb7bed303b,True,ok,segmented,0.1518361780875331,False,True,train
/Users/ashley/Desktop/python/CS156-Machine-Learning/final/data/retail_images/segmentation_overlays/pullover/anthropologie_sweaters_bc2256c37e2a_overlay.jpg,/Users/ashley/Desktop/python/CS156-Machine-Learning/final/data/retail_images/raw/pullover/anthropologie_sweaters_bc2256c37e2a.jpg,Pullover,349,523,RGB,64940be6ed5c36bf1faa626a98ccb6e209569df33bee747ea637dff827864ed3,True,ok,segmented,0.473425849326401,False,True,train
/Users/ashley/Desktop/python/CS156-Machine-Learning/final/data/retail_images/segmentation_overlays/coat/princess_polly_jackets_6bd564c5f9be_overlay.jpg,/Users/ashley/Desktop/python/CS156-Machine-Learning/final/data/retail_images/raw/coat/princess_polly_jackets_6bd564c5f9be.jpg,Coat,1344,1820,RGB,50216ef4dc9c0adfd6d97e7e0cf323f3b43f97c707a5838c095bb7b475768520,True,ok,segmented,0.4273057299843014,False,True,train
/Users/ashley/Desktop/python/CS156-Machine-Learning/final/data/retail_images/segmentation_overlays/sandal/princess_polly_sandals_309084ddb356_overlay.jpg,/Users/ashley/Desktop/python/CS156-Machine-Learning/final/data/retail_images/raw/sandal/princess_polly_sandals_309084ddb356.jpg,Sandal,1344,1820,RGB,0ee65a12f7d9cc253224f7d05fd3d25b26c42e7921a642d8252f154228d7c225,True,ok,segmented,0.0718680501046572,False,True,train
/Users/ashley/Desktop/python/CS156-Machine-Learning/final/data/retail_images/segmentation_overlays/bag/princess_polly_bags_27010bdc1e3c_overlay.jpg,/Users/ashley/Desktop/python/CS156-Machine-Learning/final/data/retail_images/raw/bag/princess_polly_bags_27010bdc1e3c.jpg,Bag,1344,1820,RGB,16420b49311d1506b8290c8b1de8a1d64644eb66e0e2ab58121883453cb6a855,True,ok,segmented,0.1021826759549973,False,True,train
/Users/ashley/Desktop/python/CS156-Machine-Learning/final/data/retail_images/segmentation_overlays/bag/princess_polly_bags_4d06023bf02d_overlay.jpg,/Users/ashley/Desktop/python/CS156-Machine-Learning/final/data/retail_images/raw/bag/princess_polly_bags_4d06023bf02d.jpg,Bag,1360,1820,RGB,45cc2eec9f699797678f2009483d1c8e66d44a77b8011bd0184b4bcd41cb7a9f,True,ok,segmented,0.0565905785391079,False,True,train
/Users/ashley/Desktop/python/CS156-Machine-Learning/final/data/retail_images/segmentation_overlays/coat/reformation_jackets_and_coats_b7972cee35ce_overlay.jpg,/Users/ashley/Desktop/python/CS156-Machine-Learning/final/data/retail_images/raw/coat/reformation_jackets_and_coats_b7972cee35ce.jpg,Coat,600,800,RGB,f34f81667b897b9d9a1247b1c5bd6cdd1767af127ac2f05edaa71abb8a9fb8ff,True,ok,segmented,0.270825,False,True,train
/Users/ashley/Desktop/python/CS156-Machine-Learning/final/data/retail_images/segmentation_overlays/sandal/urban_outfitters_sandals_7de9a930b871_overlay.jpg,/Users/ashley/Desktop/python/CS156-Machine-Learning/final/data/retail_images/raw/sandal/urban_outfitters_sandals_7de9a930b871.jpg,Sandal,349,523,RGB,2a261b79a6cd049dd1f1e81121ca0a3c985a32bd55231a14326b59dcfd6c1084,True,ok,segmented,0.0582927457307686,False,True,train
/Users/ashley/Desktop/python/CS156-Machine-Learning/final/data/retail_images/segmentation_overlays/ankle_boot/anthropologie_boot_shop_ec334f66bcb1_overlay.jpg,/Users/ashley/Desktop/python/CS156-Machine-Learning/final/data/retail_images/raw/ankle_boot/anthropologie_boot_shop_ec334f66bcb1.jpg,Ankle boot,349,523,RGB,b3ec63b38f0c47298678e994c0c034f5adfc882a36d275f8e69c865c779f6ffd,True,ok,segmented,0.0432429174861801,False,True,train
/Users/ashley/Desktop/python/CS156-Machine-Learning/final/data/retail_images/segmentation_overlays/ankle_boot/princess_polly_boots_70339ca2446e_overlay.jpg,/Users/ashley/Desktop/python/CS156-Machine-Learning/final/data/retail_images/raw/ankle_boot/princess_polly_boots_70339ca2446e.jpg,Ankle boot,1344,1820,RGB,72e55c5d71cf69ff8c8e272585018da615ad9928140cb9cfe8b433c255c460d6,True,ok,segmented,0.1053910746991104,False,True,train
/Users/ashley/Desktop/python/CS156-Machine-Learning/final/data/retail_images/segmentation_overlays/bag/princess_polly_bags_fe02f4312886_overlay.jpg,/Users/ashley/Desktop/python/CS156-Machine-Learning/final/data/retail_images/raw/bag/princess_polly_bags_fe02f4312886.jpg,Bag,1344,1820,RGB,26e8b127eef97ddbcae39f89f3e44134aa67ffa4133910898a56a1e478db28dd,True,ok,segmented,0.1506802721088435,False,True,train
/Users/ashley/Desktop/python/CS156-Machine-Learning/final/data/retail_images/segmentation_overlays/coat/reformation_jackets_and_coats_87efecb60c91_overlay.jpg,/Users/ashley/Desktop/python/CS156-Machine-Learning/final/data/retail_images/raw/coat/reformation_jackets_and_coats_87efecb60c91.jpg,Coat,600,800,RGB,7f61dc9b6c744a8f5c2460fe0bd5ae62ae32bcf8778190cdfe72a812ff28d686,True,ok,segmented,0.153475,False,True,train
/Users/ashley/Desktop/python/CS156-Machine-Learning/final/data/retail_images/segmentation_overlays/trouser/princess_polly_pants_4bfe35c0b2ea_overlay.jpg,/Users/ashley/Desktop/python/CS156-Machine-Learning/final/data/retail_images/raw/trouser/princess_polly_pants_4bfe35c0b2ea.jpg,Trouser,1344,1819,RGB,922669d6e4a1043414d3419b27e8b3dc169c50c62fbc0308c03ebc0068e43b9d,True,ok,segmented,0.1457425259823555,False,True,train
/Users/ashley/Desktop/python/CS156-Machine-Learning/final/data/retail_images/segmentation_overlays/shirt/urban_outfitters_shirts_blouses_98ed5478a9c1_overlay.jpg,/Users/ashley/Desktop/python/CS156-Machine-Learning/final/data/retail_images/raw/shirt/urban_outfitters_shirts_blouses_98ed5478a9c1.webp,Shirt,698,1046,RGB,8dff349009cf426536b049c3053f0b2fbc66163ed866eb9e3ed115d96a537fb7,True,ok,segmented,0.5256605872007977,False,True,train
/Users/ashley/Desktop/python/CS156-Machine-Learning/final/data/retail_images/segmentation_overlays/t_shirt_top/brandy_melville_tops_a7d2b6c9a8d9_overlay.jpg,/Users/ashley/Desktop/python/CS156-Machine-Learning/final/data/retail_images/raw/t_shirt_top/brandy_melville_tops_a7d2b6c9a8d9.jpg,T-shirt/top,1000,1500,RGB,e84112f1ff50cbad54d4b0fe0b6a81197253b97c5ace5cff85930c26ac0bfe76,True,ok,segmented,0.2467646666666666,False,True,train
/Users/ashley/Desktop/python/CS156-Machine-Learning/final/data/retail_images/segmentation_overlays/coat/reformation_outerwear_68c841d6580d_overlay.jpg,/Users/ashley/Desktop/python/CS156-Machine-Learning/final/data/retail_images/raw/coat/reformation_outerwear_68c841d6580d.jpg,Coat,600,800,RGB,22465c2a4acfd8cd224a2e13e2760d291709182fd5488bb408c6cd47258595ac,True,ok,segmented,0.3760958333333333,False,True,train
/Users/ashley/Desktop/python/CS156-Machine-Learning/final/data/retail_images/segmentation_overlays/trouser/princess_polly_pants_19bfb74d8c9b_overlay.jpg,/Users/ashley/Desktop/python/CS156-Machine-Learning/final/data/retail_images/raw/trouser/princess_polly_pants_19bfb74d8c9b.jpg,Trouser,1344,1820,RGB,da05ace09d5ec522b9ff6ec62766749e329d4e6e332f3c2b9e391e26fb5eb424,True,ok,segmented,0.1824535583464155,False,True,train
/Users/ashley/Desktop/python/CS156-Machine-Learning/final/data/retail_images/segmentation_overlays/ankle_boot/anthropologie_boot_shop_fb00b0ac63d8_overlay.jpg,/Users/ashley/Desktop/python/CS156-Machine-Learning/final/data/retail_images/raw/ankle_boot/anthropologie_boot_shop_fb00b0ac63d8.jpg,Ankle boot,349,523,RGB,9c0f7b38561bd7ab1db83d7c68db2ff336349de858a03ae7ab15e01444d0548b,True,ok,segmented,0.0251031354265396,False,True,train
/Users/ashley/Desktop/python/CS156-Machine-Learning/final/data/retail_images/segmentation_overlays/pullover/reformation_sweaters_6efc14599891_overlay.jpg,/Users/ashley/Desktop/python/CS156-Machine-Learning/final/data/retail_images/raw/pullover/reformation_sweaters_6efc14599891.jpg,Pullover,600,800,RGB,aab976fca8a61180180503f60f2d99d93386e74d44d23ee5e882fee70f501a90,True,ok,segmented,0.4775041666666667,False,True,train
/Users/ashley/Desktop/python/CS156-Machine-Learning/final/data/retail_images/segmentation_overlays/sandal/anthropologie_sandals_4621bf9fea91_overlay.jpg,/Users/ashley/Desktop/python/CS156-Machine-Learning/final/data/retail_images/raw/sandal/anthropologie_sandals_4621bf9fea91.jpg,Sandal,349,523,RGB,4aa8a6e1309c4ba8174bd2e896ef30aee856f189a1140be7fbfb2b865a200d2a,True,ok,segmented,0.0152689739052304,False,True,train
/Users/ashley/Desktop/python/CS156-Machine-Learning/final/data/retail_images/segmentation_overlays/ankle_boot/princess_polly_boots_39dc8cbd3133_overlay.jpg,/Users/ashley/Desktop/python/CS156-Machine-Learning/final/data/retail_images/raw/ankle_boot/princess_polly_boots_39dc8cbd3133.jpg,Ankle boot,1345,1820,RGB,2ba51706da7eca2e321682ff7d81d6cc0d3843a36936e23610bd9962fbecf57f,True,ok,segmented,0.1504465051676947,False,True,train
/Users/ashley/Desktop/python/CS156-Machine-Learning/final/data/retail_images/segmentation_overlays/sandal/urban_outfitters_sandals_e3c7fe4924b2_overlay.jpg,/Users/ashley/Desktop/python/CS156-Machine-Learning/final/data/retail_images/raw/sandal/urban_outfitters_sandals_e3c7fe4924b2.jpg,Sandal,450,675,RGB,5f6914161baf44d71253e7eb36a6853449bd7ffc74341642765b29663ef1e08c,True,ok,segmented,0.0265679012345679,False,True,train
/Users/ashley/Desktop/python/CS156-Machine-Learning/final/data/retail_images/segmentation_overlays/shirt/free_people_blouses_0927292eda82_overlay.jpg,/Users/ashley/Desktop/python/CS156-Machine-Learning/final/data/retail_images/raw/shirt/free_people_blouses_0927292eda82.jpg,Shirt,698,1046,RGB,8d8a75acd532240465d699806c099cef861a794110e3b7e3756021d77df88319,True,ok,segmented,0.0419992658620368,False,True,train
/Users/ashley/Desktop/python/CS156-Machine-Learning/final/data/retail_images/segmentation_overlays/sandal/urban_outfitters_sandals_fe6031d00c36_overlay.jpg,/Users/ashley/Desktop/python/CS156-Machine-Learning/final/data/retail_images/raw/sandal/urban_outfitters_sandals_fe6031d00c36.jpg,Sandal,450,675,RGB,9fcb7738d82f0913276f27aa45f02e5b021875be695edc8a81f7afeb224ea12f,True,ok,segmented,0.0353152263374485,False,True,train
/Users/ashley/Desktop/python/CS156-Machine-Learning/final/data/retail_images/segmentation_overlays/pullover/princess_polly_sweaters_645d5f330caa_overlay.jpg,/Users/ashley/Desktop/python/CS156-Machine-Learning/final/data/retail_images/raw/pullover/princess_polly_sweaters_645d5f330caa.jpg,Pullover,1344,1820,RGB,fc2082846c75df7d847ff22ba6a32429d452e0ea4286f823e85a43467a81dd2b,True,ok,segmented,0.2062843406593406,False,True,train
/Users/ashley/Desktop/python/CS156-Machine-Learning/final/data/retail_images/segmentation_overlays/shirt/princess_polly_button_ups_5fb504ec9090_overlay.jpg,/Users/ashley/Desktop/python/CS156-Machine-Learning/final/data/retail_images/raw/shirt/princess_polly_button_ups_5fb504ec9090.jpg,Shirt,1344,1820,RGB,48c1c0393ee0616fbbc22eae663f88b1b1d2252044b5ee2d96bea10a62ccb37f,True,ok,segmented,0.1355932757718472,False,True,train
/Users/ashley/Desktop/python/CS156-Machine-Learning/final/data/retail_images/segmentation_overlays/ankle_boot/princess_polly_boots_6798028b8218_overlay.jpg,/Users/ashley/Desktop/python/CS156-Machine-Learning/final/data/retail_images/raw/ankle_boot/princess_polly_boots_6798028b8218.jpg,Ankle boot,1345,1820,RGB,7820c3340781d72d4817e57a43e46980562c8f1d255ea9692ed49cc9934dda88,True,ok,segmented,0.0100682217410841,False,True,train
/Users/ashley/Desktop/python/CS156-Machine-Learning/final/data/retail_images/segmentation_overlays/t_shirt_top/brandy_melville_tops_page_4_0e459158782e_overlay.jpg,/Users/ashley/Desktop/python/CS156-Machine-Learning/final/data/retail_images/raw/t_shirt_top/brandy_melville_tops_page_4_0e459158782e.jpg,T-shirt/top,360,540,RGB,55a214797a889a0f397ae293490bda22cd11d950929a9dbf1cd14c57ff07ff78,True,ok,segmented,0.1369753086419753,False,True,train
/Users/ashley/Desktop/python/CS156-Machine-Learning/final/data/retail_images/segmentation_overlays/sneaker/princess_polly_sneakers_208eed55c043_overlay.jpg,/Users/ashley/Desktop/python/CS156-Machine-Learning/final/data/retail_images/raw/sneaker/princess_polly_sneakers_208eed55c043.jpg,Sneaker,1345,1820,RGB,cbe8bffcdceaa00c200079209388035f104e0b74a6213be81c45032e7ee6337b,True,ok,segmented,0.0726279668287103,False,True,train
/Users/ashley/Desktop/python/CS156-Machine-Learning/final/data/retail_images/segmentation_overlays/sneaker/anthropologie_sneakers_adf73f10feba_overlay.jpg,/Users/ashley/Desktop/python/CS156-Machine-Learning/final/data/retail_images/raw/sneaker/anthropologie_sneakers_adf73f10feba.jpg,Sneaker,349,523,RGB,fda1a854a26fb346b694c5ecb1e96c76a16424de8b7f0f6c9ab414ad9081762a,True,ok,segmented,0.0288340902989694,False,True,train
/Users/ashley/Desktop/python/CS156-Machine-Learning/final/data/retail_images/segmentation_overlays/coat/reformation_outerwear_81311607ba67_overlay.jpg,/Users/ashley/Desktop/python/CS156-Machine-Learning/final/data/retail_images/raw/coat/reformation_outerwear_81311607ba67.jpg,Coat,600,800,RGB,dff9cefe07d96ebf3a44559d17d1de2bd66736d670b3fb9e9bdd92e3093dc658,True,ok,segmented,0.1210333333333333,False,True,train
/Users/ashley/Desktop/python/CS156-Machine-Learning/final/data/retail_images/segmentation_overlays/trouser/brandy_melville_pants_7ba1f7fe45bd_overlay.jpg,/Users/ashley/Desktop/python/CS156-Machine-Learning/final/data/retail_images/raw/trouser/brandy_melville_pants_7ba1f7fe45bd.jpg,Trouser,533,800,RGB,b85ff1287aba5f1eab3dfde17042602098c7f812d50566a23a9099277f522401,True,ok,segmented,0.2277110694183864,False,True,train
/Users/ashley/Desktop/python/CS156-Machine-Learning/final/data/retail_images/segmentation_overlays/bag/anthropologie_bags_737179692ab7_overlay.jpg,/Users/ashley/Desktop/python/CS156-Machine-Learning/final/data/retail_images/raw/bag/anthropologie_bags_737179692ab7.jpg,Bag,349,523,RGB,4f5e04a133ed81812c414f0ec1c8890c20bf68d42eb0adf1d3d78113c36e3be3,True,ok,segmented,0.1424556367003238,False,True,train
/Users/ashley/Desktop/python/CS156-Machine-Learning/final/data/retail_images/segmentation_overlays/dress/anthropologie_dresses_38414873a0d9_overlay.jpg,/Users/ashley/Desktop/python/CS156-Machine-Learning/final/data/retail_images/raw/dress/anthropologie_dresses_38414873a0d9.jpg,Dress,349,523,RGB,bc432ccfa6672c73a5a5e423c6a3c7f894dfe076d7d69a07f48454d14fc3fca8,True,ok,segmented,0.2612325847682809,False,True,train
/Users/ashley/Desktop/python/CS156-Machine-Learning/final/data/retail_images/segmentation_overlays/dress/reformation_dresses_0e1fe8b0e856_overlay.jpg,/Users/ashley/Desktop/python/CS156-Machine-Learning/final/data/retail_images/raw/dress/reformation_dresses_0e1fe8b0e856.jpg,Dress,600,800,RGB,120160ee7977a276bb66077ec7658419a157cff01a4b0bfa2534a3f6031efa18,True,ok,segmented,0.2215375,False,True,train
/Users/ashley/Desktop/python/CS156-Machine-Learning/final/data/retail_images/segmentation_overlays/bag/anthropologie_bags_11e52417ec25_overlay.jpg,/Users/ashley/Desktop/python/CS156-Machine-Learning/final/data/retail_images/raw/bag/anthropologie_bags_11e52417ec25.jpg,Bag,698,1046,RGB,cde7242c43ddb9e5d0aa291125eed5a8ccfb22c1866865d3925a3ac54340b599,True,ok,segmented,0.1922564880812153,False,True,train
/Users/ashley/Desktop/python/CS156-Machine-Learning/final/data/retail_images/segmentation_overlays/dress/princess_polly_dresses_c980e89bde47_overlay.jpg,/Users/ashley/Desktop/python/CS156-Machine-Learning/final/data/retail_images/raw/dress/princess_polly_dresses_c980e89bde47.jpg,Dress,1344,1820,RGB,4168e95096abacc0d12ed3553f1c1f01042c72fd5993b8d8ade67aef8ae0cd8b,True,ok,segmented,0.1458337421507064,False,True,train
/Users/ashley/Desktop/python/CS156-Machine-Learning/final/data/retail_images/segmentation_overlays/pullover/anthropologie_sweaters_0f4cb4fecbb7_overlay.jpg,/Users/ashley/Desktop/python/CS156-Machine-Learning/final/data/retail_images/raw/pullover/anthropologie_sweaters_0f4cb4fecbb7.jpg,Pullover,349,523,RGB,83c4baf82f3908af5ffbfec8fcb0f1b37d07fb22d347241f2aa8845d331751d3,True,ok,segmented,0.2906200178603713,False,True,train
/Users/ashley/Desktop/python/CS156-Machine-Learning/final/data/retail_images/segmentation_overlays/pullover/reformation_sweaters_61fd999d364f_overlay.jpg,/Users/ashley/Desktop/python/CS156-Machine-Learning/final/data/retail_images/raw/pullover/reformation_sweaters_61fd999d364f.jpg,Pullover,600,800,RGB,f8e74baf6261706d8f2fe1037f564f91f228b51cc25a90247451b60bce7dc084,True,ok,segmented,0.1214125,False,True,train
/Users/ashley/Desktop/python/CS156-Machine-Learning/final/data/retail_images/segmentation_overlays/bag/anthropologie_bags_b9f4ccabef96_overlay.jpg,/Users/ashley/Desktop/python/CS156-Machine-Learning/final/data/retail_images/raw/bag/anthropologie_bags_b9f4ccabef96.jpg,Bag,349,523,RGB,6cb81d45195cc7cd6b37145d45cfc5e0b24ca19630e56cd2430f092761be6685,True,ok,segmented,0.0751998334492979,False,True,train
/Users/ashley/Desktop/python/CS156-Machine-Learning/final/data/retail_images/segmentation_overlays/t_shirt_top/brandy_melville_tops_page_4_fdd22e2e4ead_overlay.jpg,/Users/ashley/Desktop/python/CS156-Machine-Learning/final/data/retail_images/raw/t_shirt_top/brandy_melville_tops_page_4_fdd22e2e4ead.jpg,T-shirt/top,360,540,RGB,b93772c1c03ad8e741db99887ba342d851e6a0e8ccced7121840d9def911bc49,True,ok,segmented,0.1868569958847736,False,True,train
/Users/ashley/Desktop/python/CS156-Machine-Learning/final/data/retail_images/segmentation_overlays/t_shirt_top/brandy_melville_tops_19014ea7fa64_overlay.jpg,/Users/ashley/Desktop/python/CS156-Machine-Learning/final/data/retail_images/raw/t_shirt_top/brandy_melville_tops_19014ea7fa64.jpg,T-shirt/top,533,800,RGB,4cc5276201711d9b07d5f940486b4dad764c6cbfd88c4742a3084dbb7b7095a4,True,ok,segmented,0.100576923076923,False,True,train
/Users/ashley/Desktop/python/CS156-Machine-Learning/final/data/retail_images/segmentation_overlays/coat/reformation_jackets_and_coats_f8c4429dc9f3_overlay.jpg,/Users/ashley/Desktop/python/CS156-Machine-Learning/final/data/retail_images/raw/coat/reformation_jackets_and_coats_f8c4429dc9f3.jpg,Coat,600,800,RGB,278aa71938d294f1c020099311a01bc6f0802020b62550d752b76f509b9053de,True,ok,segmented,0.1188541666666666,False,True,train
/Users/ashley/Desktop/python/CS156-Machine-Learning/final/data/retail_images/segmentation_overlays/sandal/anthropologie_sandals_1f5eb71ab012_overlay.jpg,/Users/ashley/Desktop/python/CS156-Machine-Learning/final/data/retail_images/raw/sandal/anthropologie_sandals_1f5eb71ab012.jpg,Sandal,349,523,RGB,0e3c3733749ae6b2615674d874726f7a966c603ad60cb293de0da2c473818a17,True,ok,segmented,0.0153566321694872,False,True,train
/Users/ashley/Desktop/python/CS156-Machine-Learning/final/data/retail_images/segmentation_overlays/sneaker/anthropologie_sneakers_14986a377797_overlay.jpg,/Users/ashley/Desktop/python/CS156-Machine-Learning/final/data/retail_images/raw/sneaker/anthropologie_sneakers_14986a377797.jpg,Sneaker,349,523,RGB,1ad82db36a43660f83e99e63be8858d4fd62cd94f0b8256878ae7ad09616e2b2,True,ok,segmented,0.0271576259950582,False,True,train
/Users/ashley/Desktop/python/CS156-Machine-Learning/final/data/retail_images/segmentation_overlays/dress/reformation_dresses_e4aa13116d63_overlay.jpg,/Users/ashley/Desktop/python/CS156-Machine-Learning/final/data/retail_images/raw/dress/reformation_dresses_e4aa13116d63.jpg,Dress,600,800,RGB,b2cc22640e6b50acc30799a5fd6bf2adfad03fa7d6ccd5c37d081cf21b8f6b72,True,ok,segmented,0.3323145833333333,False,True,train
/Users/ashley/Desktop/python/CS156-Machine-Learning/final/data/retail_images/segmentation_overlays/shirt/anthropologie_blouses_659307e7bad8_overlay.jpg,/Users/ashley/Desktop/python/CS156-Machine-Learning/final/data/retail_images/raw/shirt/anthropologie_blouses_659307e7bad8.jpg,Shirt,349,523,RGB,500069322bfc1d866a401164ab9633ae2be1ad5879fecd20899bf4955ac53f3e,True,ok,segmented,0.3500358851019301,False,True,train
/Users/ashley/Desktop/python/CS156-Machine-Learning/final/data/retail_images/segmentation_overlays/dress/princess_polly_dresses_7ed8d09f145d_overlay.jpg,/Users/ashley/Desktop/python/CS156-Machine-Learning/final/data/retail_images/raw/dress/princess_polly_dresses_7ed8d09f145d.jpg,Dress,1345,1821,RGB,e778b742615651b18afe31df88efeb9d846e5c465ecc0d7e49376270aca28155,True,ok,segmented,0.141800024089056,False,True,train
/Users/ashley/Desktop/python/CS156-Machine-Learning/final/data/retail_images/segmentation_overlays/ankle_boot/anthropologie_boot_shop_c28fd2d3df2d_overlay.jpg,/Users/ashley/Desktop/python/CS156-Machine-Learning/final/data/retail_images/raw/ankle_boot/anthropologie_boot_shop_c28fd2d3df2d.jpg,Ankle boot,349,523,RGB,097b727730fd160816a907da90ca1739ea5775e1142351a638e97057fb57ca85,True,ok,segmented,0.0754518509590362,False,True,train
/Users/ashley/Desktop/python/CS156-Machine-Learning/final/data/retail_images/segmentation_overlays/pullover/reformation_sweaters_9487e53a791a_overlay.jpg,/Users/ashley/Desktop/python/CS156-Machine-Learning/final/data/retail_images/raw/pullover/reformation_sweaters_9487e53a791a.jpg,Pullover,600,800,RGB,9ccf2c7183766470ea6e3184fab0975a7cefad1358e06fdf654745e1de8fa71b,True,ok,segmented,0.0620166666666666,False,True,train
/Users/ashley/Desktop/python/CS156-Machine-Learning/final/data/retail_images/segmentation_overlays/ankle_boot/princess_polly_boots_106ecc1df4b6_overlay.jpg,/Users/ashley/Desktop/python/CS156-Machine-Learning/final/data/retail_images/raw/ankle_boot/princess_polly_boots_106ecc1df4b6.jpg,Ankle boot,1344,1820,RGB,48df4489f231da7e2752417becb0b26a3c56d1b7c58da8d5fc34712980f1664b,True,ok,segmented,0.1091272566718995,False,True,train
/Users/ashley/Desktop/python/CS156-Machine-Learning/final/data/retail_images/segmentation_overlays/ankle_boot/princess_polly_boots_4ff27e01f510_overlay.jpg,/Users/ashley/Desktop/python/CS156-Machine-Learning/final/data/retail_images/raw/ankle_boot/princess_polly_boots_4ff27e01f510.jpg,Ankle boot,1345,1820,RGB,9d74a835c19e38b55b5f4021c0174d0257d25ba6d57d40eb2f5925670e85f097,True,ok,segmented,0.0608088565709383,False,True,train
/Users/ashley/Desktop/python/CS156-Machine-Learning/final/data/retail_images/segmentation_overlays/pullover/anthropologie_sweaters_7315d6ffcb29_overlay.jpg,/Users/ashley/Desktop/python/CS156-Machine-Learning/final/data/retail_images/raw/pullover/anthropologie_sweaters_7315d6ffcb29.jpg,Pullover,349,523,RGB,ed0c37549011934f9a0ad76ef9b13467c77a3b8916ba1b6edc2699689fb0746c,True,ok,segmented,0.2585151785763202,False,True,train
/Users/ashley/Desktop/python/CS156-Machine-Learning/final/data/retail_images/segmentation_overlays/sneaker/anthropologie_sneakers_b0b3a46f8853_overlay.jpg,/Users/ashley/Desktop/python/CS156-Machine-Learning/final/data/retail_images/raw/sneaker/anthropologie_sneakers_b0b3a46f8853.jpg,Sneaker,349,523,RGB,36b4326297ef1165c910ebe5b1568d1d7cce5ddbf5c0e65e22a50f88eeeac8cc,True,ok,segmented,0.02977641663973,False,True,train
/Users/ashley/Desktop/python/CS156-Machine-Learning/final/data/retail_images/segmentation_overlays/coat/reformation_outerwear_3d6166fbba84_overlay.jpg,/Users/ashley/Desktop/python/CS156-Machine-Learning/final/data/retail_images/raw/coat/reformation_outerwear_3d6166fbba84.jpg,Coat,600,800,RGB,2031e0edb9c8eaa86840d1935564e4fc08c5ee33c4bfe101c6a4342e24627363,True,ok,segmented,0.2664229166666667,False,True,train
/Users/ashley/Desktop/python/CS156-Machine-Learning/final/data/retail_images/segmentation_overlays/coat/reformation_jackets_and_coats_1c532533cdb2_overlay.jpg,/Users/ashley/Desktop/python/CS156-Machine-Learning/final/data/retail_images/raw/coat/reformation_jackets_and_coats_1c532533cdb2.jpg,Coat,600,800,RGB,345b2ec9e9f59e9376e0600444f6ff857ad61678bed952aaed2c58f449c0098c,True,ok,segmented,0.0799520833333333,False,True,train
/Users/ashley/Desktop/python/CS156-Machine-Learning/final/data/retail_images/segmentation_overlays/shirt/free_people_blouses_2bad9b84fd04_overlay.jpg,/Users/ashley/Desktop/python/CS156-Machine-Learning/final/data/retail_images/raw/shirt/free_people_blouses_2bad9b84fd04.jpg,Shirt,317,475,RGB,009e1e6ab3108ccac5b3eb65f63081a61f3860ddae45a797b098f2b6595bae71,True,ok,segmented,0.2674082683048315,False,True,train
/Users/ashley/Desktop/python/CS156-Machine-Learning/final/data/retail_images/segmentation_overlays/ankle_boot/princess_polly_boots_18b9f4688dcc_overlay.jpg,/Users/ashley/Desktop/python/CS156-Machine-Learning/final/data/retail_images/raw/ankle_boot/princess_polly_boots_18b9f4688dcc.jpg,Ankle boot,1344,1820,RGB,2d8973598d8c136db024f2d9f161e6072b95105b81d0d328e6f2e6b3196c2a95,True,ok,segmented,0.0410980017006802,False,True,train
/Users/ashley/Desktop/python/CS156-Machine-Learning/final/data/retail_images/segmentation_overlays/trouser/princess_polly_pants_c9938621f3c0_overlay.jpg,/Users/ashley/Desktop/python/CS156-Machine-Learning/final/data/retail_images/raw/trouser/princess_polly_pants_c9938621f3c0.jpg,Trouser,1344,1820,RGB,9b0f5eafee6fa75e46830a0e7397b3892e06f10c7c90fe1322f58c7a348646c5,True,ok,segmented,0.3274680304814233,False,True,train
/Users/ashley/Desktop/python/CS156-Machine-Learning/final/data/retail_images/segmentation_overlays/bag/anthropologie_bags_4aba507cdbff_overlay.jpg,/Users/ashley/Desktop/python/CS156-Machine-Learning/final/data/retail_images/raw/bag/anthropologie_bags_4aba507cdbff.webp,Bag,698,1046,RGB,902ef097afe3b0197dfa7bf1301b01b938ded8ebd80f2c4942a508fd3ff31893,True,ok,segmented,0.1787899872347652,False,True,train
/Users/ashley/Desktop/python/CS156-Machine-Learning/final/data/retail_images/segmentation_overlays/dress/princess_polly_dresses_530040a5b529_overlay.jpg,/Users/ashley/Desktop/python/CS156-Machine-Learning/final/data/retail_images/raw/dress/princess_polly_dresses_530040a5b529.jpg,Dress,1344,1820,RGB,3a94cb0e99d3db54a646db51fbfbdfc35e483a060cc476e9a4ccbd5fbf7a7cae,True,ok,segmented,0.1965140142595499,False,True,train
/Users/ashley/Desktop/python/CS156-Machine-Learning/final/data/retail_images/segmentation_overlays/sneaker/anthropologie_sneakers_d1fb051bedea_overlay.jpg,/Users/ashley/Desktop/python/CS156-Machine-Learning/final/data/retail_images/raw/sneaker/anthropologie_sneakers_d1fb051bedea.jpg,Sneaker,349,523,RGB,945aaa5aa125e296efc8a163e939deb5467ed91c05ec9c8600bcb93978b4aac0,True,ok,segmented,0.0508198787028768,False,True,train
/Users/ashley/Desktop/python/CS156-Machine-Learning/final/data/retail_images/segmentation_overlays/coat/reformation_outerwear_22fd2d4071e5_overlay.jpg,/Users/ashley/Desktop/python/CS156-Machine-Learning/final/data/retail_images/raw/coat/reformation_outerwear_22fd2d4071e5.jpg,Coat,600,800,RGB,edc96fd893a260eeee9577adea3a0b980c2458f1aea14082482a6a34b0db714c,True,ok,segmented,0.0942291666666666,False,True,train
/Users/ashley/Desktop/python/CS156-Machine-Learning/final/data/retail_images/segmentation_overlays/sneaker/urban_outfitters_sneakers_200e18efe163_overlay.jpg,/Users/ashley/Desktop/python/CS156-Machine-Learning/final/data/retail_images/raw/sneaker/urban_outfitters_sneakers_200e18efe163.jpg,Sneaker,450,675,RGB,ebc863dd96ba3b85343572488da47303e4000942692a320eb3e0550385898f5d,True,ok,segmented,0.0331555555555555,False,True,train
/Users/ashley/Desktop/python/CS156-Machine-Learning/final/data/retail_images/segmentation_overlays/sneaker/fashion_nova_sneakers_daa530edbabf_overlay.jpg,/Users/ashley/Desktop/python/CS156-Machine-Learning/final/data/retail_images/raw/sneaker/fashion_nova_sneakers_daa530edbabf.jpg,Sneaker,700,1048,RGB,194c341cb0fa2427d009d02e6ec5e927a3aaba1f5e0a64d3d10efa1dda343e23,True,ok,segmented,0.0583383315158124,False,True,train
/Users/ashley/Desktop/python/CS156-Machine-Learning/final/data/retail_images/segmentation_overlays/sneaker/anthropologie_sneakers_8024f57cef8c_overlay.jpg,/Users/ashley/Desktop/python/CS156-Machine-Learning/final/data/retail_images/raw/sneaker/anthropologie_sneakers_8024f57cef8c.jpg,Sneaker,698,1046,RGB,3b6042c8394d3c681a992043de7956b8e0d4941c6eef67a85e92e7817b2cd0e6,True,ok,segmented,0.0610457630925835,False,True,train
/Users/ashley/Desktop/python/CS156-Machine-Learning/final/data/retail_images/segmentation_overlays/t_shirt_top/brandy_melville_tops_43417f92a4a3_overlay.jpg,/Users/ashley/Desktop/python/CS156-Machine-Learning/final/data/retail_images/raw/t_shirt_top/brandy_melville_tops_43417f92a4a3.jpg,T-shirt/top,533,800,RGB,97b16a41d35d76017aad2a65ea7e5eb98241d4984ab0db13c4028bacd9b1b97a,True,ok,segmented,0.2004221388367729,False,True,train
/Users/ashley/Desktop/python/CS156-Machine-Learning/final/data/retail_images/segmentation_overlays/bag/anthropologie_bags_be5e7b45e541_overlay.jpg,/Users/ashley/Desktop/python/CS156-Machine-Learning/final/data/retail_images/raw/bag/anthropologie_bags_be5e7b45e541.jpg,Bag,349,523,RGB,2ab7ce93268d8d7eaf81057f4f8f0bde33826536cf66c5b53b125a485a833a41,True,ok,segmented,0.2906309751434034,False,True,train
/Users/ashley/Desktop/python/CS156-Machine-Learning/final/data/retail_images/segmentation_overlays/ankle_boot/anthropologie_boot_shop_1df503906656_overlay.jpg,/Users/ashley/Desktop/python/CS156-Machine-Learning/final/data/retail_images/raw/ankle_boot/anthropologie_boot_shop_1df503906656.webp,Ankle boot,698,1046,RGB,686fbe3409e357209a7950eb739a16cd6167cb74bb71942f41ba153576becd34,True,ok,segmented,0.0775214077917239,False,True,train
/Users/ashley/Desktop/python/CS156-Machine-Learning/final/data/retail_images/segmentation_overlays/t_shirt_top/brandy_melville_tops_ff9555226b17_overlay.jpg,/Users/ashley/Desktop/python/CS156-Machine-Learning/final/data/retail_images/raw/t_shirt_top/brandy_melville_tops_ff9555226b17.jpg,T-shirt/top,1000,1500,RGB,35d7d1d4ec7d5bfd66559fe0d0912b1d398d492c0448e7fa194f0630013a27d8,True,ok,segmented,0.0690053333333333,False,True,train
/Users/ashley/Desktop/python/CS156-Machine-Learning/final/data/retail_images/segmentation_overlays/sneaker/urban_outfitters_sneakers_9824123916f4_overlay.jpg,/Users/ashley/Desktop/python/CS156-Machine-Learning/final/data/retail_images/raw/sneaker/urban_outfitters_sneakers_9824123916f4.jpg,Sneaker,450,675,RGB,4aa9a8c479369ea176fefcba4752f8edb6a792756116be2ebb4aea42932e0421,True,ok,segmented,0.0830847736625514,False,True,train
/Users/ashley/Desktop/python/CS156-Machine-Learning/final/data/retail_images/segmentation_overlays/pullover/anthropologie_sweaters_886d5a26fc04_overlay.jpg,/Users/ashley/Desktop/python/CS156-Machine-Learning/final/data/retail_images/raw/pullover/anthropologie_sweaters_886d5a26fc04.jpg,Pullover,349,523,RGB,4f86b7e9ba6bbcc8bcd555fe81054870728a8185190f4d4dd45c99934b2eb8e5,True,ok,segmented,0.3670141951601681,False,True,train
/Users/ashley/Desktop/python/CS156-Machine-Learning/final/data/retail_images/segmentation_overlays/sandal/princess_polly_sandals_7f7e7f19ebe5_overlay.jpg,/Users/ashley/Desktop/python/CS156-Machine-Learning/final/data/retail_images/raw/sandal/princess_polly_sandals_7f7e7f19ebe5.jpg,Sandal,1344,1820,RGB,c52fad7462f7b3d0f6a642d67825a2c48b0f00ceb5a1ccb882e8f0938c9df56f,True,ok,segmented,0.077851501177394,False,True,train
/Users/ashley/Desktop/python/CS156-Machine-Learning/final/data/retail_images/segmentation_overlays/t_shirt_top/brandy_melville_tops_page_4_1f9114b04f5d_overlay.jpg,/Users/ashley/Desktop/python/CS156-Machine-Learning/final/data/retail_images/raw/t_shirt_top/brandy_melville_tops_page_4_1f9114b04f5d.jpg,T-shirt/top,360,540,RGB,f49d36f2d7bfcc32fea44bdaaa6192d48ab550450c3f126ad923f1b986721589,True,ok,segmented,0.2284259259259259,False,True,train
/Users/ashley/Desktop/python/CS156-Machine-Learning/final/data/retail_images/segmentation_overlays/trouser/princess_polly_pants_91f23dcf74df_overlay.jpg,/Users/ashley/Desktop/python/CS156-Machine-Learning/final/data/retail_images/raw/trouser/princess_polly_pants_91f23dcf74df.jpg,Trouser,1344,1820,RGB,465970e4ff74d9fd42b36e12b863d8895b4018750113cbb78af124fe39999bef,True,ok,segmented,0.0916862899005756,False,True,train
/Users/ashley/Desktop/python/CS156-Machine-Learning/final/data/retail_images/segmentation_overlays/pullover/princess_polly_sweaters_d5faa8bab27b_overlay.jpg,/Users/ashley/Desktop/python/CS156-Machine-Learning/final/data/retail_images/raw/pullover/princess_polly_sweaters_d5faa8bab27b.jpg,Pullover,1345,1820,RGB,ce0c4443d86224406542bae24ecb87823e119c4f809816fa50e6e38dadff8fd2,True,ok,segmented,0.3198500755749826,False,True,train
/Users/ashley/Desktop/python/CS156-Machine-Learning/final/data/retail_images/segmentation_overlays/shirt/urban_outfitters_shirts_blouses_255e70f648cb_overlay.jpg,/Users/ashley/Desktop/python/CS156-Machine-Learning/final/data/retail_images/raw/shirt/urban_outfitters_shirts_blouses_255e70f648cb.jpg,Shirt,349,523,RGB,65cf28b810266d67b300fcb55ea987fce5cc337d91b7793da4a7e089c884d2bd,True,ok,segmented,0.5379204172533378,False,True,train
/Users/ashley/Desktop/python/CS156-Machine-Learning/final/data/retail_images/segmentation_overlays/trouser/brandy_melville_pants_56f62ab7d63b_overlay.jpg,/Users/ashley/Desktop/python/CS156-Machine-Learning/final/data/retail_images/raw/trouser/brandy_melville_pants_56f62ab7d63b.jpg,Trouser,533,800,RGB,65f6a04572a4131c6b2171f5cc7d00ef74408be5cc7ff7fc9f93678f73e2cc63,True,ok,segmented,0.2120426829268292,False,True,train
/Users/ashley/Desktop/python/CS156-Machine-Learning/final/data/retail_images/segmentation_overlays/bag/princess_polly_bags_d7019afe5d18_overlay.jpg,/Users/ashley/Desktop/python/CS156-Machine-Learning/final/data/retail_images/raw/bag/princess_polly_bags_d7019afe5d18.jpg,Bag,1344,1820,RGB,d14b3cc99e13f34993106f97df7f832f5f36b94edbf6ed27d75c82686415d0a2,True,ok,segmented,0.1794843177655677,False,True,train
/Users/ashley/Desktop/python/CS156-Machine-Learning/final/data/retail_images/segmentation_overlays/shirt/princess_polly_shirts_blouses_bc324f223132_overlay.jpg,/Users/ashley/Desktop/python/CS156-Machine-Learning/final/data/retail_images/raw/shirt/princess_polly_shirts_blouses_bc324f223132.jpg,Shirt,1344,1820,RGB,b6876fcaf8150a06c5e6dbec6c88f7b9886799d00ba86658c520499ea6bf92ea,True,ok,segmented,0.2275236296441653,False,True,train
/Users/ashley/Desktop/python/CS156-Machine-Learning/final/data/retail_images/segmentation_overlays/bag/princess_polly_bags_898a6f2a3742_overlay.jpg,/Users/ashley/Desktop/python/CS156-Machine-Learning/final/data/retail_images/raw/bag/princess_polly_bags_898a6f2a3742.jpg,Bag,1344,1820,RGB,31d257717d6c435fd91776e90c019fbb79fd202063b3fa8c0f5ad37214eeb1a3,True,ok,segmented,0.2016565279958137,False,True,train
/Users/ashley/Desktop/python/CS156-Machine-Learning/final/data/retail_images/segmentation_overlays/bag/princess_polly_bags_5540d8f876bd_overlay.jpg,/Users/ashley/Desktop/python/CS156-Machine-Learning/final/data/retail_images/raw/bag/princess_polly_bags_5540d8f876bd.jpg,Bag,1344,1820,RGB,04ecc58c294d3c570159190d2a36d7bb9845d8f3d6b94e389c84342d197f9487,True,ok,segmented,0.1182945774463631,False,True,train
/Users/ashley/Desktop/python/CS156-Machine-Learning/final/data/retail_images/segmentation_overlays/sandal/anthropologie_sandals_4e01024ecaae_overlay.jpg,/Users/ashley/Desktop/python/CS156-Machine-Learning/final/data/retail_images/raw/sandal/anthropologie_sandals_4e01024ecaae.jpg,Sandal,349,523,RGB,a4bac0f1d8dfb2493ba3bc8c4ef18b024099bfb1d9d6d57077fc6af8ef57a0e2,True,ok,segmented,0.1023300662367759,False,True,train
/Users/ashley/Desktop/python/CS156-Machine-Learning/final/data/retail_images/segmentation_overlays/dress/reformation_dresses_75465779997b_overlay.jpg,/Users/ashley/Desktop/python/CS156-Machine-Learning/final/data/retail_images/raw/dress/reformation_dresses_75465779997b.jpg,Dress,600,800,RGB,23d15263acca01ab01e917e496a2c9b8d1a571c53417dc5814c33628409f945c,True,ok,segmented,0.1832125,False,True,train
/Users/ashley/Desktop/python/CS156-Machine-Learning/final/data/retail_images/segmentation_overlays/ankle_boot/anthropologie_boot_shop_3cd2fb17201f_overlay.jpg,/Users/ashley/Desktop/python/CS156-Machine-Learning/final/data/retail_images/raw/ankle_boot/anthropologie_boot_shop_3cd2fb17201f.jpg,Ankle boot,349,523,RGB,ab46cb4e3bcf7acb734abf00ee6237ee256708eff3fbf146329283caf08c3f7f,True,ok,segmented,0.1149583349312704,False,True,train
/Users/ashley/Desktop/python/CS156-Machine-Learning/final/data/retail_images/segmentation_overlays/t_shirt_top/brandy_melville_tops_page_4_83fea7ea8895_overlay.jpg,/Users/ashley/Desktop/python/CS156-Machine-Learning/final/data/retail_images/raw/t_shirt_top/brandy_melville_tops_page_4_83fea7ea8895.jpg,T-shirt/top,165,248,RGB,9a46dba9eaa2cb0d381a2018c94fc99a2b92a57807617afb4ec5e4a70e028544,True,ok,segmented,0.3478983382209188,False,True,train
/Users/ashley/Desktop/python/CS156-Machine-Learning/final/data/retail_images/segmentation_overlays/ankle_boot/anthropologie_boot_shop_c5df640e04be_overlay.jpg,/Users/ashley/Desktop/python/CS156-Machine-Learning/final/data/retail_images/raw/ankle_boot/anthropologie_boot_shop_c5df640e04be.jpg,Ankle boot,349,523,RGB,fa7b58db44cdcb1864058914ca970818750da7a203dccab178676a280ecfa752,True,ok,segmented,0.2129876675779473,False,True,train
/Users/ashley/Desktop/python/CS156-Machine-Learning/final/data/retail_images/segmentation_overlays/sandal/urban_outfitters_sandals_a54d3ac26f00_overlay.jpg,/Users/ashley/Desktop/python/CS156-Machine-Learning/final/data/retail_images/raw/sandal/urban_outfitters_sandals_a54d3ac26f00.jpg,Sandal,450,675,RGB,eed763e1a7a8901ba7d5d444d933dfabf05e689a87ebe9cdf7bb81c3d7546e3f,True,ok,segmented,0.0255572016460905,False,True,train
/Users/ashley/Desktop/python/CS156-Machine-Learning/final/data/retail_images/segmentation_overlays/sneaker/anthropologie_sneakers_afe2752e9a32_overlay.jpg,/Users/ashley/Desktop/python/CS156-Machine-Learning/final/data/retail_images/raw/sneaker/anthropologie_sneakers_afe2752e9a32.jpg,Sneaker,349,523,RGB,e363ba16d5e2e0f1016017eaab797fa317980436fa0c713963899ea812fbc107,True,ok,segmented,0.0615689733573663,False,True,train
/Users/ashley/Desktop/python/CS156-Machine-Learning/final/data/retail_images/segmentation_overlays/bag/anthropologie_bags_0ebf2492d134_overlay.jpg,/Users/ashley/Desktop/python/CS156-Machine-Learning/final/data/retail_images/raw/bag/anthropologie_bags_0ebf2492d134.jpg,Bag,349,523,RGB,86d4054fddd2e32a0a8307ca436777b48d62f3ae29fe3a3c2a80d06319a648c0,True,ok,segmented,0.015668914735902,False,True,train
/Users/ashley/Desktop/python/CS156-Machine-Learning/final/data/retail_images/segmentation_overlays/pullover/anthropologie_sweaters_8b006b74e4d0_overlay.jpg,/Users/ashley/Desktop/python/CS156-Machine-Learning/final/data/retail_images/raw/pullover/anthropologie_sweaters_8b006b74e4d0.jpg,Pullover,349,523,RGB,e7d8ed9954d30063eb3cbaf85bc13e724d3d7fdf3b7c8b92d9387f83c47b2e91,True,ok,segmented,0.3998586510488859,False,True,train
/Users/ashley/Desktop/python/CS156-Machine-Learning/final/data/retail_images/segmentation_overlays/sneaker/anthropologie_sneakers_9a42d7a07c36_overlay.jpg,/Users/ashley/Desktop/python/CS156-Machine-Learning/final/data/retail_images/raw/sneaker/anthropologie_sneakers_9a42d7a07c36.jpg,Sneaker,349,523,RGB,6f69738797519ef6f98a8af1b7f0e888f2c0ee98ab4052ac34670445dc9ea6f3,True,ok,segmented,0.075879184997288,False,True,train
/Users/ashley/Desktop/python/CS156-Machine-Learning/final/data/retail_images/segmentation_overlays/t_shirt_top/brandy_melville_tops_page_4_1bffb93d424b_overlay.jpg,/Users/ashley/Desktop/python/CS156-Machine-Learning/final/data/retail_images/raw/t_shirt_top/brandy_melville_tops_page_4_1bffb93d424b.jpg,T-shirt/top,533,800,RGB,fa0d90bb47fc3d66faf4360bf812665907facb952a2fcd7cb2702320c93482e9,True,ok,segmented,0.1767847091932457,False,True,train
/Users/ashley/Desktop/python/CS156-Machine-Learning/final/data/retail_images/segmentation_overlays/t_shirt_top/brandy_melville_tops_afce5f125314_overlay.jpg,/Users/ashley/Desktop/python/CS156-Machine-Learning/final/data/retail_images/raw/t_shirt_top/brandy_melville_tops_afce5f125314.jpg,T-shirt/top,533,800,RGB,fcc61f38f63f6afc987431124379afc740cbb03b4cf32818fbb5e7f251bb1b0a,True,ok,segmented,0.0606683864915572,False,True,train
/Users/ashley/Desktop/python/CS156-Machine-Learning/final/data/retail_images/segmentation_overlays/sandal/urban_outfitters_sandals_758965d60842_overlay.jpg,/Users/ashley/Desktop/python/CS156-Machine-Learning/final/data/retail_images/raw/sandal/urban_outfitters_sandals_758965d60842.jpg,Sandal,349,523,RGB,b7d962c6254431a91ada451a5255be3a4b8c9f2024ae2db1e9cfb8863cd01af6,True,ok,segmented,0.0109737189566475,False,True,train
/Users/ashley/Desktop/python/CS156-Machine-Learning/final/data/retail_images/segmentation_overlays/trouser/brandy_melville_pants_52971cb30025_overlay.jpg,/Users/ashley/Desktop/python/CS156-Machine-Learning/final/data/retail_images/raw/trouser/brandy_melville_pants_52971cb30025.jpg,Trouser,360,540,RGB,198c711e004b5d30ff559f422df4f4138de7b5f74fd9cdf83b6d62e767cef6a1,True,ok,segmented,0.2049537037037037,False,True,train
/Users/ashley/Desktop/python/CS156-Machine-Learning/final/data/retail_images/segmentation_overlays/sneaker/urban_outfitters_sneakers_0265f48296f5_overlay.jpg,/Users/ashley/Desktop/python/CS156-Machine-Learning/final/data/retail_images/raw/sneaker/urban_outfitters_sneakers_0265f48296f5.jpg,Sneaker,450,675,RGB,fc6a9f519e174568c77e76086f60a9eba48e85d9c3ba000c160578511e8abc9e,True,ok,segmented,0.0364839506172839,False,True,train
/Users/ashley/Desktop/python/CS156-Machine-Learning/final/data/retail_images/segmentation_overlays/ankle_boot/princess_polly_boots_42c9294f77ac_overlay.jpg,/Users/ashley/Desktop/python/CS156-Machine-Learning/final/data/retail_images/raw/ankle_boot/princess_polly_boots_42c9294f77ac.jpg,Ankle boot,1345,1820,RGB,6ec8115fb67cd44330530552d1c7fa03fe6ddaccecd28ad5a530274505332bda,True,ok,segmented,0.0380750847665345,False,True,train
/Users/ashley/Desktop/python/CS156-Machine-Learning/final/data/retail_images/segmentation_overlays/trouser/princess_polly_pants_24e2376be3ca_overlay.jpg,/Users/ashley/Desktop/python/CS156-Machine-Learning/final/data/retail_images/raw/trouser/princess_polly_pants_24e2376be3ca.jpg,Trouser,1344,1820,RGB,d899e92c7b92e4857eb0001ceed1c375d49bdea07f3f0e631a7830643facd271,True,ok,segmented,0.4582327642595499,False,True,train
/Users/ashley/Desktop/python/CS156-Machine-Learning/final/data/retail_images/segmentation_overlays/sneaker/anthropologie_sneakers_15d96372ae2b_overlay.jpg,/Users/ashley/Desktop/python/CS156-Machine-Learning/final/data/retail_images/raw/sneaker/anthropologie_sneakers_15d96372ae2b.jpg,Sneaker,349,523,RGB,e2bb1461170993e30fa00547137c36ccbd8c8e2c279d4d0b71831372850e40ff,True,ok,segmented,0.0199751269675171,False,True,train
/Users/ashley/Desktop/python/CS156-Machine-Learning/final/data/retail_images/segmentation_overlays/pullover/anthropologie_sweaters_d824f9951201_overlay.jpg,/Users/ashley/Desktop/python/CS156-Machine-Learning/final/data/retail_images/raw/pullover/anthropologie_sweaters_d824f9951201.jpg,Pullover,349,523,RGB,93f7249b931af048092542a3e689378b439f7cb1dbed7790efe14f2ec4841e08,True,ok,segmented,0.5530305105546028,False,True,train
/Users/ashley/Desktop/python/CS156-Machine-Learning/final/data/retail_images/segmentation_overlays/t_shirt_top/brandy_melville_tops_6df539a63488_overlay.jpg,/Users/ashley/Desktop/python/CS156-Machine-Learning/final/data/retail_images/raw/t_shirt_top/brandy_melville_tops_6df539a63488.jpg,T-shirt/top,1000,1500,RGB,95bc743803561636923b252f20a2ab94423f09ea174a5b6672a747ca8e648320,True,ok,segmented,0.1502706666666666,False,True,train
/Users/ashley/Desktop/python/CS156-Machine-Learning/final/data/retail_images/segmentation_overlays/pullover/anthropologie_sweaters_a9fbf4edcdb1_overlay.jpg,/Users/ashley/Desktop/python/CS156-Machine-Learning/final/data/retail_images/raw/pullover/anthropologie_sweaters_a9fbf4edcdb1.jpg,Pullover,349,523,RGB,dc054c4fd72afa709df8132c1e16b2c2260ae656f9118039d35cc131a11fa6cc,True,ok,segmented,0.3785193423438724,False,True,train
/Users/ashley/Desktop/python/CS156-Machine-Learning/final/data/retail_images/segmentation_overlays/shirt/anthropologie_blouses_5256e9fe4b48_overlay.jpg,/Users/ashley/Desktop/python/CS156-Machine-Learning/final/data/retail_images/raw/shirt/anthropologie_blouses_5256e9fe4b48.jpg,Shirt,349,523,RGB,c1bb4e234dad83ac1b0db822f0957e7055d8add4df5abd076ba9827832669f4f,True,ok,segmented,0.5652150092862974,False,True,train
/Users/ashley/Desktop/python/CS156-Machine-Learning/final/data/retail_images/segmentation_overlays/ankle_boot/anthropologie_boot_shop_529dad9aad45_overlay.jpg,/Users/ashley/Desktop/python/CS156-Machine-Learning/final/data/retail_images/raw/ankle_boot/anthropologie_boot_shop_529dad9aad45.jpg,Ankle boot,349,523,RGB,f5cc4cfe9958e8424f351dab80b39de1bee89cca730324c7264eeeeeca1742ed,True,ok,segmented,0.2464457313164627,False,True,train
/Users/ashley/Desktop/python/CS156-Machine-Learning/final/data/retail_images/segmentation_overlays/ankle_boot/princess_polly_boots_e471e99cbee3_overlay.jpg,/Users/ashley/Desktop/python/CS156-Machine-Learning/final/data/retail_images/raw/ankle_boot/princess_polly_boots_e471e99cbee3.jpg,Ankle boot,1344,1820,RGB,6f04cf0e387bb769f277e8f032e0a0723723bf282ec5e43904d2a1f78223200f,True,ok,segmented,0.0225389194139194,False,True,train
/Users/ashley/Desktop/python/CS156-Machine-Learning/final/data/retail_images/segmentation_overlays/sandal/princess_polly_sandals_f5096dcdb875_overlay.jpg,/Users/ashley/Desktop/python/CS156-Machine-Learning/final/data/retail_images/raw/sandal/princess_polly_sandals_f5096dcdb875.jpg,Sandal,1344,1820,RGB,c0a3b2ebdd55a6155e19f9a7f1611274c78a360c7d75efbb92b2700900f7a5c9,True,ok,segmented,0.0203889488487702,False,True,train
/Users/ashley/Desktop/python/CS156-Machine-Learning/final/data/retail_images/segmentation_overlays/dress/anthropologie_dresses_906abde74b35_overlay.jpg,/Users/ashley/Desktop/python/CS156-Machine-Learning/final/data/retail_images/raw/dress/anthropologie_dresses_906abde74b35.jpg,Dress,349,523,RGB,7ec703bb3a38ef95e949d93be0b75ef6e6cfa99a4d05e247ace4be9aa341ed00,True,ok,segmented,0.2360308337944523,False,True,train
/Users/ashley/Desktop/python/CS156-Machine-Learning/final/data/retail_images/segmentation_overlays/sandal/princess_polly_sandals_ba4583750a14_overlay.jpg,/Users/ashley/Desktop/python/CS156-Machine-Learning/final/data/retail_images/raw/sandal/princess_polly_sandals_ba4583750a14.jpg,Sandal,1344,1820,RGB,66a0cc9881ca27050362f4f9c647a6065e6e837ba26b5f4a8dee15528d70eb49,True,ok,segmented,0.0352531397174254,False,True,train
/Users/ashley/Desktop/python/CS156-Machine-Learning/final/data/retail_images/segmentation_overlays/t_shirt_top/brandy_melville_tops_22dfcf8728d8_overlay.jpg,/Users/ashley/Desktop/python/CS156-Machine-Learning/final/data/retail_images/raw/t_shirt_top/brandy_melville_tops_22dfcf8728d8.jpg,T-shirt/top,360,540,RGB,201b1ccf7441ef556f92ee5b0d05c4b0d33e7a1530fee304ce222894a6b3cd9b,True,ok,segmented,0.2212705761316872,False,True,train
/Users/ashley/Desktop/python/CS156-Machine-Learning/final/data/retail_images/segmentation_overlays/dress/princess_polly_dresses_04b694269dae_overlay.jpg,/Users/ashley/Desktop/python/CS156-Machine-Learning/final/data/retail_images/raw/dress/princess_polly_dresses_04b694269dae.jpg,Dress,1344,1820,RGB,fd6c61467586ee95742cfcb14e29b1ac3e5ebb173ec9d2c179180d0e08d3e1f9,True,ok,segmented,0.1009578591051805,False,True,train
/Users/ashley/Desktop/python/CS156-Machine-Learning/final/data/retail_images/segmentation_overlays/shirt/anthropologie_blouses_86b0658c38eb_overlay.jpg,/Users/ashley/Desktop/python/CS156-Machine-Learning/final/data/retail_images/raw/shirt/anthropologie_blouses_86b0658c38eb.jpg,Shirt,349,523,RGB,a3b1ebf336540e64660e8d406b0884ccc3bb1087ad5494d7013ec8e60141f060,True,ok,segmented,0.4511990006957875,False,True,train
/Users/ashley/Desktop/python/CS156-Machine-Learning/final/data/retail_images/segmentation_overlays/ankle_boot/anthropologie_boot_shop_fc0385c62303_overlay.jpg,/Users/ashley/Desktop/python/CS156-Machine-Learning/final/data/retail_images/raw/ankle_boot/anthropologie_boot_shop_fc0385c62303.jpg,Ankle boot,349,523,RGB,437cfb4b6955270c92ab3c0c5bb30ac523089ddbaab82e2c98d049994b32ae1e,True,ok,segmented,0.0490338415686446,False,True,train
/Users/ashley/Desktop/python/CS156-Machine-Learning/final/data/retail_images/segmentation_overlays/ankle_boot/princess_polly_boots_e6f29dab40bf_overlay.jpg,/Users/ashley/Desktop/python/CS156-Machine-Learning/final/data/retail_images/raw/ankle_boot/princess_polly_boots_e6f29dab40bf.jpg,Ankle boot,1344,1820,RGB,af441f5cad3dc1652157e59aed00d7fc4929671c75b44f3ce64d2f0a2db64a3d,True,ok,segmented,0.0437070741758241,False,True,train
/Users/ashley/Desktop/python/CS156-Machine-Learning/final/data/retail_images/segmentation_overlays/shirt/princess_polly_button_ups_ff33245f17bf_overlay.jpg,/Users/ashley/Desktop/python/CS156-Machine-Learning/final/data/retail_images/raw/shirt/princess_polly_button_ups_ff33245f17bf.jpg,Shirt,1345,1820,RGB,5630478f47678d34df1952d4cbc3c60f076bb2565e1bf62902e6df5cd2619794,True,ok,segmented,0.1177703337554638,False,True,train
/Users/ashley/Desktop/python/CS156-Machine-Learning/final/data/retail_images/segmentation_overlays/sneaker/urban_outfitters_sneakers_f3319b826fe1_overlay.jpg,/Users/ashley/Desktop/python/CS156-Machine-Learning/final/data/retail_images/raw/sneaker/urban_outfitters_sneakers_f3319b826fe1.jpg,Sneaker,450,675,RGB,b76165f9bd046c446074198b00bba82c53306d7832e1f1facd9e1bc6e8cc7792,True,ok,segmented,0.0364674897119341,False,True,train
/Users/ashley/Desktop/python/CS156-Machine-Learning/final/data/retail_images/segmentation_overlays/coat/reformation_outerwear_239dd220ab70_overlay.jpg,/Users/ashley/Desktop/python/CS156-Machine-Learning/final/data/retail_images/raw/coat/reformation_outerwear_239dd220ab70.jpg,Coat,600,800,RGB,3cb2cb3861848503a6d81d6f86bf9e407cf7992928c092ec950fb879b085d929,True,ok,segmented,0.0528166666666666,False,True,train
/Users/ashley/Desktop/python/CS156-Machine-Learning/final/data/retail_images/segmentation_overlays/sneaker/anthropologie_sneakers_2093a0382447_overlay.jpg,/Users/ashley/Desktop/python/CS156-Machine-Learning/final/data/retail_images/raw/sneaker/anthropologie_sneakers_2093a0382447.jpg,Sneaker,349,523,RGB,bacab1acb40eff87e49d62c992e75bad484f92d8088c9b7090866b4f1e5f48a1,True,ok,segmented,0.1232201263374733,False,True,train
/Users/ashley/Desktop/python/CS156-Machine-Learning/final/data/retail_images/segmentation_overlays/t_shirt_top/brandy_melville_tops_page_4_9d98b57b6113_overlay.jpg,/Users/ashley/Desktop/python/CS156-Machine-Learning/final/data/retail_images/raw/t_shirt_top/brandy_melville_tops_page_4_9d98b57b6113.jpg,T-shirt/top,360,540,RGB,74902ebe9603ba08d6b40c9af214a2526eb92145d0226ab04b504e504454a5d7,True,ok,segmented,0.1065329218106996,False,True,train
/Users/ashley/Desktop/python/CS156-Machine-Learning/final/data/retail_images/segmentation_overlays/dress/princess_polly_dresses_2288645bbfe9_overlay.jpg,/Users/ashley/Desktop/python/CS156-Machine-Learning/final/data/retail_images/raw/dress/princess_polly_dresses_2288645bbfe9.jpg,Dress,1344,1820,RGB,a029315599d2460d5d8589a7805adb9b2d6cd438280eb89ec9d19c3949a27b56,True,ok,segmented,0.2804851026949241,False,True,train
/Users/ashley/Desktop/python/CS156-Machine-Learning/final/data/retail_images/segmentation_overlays/trouser/princess_polly_pants_20c466eb3ed2_overlay.jpg,/Users/ashley/Desktop/python/CS156-Machine-Learning/final/data/retail_images/raw/trouser/princess_polly_pants_20c466eb3ed2.jpg,Trouser,1345,1820,RGB,720fb9eb6bdfdc15d1050145b88aa24812c4e710ad18910404f996aa78a512f7,True,ok,segmented,0.1048833694186854,False,True,train
/Users/ashley/Desktop/python/CS156-Machine-Learning/final/data/retail_images/segmentation_overlays/coat/princess_polly_jackets_2189cc5d8ba8_overlay.jpg,/Users/ashley/Desktop/python/CS156-Machine-Learning/final/data/retail_images/raw/coat/princess_polly_jackets_2189cc5d8ba8.jpg,Coat,1345,1820,RGB,b001f7c24db639715b35928e8faa80157e01a57ac61e6f0e60d62ad9110c4ed0,True,ok,segmented,0.3001094815964704,False,True,train
/Users/ashley/Desktop/python/CS156-Machine-Learning/final/data/retail_images/segmentation_overlays/shirt/anthropologie_blouses_01523d8fc629_overlay.jpg,/Users/ashley/Desktop/python/CS156-Machine-Learning/final/data/retail_images/raw/shirt/anthropologie_blouses_01523d8fc629.jpg,Shirt,698,1046,RGB,045af4a4b83a098dd30c0eb8364857aafe5495f314160db7ca3e3f1784dabf58,True,ok,segmented,0.1195247826348978,False,True,train
/Users/ashley/Desktop/python/CS156-Machine-Learning/final/data/retail_images/segmentation_overlays/pullover/princess_polly_sweaters_c7b10781dedf_overlay.jpg,/Users/ashley/Desktop/python/CS156-Machine-Learning/final/data/retail_images/raw/pullover/princess_polly_sweaters_c7b10781dedf.jpg,Pullover,1365,1820,RGB,b9cac22f380a382719acee4e267b6db5645067c048c2f7475b9357afac64d325,True,ok,segmented,0.2816672704584792,False,True,train
/Users/ashley/Desktop/python/CS156-Machine-Learning/final/data/retail_images/segmentation_overlays/sandal/urban_outfitters_sandals_c8a2f4ca36c8_overlay.jpg,/Users/ashley/Desktop/python/CS156-Machine-Learning/final/data/retail_images/raw/sandal/urban_outfitters_sandals_c8a2f4ca36c8.webp,Sandal,698,1046,RGB,46d27a0558a0f68232351069230293c20d88da84326fb8b50ad75c78307e7e15,True,ok,segmented,0.0584762802215562,False,True,train
/Users/ashley/Desktop/python/CS156-Machine-Learning/final/data/retail_images/segmentation_overlays/ankle_boot/anthropologie_boot_shop_ddd90f978a1a_overlay.jpg,/Users/ashley/Desktop/python/CS156-Machine-Learning/final/data/retail_images/raw/ankle_boot/anthropologie_boot_shop_ddd90f978a1a.webp,Ankle boot,349,523,RGB,4a0342e12cd190b3b281b44122978e851b77385448b844eb9cc07222c8828e57,True,ok,segmented,0.2334777868479731,False,True,train
/Users/ashley/Desktop/python/CS156-Machine-Learning/final/data/retail_images/segmentation_overlays/shirt/princess_polly_shirts_blouses_79d7f7facc84_overlay.jpg,/Users/ashley/Desktop/python/CS156-Machine-Learning/final/data/retail_images/raw/shirt/princess_polly_shirts_blouses_79d7f7facc84.jpg,Shirt,1345,1820,RGB,c5423e12cba4a83a90cd02fbd7d3aa793b8569c27364d2623d1bb9a630fe4945,True,ok,segmented,0.2181478001552351,False,True,train
/Users/ashley/Desktop/python/CS156-Machine-Learning/final/data/retail_images/segmentation_overlays/t_shirt_top/brandy_melville_tops_36335c06df7d_overlay.jpg,/Users/ashley/Desktop/python/CS156-Machine-Learning/final/data/retail_images/raw/t_shirt_top/brandy_melville_tops_36335c06df7d.jpg,T-shirt/top,533,800,RGB,aec5a850298d083cd76cf1fca6facc3e65a2cc219dfee042ca58795c1209e520,True,ok,segmented,0.1161257035647279,False,True,train
/Users/ashley/Desktop/python/CS156-Machine-Learning/final/data/retail_images/segmentation_overlays/ankle_boot/anthropologie_boot_shop_7714bc4033cf_overlay.jpg,/Users/ashley/Desktop/python/CS156-Machine-Learning/final/data/retail_images/raw/ankle_boot/anthropologie_boot_shop_7714bc4033cf.jpg,Ankle boot,349,523,RGB,07894f53acfdf204df90b8ec96e35d829c687fa6468e6a2fa14857894cdb986a,True,ok,segmented,0.2259008256312764,False,True,train
/Users/ashley/Desktop/python/CS156-Machine-Learning/final/data/retail_images/segmentation_overlays/sandal/anthropologie_sandals_be81e62cc8e5_overlay.jpg,/Users/ashley/Desktop/python/CS156-Machine-Learning/final/data/retail_images/raw/sandal/anthropologie_sandals_be81e62cc8e5.jpg,Sandal,349,523,RGB,7e0fc7edb15fb04ef40585932da6cd8196d7cd79e1cc3cbe7fce1e6a2894934e,True,ok,segmented,0.0200573065902578,False,True,train
/Users/ashley/Desktop/python/CS156-Machine-Learning/final/data/retail_images/segmentation_overlays/bag/princess_polly_bags_c54010f6776f_overlay.jpg,/Users/ashley/Desktop/python/CS156-Machine-Learning/final/data/retail_images/raw/bag/princess_polly_bags_c54010f6776f.jpg,Bag,2352,3184,RGB,ed685dab948afd8c01628852b7178116dc1bc1b97bb04602ed4a795efe3ec711,True,ok,segmented,0.195862790782142,False,True,train
/Users/ashley/Desktop/python/CS156-Machine-Learning/final/data/retail_images/segmentation_overlays/ankle_boot/princess_polly_boots_9c24895269df_overlay.jpg,/Users/ashley/Desktop/python/CS156-Machine-Learning/final/data/retail_images/raw/ankle_boot/princess_polly_boots_9c24895269df.jpg,Ankle boot,1344,1820,RGB,60e7116cc5476a33dcc47e9eed3a4c22360fe2dd30420de7e3271169de71d56b,True,ok,segmented,0.0774410485347985,False,True,train
/Users/ashley/Desktop/python/CS156-Machine-Learning/final/data/retail_images/segmentation_overlays/trouser/brandy_melville_pants_31634eb578a1_overlay.jpg,/Users/ashley/Desktop/python/CS156-Machine-Learning/final/data/retail_images/raw/trouser/brandy_melville_pants_31634eb578a1.jpg,Trouser,533,800,RGB,ffb180a4c2a19455c7dcf2623df09511dc155546bdfb3812793de5ae3b9dd041,True,ok,segmented,0.0888555347091932,False,True,train
/Users/ashley/Desktop/python/CS156-Machine-Learning/final/data/retail_images/segmentation_overlays/dress/princess_polly_dresses_23fad99c1afb_overlay.jpg,/Users/ashley/Desktop/python/CS156-Machine-Learning/final/data/retail_images/raw/dress/princess_polly_dresses_23fad99c1afb.jpg,Dress,1344,1820,RGB,14d9fc89aa030a8f2b97aea4a28b299e2fcaec73f1fb4e6206915391919028d6,True,ok,segmented,0.2218230801936159,False,True,train
/Users/ashley/Desktop/python/CS156-Machine-Learning/final/data/retail_images/segmentation_overlays/coat/reformation_jackets_and_coats_13afbe39d8ff_overlay.jpg,/Users/ashley/Desktop/python/CS156-Machine-Learning/final/data/retail_images/raw/coat/reformation_jackets_and_coats_13afbe39d8ff.jpg,Coat,600,800,RGB,c0059773eb916fb5e989962ff1be25296f49db34442498bf5099eed1fb427724,True,ok,segmented,0.3573708333333333,False,True,train
/Users/ashley/Desktop/python/CS156-Machine-Learning/final/data/retail_images/segmentation_overlays/trouser/brandy_melville_pants_c7d695c8e2ed_overlay.jpg,/Users/ashley/Desktop/python/CS156-Machine-Learning/final/data/retail_images/raw/trouser/brandy_melville_pants_c7d695c8e2ed.jpg,Trouser,533,800,RGB,7ff5cdf86cab20cd0b716258f526b3da83fc74a3e7a5d93368251e453bc4c64d,True,ok,segmented,0.1535506566604127,False,True,train
/Users/ashley/Desktop/python/CS156-Machine-Learning/final/data/retail_images/segmentation_overlays/trouser/princess_polly_pants_52868cab035c_overlay.jpg,/Users/ashley/Desktop/python/CS156-Machine-Learning/final/data/retail_images/raw/trouser/princess_polly_pants_52868cab035c.jpg,Trouser,1344,1819,RGB,6fb9d87d709e0d19c3761326c1745ba6c5e2c0f110e91a802eff821087c250aa,True,ok,segmented,0.0578549176680017,False,True,train
/Users/ashley/Desktop/python/CS156-Machine-Learning/final/data/retail_images/segmentation_overlays/trouser/brandy_melville_pants_654d7ec1c905_overlay.jpg,/Users/ashley/Desktop/python/CS156-Machine-Learning/final/data/retail_images/raw/trouser/brandy_melville_pants_654d7ec1c905.jpg,Trouser,533,800,RGB,fcf2f2f03a8af73401efc0cf0b1e9afe2143204276aa2c1d50bd812083bb0c97,True,ok,segmented,0.2704573170731707,False,True,train
/Users/ashley/Desktop/python/CS156-Machine-Learning/final/data/retail_images/segmentation_overlays/bag/anthropologie_bags_e98d794d0fc6_overlay.jpg,/Users/ashley/Desktop/python/CS156-Machine-Learning/final/data/retail_images/raw/bag/anthropologie_bags_e98d794d0fc6.webp,Bag,349,523,RGB,df0e8738805bbd1181bf8abdf19630a041e2daa06286619077999922b4512e8d,True,ok,segmented,0.0864310485571997,False,True,train
/Users/ashley/Desktop/python/CS156-Machine-Learning/final/data/retail_images/segmentation_overlays/sandal/urban_outfitters_sandals_e30bd50b0275_overlay.jpg,/Users/ashley/Desktop/python/CS156-Machine-Learning/final/data/retail_images/raw/sandal/urban_outfitters_sandals_e30bd50b0275.webp,Sandal,349,523,RGB,a12c58713056949da7773c92204b229e028e3f1585967156510c488c89a49cea,True,ok,segmented,0.058999490486339,False,True,train
/Users/ashley/Desktop/python/CS156-Machine-Learning/final/data/retail_images/segmentation_overlays/dress/anthropologie_dresses_e6a4b66763f1_overlay.jpg,/Users/ashley/Desktop/python/CS156-Machine-Learning/final/data/retail_images/raw/dress/anthropologie_dresses_e6a4b66763f1.jpg,Dress,698,1046,RGB,a708279483aa15e1de0409c499aaedd872e976abd0713d3b86b9b22d71256ce0,True,ok,segmented,0.0125529373736488,False,True,train
/Users/ashley/Desktop/python/CS156-Machine-Learning/final/data/retail_images/segmentation_overlays/t_shirt_top/brandy_melville_tops_page_4_6e53f7edff5e_overlay.jpg,/Users/ashley/Desktop/python/CS156-Machine-Learning/final/data/retail_images/raw/t_shirt_top/brandy_melville_tops_page_4_6e53f7edff5e.jpg,T-shirt/top,360,540,RGB,5a0b2189752a2e61489f52f1312fa330cc4344c995f25e811cf7e01a8b3f226c,True,ok,segmented,0.327391975308642,False,True,train
/Users/ashley/Desktop/python/CS156-Machine-Learning/final/data/retail_images/segmentation_overlays/sneaker/urban_outfitters_sneakers_130b8cf06dd5_overlay.jpg,/Users/ashley/Desktop/python/CS156-Machine-Learning/final/data/retail_images/raw/sneaker/urban_outfitters_sneakers_130b8cf06dd5.webp,Sneaker,698,1046,RGB,39c25c5ffcccfb553845f166cc3770bc68d461a3432d76470947e1e8883e3eb3,True,ok,segmented,0.0125310228075846,False,True,train
/Users/ashley/Desktop/python/CS156-Machine-Learning/final/data/retail_images/segmentation_overlays/ankle_boot/anthropologie_boot_shop_e0d35fd15057_overlay.jpg,/Users/ashley/Desktop/python/CS156-Machine-Learning/final/data/retail_images/raw/ankle_boot/anthropologie_boot_shop_e0d35fd15057.jpg,Ankle boot,349,523,RGB,2b4d73c4fc0bb1164017a27cdd1f7c04b1a7df766123989751be9c6a993957d5,True,ok,segmented,0.2816898321892103,False,True,train
/Users/ashley/Desktop/python/CS156-Machine-Learning/final/data/retail_images/segmentation_overlays/shirt/anthropologie_blouses_3aef2e4182d7_overlay.jpg,/Users/ashley/Desktop/python/CS156-Machine-Learning/final/data/retail_images/raw/shirt/anthropologie_blouses_3aef2e4182d7.jpg,Shirt,349,523,RGB,eee9d2c138233780518c40b9b511f4416a84b7fe02ee0232b525cb7455a6933c,True,ok,segmented,0.2065283492305248,False,True,train
/Users/ashley/Desktop/python/CS156-Machine-Learning/final/data/retail_images/segmentation_overlays/trouser/princess_polly_pants_d4c1af5dfa8c_overlay.jpg,/Users/ashley/Desktop/python/CS156-Machine-Learning/final/data/retail_images/raw/trouser/princess_polly_pants_d4c1af5dfa8c.jpg,Trouser,1344,1820,RGB,bcbbd3e6a65aca13df757908dcf9ce23d966e7d4caf0c31a7ad639f4ebc7298a,True,ok,segmented,0.391006017791732,False,True,train
/Users/ashley/Desktop/python/CS156-Machine-Learning/final/data/retail_images/segmentation_overlays/trouser/princess_polly_pants_6b27ab62bda1_overlay.jpg,/Users/ashley/Desktop/python/CS156-Machine-Learning/final/data/retail_images/raw/trouser/princess_polly_pants_6b27ab62bda1.jpg,Trouser,1345,1821,RGB,85767677376bd94a2e8a31cbfa0a5d8f3feace23c182fa3b77f5d53abab52ecc,True,ok,segmented,0.0926718233578102,False,True,train
/Users/ashley/Desktop/python/CS156-Machine-Learning/final/data/retail_images/segmentation_overlays/sneaker/urban_outfitters_sneakers_f24866a4097a_overlay.jpg,/Users/ashley/Desktop/python/CS156-Machine-Learning/final/data/retail_images/raw/sneaker/urban_outfitters_sneakers_f24866a4097a.jpg,Sneaker,450,675,RGB,9ec244c4d7ce73ba615797120e66cadaf98e2e70e334f84ae4c4bce337d02148,True,ok,segmented,0.0402271604938271,False,True,train
/Users/ashley/Desktop/python/CS156-Machine-Learning/final/data/retail_images/segmentation_overlays/trouser/princess_polly_pants_5261a9002161_overlay.jpg,/Users/ashley/Desktop/python/CS156-Machine-Learning/final/data/retail_images/raw/trouser/princess_polly_pants_5261a9002161.jpg,Trouser,1344,1819,RGB,51f20b0d8fd7b5c3aed59de982473ce7f8e014f0b2a7f10c8bc62ff95fa35211,True,ok,segmented,0.2005721681195842,False,True,train
/Users/ashley/Desktop/python/CS156-Machine-Learning/final/data/retail_images/segmentation_overlays/sandal/princess_polly_sandals_86c1d9b7ac96_overlay.jpg,/Users/ashley/Desktop/python/CS156-Machine-Learning/final/data/retail_images/raw/sandal/princess_polly_sandals_86c1d9b7ac96.jpg,Sandal,1344,1820,RGB,5fa6621b3ab37a196f0d93cc072f8deb03c979185771458a44ae638657c2d930,True,ok,segmented,0.0228459412611198,False,True,train
/Users/ashley/Desktop/python/CS156-Machine-Learning/final/data/retail_images/segmentation_overlays/ankle_boot/princess_polly_boots_7ebca56f1ae0_overlay.jpg,/Users/ashley/Desktop/python/CS156-Machine-Learning/final/data/retail_images/raw/ankle_boot/princess_polly_boots_7ebca56f1ae0.jpg,Ankle boot,1345,1821,RGB,29f31ccc11c68282512ae6116130ab02742343dc71519a2754efc7212d5c387d,True,ok,segmented,0.0135735706309495,False,True,train
/Users/ashley/Desktop/python/CS156-Machine-Learning/final/data/retail_images/segmentation_overlays/sandal/princess_polly_sandals_f29c9ccfb066_overlay.jpg,/Users/ashley/Desktop/python/CS156-Machine-Learning/final/data/retail_images/raw/sandal/princess_polly_sandals_f29c9ccfb066.jpg,Sandal,1344,1820,RGB,9447eae01addccf517c8d28423be571e9f03d5a47067619a1a7c07936ec80566,True,ok,segmented,0.0162860576923076,False,True,train
/Users/ashley/Desktop/python/CS156-Machine-Learning/final/data/retail_images/segmentation_overlays/dress/anthropologie_dresses_1eb0f4c69358_overlay.jpg,/Users/ashley/Desktop/python/CS156-Machine-Learning/final/data/retail_images/raw/dress/anthropologie_dresses_1eb0f4c69358.jpg,Dress,698,1046,RGB,a89aa41ca2f6d61aafe24baccac50d64da6460491c140eb3aa03a0730295c06f,True,ok,segmented,0.16574671144543,False,True,train
/Users/ashley/Desktop/python/CS156-Machine-Learning/final/data/retail_images/segmentation_overlays/bag/princess_polly_bags_42f963ca7128_overlay.jpg,/Users/ashley/Desktop/python/CS156-Machine-Learning/final/data/retail_images/raw/bag/princess_polly_bags_42f963ca7128.jpg,Bag,1345,1820,RGB,e7057776de19c858d0381d33cc223b1a1af52a75bba3caa41ed29073409695ea,True,ok,segmented,0.1248878630663017,False,True,train
/Users/ashley/Desktop/python/CS156-Machine-Learning/final/data/retail_images/segmentation_overlays/trouser/princess_polly_pants_68cea0e3fb7e_overlay.jpg,/Users/ashley/Desktop/python/CS156-Machine-Learning/final/data/retail_images/raw/trouser/princess_polly_pants_68cea0e3fb7e.jpg,Trouser,1344,1820,RGB,9f240fd3f9562a035baa312e51f5dd58acdfbd1fd01eb2afdbb9041e8b688b05,True,ok,segmented,0.1388331534536891,False,True,train
/Users/ashley/Desktop/python/CS156-Machine-Learning/final/data/retail_images/segmentation_overlays/pullover/princess_polly_sweaters_4f260925543d_overlay.jpg,/Users/ashley/Desktop/python/CS156-Machine-Learning/final/data/retail_images/raw/pullover/princess_polly_sweaters_4f260925543d.jpg,Pullover,1345,1820,RGB,f2ca2970ac6bed889dfbc6acf84ecb47175c82417b2b8a88d0d512bd7f6707cb,True,ok,segmented,0.2653188447240492,False,True,train
/Users/ashley/Desktop/python/CS156-Machine-Learning/final/data/retail_images/segmentation_overlays/sneaker/urban_outfitters_sneakers_a52773e0266e_overlay.jpg,/Users/ashley/Desktop/python/CS156-Machine-Learning/final/data/retail_images/raw/sneaker/urban_outfitters_sneakers_a52773e0266e.jpg,Sneaker,698,1046,RGB,623982639c6ec73dc35dc1edb9d3532fe4b587510844099a6eb64f05547af7a9,True,ok,segmented,0.0254099393514384,False,True,train
/Users/ashley/Desktop/python/CS156-Machine-Learning/final/data/retail_images/segmentation_overlays/trouser/princess_polly_pants_e612bbee0317_overlay.jpg,/Users/ashley/Desktop/python/CS156-Machine-Learning/final/data/retail_images/raw/trouser/princess_polly_pants_e612bbee0317.jpg,Trouser,1344,1820,RGB,ea1850d7ec6f1437c998b298152c4e03ad2d62f18f6333b00b1cbb0448e63b4a,True,ok,segmented,0.1013266123757195,False,True,train
/Users/ashley/Desktop/python/CS156-Machine-Learning/final/data/retail_images/segmentation_overlays/bag/anthropologie_bags_fa4ddb295f10_overlay.jpg,/Users/ashley/Desktop/python/CS156-Machine-Learning/final/data/retail_images/raw/bag/anthropologie_bags_fa4ddb295f10.jpg,Bag,2882,498,RGB,788441dd66b74286c1cb30ccc63d2ce515a4f63f54c1ade9a823e8b32bdd6a19,True,ok,segmented,0.0869794235930536,False,True,train
/Users/ashley/Desktop/python/CS156-Machine-Learning/final/data/retail_images/segmentation_overlays/coat/reformation_outerwear_599cd24cf0b9_overlay.jpg,/Users/ashley/Desktop/python/CS156-Machine-Learning/final/data/retail_images/raw/coat/reformation_outerwear_599cd24cf0b9.jpg,Coat,600,800,RGB,ca02f32275e1a270eb39b03243d8e701716feb0234240b253e935b346c13e2d8,True,ok,segmented,0.4817979166666666,False,True,train
/Users/ashley/Desktop/python/CS156-Machine-Learning/final/data/retail_images/segmentation_overlays/bag/princess_polly_bags_23b33ea8061b_overlay.jpg,/Users/ashley/Desktop/python/CS156-Machine-Learning/final/data/retail_images/raw/bag/princess_polly_bags_23b33ea8061b.jpg,Bag,1344,1820,RGB,59cebd39c28a71a643fa3fe1fefb812e522456994a0cbaaea751cb46d8809d36,True,ok,segmented,0.0854567307692307,False,True,train
/Users/ashley/Desktop/python/CS156-Machine-Learning/final/data/retail_images/segmentation_overlays/coat/reformation_outerwear_d0d64817c12e_overlay.jpg,/Users/ashley/Desktop/python/CS156-Machine-Learning/final/data/retail_images/raw/coat/reformation_outerwear_d0d64817c12e.jpg,Coat,600,800,RGB,9f48efe053da4b08559d3fe0cf2344f1993ccead9aeaf57a6e4e624a21f324fe,True,ok,segmented,0.0833770833333333,False,True,train
/Users/ashley/Desktop/python/CS156-Machine-Learning/final/data/retail_images/segmentation_overlays/shirt/princess_polly_button_ups_b9616c50169f_overlay.jpg,/Users/ashley/Desktop/python/CS156-Machine-Learning/final/data/retail_images/raw/shirt/princess_polly_button_ups_b9616c50169f.jpg,Shirt,1345,1820,RGB,b246ac2f438aa827b92b9925edf09362fd0131b50c5b7314a5f43db4ba8b75fb,True,ok,segmented,0.3576302136525184,False,True,train
/Users/ashley/Desktop/python/CS156-Machine-Learning/final/data/retail_images/segmentation_overlays/shirt/princess_polly_shirts_blouses_c6c863c9b0b5_overlay.jpg,/Users/ashley/Desktop/python/CS156-Machine-Learning/final/data/retail_images/raw/shirt/princess_polly_shirts_blouses_c6c863c9b0b5.jpg,Shirt,1345,1821,RGB,e6bc7e4c524a0085c50e05e204161cc17476164cde1a33b308ff890a44dc3080,True,ok,segmented,0.1986183497363473,False,True,train
/Users/ashley/Desktop/python/CS156-Machine-Learning/final/data/retail_images/segmentation_overlays/dress/reformation_dresses_baae977ec6c6_overlay.jpg,/Users/ashley/Desktop/python/CS156-Machine-Learning/final/data/retail_images/raw/dress/reformation_dresses_baae977ec6c6.jpg,Dress,600,800,RGB,8232e2d4010ba00569528da17f3d4a293adf422275fa801aa49fd37f38a9132b,True,ok,segmented,0.1133020833333333,False,True,train
/Users/ashley/Desktop/python/CS156-Machine-Learning/final/data/retail_images/segmentation_overlays/sandal/urban_outfitters_sandals_5cebfcdf94a4_overlay.jpg,/Users/ashley/Desktop/python/CS156-Machine-Learning/final/data/retail_images/raw/sandal/urban_outfitters_sandals_5cebfcdf94a4.jpg,Sandal,450,675,RGB,0dc841e4530f4612c1fe4d916db188f3be8e78df2f9587b2dcf24543d284aa66,True,ok,segmented,0.025995061728395,False,True,train
/Users/ashley/Desktop/python/CS156-Machine-Learning/final/data/retail_images/segmentation_overlays/sneaker/anthropologie_sneakers_e0b33f01b2e7_overlay.jpg,/Users/ashley/Desktop/python/CS156-Machine-Learning/final/data/retail_images/raw/sneaker/anthropologie_sneakers_e0b33f01b2e7.webp,Sneaker,698,1046,RGB,98209d26355c4403413b5facbc2e2c13faa2337151d001988af0df7dacf0b11e,True,ok,segmented,0.0176946424364614,False,True,train
/Users/ashley/Desktop/python/CS156-Machine-Learning/final/data/retail_images/segmentation_overlays/shirt/princess_polly_shirts_blouses_42af4c135dc4_overlay.jpg,/Users/ashley/Desktop/python/CS156-Machine-Learning/final/data/retail_images/raw/shirt/princess_polly_shirts_blouses_42af4c135dc4.jpg,Shirt,1345,1821,RGB,c330a0699af2abf0a725fa6cd288bf8a113f585d4930a621fcfbfb8f37715bae,True,ok,segmented,0.2430945046330604,False,True,train
/Users/ashley/Desktop/python/CS156-Machine-Learning/final/data/retail_images/segmentation_overlays/trouser/princess_polly_pants_9261cbc9e5d6_overlay.jpg,/Users/ashley/Desktop/python/CS156-Machine-Learning/final/data/retail_images/raw/trouser/princess_polly_pants_9261cbc9e5d6.jpg,Trouser,1344,1820,RGB,005cc75544074da9eb6695a35de5fba4f217f7008aa7b4108d0b4b8d1fa236d2,True,ok,segmented,0.2370020604395604,False,True,train
/Users/ashley/Desktop/python/CS156-Machine-Learning/final/data/retail_images/segmentation_overlays/trouser/brandy_melville_pants_f928af003d7f_overlay.jpg,/Users/ashley/Desktop/python/CS156-Machine-Learning/final/data/retail_images/raw/trouser/brandy_melville_pants_f928af003d7f.jpg,Trouser,533,800,RGB,b7c95bd7de902025974132f06beec30aea61e1edf3e87d9d0c1af7f129e93b12,True,ok,segmented,0.2376641651031895,False,True,train
/Users/ashley/Desktop/python/CS156-Machine-Learning/final/data/retail_images/segmentation_overlays/t_shirt_top/brandy_melville_tops_b2b1364c2e7b_overlay.jpg,/Users/ashley/Desktop/python/CS156-Machine-Learning/final/data/retail_images/raw/t_shirt_top/brandy_melville_tops_b2b1364c2e7b.jpg,T-shirt/top,1000,1500,RGB,90e18295519d6a2ac9ea610f38721488e8b49ab39ce6a9f03b7f593123cad2b9,True,ok,segmented,0.0651653333333333,False,True,train
/Users/ashley/Desktop/python/CS156-Machine-Learning/final/data/retail_images/segmentation_overlays/sandal/princess_polly_sandals_12024c815069_overlay.jpg,/Users/ashley/Desktop/python/CS156-Machine-Learning/final/data/retail_images/raw/sandal/princess_polly_sandals_12024c815069.jpg,Sandal,1344,1820,RGB,52ca93eeb011a7490af6b6d715d777f791626dc316bec0bbddb96ebcbf940d7f,True,ok,segmented,0.034192667451596,False,True,train
/Users/ashley/Desktop/python/CS156-Machine-Learning/final/data/retail_images/segmentation_overlays/dress/anthropologie_dresses_c136ed4afdfe_overlay.jpg,/Users/ashley/Desktop/python/CS156-Machine-Learning/final/data/retail_images/raw/dress/anthropologie_dresses_c136ed4afdfe.webp,Dress,349,523,RGB,f9e629e11db7fcabab32c2326955f13fa2e1f313a090c26fb187afc7e6456f3d,True,ok,segmented,0.1832934305609581,False,True,train
/Users/ashley/Desktop/python/CS156-Machine-Learning/final/data/retail_images/segmentation_overlays/coat/reformation_outerwear_19f3164cc5f6_overlay.jpg,/Users/ashley/Desktop/python/CS156-Machine-Learning/final/data/retail_images/raw/coat/reformation_outerwear_19f3164cc5f6.jpg,Coat,600,800,RGB,d8a986d47021599db051baa066c78b2b1d7730d79b9e4be1a4d50566de4a166b,True,ok,segmented,0.4700354166666666,False,True,train
/Users/ashley/Desktop/python/CS156-Machine-Learning/final/data/retail_images/segmentation_overlays/sneaker/urban_outfitters_sneakers_ad7fe2d025c1_overlay.jpg,/Users/ashley/Desktop/python/CS156-Machine-Learning/final/data/retail_images/raw/sneaker/urban_outfitters_sneakers_ad7fe2d025c1.jpg,Sneaker,450,675,RGB,8c0c38f691ecd273b0e9afcd105533358956ac40df5f4185a9ca63ea0d680d07,True,ok,segmented,0.1028312757201646,False,True,train
/Users/ashley/Desktop/python/CS156-Machine-Learning/final/data/retail_images/segmentation_overlays/bag/princess_polly_bags_7a6adda68d6a_overlay.jpg,/Users/ashley/Desktop/python/CS156-Machine-Learning/final/data/retail_images/raw/bag/princess_polly_bags_7a6adda68d6a.jpg,Bag,1344,1820,RGB,a67062c330042953c42ee9abd31a3e1acde0c6b9e184113df621707c71b9e039,True,ok,segmented,0.0224391679748822,False,True,train
/Users/ashley/Desktop/python/CS156-Machine-Learning/final/data/retail_images/segmentation_overlays/shirt/anthropologie_blouses_850b2bf4b764_overlay.jpg,/Users/ashley/Desktop/python/CS156-Machine-Learning/final/data/retail_images/raw/shirt/anthropologie_blouses_850b2bf4b764.jpg,Shirt,349,523,RGB,2e2704be37d13491d3d0fd6e049c806735eaabaea615564510db44de1b763047,True,ok,segmented,0.2305850641274989,False,True,train
/Users/ashley/Desktop/python/CS156-Machine-Learning/final/data/retail_images/segmentation_overlays/pullover/anthropologie_sweaters_5d9388fd6c20_overlay.jpg,/Users/ashley/Desktop/python/CS156-Machine-Learning/final/data/retail_images/raw/pullover/anthropologie_sweaters_5d9388fd6c20.jpg,Pullover,349,523,RGB,c1ab75877eabee9d22d7aba86aeea6d623acdd2b15c21165f8cf67f029289582,True,ok,segmented,0.4761377768768456,False,True,train
/Users/ashley/Desktop/python/CS156-Machine-Learning/final/data/retail_images/segmentation_overlays/ankle_boot/anthropologie_boot_shop_cb4dce339f5b_overlay.jpg,/Users/ashley/Desktop/python/CS156-Machine-Learning/final/data/retail_images/raw/ankle_boot/anthropologie_boot_shop_cb4dce339f5b.jpg,Ankle boot,349,523,RGB,19c79a3d689bc9a45d2b2442aa343cf182955980b4e87ff1ae2c1191237f7c88,True,ok,segmented,0.1733442175678118,False,True,train
/Users/ashley/Desktop/python/CS156-Machine-Learning/final/data/retail_images/segmentation_overlays/pullover/princess_polly_sweaters_d9a9acb572d4_overlay.jpg,/Users/ashley/Desktop/python/CS156-Machine-Learning/final/data/retail_images/raw/pullover/princess_polly_sweaters_d9a9acb572d4.jpg,Pullover,1344,1820,RGB,2234e0216c4d60a325707cdef2459a180cb8b77a27c69071e080afb8851c75bb,True,ok,segmented,0.1138699470172684,False,True,train
/Users/ashley/Desktop/python/CS156-Machine-Learning/final/data/retail_images/segmentation_overlays/coat/reformation_outerwear_bc2dd615a3a5_overlay.jpg,/Users/ashley/Desktop/python/CS156-Machine-Learning/final/data/retail_images/raw/coat/reformation_outerwear_bc2dd615a3a5.jpg,Coat,600,800,RGB,c0e783f984a18ba4315ea61aa6e06a63f78a7958249a914ee9f639fd82ca54f9,True,ok,segmented,0.2330875,False,True,train
/Users/ashley/Desktop/python/CS156-Machine-Learning/final/data/retail_images/segmentation_overlays/t_shirt_top/brandy_melville_tops_f0064e8fece7_overlay.jpg,/Users/ashley/Desktop/python/CS156-Machine-Learning/final/data/retail_images/raw/t_shirt_top/brandy_melville_tops_f0064e8fece7.jpg,T-shirt/top,533,800,RGB,4b41ce01726fc9ffb2b618268d3abc6987559aa28f94ec531b354d1a9d9bf808,True,ok,segmented,0.2465290806754221,False,True,train
/Users/ashley/Desktop/python/CS156-Machine-Learning/final/data/retail_images/segmentation_overlays/t_shirt_top/brandy_melville_tops_page_4_532c3d3cdb71_overlay.jpg,/Users/ashley/Desktop/python/CS156-Machine-Learning/final/data/retail_images/raw/t_shirt_top/brandy_melville_tops_page_4_532c3d3cdb71.jpg,T-shirt/top,533,800,RGB,3f2472acec630f51b77ef7f3fd26121167befa5f74590551c201506023ad35b7,True,ok,segmented,0.1362124765478424,False,True,train
/Users/ashley/Desktop/python/CS156-Machine-Learning/final/data/retail_images/segmentation_overlays/pullover/anthropologie_sweaters_45fba37cabea_overlay.jpg,/Users/ashley/Desktop/python/CS156-Machine-Learning/final/data/retail_images/raw/pullover/anthropologie_sweaters_45fba37cabea.jpg,Pullover,349,523,RGB,67b7b6bd45ba262ba94935410130725dc442c44bdfb360bbc3f129c007e60ca1,True,ok,segmented,0.348923720874172,False,True,train
/Users/ashley/Desktop/python/CS156-Machine-Learning/final/data/retail_images/segmentation_overlays/t_shirt_top/brandy_melville_tops_page_4_961c71b927e2_overlay.jpg,/Users/ashley/Desktop/python/CS156-Machine-Learning/final/data/retail_images/raw/t_shirt_top/brandy_melville_tops_page_4_961c71b927e2.jpg,T-shirt/top,533,800,RGB,bda0165ce89ddb438f4de0f092cbb50825cea00f22e191b194d81fac283e7a4a,True,ok,segmented,0.0865032833020637,False,True,train
/Users/ashley/Desktop/python/CS156-Machine-Learning/final/data/retail_images/segmentation_overlays/bag/princess_polly_bags_915aa4be690a_overlay.jpg,/Users/ashley/Desktop/python/CS156-Machine-Learning/final/data/retail_images/raw/bag/princess_polly_bags_915aa4be690a.jpg,Bag,1344,1820,RGB,a45a5e6fd8351f73364434a3df2b4791c098f116b06e617532e6830004a7d21a,True,ok,segmented,0.1327188808215594,False,True,train
/Users/ashley/Desktop/python/CS156-Machine-Learning/final/data/retail_images/segmentation_overlays/shirt/anthropologie_blouses_34dcbc53fbeb_overlay.jpg,/Users/ashley/Desktop/python/CS156-Machine-Learning/final/data/retail_images/raw/shirt/anthropologie_blouses_34dcbc53fbeb.jpg,Shirt,349,523,RGB,aceee5dac9f004bdd17adc4a3b9ec6604910d91f1d9091ce64c5088cdc0043d4,True,ok,segmented,0.3141946123039331,False,True,train
/Users/ashley/Desktop/python/CS156-Machine-Learning/final/data/retail_images/segmentation_overlays/pullover/reformation_sweaters_391c6d4ec656_overlay.jpg,/Users/ashley/Desktop/python/CS156-Machine-Learning/final/data/retail_images/raw/pullover/reformation_sweaters_391c6d4ec656.jpg,Pullover,600,800,RGB,ed94d4e656267711aec4c72db245fbef6b9bd8cc3aa02fa6f83d63f0c30ed556,True,ok,segmented,0.41405625,False,True,train
/Users/ashley/Desktop/python/CS156-Machine-Learning/final/data/retail_images/segmentation_overlays/trouser/princess_polly_pants_c12deb0a8160_overlay.jpg,/Users/ashley/Desktop/python/CS156-Machine-Learning/final/data/retail_images/raw/trouser/princess_polly_pants_c12deb0a8160.jpg,Trouser,1345,1820,RGB,bcdeb79548bd3c86776376d0b4ccb2a00e39889b5e6e81e07ebd3df593ba9c8f,True,ok,segmented,0.063268924384166,False,True,train
/Users/ashley/Desktop/python/CS156-Machine-Learning/final/data/retail_images/segmentation_overlays/sneaker/fashion_nova_sneakers_fdb049943c56_overlay.jpg,/Users/ashley/Desktop/python/CS156-Machine-Learning/final/data/retail_images/raw/sneaker/fashion_nova_sneakers_fdb049943c56.jpg,Sneaker,500,749,RGB,47a68b1eecf2553050ddafa04621ab57caa88f3ceb8ff3bdf8777c4080e38ddd,True,ok,segmented,0.0671722296395193,False,True,train
/Users/ashley/Desktop/python/CS156-Machine-Learning/final/data/retail_images/segmentation_overlays/dress/reformation_dresses_d456450b8f5e_overlay.jpg,/Users/ashley/Desktop/python/CS156-Machine-Learning/final/data/retail_images/raw/dress/reformation_dresses_d456450b8f5e.jpg,Dress,600,800,RGB,b43a7d432399d7eea2ae6d220affcfdb264dee4b775c848995ba1d00625d6810,True,ok,segmented,0.1337583333333333,False,True,train
/Users/ashley/Desktop/python/CS156-Machine-Learning/final/data/retail_images/segmentation_overlays/coat/reformation_outerwear_deba6a0b656e_overlay.jpg,/Users/ashley/Desktop/python/CS156-Machine-Learning/final/data/retail_images/raw/coat/reformation_outerwear_deba6a0b656e.jpg,Coat,600,800,RGB,61f48fe66b42ce65c9dab0a272a21f8870e94ec5dee70afa6505b8f3e293e041,True,ok,segmented,0.0328333333333333,False,True,train
/Users/ashley/Desktop/python/CS156-Machine-Learning/final/data/retail_images/segmentation_overlays/shirt/anthropologie_blouses_4367b1ff968b_overlay.jpg,/Users/ashley/Desktop/python/CS156-Machine-Learning/final/data/retail_images/raw/shirt/anthropologie_blouses_4367b1ff968b.jpg,Shirt,349,523,RGB,2cdcad5414424354965f70cf62e324b7f732c4ddce877b5abb8afb65648379ab,True,ok,segmented,0.1982008141261292,False,True,train
/Users/ashley/Desktop/python/CS156-Machine-Learning/final/data/retail_images/segmentation_overlays/sandal/princess_polly_sandals_6bd551807d42_overlay.jpg,/Users/ashley/Desktop/python/CS156-Machine-Learning/final/data/retail_images/raw/sandal/princess_polly_sandals_6bd551807d42.jpg,Sandal,1345,1820,RGB,8c135e1e9596d6147e9034386bc3b539dd103141fa1ad64f42121f29e4b82dad,True,ok,segmented,0.0626827076269455,False,True,train
/Users/ashley/Desktop/python/CS156-Machine-Learning/final/data/retail_images/segmentation_overlays/t_shirt_top/brandy_melville_tops_86dd0692787d_overlay.jpg,/Users/ashley/Desktop/python/CS156-Machine-Learning/final/data/retail_images/raw/t_shirt_top/brandy_melville_tops_86dd0692787d.jpg,T-shirt/top,1000,1500,RGB,0763fd5e1747cfca872689542fc8d622f9edfedb9db61f63ec33a27597525667,True,ok,segmented,0.1435833333333333,False,True,train
/Users/ashley/Desktop/python/CS156-Machine-Learning/final/data/retail_images/segmentation_overlays/bag/anthropologie_bags_9c4f71fec919_overlay.jpg,/Users/ashley/Desktop/python/CS156-Machine-Learning/final/data/retail_images/raw/bag/anthropologie_bags_9c4f71fec919.jpg,Bag,349,523,RGB,f47f041c459abf4af455e1c9007e2b815872d56cf53e71cd311853e6f072f9e9,True,ok,segmented,0.1021931001988746,False,True,train
/Users/ashley/Desktop/python/CS156-Machine-Learning/final/data/retail_images/segmentation_overlays/t_shirt_top/brandy_melville_tops_b9e51d9b9728_overlay.jpg,/Users/ashley/Desktop/python/CS156-Machine-Learning/final/data/retail_images/raw/t_shirt_top/brandy_melville_tops_b9e51d9b9728.jpg,T-shirt/top,360,540,RGB,2e1b58e8945e425daf8ad06c02f86d9a3896dedf3c027f3a5aaa173c7fedfa96,True,ok,segmented,0.2387345679012345,False,True,train
/Users/ashley/Desktop/python/CS156-Machine-Learning/final/data/retail_images/segmentation_overlays/bag/princess_polly_bags_e0117dc1876f_overlay.jpg,/Users/ashley/Desktop/python/CS156-Machine-Learning/final/data/retail_images/raw/bag/princess_polly_bags_e0117dc1876f.jpg,Bag,1344,1820,RGB,69444e91d4474d51a10c84f5ec4e7e163cc1faa686c73660d1001b4d886e3190,True,ok,segmented,0.1292333038984824,False,True,train
/Users/ashley/Desktop/python/CS156-Machine-Learning/final/data/retail_images/segmentation_overlays/pullover/princess_polly_sweaters_bbe6c20ecec5_overlay.jpg,/Users/ashley/Desktop/python/CS156-Machine-Learning/final/data/retail_images/raw/pullover/princess_polly_sweaters_bbe6c20ecec5.jpg,Pullover,1345,1821,RGB,313b0bffe24d8bbc2d48ce7e3e23359128dc139c2403f503cfb5e4948fa7519f,True,ok,segmented,0.2034345277830515,False,True,train
/Users/ashley/Desktop/python/CS156-Machine-Learning/final/data/retail_images/segmentation_overlays/ankle_boot/princess_polly_boots_3f0c39cc4351_overlay.jpg,/Users/ashley/Desktop/python/CS156-Machine-Learning/final/data/retail_images/raw/ankle_boot/princess_polly_boots_3f0c39cc4351.jpg,Ankle boot,1344,1820,RGB,fe625b1d35b3bc2d0b4d665dcb4eaa8cac4b78e5760dcfcac143eebdd642a712,True,ok,segmented,0.3183407738095238,False,True,train
/Users/ashley/Desktop/python/CS156-Machine-Learning/final/data/retail_images/segmentation_overlays/sneaker/fashion_nova_sneakers_39e14968eb11_overlay.jpg,/Users/ashley/Desktop/python/CS156-Machine-Learning/final/data/retail_images/raw/sneaker/fashion_nova_sneakers_39e14968eb11.jpg,Sneaker,650,973,RGB,1cbd9d67be5ede1a50277ac7602e7a8fc347d0cb20a7e859e00017bac2b5cbb8,True,ok,segmented,0.0597312040477508,False,True,train
/Users/ashley/Desktop/python/CS156-Machine-Learning/final/data/retail_images/segmentation_overlays/coat/reformation_outerwear_23aaba6f2c23_overlay.jpg,/Users/ashley/Desktop/python/CS156-Machine-Learning/final/data/retail_images/raw/coat/reformation_outerwear_23aaba6f2c23.jpg,Coat,600,800,RGB,13d6a28e9466a706a18325c4966e34ec6fde5cde3b2ffaa0b7c4204c1e630d94,True,ok,segmented,0.2411916666666666,False,True,train
/Users/ashley/Desktop/python/CS156-Machine-Learning/final/data/retail_images/segmentation_overlays/pullover/princess_polly_sweaters_a571df3066f1_overlay.jpg,/Users/ashley/Desktop/python/CS156-Machine-Learning/final/data/retail_images/raw/pullover/princess_polly_sweaters_a571df3066f1.jpg,Pullover,1345,1820,RGB,ca7ef8ece9e80e4e71655ac02009001b9225a0964a298b8630f7546f00a04eec,True,ok,segmented,0.381941255770252,False,True,train
/Users/ashley/Desktop/python/CS156-Machine-Learning/final/data/retail_images/segmentation_overlays/sandal/princess_polly_sandals_f55eb7aa707b_overlay.jpg,/Users/ashley/Desktop/python/CS156-Machine-Learning/final/data/retail_images/raw/sandal/princess_polly_sandals_f55eb7aa707b.jpg,Sandal,1344,1820,RGB,b955e7fa45a3a27070cbc4711f04303e5e14e2398597238bd2789ce30feaba0c,True,ok,segmented,0.0224489795918367,False,True,train
/Users/ashley/Desktop/python/CS156-Machine-Learning/final/data/retail_images/segmentation_overlays/shirt/anthropologie_blouses_375842080d9c_overlay.jpg,/Users/ashley/Desktop/python/CS156-Machine-Learning/final/data/retail_images/raw/shirt/anthropologie_blouses_375842080d9c.jpg,Shirt,349,523,RGB,8a8ce8f752d3bf1cd11805a1d55f0b7e642c09e49adc649ade88b692d3459109,True,ok,segmented,0.2242517545349455,False,True,train
/Users/ashley/Desktop/python/CS156-Machine-Learning/final/data/retail_images/segmentation_overlays/sandal/urban_outfitters_sandals_bc6fd9c41609_overlay.jpg,/Users/ashley/Desktop/python/CS156-Machine-Learning/final/data/retail_images/raw/sandal/urban_outfitters_sandals_bc6fd9c41609.jpg,Sandal,450,675,RGB,9f73c48b3ee53bd3480573e0ea70ef898a203c3e424c3eca4908843cbee4ee2c,True,ok,segmented,0.0194666666666666,False,True,train
/Users/ashley/Desktop/python/CS156-Machine-Learning/final/data/retail_images/segmentation_overlays/sandal/urban_outfitters_sandals_fd018e28a343_overlay.jpg,/Users/ashley/Desktop/python/CS156-Machine-Learning/final/data/retail_images/raw/sandal/urban_outfitters_sandals_fd018e28a343.jpg,Sandal,450,675,RGB,c69f278e65ffa643dfca1db6c49c1253eb95677ff0da53218bbc1263c5f62de2,True,ok,segmented,0.1294650205761316,False,True,train
/Users/ashley/Desktop/python/CS156-Machine-Learning/final/data/retail_images/segmentation_overlays/shirt/anthropologie_blouses_73608be1a7ed_overlay.jpg,/Users/ashley/Desktop/python/CS156-Machine-Learning/final/data/retail_images/raw/shirt/anthropologie_blouses_73608be1a7ed.jpg,Shirt,349,523,RGB,80d71a9dcec32ed38f196d9bf06345b0236cf1a9fa8d3eca21efbc8af64442e0,True,ok,segmented,0.3521068115949969,False,True,train
/Users/ashley/Desktop/python/CS156-Machine-Learning/final/data/retail_images/segmentation_overlays/t_shirt_top/brandy_melville_tops_page_4_0b27ff4344e8_overlay.jpg,/Users/ashley/Desktop/python/CS156-Machine-Learning/final/data/retail_images/raw/t_shirt_top/brandy_melville_tops_page_4_0b27ff4344e8.jpg,T-shirt/top,533,800,RGB,3e03c386d87c4e36a9b9dbf5ed49e41a83609b1f95e49ab92de8ee95503bbf9e,True,ok,segmented,0.15187382739212,False,True,train
/Users/ashley/Desktop/python/CS156-Machine-Learning/final/data/retail_images/segmentation_overlays/trouser/princess_polly_pants_4702da360241_overlay.jpg,/Users/ashley/Desktop/python/CS156-Machine-Learning/final/data/retail_images/raw/trouser/princess_polly_pants_4702da360241.jpg,Trouser,1344,1820,RGB,033965f89272df8044f7dccb066b4d48e7f65d8a35f857c10c76a3700c852ade,True,ok,segmented,0.0815774627158555,False,True,train
/Users/ashley/Desktop/python/CS156-Machine-Learning/final/data/retail_images/segmentation_overlays/sandal/urban_outfitters_sandals_46bd4ee2b997_overlay.jpg,/Users/ashley/Desktop/python/CS156-Machine-Learning/final/data/retail_images/raw/sandal/urban_outfitters_sandals_46bd4ee2b997.jpg,Sandal,450,675,RGB,1f4f10ee8a5cc83bdcd2562d8bc15e5b3fa06b57d912d5c0c2857026d1123e8c,True,ok,segmented,0.0382551440329218,False,True,train
/Users/ashley/Desktop/python/CS156-Machine-Learning/final/data/retail_images/segmentation_overlays/pullover/reformation_sweaters_ce320d7369ef_overlay.jpg,/Users/ashley/Desktop/python/CS156-Machine-Learning/final/data/retail_images/raw/pullover/reformation_sweaters_ce320d7369ef.jpg,Pullover,600,800,RGB,45e6646eab00764c2b6194d58ee97abff7c4d86d90740a58cb6f238419c34848,True,ok,segmented,0.08929375,False,True,train
/Users/ashley/Desktop/python/CS156-Machine-Learning/final/data/retail_images/segmentation_overlays/pullover/anthropologie_sweaters_6c36c6cb5be3_overlay.jpg,/Users/ashley/Desktop/python/CS156-Machine-Learning/final/data/retail_images/raw/pullover/anthropologie_sweaters_6c36c6cb5be3.jpg,Pullover,349,523,RGB,1a13574a434c86ab3204213789ff3fcd3ec48e13c43cf76ac5b158a398e1b2c3,True,ok,segmented,0.5279164178450312,False,True,train
/Users/ashley/Desktop/python/CS156-Machine-Learning/final/data/retail_images/segmentation_overlays/dress/princess_polly_dresses_a761db4771b8_overlay.jpg,/Users/ashley/Desktop/python/CS156-Machine-Learning/final/data/retail_images/raw/dress/princess_polly_dresses_a761db4771b8.jpg,Dress,1344,1820,RGB,d35e06446feb69ef92fa7a077922639dffd31c8ee013aba43674c09894e77947,True,ok,segmented,0.282662055206698,False,True,train
/Users/ashley/Desktop/python/CS156-Machine-Learning/final/data/retail_images/segmentation_overlays/sneaker/anthropologie_sneakers_8ae864b1ef27_overlay.jpg,/Users/ashley/Desktop/python/CS156-Machine-Learning/final/data/retail_images/raw/sneaker/anthropologie_sneakers_8ae864b1ef27.jpg,Sneaker,349,523,RGB,072bb071e437956c1b8e28cd24c0c8d52291311df65a53e8df9e577194a59951,True,ok,segmented,0.11910566655892,False,True,train
/Users/ashley/Desktop/python/CS156-Machine-Learning/final/data/retail_images/segmentation_overlays/bag/anthropologie_bags_8453fdcd554a_overlay.jpg,/Users/ashley/Desktop/python/CS156-Machine-Learning/final/data/retail_images/raw/bag/anthropologie_bags_8453fdcd554a.jpg,Bag,349,523,RGB,91ce53eb503cbb56defd25cb5fab3aef2f59ff3802817ee99d5bb62b6e1ae4d0,True,ok,segmented,0.2319382885819632,False,True,train
/Users/ashley/Desktop/python/CS156-Machine-Learning/final/data/retail_images/segmentation_overlays/bag/anthropologie_bags_724a902c503c_overlay.jpg,/Users/ashley/Desktop/python/CS156-Machine-Learning/final/data/retail_images/raw/bag/anthropologie_bags_724a902c503c.jpg,Bag,349,523,RGB,3de6c7c391df1b61a703e3b73048ff46e56361c6ec0f36af985548f4360dc629,True,ok,segmented,0.1224750310912906,False,True,train
/Users/ashley/Desktop/python/CS156-Machine-Learning/final/data/retail_images/segmentation_overlays/bag/princess_polly_bags_22f97165eff1_overlay.jpg,/Users/ashley/Desktop/python/CS156-Machine-Learning/final/data/retail_images/raw/bag/princess_polly_bags_22f97165eff1.jpg,Bag,1344,1820,RGB,dcbe1b97ea25d87f60b9c657fc8ffeb083163a7cbf11763125d3349d2f78f948,True,ok,segmented,0.1515821232339089,False,True,train
/Users/ashley/Desktop/python/CS156-Machine-Learning/final/data/retail_images/segmentation_overlays/sneaker/anthropologie_sneakers_3c2c80d679c6_overlay.jpg,/Users/ashley/Desktop/python/CS156-Machine-Learning/final/data/retail_images/raw/sneaker/anthropologie_sneakers_3c2c80d679c6.jpg,Sneaker,349,523,RGB,8c59f72ba8d4721ff14c431839eeee872183426ddf929f4defb435435def4f7f,True,ok,segmented,0.0289655776953546,False,True,train
/Users/ashley/Desktop/python/CS156-Machine-Learning/final/data/retail_images/segmentation_overlays/trouser/princess_polly_pants_61fb93af03f1_overlay.jpg,/Users/ashley/Desktop/python/CS156-Machine-Learning/final/data/retail_images/raw/trouser/princess_polly_pants_61fb93af03f1.jpg,Trouser,1344,1820,RGB,d13a340bbdbc6863d51aa7e205b2ffa18588752373f098825c53623eee216856,True,ok,segmented,0.1071032018576661,False,True,train
/Users/ashley/Desktop/python/CS156-Machine-Learning/final/data/retail_images/segmentation_overlays/trouser/brandy_melville_pants_43dd56772753_overlay.jpg,/Users/ashley/Desktop/python/CS156-Machine-Learning/final/data/retail_images/raw/trouser/brandy_melville_pants_43dd56772753.jpg,Trouser,360,540,RGB,f561e679c418fc26262689923bce8da2692a43d6cd0ea020724d33e61e224469,True,ok,segmented,0.1979166666666666,False,True,train
/Users/ashley/Desktop/python/CS156-Machine-Learning/final/data/retail_images/segmentation_overlays/dress/princess_polly_dresses_786e71449fa8_overlay.jpg,/Users/ashley/Desktop/python/CS156-Machine-Learning/final/data/retail_images/raw/dress/princess_polly_dresses_786e71449fa8.jpg,Dress,1200,480,RGB,9032604e9173f742a90ae4dca15ba4b1e03f1785ecdd87b3d17c43c12cb19836,True,ok,segmented,0.0206371527777777,False,True,train
/Users/ashley/Desktop/python/CS156-Machine-Learning/final/data/retail_images/segmentation_overlays/sneaker/urban_outfitters_sneakers_448a5d0cd833_overlay.jpg,/Users/ashley/Desktop/python/CS156-Machine-Learning/final/data/retail_images/raw/sneaker/urban_outfitters_sneakers_448a5d0cd833.jpg,Sneaker,450,675,RGB,b50146d2ac016c3695071411ffa8263c7b6fad471fcb9d221262cbcc88341fa8,True,ok,segmented,0.0399736625514403,False,True,train
/Users/ashley/Desktop/python/CS156-Machine-Learning/final/data/retail_images/segmentation_overlays/sandal/anthropologie_sandals_6fc670011928_overlay.jpg,/Users/ashley/Desktop/python/CS156-Machine-Learning/final/data/retail_images/raw/sandal/anthropologie_sandals_6fc670011928.jpg,Sandal,349,523,RGB,c496908d9d0fad911220570e8d0dfb74353b99996276afbc9919001bdf76d71f,True,ok,segmented,0.075325842204167,False,True,train
/Users/ashley/Desktop/python/CS156-Machine-Learning/final/data/retail_images/segmentation_overlays/pullover/reformation_sweaters_074426fd9698_overlay.jpg,/Users/ashley/Desktop/python/CS156-Machine-Learning/final/data/retail_images/raw/pullover/reformation_sweaters_074426fd9698.jpg,Pullover,600,800,RGB,d3ca799356d0246d8a850253c606b70d5f5142f5e9b68ca9529e27c2d0a5f546,True,ok,segmented,0.0858291666666666,False,True,train
/Users/ashley/Desktop/python/CS156-Machine-Learning/final/data/retail_images/segmentation_overlays/bag/anthropologie_bags_7aa9c756d8cf_overlay.jpg,/Users/ashley/Desktop/python/CS156-Machine-Learning/final/data/retail_images/raw/bag/anthropologie_bags_7aa9c756d8cf.jpg,Bag,349,523,RGB,0f982c760222095ee93bd01a18da95b6c5bbc351cd3de6877b8e62309cc211ee,True,ok,segmented,0.1828551392396741,False,True,train
/Users/ashley/Desktop/python/CS156-Machine-Learning/final/data/retail_images/segmentation_overlays/sneaker/fashion_nova_sneakers_203fe31ba155_overlay.jpg,/Users/ashley/Desktop/python/CS156-Machine-Learning/final/data/retail_images/raw/sneaker/fashion_nova_sneakers_203fe31ba155.jpg,Sneaker,300,449,RGB,8f80c792262c67a504acfefcacd4171326bfa9752570a219b96f4a5baeef19b2,True,ok,segmented,0.0407795100222717,False,True,train
/Users/ashley/Desktop/python/CS156-Machine-Learning/final/data/retail_images/segmentation_overlays/sandal/urban_outfitters_sandals_bdd07c2f9ece_overlay.jpg,/Users/ashley/Desktop/python/CS156-Machine-Learning/final/data/retail_images/raw/sandal/urban_outfitters_sandals_bdd07c2f9ece.jpg,Sandal,450,675,RGB,81353699adce14c90348c7dcd30d262bd0f1f07a6fc4f58ad49ead387602fb8b,True,ok,segmented,0.0165201646090535,False,True,train
/Users/ashley/Desktop/python/CS156-Machine-Learning/final/data/retail_images/segmentation_overlays/trouser/princess_polly_pants_22edf54d8181_overlay.jpg,/Users/ashley/Desktop/python/CS156-Machine-Learning/final/data/retail_images/raw/trouser/princess_polly_pants_22edf54d8181.jpg,Trouser,1345,1820,RGB,3b903095702f7768d7548638fb6acf5f89d3faa3c8ae7fe99ad7b5bccef1a4be,True,ok,segmented,0.0818101229625393,False,True,train
/Users/ashley/Desktop/python/CS156-Machine-Learning/final/data/retail_images/segmentation_overlays/dress/reformation_dresses_c2ad3dcb2e08_overlay.jpg,/Users/ashley/Desktop/python/CS156-Machine-Learning/final/data/retail_images/raw/dress/reformation_dresses_c2ad3dcb2e08.jpg,Dress,600,800,RGB,6db2ca359b34e593bf85e692bed3e1d3981871837f6ed32aaa874e62c40e2f1e,True,ok,segmented,0.0638291666666666,False,True,train
/Users/ashley/Desktop/python/CS156-Machine-Learning/final/data/retail_images/segmentation_overlays/shirt/free_people_blouses_fe649ec89850_overlay.jpg,/Users/ashley/Desktop/python/CS156-Machine-Learning/final/data/retail_images/raw/shirt/free_people_blouses_fe649ec89850.jpg,Shirt,349,523,RGB,675a1f58e56fc1ca3379e88ce7b0c9039b6cb231fe69d7b111bfbc00bc34eaa1,True,ok,segmented,0.147112481988966,False,True,train
/Users/ashley/Desktop/python/CS156-Machine-Learning/final/data/retail_images/segmentation_overlays/pullover/reformation_sweaters_85475593add3_overlay.jpg,/Users/ashley/Desktop/python/CS156-Machine-Learning/final/data/retail_images/raw/pullover/reformation_sweaters_85475593add3.jpg,Pullover,600,800,RGB,5a8afbfb132996601f389755117024119f71f8c24d685026a26154a0c0253283,True,ok,segmented,0.044,False,True,train
/Users/ashley/Desktop/python/CS156-Machine-Learning/final/data/retail_images/segmentation_overlays/ankle_boot/princess_polly_boots_4fad4b94a5f8_overlay.jpg,/Users/ashley/Desktop/python/CS156-Machine-Learning/final/data/retail_images/raw/ankle_boot/princess_polly_boots_4fad4b94a5f8.jpg,Ankle boot,1344,1820,RGB,80495190b993e122fe5f3756afd6f1d764963764728f1d422601910db234386f,True,ok,segmented,0.0355773318942961,False,True,train
/Users/ashley/Desktop/python/CS156-Machine-Learning/final/data/retail_images/segmentation_overlays/pullover/reformation_sweaters_42238ed525c5_overlay.jpg,/Users/ashley/Desktop/python/CS156-Machine-Learning/final/data/retail_images/raw/pullover/reformation_sweaters_42238ed525c5.jpg,Pullover,600,800,RGB,a509e095c3ee05e83b990f224960a0688e843be8dd1a64713c3a937bba1c25b1,True,ok,segmented,0.0619020833333333,False,True,train
/Users/ashley/Desktop/python/CS156-Machine-Learning/final/data/retail_images/segmentation_overlays/sandal/princess_polly_sandals_ec67041bdeff_overlay.jpg,/Users/ashley/Desktop/python/CS156-Machine-Learning/final/data/retail_images/raw/sandal/princess_polly_sandals_ec67041bdeff.jpg,Sandal,1344,1820,RGB,45b468317d8e9dc7ee9766e85ce1909776fb8449f212969c46c2c9ac80f4bc1a,True,ok,segmented,0.0109203296703296,False,True,train
/Users/ashley/Desktop/python/CS156-Machine-Learning/final/data/retail_images/segmentation_overlays/shirt/free_people_blouses_04efa75513e6_overlay.jpg,/Users/ashley/Desktop/python/CS156-Machine-Learning/final/data/retail_images/raw/shirt/free_people_blouses_04efa75513e6.jpg,Shirt,698,1046,RGB,1ac50394534043564429837af86734d5b8a81ade490bd2033cc38c4035549c01,True,ok,segmented,0.0427265555232924,False,True,train
/Users/ashley/Desktop/python/CS156-Machine-Learning/final/data/retail_images/segmentation_overlays/t_shirt_top/reformation_tops_d7625064970e_overlay.jpg,/Users/ashley/Desktop/python/CS156-Machine-Learning/final/data/retail_images/raw/t_shirt_top/reformation_tops_d7625064970e.jpg,T-shirt/top,600,800,RGB,da9890fc7cf3e68cb2384a6e40ce9de7b530b8892a2a9ff15cc1541ab226c6c4,True,ok,segmented,0.0386625,False,True,train
/Users/ashley/Desktop/python/CS156-Machine-Learning/final/data/retail_images/segmentation_overlays/coat/reformation_outerwear_3c69163dc1e9_overlay.jpg,/Users/ashley/Desktop/python/CS156-Machine-Learning/final/data/retail_images/raw/coat/reformation_outerwear_3c69163dc1e9.jpg,Coat,600,800,RGB,291305cae609dd2a0b5ee5768b2b02033151be5811f8ebac19f70c790a7aae6f,True,ok,segmented,0.0593020833333333,False,True,train
/Users/ashley/Desktop/python/CS156-Machine-Learning/final/data/retail_images/segmentation_overlays/sneaker/anthropologie_sneakers_3faa1e86ad5b_overlay.jpg,/Users/ashley/Desktop/python/CS156-Machine-Learning/final/data/retail_images/raw/sneaker/anthropologie_sneakers_3faa1e86ad5b.jpg,Sneaker,349,523,RGB,203d02925277831e8c37ec9766093209e2e794006f0d26e659708a5b76a75507,True,ok,segmented,0.1252198304908315,False,True,train
/Users/ashley/Desktop/python/CS156-Machine-Learning/final/data/retail_images/segmentation_overlays/coat/princess_polly_jackets_901cd8cdc415_overlay.jpg,/Users/ashley/Desktop/python/CS156-Machine-Learning/final/data/retail_images/raw/coat/princess_polly_jackets_901cd8cdc415.jpg,Coat,1345,1820,RGB,f4d283c77e04ad2748483e4e459743dfe55b5d272060642f3e96976696b34f84,True,ok,segmented,0.1999771232484987,False,True,train
/Users/ashley/Desktop/python/CS156-Machine-Learning/final/data/retail_images/segmentation_overlays/pullover/anthropologie_sweaters_a983badf9b1a_overlay.jpg,/Users/ashley/Desktop/python/CS156-Machine-Learning/final/data/retail_images/raw/pullover/anthropologie_sweaters_a983badf9b1a.jpg,Pullover,349,523,RGB,a2d73465ff632ffab6baf7ab8181f87bc2cd17f139c467799ad7398488a8a4a3,True,ok,segmented,0.1974557188799465,False,True,train
/Users/ashley/Desktop/python/CS156-Machine-Learning/final/data/retail_images/segmentation_overlays/coat/reformation_jackets_and_coats_9c0273a1008e_overlay.jpg,/Users/ashley/Desktop/python/CS156-Machine-Learning/final/data/retail_images/raw/coat/reformation_jackets_and_coats_9c0273a1008e.jpg,Coat,600,800,RGB,66d55d59edfab5ba94093c3b0740f03ebfdf7351871a7d0ec75aa8ec646cbdc9,True,ok,segmented,0.2148833333333333,False,True,train
/Users/ashley/Desktop/python/CS156-Machine-Learning/final/data/retail_images/segmentation_overlays/ankle_boot/princess_polly_boots_619c0452f0ea_overlay.jpg,/Users/ashley/Desktop/python/CS156-Machine-Learning/final/data/retail_images/raw/ankle_boot/princess_polly_boots_619c0452f0ea.jpg,Ankle boot,1344,1820,RGB,4c4c17799e78b39e038d9825b1f61552b9e533758d18e205a907e524bd1c28b7,True,ok,segmented,0.0577340070643642,False,True,train
/Users/ashley/Desktop/python/CS156-Machine-Learning/final/data/retail_images/segmentation_overlays/bag/anthropologie_bags_06065fa786a8_overlay.jpg,/Users/ashley/Desktop/python/CS156-Machine-Learning/final/data/retail_images/raw/bag/anthropologie_bags_06065fa786a8.jpg,Bag,349,523,RGB,01972bca1874ed8af84d94138c310e23e117fca834e34274d858b965c244627d,True,ok,segmented,0.1659151796720485,False,True,train
/Users/ashley/Desktop/python/CS156-Machine-Learning/final/data/retail_images/segmentation_overlays/bag/anthropologie_bags_3dababfb28f1_overlay.jpg,/Users/ashley/Desktop/python/CS156-Machine-Learning/final/data/retail_images/raw/bag/anthropologie_bags_3dababfb28f1.webp,Bag,349,523,RGB,f6c0594bb60c8d083d02a58898b8631c12e177c49015ab4e3dbca75689a1c3d8,True,ok,segmented,0.0115599335988648,False,True,train
/Users/ashley/Desktop/python/CS156-Machine-Learning/final/data/retail_images/segmentation_overlays/trouser/princess_polly_pants_3fff30afac4f_overlay.jpg,/Users/ashley/Desktop/python/CS156-Machine-Learning/final/data/retail_images/raw/trouser/princess_polly_pants_3fff30afac4f.jpg,Trouser,1344,1820,RGB,0968cbdae172ea9197539e1eb58d82b0a2bc4317d6a7e6238544dd44ddae06cd,True,ok,segmented,0.1500690901360544,False,True,train
/Users/ashley/Desktop/python/CS156-Machine-Learning/final/data/retail_images/segmentation_overlays/ankle_boot/princess_polly_boots_b957c3c7277d_overlay.jpg,/Users/ashley/Desktop/python/CS156-Machine-Learning/final/data/retail_images/raw/ankle_boot/princess_polly_boots_b957c3c7277d.jpg,Ankle boot,1344,1820,RGB,c5b21787af48f6208c2b33ce92172032b52ba1a7aabdf8575e2fa5ed6805e66b,True,ok,segmented,0.0231366104133961,False,True,train
/Users/ashley/Desktop/python/CS156-Machine-Learning/final/data/retail_images/segmentation_overlays/sandal/princess_polly_sandals_982f8ea66a8c_overlay.jpg,/Users/ashley/Desktop/python/CS156-Machine-Learning/final/data/retail_images/raw/sandal/princess_polly_sandals_982f8ea66a8c.jpg,Sandal,1344,1820,RGB,6cdb8cb82ab2a8a88bc26bb35922f600ca901cf4ecdc14e91b63ba93c535b8a3,True,ok,segmented,0.0723488193354264,False,True,train
/Users/ashley/Desktop/python/CS156-Machine-Learning/final/data/retail_images/segmentation_overlays/shirt/urban_outfitters_shirts_blouses_34ee471abf91_overlay.jpg,/Users/ashley/Desktop/python/CS156-Machine-Learning/final/data/retail_images/raw/shirt/urban_outfitters_shirts_blouses_34ee471abf91.jpg,Shirt,400,600,RGB,2a7ebdc9f913a2e91c63cb3a43db0c2cfd0870600fa8652cc8649720225e56b9,True,ok,segmented,0.2395125,False,True,train
/Users/ashley/Desktop/python/CS156-Machine-Learning/final/data/retail_images/segmentation_overlays/t_shirt_top/brandy_melville_tops_page_4_6ee344ced5f2_overlay.jpg,/Users/ashley/Desktop/python/CS156-Machine-Learning/final/data/retail_images/raw/t_shirt_top/brandy_melville_tops_page_4_6ee344ced5f2.jpg,T-shirt/top,533,800,RGB,3b46cde9516780e45dee53b4eed39286c7be9e41a9df5d9d3dd1a7bc49b0b931,True,ok,segmented,0.186374296435272,False,True,train
/Users/ashley/Desktop/python/CS156-Machine-Learning/final/data/retail_images/segmentation_overlays/sneaker/urban_outfitters_sneakers_f9b4da81b57f_overlay.jpg,/Users/ashley/Desktop/python/CS156-Machine-Learning/final/data/retail_images/raw/sneaker/urban_outfitters_sneakers_f9b4da81b57f.jpg,Sneaker,450,675,RGB,59adda3ec1e03bef7cc36e6136b4f2959e0f2a94db06e6e6f20e6995d64d92be,True,ok,segmented,0.0264987654320987,False,True,train
/Users/ashley/Desktop/python/CS156-Machine-Learning/final/data/retail_images/segmentation_overlays/pullover/anthropologie_sweaters_e51d0ec04069_overlay.jpg,/Users/ashley/Desktop/python/CS156-Machine-Learning/final/data/retail_images/raw/pullover/anthropologie_sweaters_e51d0ec04069.jpg,Pullover,349,523,RGB,cb6803ae27583605f074a3e8c8358f4d0682cc53ac9f2bcd4bd8aea54daec362,True,ok,segmented,0.2858974288735365,False,True,train
/Users/ashley/Desktop/python/CS156-Machine-Learning/final/data/retail_images/segmentation_overlays/dress/reformation_dresses_726b0f232199_overlay.jpg,/Users/ashley/Desktop/python/CS156-Machine-Learning/final/data/retail_images/raw/dress/reformation_dresses_726b0f232199.jpg,Dress,600,800,RGB,f4944759acf19893c15a1dd493b36b1c8201ba1ca102dd8ef7f980688213f869,True,ok,segmented,0.22311875,False,True,train
/Users/ashley/Desktop/python/CS156-Machine-Learning/final/data/retail_images/segmentation_overlays/trouser/princess_polly_pants_bcae99b5a43b_overlay.jpg,/Users/ashley/Desktop/python/CS156-Machine-Learning/final/data/retail_images/raw/trouser/princess_polly_pants_bcae99b5a43b.jpg,Trouser,1344,1820,RGB,a210d5b2904c6b75b40a1d9c3afd5db80fa39de0716558b421432a9333a2cfa5,True,ok,segmented,0.0785685668498168,False,True,train
/Users/ashley/Desktop/python/CS156-Machine-Learning/final/data/retail_images/segmentation_overlays/ankle_boot/anthropologie_boot_shop_b3be3e3e7992_overlay.jpg,/Users/ashley/Desktop/python/CS156-Machine-Learning/final/data/retail_images/raw/ankle_boot/anthropologie_boot_shop_b3be3e3e7992.jpg,Ankle boot,349,523,RGB,08b22c2403d8bd54652a298564cdef3bf30421ee13f4fbb66203b364102c251b,True,ok,segmented,0.2141327036548017,False,True,train
/Users/ashley/Desktop/python/CS156-Machine-Learning/final/data/retail_images/segmentation_overlays/ankle_boot/princess_polly_boots_9a4b96c6f571_overlay.jpg,/Users/ashley/Desktop/python/CS156-Machine-Learning/final/data/retail_images/raw/ankle_boot/princess_polly_boots_9a4b96c6f571.jpg,Ankle boot,1344,1820,RGB,4012aa351811bcae95b5430915adcc707d5889df60524d4e600dfa1f793f9de2,True,ok,segmented,0.0183550824175824,False,True,train
/Users/ashley/Desktop/python/CS156-Machine-Learning/final/data/retail_images/segmentation_overlays/shirt/princess_polly_button_ups_5f187bf2f63e_overlay.jpg,/Users/ashley/Desktop/python/CS156-Machine-Learning/final/data/retail_images/raw/shirt/princess_polly_button_ups_5f187bf2f63e.jpg,Shirt,1171,1585,RGB,b674d89a1995f02b8734a39065a877382e253cbeae51b23ff1f7c75685fbf778,True,ok,segmented,0.2590527657075432,False,True,train
/Users/ashley/Desktop/python/CS156-Machine-Learning/final/data/retail_images/segmentation_overlays/t_shirt_top/brandy_melville_tops_30813ac91552_overlay.jpg,/Users/ashley/Desktop/python/CS156-Machine-Learning/final/data/retail_images/raw/t_shirt_top/brandy_melville_tops_30813ac91552.jpg,T-shirt/top,533,800,RGB,f0e4f091297b2223d6fbf9dc0c9b0b2758edf5db96cc94ce2ec8aa8dafe3f681,True,ok,segmented,0.1301219512195122,False,True,train
/Users/ashley/Desktop/python/CS156-Machine-Learning/final/data/retail_images/segmentation_overlays/bag/anthropologie_bags_869aee6aa169_overlay.jpg,/Users/ashley/Desktop/python/CS156-Machine-Learning/final/data/retail_images/raw/bag/anthropologie_bags_869aee6aa169.jpg,Bag,349,523,RGB,b84c37588ee81b253ba6c5a6e15259decf5e0a7701952bc0555e482c8b3537b6,True,ok,segmented,0.2123028373884411,False,True,train
/Users/ashley/Desktop/python/CS156-Machine-Learning/final/data/retail_images/segmentation_overlays/bag/princess_polly_bags_8bd5ee63694e_overlay.jpg,/Users/ashley/Desktop/python/CS156-Machine-Learning/final/data/retail_images/raw/bag/princess_polly_bags_8bd5ee63694e.jpg,Bag,1344,1819,RGB,53b5254f0e8b0d2b7e797087ae1c462ff25ee3028a0531956c03dae4738b98c6,True,ok,segmented,0.0723272369695541,False,True,train
/Users/ashley/Desktop/python/CS156-Machine-Learning/final/data/retail_images/segmentation_overlays/trouser/brandy_melville_pants_25ff169e42f6_overlay.jpg,/Users/ashley/Desktop/python/CS156-Machine-Learning/final/data/retail_images/raw/trouser/brandy_melville_pants_25ff169e42f6.jpg,Trouser,533,800,RGB,cf3195cdbae520f08900b88915de4461f43005c30b6047f01ffa91dd6d3d244b,True,ok,segmented,0.0800984990619137,False,True,train
/Users/ashley/Desktop/python/CS156-Machine-Learning/final/data/retail_images/segmentation_overlays/bag/anthropologie_bags_48e79b72cd95_overlay.jpg,/Users/ashley/Desktop/python/CS156-Machine-Learning/final/data/retail_images/raw/bag/anthropologie_bags_48e79b72cd95.jpg,Bag,349,523,RGB,2b8f3d332f913917cf61852cb820108b7d9571a09721e9fc95c1d070027b47e0,True,ok,segmented,0.1160321486684161,False,True,train
/Users/ashley/Desktop/python/CS156-Machine-Learning/final/data/retail_images/segmentation_overlays/t_shirt_top/brandy_melville_tops_035787b485f9_overlay.jpg,/Users/ashley/Desktop/python/CS156-Machine-Learning/final/data/retail_images/raw/t_shirt_top/brandy_melville_tops_035787b485f9.jpg,T-shirt/top,360,540,RGB,26d7f787e1f6c7fd0ade14fac48629acbc5bb017dfcd8239954386ab4e71faf7,True,ok,segmented,0.2014146090534979,False,True,train
/Users/ashley/Desktop/python/CS156-Machine-Learning/final/data/retail_images/segmentation_overlays/dress/reformation_dresses_3a093c6971d9_overlay.jpg,/Users/ashley/Desktop/python/CS156-Machine-Learning/final/data/retail_images/raw/dress/reformation_dresses_3a093c6971d9.jpg,Dress,600,800,RGB,6f71653740bdace6ee12cd1d64e34bde02ab9c5f17cbb3d0779e251c4ca77216,True,ok,segmented,0.27375625,False,True,train
/Users/ashley/Desktop/python/CS156-Machine-Learning/final/data/retail_images/segmentation_overlays/coat/reformation_jackets_and_coats_89cd379bf09b_overlay.jpg,/Users/ashley/Desktop/python/CS156-Machine-Learning/final/data/retail_images/raw/coat/reformation_jackets_and_coats_89cd379bf09b.jpg,Coat,600,800,RGB,85c1a2d2210fc94b82a5c55d87e3a24cf5d30a6d39e7267a680c2c3427de97cb,True,ok,segmented,0.21774375,False,True,train
/Users/ashley/Desktop/python/CS156-Machine-Learning/final/data/retail_images/segmentation_overlays/ankle_boot/princess_polly_boots_006a4cc0d7ed_overlay.jpg,/Users/ashley/Desktop/python/CS156-Machine-Learning/final/data/retail_images/raw/ankle_boot/princess_polly_boots_006a4cc0d7ed.jpg,Ankle boot,1344,1820,RGB,8d04333a3a245cb9295b1c5fe6635e100839889722b6ede509037de8b18144db,True,ok,segmented,0.0261696265044479,False,True,train
/Users/ashley/Desktop/python/CS156-Machine-Learning/final/data/retail_images/segmentation_overlays/ankle_boot/princess_polly_boots_489572bd26c4_overlay.jpg,/Users/ashley/Desktop/python/CS156-Machine-Learning/final/data/retail_images/raw/ankle_boot/princess_polly_boots_489572bd26c4.jpg,Ankle boot,1345,1821,RGB,a29894fd9b817db3a23eccc8a494f563694ca29a44cc9de0a96f9a6d227ccd7f,True,ok,segmented,0.0540125630551455,False,True,train
/Users/ashley/Desktop/python/CS156-Machine-Learning/final/data/retail_images/segmentation_overlays/sneaker/urban_outfitters_sneakers_9512fe19a02f_overlay.jpg,/Users/ashley/Desktop/python/CS156-Machine-Learning/final/data/retail_images/raw/sneaker/urban_outfitters_sneakers_9512fe19a02f.jpg,Sneaker,450,675,RGB,20b4e3f1f2b884ae91e5a8d4bef009f594db69bc0c55ba6af38d30a91277de49,True,ok,segmented,0.1585316872427983,False,True,train
/Users/ashley/Desktop/python/CS156-Machine-Learning/final/data/retail_images/segmentation_overlays/trouser/princess_polly_pants_41814564b4f5_overlay.jpg,/Users/ashley/Desktop/python/CS156-Machine-Learning/final/data/retail_images/raw/trouser/princess_polly_pants_41814564b4f5.jpg,Trouser,1344,1820,RGB,ea6e6440389645cf0110710c53f8a4da0a7b611a96bf70448accb60348c502b6,True,ok,segmented,0.1200610773155416,False,True,train
/Users/ashley/Desktop/python/CS156-Machine-Learning/final/data/retail_images/segmentation_overlays/trouser/princess_polly_pants_51ee198c7eb6_overlay.jpg,/Users/ashley/Desktop/python/CS156-Machine-Learning/final/data/retail_images/raw/trouser/princess_polly_pants_51ee198c7eb6.jpg,Trouser,1344,1820,RGB,5add2dfd84d1a693652706b96430c186f49f1942585447e4e9cda8177c8f9e36,True,ok,segmented,0.1102891156462585,False,True,train
/Users/ashley/Desktop/python/CS156-Machine-Learning/final/data/retail_images/segmentation_overlays/coat/reformation_outerwear_672804aa47a1_overlay.jpg,/Users/ashley/Desktop/python/CS156-Machine-Learning/final/data/retail_images/raw/coat/reformation_outerwear_672804aa47a1.jpg,Coat,600,800,RGB,5be4397206d4d2ad6e6b9f0407e040b2ddc4c15891ed2fac720edb5f430f84b0,True,ok,segmented,0.0713604166666666,False,True,train
/Users/ashley/Desktop/python/CS156-Machine-Learning/final/data/retail_images/segmentation_overlays/shirt/anthropologie_blouses_50133ce31eaf_overlay.jpg,/Users/ashley/Desktop/python/CS156-Machine-Learning/final/data/retail_images/raw/shirt/anthropologie_blouses_50133ce31eaf.jpg,Shirt,349,523,RGB,6eafc4bc20d01422b50e8203790c62f6c47c3f4fd857c75dae88b86a47f7ee45,True,ok,segmented,0.0358960592131575,False,True,train
/Users/ashley/Desktop/python/CS156-Machine-Learning/final/data/retail_images/segmentation_overlays/dress/reformation_dresses_68d7b377682d_overlay.jpg,/Users/ashley/Desktop/python/CS156-Machine-Learning/final/data/retail_images/raw/dress/reformation_dresses_68d7b377682d.jpg,Dress,600,800,RGB,75b6175b05b1c27a059831d8c216783c48763f7e0155e20b22bee0d56e1661d9,True,ok,segmented,0.1381291666666666,False,True,train
/Users/ashley/Desktop/python/CS156-Machine-Learning/final/data/retail_images/segmentation_overlays/t_shirt_top/brandy_melville_tops_page_4_f57e778ce3e6_overlay.jpg,/Users/ashley/Desktop/python/CS156-Machine-Learning/final/data/retail_images/raw/t_shirt_top/brandy_melville_tops_page_4_f57e778ce3e6.jpg,T-shirt/top,360,540,RGB,1454afcc228d3058cdc53611fc4164492df6181e94ebd9b7020473e68026d31f,True,ok,segmented,0.3260390946502057,False,True,train
/Users/ashley/Desktop/python/CS156-Machine-Learning/final/data/retail_images/segmentation_overlays/t_shirt_top/brandy_melville_tops_9acfea72b4f9_overlay.jpg,/Users/ashley/Desktop/python/CS156-Machine-Learning/final/data/retail_images/raw/t_shirt_top/brandy_melville_tops_9acfea72b4f9.jpg,T-shirt/top,360,540,RGB,94152b80835f18947b25b1958da40a93305f24f8fb7b95210edb22a0cd9e7806,True,ok,segmented,0.13059670781893,False,True,train
/Users/ashley/Desktop/python/CS156-Machine-Learning/final/data/retail_images/segmentation_overlays/ankle_boot/princess_polly_boots_9138ec416303_overlay.jpg,/Users/ashley/Desktop/python/CS156-Machine-Learning/final/data/retail_images/raw/ankle_boot/princess_polly_boots_9138ec416303.jpg,Ankle boot,1344,1820,RGB,db5504be5410fd980235f063e241c3789cb753e5aa4423fab5acc28ae03db044,True,ok,segmented,0.1360082254055468,False,True,train
/Users/ashley/Desktop/python/CS156-Machine-Learning/final/data/retail_images/segmentation_overlays/sandal/princess_polly_sandals_39f4799eb7cb_overlay.jpg,/Users/ashley/Desktop/python/CS156-Machine-Learning/final/data/retail_images/raw/sandal/princess_polly_sandals_39f4799eb7cb.jpg,Sandal,1344,1820,RGB,791392f54a1cd4436eed4fb872b3246b15af11160ed9dbe854dcc4ddc3dc9b0e,True,ok,segmented,0.0340033850078492,False,True,train
/Users/ashley/Desktop/python/CS156-Machine-Learning/final/data/retail_images/segmentation_overlays/sneaker/anthropologie_sneakers_51cec7e3ac2c_overlay.jpg,/Users/ashley/Desktop/python/CS156-Machine-Learning/final/data/retail_images/raw/sneaker/anthropologie_sneakers_51cec7e3ac2c.jpg,Sneaker,349,523,RGB,355adb3a34e4c28a2b57e48c801e4aba86bdd5c705f65a460eb5483705cf03a7,True,ok,segmented,0.025924931653947,False,True,train
/Users/ashley/Desktop/python/CS156-Machine-Learning/final/data/retail_images/segmentation_overlays/shirt/anthropologie_blouses_56ca002d8f36_overlay.jpg,/Users/ashley/Desktop/python/CS156-Machine-Learning/final/data/retail_images/raw/shirt/anthropologie_blouses_56ca002d8f36.jpg,Shirt,349,523,RGB,cc76aba83dc9f04c120b6c396857da18dd853e92fe92e6c0ac3d9757935575ab,True,ok,segmented,0.2640321705829822,False,True,train
/Users/ashley/Desktop/python/CS156-Machine-Learning/final/data/retail_images/segmentation_overlays/bag/princess_polly_bags_20cf83fd9c98_overlay.jpg,/Users/ashley/Desktop/python/CS156-Machine-Learning/final/data/retail_images/raw/bag/princess_polly_bags_20cf83fd9c98.jpg,Bag,1345,1820,RGB,2eb5d4e02080700031686c3cd8917dbc0c33ae83e44ec8941169bbf1340323b4,True,ok,segmented,0.1634061848931737,False,True,train
/Users/ashley/Desktop/python/CS156-Machine-Learning/final/data/retail_images/segmentation_overlays/bag/princess_polly_bags_a65d0b51a327_overlay.jpg,/Users/ashley/Desktop/python/CS156-Machine-Learning/final/data/retail_images/raw/bag/princess_polly_bags_a65d0b51a327.jpg,Bag,1346,1820,RGB,02df547422278b01899cece1141ec3167249c0227fb7b954e59df6a5514b5003,True,ok,segmented,0.1617531799552602,False,True,train
/Users/ashley/Desktop/python/CS156-Machine-Learning/final/data/retail_images/segmentation_overlays/bag/princess_polly_bags_1f79e87cb9a4_overlay.jpg,/Users/ashley/Desktop/python/CS156-Machine-Learning/final/data/retail_images/raw/bag/princess_polly_bags_1f79e87cb9a4.jpg,Bag,1344,1820,RGB,b874b21936c6cf41398a1fef97208f4bc6adebdcb54a7623bc8380e7514b0fc3,True,ok,segmented,0.1055063611983254,False,True,train
/Users/ashley/Desktop/python/CS156-Machine-Learning/final/data/retail_images/segmentation_overlays/sneaker/anthropologie_sneakers_8ad7405bc50f_overlay.jpg,/Users/ashley/Desktop/python/CS156-Machine-Learning/final/data/retail_images/raw/sneaker/anthropologie_sneakers_8ad7405bc50f.webp,Sneaker,349,523,RGB,7359df5aac8a5a89299d7530ff819f2dc5f0654d732b871376f36ee7fc2ac3a1,True,ok,segmented,0.0302804516592065,False,True,train
/Users/ashley/Desktop/python/CS156-Machine-Learning/final/data/retail_images/segmentation_overlays/trouser/princess_polly_pants_7e12f651b031_overlay.jpg,/Users/ashley/Desktop/python/CS156-Machine-Learning/final/data/retail_images/raw/trouser/princess_polly_pants_7e12f651b031.jpg,Trouser,1344,1820,RGB,162995218e57481a425c022a6efc36694ff4cb5e842c6a777280b76020a19aca,True,ok,segmented,0.1873430141287284,False,True,train
/Users/ashley/Desktop/python/CS156-Machine-Learning/final/data/retail_images/segmentation_overlays/trouser/princess_polly_pants_0bb8e0b870d2_overlay.jpg,/Users/ashley/Desktop/python/CS156-Machine-Learning/final/data/retail_images/raw/trouser/princess_polly_pants_0bb8e0b870d2.jpg,Trouser,1345,1821,RGB,d481d1548ee1c4e735d738ad4e0a40a35cecf5b2dee05a04d2358badeb3bad17,True,ok,segmented,0.2543967630841341,False,True,train
/Users/ashley/Desktop/python/CS156-Machine-Learning/final/data/retail_images/segmentation_overlays/sandal/urban_outfitters_sandals_e48be29800f3_overlay.jpg,/Users/ashley/Desktop/python/CS156-Machine-Learning/final/data/retail_images/raw/sandal/urban_outfitters_sandals_e48be29800f3.jpg,Sandal,450,675,RGB,44c6dd90e67c3eee2c5fbdec63d7bac0618370bb8dc6fc015339ed6bdeee6602,True,ok,segmented,0.0351670781893004,False,True,train
/Users/ashley/Desktop/python/CS156-Machine-Learning/final/data/retail_images/segmentation_overlays/sandal/anthropologie_sandals_ace0313458e5_overlay.jpg,/Users/ashley/Desktop/python/CS156-Machine-Learning/final/data/retail_images/raw/sandal/anthropologie_sandals_ace0313458e5.jpg,Sandal,349,523,RGB,fdf73154bbc90a357c5bb3dc24940b78a5cc46c25b664e6f0d8367a7294b167b,True,ok,segmented,0.0769639560174659,False,True,train
/Users/ashley/Desktop/python/CS156-Machine-Learning/final/data/retail_images/segmentation_overlays/shirt/anthropologie_blouses_3ae759188f08_overlay.jpg,/Users/ashley/Desktop/python/CS156-Machine-Learning/final/data/retail_images/raw/shirt/anthropologie_blouses_3ae759188f08.webp,Shirt,698,1046,RGB,3180d5e593cf1717c80647faf36e87e9f9682f0c429c59d36f023fe46d513bc0,True,ok,segmented,0.2502287332832951,False,True,train
/Users/ashley/Desktop/python/CS156-Machine-Learning/final/data/retail_images/segmentation_overlays/dress/anthropologie_dresses_4dcfb3f211e5_overlay.jpg,/Users/ashley/Desktop/python/CS156-Machine-Learning/final/data/retail_images/raw/dress/anthropologie_dresses_4dcfb3f211e5.jpg,Dress,349,523,RGB,c549d7dbceabb163845d969fd2a47ff7738a646be389967599cc5c0cae5a027d,True,ok,segmented,0.2294455066921606,False,True,train
/Users/ashley/Desktop/python/CS156-Machine-Learning/final/data/retail_images/segmentation_overlays/bag/anthropologie_bags_4b430e67f977_overlay.jpg,/Users/ashley/Desktop/python/CS156-Machine-Learning/final/data/retail_images/raw/bag/anthropologie_bags_4b430e67f977.jpg,Bag,349,523,RGB,b9d0dfb1001193aef61d8a1bd88ae58e527641740595ae5567e03134dc1e9f1f,True,ok,segmented,0.3175584981947876,False,True,train
/Users/ashley/Desktop/python/CS156-Machine-Learning/final/data/retail_images/segmentation_overlays/sandal/princess_polly_sandals_5e3d38691d31_overlay.jpg,/Users/ashley/Desktop/python/CS156-Machine-Learning/final/data/retail_images/raw/sandal/princess_polly_sandals_5e3d38691d31.jpg,Sandal,1344,1820,RGB,bbedc43d4eaca444c8b7c6ef976d74603812d8f3efb2511e752b0f0a33868d4e,True,ok,segmented,0.0174515960230245,False,True,train
/Users/ashley/Desktop/python/CS156-Machine-Learning/final/data/retail_images/segmentation_overlays/shirt/free_people_blouses_95c5e7c6a436_overlay.jpg,/Users/ashley/Desktop/python/CS156-Machine-Learning/final/data/retail_images/raw/shirt/free_people_blouses_95c5e7c6a436.webp,Shirt,698,1046,RGB,2c184f52791c674c72eba2bee8ec2dcc4fa7b6d50d1ea863fa95fc9949012757,True,ok,segmented,0.2686219025130528,False,True,train
/Users/ashley/Desktop/python/CS156-Machine-Learning/final/data/retail_images/segmentation_overlays/pullover/reformation_sweaters_6230a7599957_overlay.jpg,/Users/ashley/Desktop/python/CS156-Machine-Learning/final/data/retail_images/raw/pullover/reformation_sweaters_6230a7599957.jpg,Pullover,600,800,RGB,1d2d53688e25de7f369b29c9717d4d7583441e1cda29fa08d05f43c13e1565d5,True,ok,segmented,0.38609375,False,True,train
/Users/ashley/Desktop/python/CS156-Machine-Learning/final/data/retail_images/segmentation_overlays/dress/anthropologie_dresses_3f289df22bfe_overlay.jpg,/Users/ashley/Desktop/python/CS156-Machine-Learning/final/data/retail_images/raw/dress/anthropologie_dresses_3f289df22bfe.jpg,Dress,2880,500,RGB,1179da72caa8a5de044ae2e05f08d3aca6b77700ecb1c9429c7e5da8aa6bc351,True,ok,segmented,0.0250659722222222,False,True,train
/Users/ashley/Desktop/python/CS156-Machine-Learning/final/data/retail_images/segmentation_overlays/pullover/princess_polly_sweaters_66867208a198_overlay.jpg,/Users/ashley/Desktop/python/CS156-Machine-Learning/final/data/retail_images/raw/pullover/princess_polly_sweaters_66867208a198.jpg,Pullover,1344,1820,RGB,9470212641db7db005814d7bf075283e9d0ec94e1f5932c9569545304e3e534e,True,ok,segmented,0.4704384157509158,False,True,train
/Users/ashley/Desktop/python/CS156-Machine-Learning/final/data/retail_images/segmentation_overlays/dress/anthropologie_dresses_90042e7bfb3b_overlay.jpg,/Users/ashley/Desktop/python/CS156-Machine-Learning/final/data/retail_images/raw/dress/anthropologie_dresses_90042e7bfb3b.jpg,Dress,349,523,RGB,d459fcc7994f6fcac34d7673d2fdd8bb4b50bbbd94b430ab30cdfc68d6f96331,True,ok,segmented,0.2528612205317569,False,True,train
/Users/ashley/Desktop/python/CS156-Machine-Learning/final/data/retail_images/segmentation_overlays/coat/princess_polly_jackets_7b274a6fddc1_overlay.jpg,/Users/ashley/Desktop/python/CS156-Machine-Learning/final/data/retail_images/raw/coat/princess_polly_jackets_7b274a6fddc1.jpg,Coat,1344,1820,RGB,95710da332ffdc43812068fd704e9430bac9fa6119836c15429c0daf1f37cb4a,True,ok,segmented,0.111477138932496,False,True,train
/Users/ashley/Desktop/python/CS156-Machine-Learning/final/data/retail_images/segmentation_overlays/bag/princess_polly_bags_c1acb4a8ab5a_overlay.jpg,/Users/ashley/Desktop/python/CS156-Machine-Learning/final/data/retail_images/raw/bag/princess_polly_bags_c1acb4a8ab5a.jpg,Bag,1344,1819,RGB,3eba2fd19ee908f834216328c8b91118af1105e29095a14d63c3cf7eef4da28e,True,ok,segmented,0.1046215215057985,False,True,train
/Users/ashley/Desktop/python/CS156-Machine-Learning/final/data/retail_images/segmentation_overlays/shirt/free_people_blouses_9b971541b5b2_overlay.jpg,/Users/ashley/Desktop/python/CS156-Machine-Learning/final/data/retail_images/raw/shirt/free_people_blouses_9b971541b5b2.jpg,Shirt,698,1046,RGB,992e346f142afb593ceb0e878c0b9350239b5a74f839570c69d83e11fc25522c,True,ok,segmented,0.4168903778619053,False,True,train
/Users/ashley/Desktop/python/CS156-Machine-Learning/final/data/retail_images/segmentation_overlays/coat/reformation_outerwear_7c5a1b9c0ec2_overlay.jpg,/Users/ashley/Desktop/python/CS156-Machine-Learning/final/data/retail_images/raw/coat/reformation_outerwear_7c5a1b9c0ec2.jpg,Coat,600,800,RGB,958554df0b3496e913e2b868ab1f68e5a59e8163166bf5fea8c56b30604d580a,True,ok,segmented,0.2244979166666666,False,True,train
/Users/ashley/Desktop/python/CS156-Machine-Learning/final/data/retail_images/segmentation_overlays/ankle_boot/princess_polly_boots_5dee6f66c768_overlay.jpg,/Users/ashley/Desktop/python/CS156-Machine-Learning/final/data/retail_images/raw/ankle_boot/princess_polly_boots_5dee6f66c768.jpg,Ankle boot,1344,1820,RGB,79be74e82bd76ca6620e65659418d3a39fe8ae7a99f1e991c78376c9f33f517f,True,ok,segmented,0.0252751340920983,False,True,train
/Users/ashley/Desktop/python/CS156-Machine-Learning/final/data/retail_images/segmentation_overlays/pullover/princess_polly_sweaters_df7c3908c449_overlay.jpg,/Users/ashley/Desktop/python/CS156-Machine-Learning/final/data/retail_images/raw/pullover/princess_polly_sweaters_df7c3908c449.jpg,Pullover,1345,1820,RGB,7a3ae2a22543c5f9d339d1dcae0661160f52d1f11051080c1ec4c3a82752ee84,True,ok,segmented,0.3185559050614813,False,True,train
/Users/ashley/Desktop/python/CS156-Machine-Learning/final/data/retail_images/segmentation_overlays/pullover/princess_polly_sweaters_0c9792ba1cbb_overlay.jpg,/Users/ashley/Desktop/python/CS156-Machine-Learning/final/data/retail_images/raw/pullover/princess_polly_sweaters_0c9792ba1cbb.jpg,Pullover,1345,1820,RGB,4f1c286787fea6e0858c4a3b9a2cdda58ae7e2999a8fb515890e316109fa7359,True,ok,segmented,0.206680828465215,False,True,train
/Users/ashley/Desktop/python/CS156-Machine-Learning/final/data/retail_images/segmentation_overlays/ankle_boot/princess_polly_boots_f1422dcdfefa_overlay.jpg,/Users/ashley/Desktop/python/CS156-Machine-Learning/final/data/retail_images/raw/ankle_boot/princess_polly_boots_f1422dcdfefa.jpg,Ankle boot,1345,1820,RGB,2580665b7864fd20933e0308d4cf5c2538a231ce994d6884c19850c3fd97f40b,True,ok,segmented,0.1278696025164426,False,True,train
/Users/ashley/Desktop/python/CS156-Machine-Learning/final/data/retail_images/segmentation_overlays/t_shirt_top/brandy_melville_tops_adb70f5f5dba_overlay.jpg,/Users/ashley/Desktop/python/CS156-Machine-Learning/final/data/retail_images/raw/t_shirt_top/brandy_melville_tops_adb70f5f5dba.jpg,T-shirt/top,533,800,RGB,9369a4c5e3d9d10bb0464263b6bb8f14e66102f4367f382b8940b7ac777defe2,True,ok,segmented,0.230687148217636,False,True,train
/Users/ashley/Desktop/python/CS156-Machine-Learning/final/data/retail_images/segmentation_overlays/pullover/reformation_sweaters_0a4d6ee26d0f_overlay.jpg,/Users/ashley/Desktop/python/CS156-Machine-Learning/final/data/retail_images/raw/pullover/reformation_sweaters_0a4d6ee26d0f.jpg,Pullover,600,800,RGB,616fe315467ffcef126819c9ff6e42e90e63d94e1a79976919c6dbdd35de93f1,True,ok,segmented,0.2252458333333333,False,True,train
/Users/ashley/Desktop/python/CS156-Machine-Learning/final/data/retail_images/segmentation_overlays/shirt/princess_polly_button_ups_ce3e54d55b33_overlay.jpg,/Users/ashley/Desktop/python/CS156-Machine-Learning/final/data/retail_images/raw/shirt/princess_polly_button_ups_ce3e54d55b33.jpg,Shirt,1345,1821,RGB,640ccf0f844d07ed62e4e9424291416c4f875df9ee5085ba69efd3ec3101a346,True,ok,segmented,0.086764696875976,False,True,train
/Users/ashley/Desktop/python/CS156-Machine-Learning/final/data/retail_images/segmentation_overlays/pullover/reformation_sweaters_f6ce077f4290_overlay.jpg,/Users/ashley/Desktop/python/CS156-Machine-Learning/final/data/retail_images/raw/pullover/reformation_sweaters_f6ce077f4290.jpg,Pullover,600,800,RGB,ff77ebbff374a566f16f3454e2bd1ceffb306a5934453e6386a664987397ffd2,True,ok,segmented,0.5014666666666666,False,True,train
/Users/ashley/Desktop/python/CS156-Machine-Learning/final/data/retail_images/segmentation_overlays/t_shirt_top/brandy_melville_tops_b7a1a40c76fb_overlay.jpg,/Users/ashley/Desktop/python/CS156-Machine-Learning/final/data/retail_images/raw/t_shirt_top/brandy_melville_tops_b7a1a40c76fb.jpg,T-shirt/top,1000,1500,RGB,5ae17dc80e94c7129aafbcf3604665f9cbddb1b759f9487c5e04bffd582c55a2,True,ok,segmented,0.0779406666666666,False,True,train
/Users/ashley/Desktop/python/CS156-Machine-Learning/final/data/retail_images/segmentation_overlays/dress/anthropologie_dresses_67f26adcc793_overlay.jpg,/Users/ashley/Desktop/python/CS156-Machine-Learning/final/data/retail_images/raw/dress/anthropologie_dresses_67f26adcc793.jpg,Dress,698,1046,RGB,4a0810bc30761e9217804f236164f153c31b8a420f462e07ba6646c112eee031,True,ok,segmented,0.1851726046009631,False,True,train
/Users/ashley/Desktop/python/CS156-Machine-Learning/final/data/retail_images/segmentation_overlays/coat/reformation_outerwear_de5c9aebdf6e_overlay.jpg,/Users/ashley/Desktop/python/CS156-Machine-Learning/final/data/retail_images/raw/coat/reformation_outerwear_de5c9aebdf6e.jpg,Coat,600,800,RGB,b9045d0bc2b3d07c3f504f11a990e339cadc7284b5170eb0ee733e9f196674a9,True,ok,segmented,0.1998666666666666,False,True,train
/Users/ashley/Desktop/python/CS156-Machine-Learning/final/data/retail_images/segmentation_overlays/t_shirt_top/brandy_melville_tops_a42a393423a9_overlay.jpg,/Users/ashley/Desktop/python/CS156-Machine-Learning/final/data/retail_images/raw/t_shirt_top/brandy_melville_tops_a42a393423a9.jpg,T-shirt/top,1000,1500,RGB,e472f8d15c765e339f929b35a44a0804f14c01e0c7ff6c52f4605fd510c48625,True,ok,segmented,0.0682566666666666,False,True,train
/Users/ashley/Desktop/python/CS156-Machine-Learning/final/data/retail_images/segmentation_overlays/ankle_boot/princess_polly_boots_41998bb18bd6_overlay.jpg,/Users/ashley/Desktop/python/CS156-Machine-Learning/final/data/retail_images/raw/ankle_boot/princess_polly_boots_41998bb18bd6.jpg,Ankle boot,1345,1820,RGB,4ede1205372e9f058d37ce3c0d90876cde29e1d2eeffa6ce3712bcf07f05b891,True,ok,segmented,0.1030969402344867,False,True,train
/Users/ashley/Desktop/python/CS156-Machine-Learning/final/data/retail_images/segmentation_overlays/dress/reformation_dresses_ee3aa0096e0d_overlay.jpg,/Users/ashley/Desktop/python/CS156-Machine-Learning/final/data/retail_images/raw/dress/reformation_dresses_ee3aa0096e0d.jpg,Dress,600,800,RGB,9d4cfb37f759d5907e22911769407e423058625cb098daee82470b64d5e26c30,True,ok,segmented,0.0945104166666666,False,True,train
/Users/ashley/Desktop/python/CS156-Machine-Learning/final/data/retail_images/segmentation_overlays/sandal/urban_outfitters_sandals_6d72fedfb434_overlay.jpg,/Users/ashley/Desktop/python/CS156-Machine-Learning/final/data/retail_images/raw/sandal/urban_outfitters_sandals_6d72fedfb434.jpg,Sandal,450,675,RGB,d34ce084c31906e3cf5fb02a414679a79b58e2226a369e9b015c179da4de85c5,True,ok,segmented,0.0189695473251028,False,True,train
/Users/ashley/Desktop/python/CS156-Machine-Learning/final/data/retail_images/segmentation_overlays/bag/anthropologie_bags_a4648918853b_overlay.jpg,/Users/ashley/Desktop/python/CS156-Machine-Learning/final/data/retail_images/raw/bag/anthropologie_bags_a4648918853b.jpg,Bag,349,523,RGB,d849c7459cf8c69be0f173580b1ba709f51e71b23342f33ac86495a74a7c4f29,True,ok,segmented,0.2630898442422217,False,True,train
/Users/ashley/Desktop/python/CS156-Machine-Learning/final/data/retail_images/segmentation_overlays/shirt/anthropologie_blouses_4517b3ccb374_overlay.jpg,/Users/ashley/Desktop/python/CS156-Machine-Learning/final/data/retail_images/raw/shirt/anthropologie_blouses_4517b3ccb374.jpg,Shirt,349,523,RGB,c7d9980fc87f931216c7ba02ff41761b7cf59883a99a0eb83f2188a1d2a3ce91,True,ok,segmented,0.3125017120754738,False,True,train
/Users/ashley/Desktop/python/CS156-Machine-Learning/final/data/retail_images/segmentation_overlays/coat/reformation_jackets_and_coats_0afc2460959e_overlay.jpg,/Users/ashley/Desktop/python/CS156-Machine-Learning/final/data/retail_images/raw/coat/reformation_jackets_and_coats_0afc2460959e.jpg,Coat,600,800,RGB,f49bbaf7226ccbecd1aa157a47e1e8a806cb1bb3b6bc03adeb4ddafc5e400930,True,ok,segmented,0.1578645833333333,False,True,train
/Users/ashley/Desktop/python/CS156-Machine-Learning/final/data/retail_images/segmentation_overlays/ankle_boot/princess_polly_boots_3df3d76848d6_overlay.jpg,/Users/ashley/Desktop/python/CS156-Machine-Learning/final/data/retail_images/raw/ankle_boot/princess_polly_boots_3df3d76848d6.jpg,Ankle boot,1344,1820,RGB,e2396a12bef2d637b5aef8c80055d199bcc35d68a13db75cd2153092bd6291eb,True,ok,segmented,0.1333766679748822,False,True,train
/Users/ashley/Desktop/python/CS156-Machine-Learning/final/data/retail_images/segmentation_overlays/trouser/princess_polly_pants_bceaad4f8c52_overlay.jpg,/Users/ashley/Desktop/python/CS156-Machine-Learning/final/data/retail_images/raw/trouser/princess_polly_pants_bceaad4f8c52.jpg,Trouser,1345,1821,RGB,585eb910411725aaa972c25d7e4603be7b3ae2bbb3d91d911f651dc975038e0e,True,ok,segmented,0.1247539547901496,False,True,train
/Users/ashley/Desktop/python/CS156-Machine-Learning/final/data/retail_images/segmentation_overlays/sneaker/anthropologie_sneakers_ea4806bca7cc_overlay.jpg,/Users/ashley/Desktop/python/CS156-Machine-Learning/final/data/retail_images/raw/sneaker/anthropologie_sneakers_ea4806bca7cc.jpg,Sneaker,349,523,RGB,2d5a179a6b2d4c828c12feae2809ea2f94f49533c0fdb120584f2b52f99ee3d9,True,ok,segmented,0.0459219731875284,False,True,train
/Users/ashley/Desktop/python/CS156-Machine-Learning/final/data/retail_images/segmentation_overlays/shirt/anthropologie_blouses_b157b7bd8eee_overlay.jpg,/Users/ashley/Desktop/python/CS156-Machine-Learning/final/data/retail_images/raw/shirt/anthropologie_blouses_b157b7bd8eee.webp,Shirt,349,523,RGB,fcd0e65551a403ded9bfe037c534a2d4e7ed2e8dc862ee5741e1174290e27a2a,True,ok,segmented,0.1192481112383373,False,True,train
/Users/ashley/Desktop/python/CS156-Machine-Learning/final/data/retail_images/segmentation_overlays/sandal/anthropologie_sandals_454ef752e1b8_overlay.jpg,/Users/ashley/Desktop/python/CS156-Machine-Learning/final/data/retail_images/raw/sandal/anthropologie_sandals_454ef752e1b8.jpg,Sandal,698,1046,RGB,15ba7676db0c6a17bc2c2c1a9ee5609616c763aa809220d06c739f7cf67f51e2,True,ok,segmented,0.011800993825571,False,True,train
/Users/ashley/Desktop/python/CS156-Machine-Learning/final/data/retail_images/segmentation_overlays/ankle_boot/princess_polly_boots_ee2b77ea1f47_overlay.jpg,/Users/ashley/Desktop/python/CS156-Machine-Learning/final/data/retail_images/raw/ankle_boot/princess_polly_boots_ee2b77ea1f47.jpg,Ankle boot,1345,1820,RGB,323c525e7215b5050b09bb2bc0780d9017013e3f3b306383d08a3cb1b4edee46,True,ok,segmented,0.2143367784631725,False,True,train
/Users/ashley/Desktop/python/CS156-Machine-Learning/final/data/retail_images/segmentation_overlays/t_shirt_top/brandy_melville_tops_page_4_b1aaf778efdd_overlay.jpg,/Users/ashley/Desktop/python/CS156-Machine-Learning/final/data/retail_images/raw/t_shirt_top/brandy_melville_tops_page_4_b1aaf778efdd.jpg,T-shirt/top,533,800,RGB,e43ac72f8183ab2409096434242038d8ffa58abebb6500b18482f10a58b59f81,True,ok,segmented,0.1156425891181988,False,True,train
/Users/ashley/Desktop/python/CS156-Machine-Learning/final/data/retail_images/segmentation_overlays/pullover/anthropologie_sweaters_deaa20b1fb08_overlay.jpg,/Users/ashley/Desktop/python/CS156-Machine-Learning/final/data/retail_images/raw/pullover/anthropologie_sweaters_deaa20b1fb08.jpg,Pullover,349,523,RGB,61fbbfdc2a4b2a2f1329aef77a70ff13f72a01c964539e617a33f4d51599ee20,True,ok,segmented,0.3935746492299769,False,True,train
/Users/ashley/Desktop/python/CS156-Machine-Learning/final/data/retail_images/segmentation_overlays/shirt/urban_outfitters_shirts_blouses_7b0c2d218d93_overlay.jpg,/Users/ashley/Desktop/python/CS156-Machine-Learning/final/data/retail_images/raw/shirt/urban_outfitters_shirts_blouses_7b0c2d218d93.webp,Shirt,349,523,RGB,53a50b781fe0b6c16c53dfa631aa2eea5bf2f1fc5f85e6bf1a2472b744f58163,True,ok,segmented,0.5370054841201576,False,True,train
/Users/ashley/Desktop/python/CS156-Machine-Learning/final/data/retail_images/segmentation_overlays/trouser/princess_polly_pants_4c3b6b329959_overlay.jpg,/Users/ashley/Desktop/python/CS156-Machine-Learning/final/data/retail_images/raw/trouser/princess_polly_pants_4c3b6b329959.jpg,Trouser,1345,1821,RGB,da9c330b5ebe84778ed88edeb8e10991e1b72ce164e07920ae85ec703ca40e2c,True,ok,segmented,0.1889516973597986,False,True,train
/Users/ashley/Desktop/python/CS156-Machine-Learning/final/data/retail_images/segmentation_overlays/sneaker/anthropologie_sneakers_b3b7be1630a3_overlay.jpg,/Users/ashley/Desktop/python/CS156-Machine-Learning/final/data/retail_images/raw/sneaker/anthropologie_sneakers_b3b7be1630a3.jpg,Sneaker,349,523,RGB,14b001c90a484b7a5e9b893e56d71eafcae5056ada91489e33d0d8e5c506457d,True,ok,segmented,0.0353153232124562,False,True,train
/Users/ashley/Desktop/python/CS156-Machine-Learning/final/data/retail_images/segmentation_overlays/coat/reformation_jackets_and_coats_4612324284a6_overlay.jpg,/Users/ashley/Desktop/python/CS156-Machine-Learning/final/data/retail_images/raw/coat/reformation_jackets_and_coats_4612324284a6.jpg,Coat,600,800,RGB,70ed0b24663da12676f7175eb4753ac5b73ca7bfc02c55d9cd2fcd6db287c227,True,ok,segmented,0.268875,False,True,train
/Users/ashley/Desktop/python/CS156-Machine-Learning/final/data/retail_images/segmentation_overlays/trouser/princess_polly_pants_7b6c98e7a4e8_overlay.jpg,/Users/ashley/Desktop/python/CS156-Machine-Learning/final/data/retail_images/raw/trouser/princess_polly_pants_7b6c98e7a4e8.jpg,Trouser,1344,1820,RGB,518ddbd78849c42280076c5363e3cf8cbd33acbfbeb03c686e16740e03f6b19c,True,ok,segmented,0.2267182594191522,False,True,train
/Users/ashley/Desktop/python/CS156-Machine-Learning/final/data/retail_images/segmentation_overlays/sandal/urban_outfitters_sandals_297d62913e70_overlay.jpg,/Users/ashley/Desktop/python/CS156-Machine-Learning/final/data/retail_images/raw/sandal/urban_outfitters_sandals_297d62913e70.jpg,Sandal,450,675,RGB,976854bd5496a75e2f6bb20e95a55501cda56eb74fddef34558cf9a129e74a82,True,ok,segmented,0.0249679012345679,False,True,train
/Users/ashley/Desktop/python/CS156-Machine-Learning/final/data/retail_images/segmentation_overlays/pullover/reformation_sweaters_d913b3afffa7_overlay.jpg,/Users/ashley/Desktop/python/CS156-Machine-Learning/final/data/retail_images/raw/pullover/reformation_sweaters_d913b3afffa7.jpg,Pullover,600,800,RGB,446b689dc7f343f6298fddbb640ea7cfd5027f82101f135c58ca4b0be49c2b83,True,ok,segmented,0.2029104166666666,False,True,train
/Users/ashley/Desktop/python/CS156-Machine-Learning/final/data/retail_images/segmentation_overlays/ankle_boot/anthropologie_boot_shop_bd72c757df8b_overlay.jpg,/Users/ashley/Desktop/python/CS156-Machine-Learning/final/data/retail_images/raw/ankle_boot/anthropologie_boot_shop_bd72c757df8b.webp,Ankle boot,349,523,RGB,846cdf9ff14ac9cb6fe539a4dfeb2e73639a624bd48ade4b68e2dc93a1e41588,True,ok,segmented,0.0877020933889232,False,True,train
/Users/ashley/Desktop/python/CS156-Machine-Learning/final/data/retail_images/segmentation_overlays/sneaker/anthropologie_sneakers_6610ef18d7ea_overlay.jpg,/Users/ashley/Desktop/python/CS156-Machine-Learning/final/data/retail_images/raw/sneaker/anthropologie_sneakers_6610ef18d7ea.jpg,Sneaker,349,523,RGB,ac2579957d2df58e52c1b5b60d3707d10a4ce84c6050b7b0cfb21dfd1395a86a,True,ok,segmented,0.1381110739780963,False,True,train
/Users/ashley/Desktop/python/CS156-Machine-Learning/final/data/retail_images/segmentation_overlays/sneaker/anthropologie_sneakers_d2d8bb3ee51b_overlay.jpg,/Users/ashley/Desktop/python/CS156-Machine-Learning/final/data/retail_images/raw/sneaker/anthropologie_sneakers_d2d8bb3ee51b.webp,Sneaker,698,1046,RGB,64d1b331c2ad81d0a81d5253f2b6b7e16851c0b778350b26adda154e39e345a7,True,ok,segmented,0.0257509847858125,False,True,train
/Users/ashley/Desktop/python/CS156-Machine-Learning/final/data/retail_images/segmentation_overlays/trouser/princess_polly_pants_cce36b8b64a2_overlay.jpg,/Users/ashley/Desktop/python/CS156-Machine-Learning/final/data/retail_images/raw/trouser/princess_polly_pants_cce36b8b64a2.jpg,Trouser,1345,1821,RGB,1564a86e252024d27c5dc030f5baa37030f4e1d29e428d3e4d3bb64da7be973d,True,ok,segmented,0.1485122966465176,False,True,train
/Users/ashley/Desktop/python/CS156-Machine-Learning/final/data/retail_images/segmentation_overlays/pullover/princess_polly_sweaters_89d9636266ba_overlay.jpg,/Users/ashley/Desktop/python/CS156-Machine-Learning/final/data/retail_images/raw/pullover/princess_polly_sweaters_89d9636266ba.jpg,Pullover,1345,1820,RGB,3ade605ef7091b5b75f7ba36c9b447c2fb434ffba900dba0f19643a1d4e83b90,True,ok,segmented,0.1317901058049757,False,True,train
/Users/ashley/Desktop/python/CS156-Machine-Learning/final/data/retail_images/segmentation_overlays/pullover/anthropologie_sweaters_aaaf91e0ae70_overlay.jpg,/Users/ashley/Desktop/python/CS156-Machine-Learning/final/data/retail_images/raw/pullover/anthropologie_sweaters_aaaf91e0ae70.jpg,Pullover,349,523,RGB,e5db8137d27d7929349328f95f6fc00b6613c21a91bd81faa49cf3e52f48de15,True,ok,segmented,0.2375758107019783,False,True,train
/Users/ashley/Desktop/python/CS156-Machine-Learning/final/data/retail_images/segmentation_overlays/dress/reformation_dresses_9c3f1e3b4183_overlay.jpg,/Users/ashley/Desktop/python/CS156-Machine-Learning/final/data/retail_images/raw/dress/reformation_dresses_9c3f1e3b4183.jpg,Dress,600,800,RGB,b98015bbfaa69c0ec51b8acfab257bdb7f9d6ea3b083ab9c3f22c518ff221c81,True,ok,segmented,0.0565625,False,True,train
/Users/ashley/Desktop/python/CS156-Machine-Learning/final/data/retail_images/segmentation_overlays/dress/anthropologie_dresses_72ad522d3670_overlay.jpg,/Users/ashley/Desktop/python/CS156-Machine-Learning/final/data/retail_images/raw/dress/anthropologie_dresses_72ad522d3670.webp,Dress,2880,500,RGB,8f4a14cda0a510a89ce5d6c0eafa29864e2939bc8460f4ebb357e737b5232fc3,True,ok,segmented,0.0231541666666666,False,True,train
/Users/ashley/Desktop/python/CS156-Machine-Learning/final/data/retail_images/segmentation_overlays/bag/anthropologie_bags_4edc3e6a25b3_overlay.jpg,/Users/ashley/Desktop/python/CS156-Machine-Learning/final/data/retail_images/raw/bag/anthropologie_bags_4edc3e6a25b3.jpg,Bag,349,523,RGB,6bc2b904f0d18089ad908e2834650f1b3df07e8c0f701aadd6edebc64dd217a0,True,ok,segmented,0.1888104225676201,False,True,train
/Users/ashley/Desktop/python/CS156-Machine-Learning/final/data/retail_images/segmentation_overlays/coat/reformation_outerwear_f6f7e51a6a92_overlay.jpg,/Users/ashley/Desktop/python/CS156-Machine-Learning/final/data/retail_images/raw/coat/reformation_outerwear_f6f7e51a6a92.jpg,Coat,600,800,RGB,e868e3346077973c421c65881d9c9ce83e997a30fbe5e31903925c3fa097a5e0,True,ok,segmented,0.3431708333333333,False,True,train
/Users/ashley/Desktop/python/CS156-Machine-Learning/final/data/retail_images/segmentation_overlays/dress/anthropologie_dresses_9d62e4ddc65b_overlay.jpg,/Users/ashley/Desktop/python/CS156-Machine-Learning/final/data/retail_images/raw/dress/anthropologie_dresses_9d62e4ddc65b.jpg,Dress,349,523,RGB,a2e59e67cb986ef29453466c7eed76a34d6ea7934419e00320f1ccc516cdf604,True,ok,segmented,0.0633933609822108,False,True,train
/Users/ashley/Desktop/python/CS156-Machine-Learning/final/data/retail_images/segmentation_overlays/dress/princess_polly_dresses_c71d6fb7031e_overlay.jpg,/Users/ashley/Desktop/python/CS156-Machine-Learning/final/data/retail_images/raw/dress/princess_polly_dresses_c71d6fb7031e.jpg,Dress,1344,1820,RGB,9df20ae68147baf8bf9b90e3ab43ba1a4dd384e60790c5921edd4b06caeb38e9,True,ok,segmented,0.0993602008110936,False,True,val
/Users/ashley/Desktop/python/CS156-Machine-Learning/final/data/retail_images/segmentation_overlays/coat/princess_polly_jackets_f3fba15fb253_overlay.jpg,/Users/ashley/Desktop/python/CS156-Machine-Learning/final/data/retail_images/raw/coat/princess_polly_jackets_f3fba15fb253.jpg,Coat,1345,1821,RGB,da817e6d607f53fc423356969706ab36d8817eaf116fdba965e8b8a6765d6e99,True,ok,segmented,0.3915680138165026,False,True,val
/Users/ashley/Desktop/python/CS156-Machine-Learning/final/data/retail_images/segmentation_overlays/sneaker/anthropologie_sneakers_e5bb8fa980aa_overlay.jpg,/Users/ashley/Desktop/python/CS156-Machine-Learning/final/data/retail_images/raw/sneaker/anthropologie_sneakers_e5bb8fa980aa.jpg,Sneaker,349,523,RGB,fa5a3773bc6291764aaac4f0f43211df6a0d66509e4a6bee4e8e6e1fa0fc400c,True,ok,segmented,0.105206353032702,False,True,val
/Users/ashley/Desktop/python/CS156-Machine-Learning/final/data/retail_images/segmentation_overlays/coat/princess_polly_jackets_849e4ddc1e46_overlay.jpg,/Users/ashley/Desktop/python/CS156-Machine-Learning/final/data/retail_images/raw/coat/princess_polly_jackets_849e4ddc1e46.jpg,Coat,1345,1821,RGB,6df4e066ca13500b93dcdc70c95921d67655256e0b7d694cd1166478a400f6ce,True,ok,segmented,0.2930160110564684,False,True,val
/Users/ashley/Desktop/python/CS156-Machine-Learning/final/data/retail_images/segmentation_overlays/pullover/reformation_sweaters_2bace5924092_overlay.jpg,/Users/ashley/Desktop/python/CS156-Machine-Learning/final/data/retail_images/raw/pullover/reformation_sweaters_2bace5924092.jpg,Pullover,600,800,RGB,c6d1ce876ee94a241b82ddc069d89bd229f655492f616f2b144fb284968f93f6,True,ok,segmented,0.21466875,False,True,val
/Users/ashley/Desktop/python/CS156-Machine-Learning/final/data/retail_images/segmentation_overlays/dress/princess_polly_dresses_a088d7e0db79_overlay.jpg,/Users/ashley/Desktop/python/CS156-Machine-Learning/final/data/retail_images/raw/dress/princess_polly_dresses_a088d7e0db79.jpg,Dress,1345,1821,RGB,5385651886f3d0a75e75f44129ac279cd0094c6003b77c34c16998c88199013e,True,ok,segmented,0.234333845736135,False,True,val
/Users/ashley/Desktop/python/CS156-Machine-Learning/final/data/retail_images/segmentation_overlays/dress/princess_polly_dresses_57f83e80ef51_overlay.jpg,/Users/ashley/Desktop/python/CS156-Machine-Learning/final/data/retail_images/raw/dress/princess_polly_dresses_57f83e80ef51.jpg,Dress,1344,1820,RGB,786ac47c162aab00254b9231514ad494c3bb5b06e73366d584d938fbbd7bce84,True,ok,segmented,0.1754807692307692,False,True,val
/Users/ashley/Desktop/python/CS156-Machine-Learning/final/data/retail_images/segmentation_overlays/bag/princess_polly_bags_9bb62e318ed8_overlay.jpg,/Users/ashley/Desktop/python/CS156-Machine-Learning/final/data/retail_images/raw/bag/princess_polly_bags_9bb62e318ed8.jpg,Bag,1365,1820,RGB,91ab40eaa12d2d3a303d2b5169fb5621f63b091645ac48f1054bca0914b20a6b,True,ok,segmented,0.081810972909874,False,True,val
/Users/ashley/Desktop/python/CS156-Machine-Learning/final/data/retail_images/segmentation_overlays/pullover/reformation_sweaters_3eafa1daace2_overlay.jpg,/Users/ashley/Desktop/python/CS156-Machine-Learning/final/data/retail_images/raw/pullover/reformation_sweaters_3eafa1daace2.jpg,Pullover,600,800,RGB,583c9ee4459a7623c97429a61e0573ab9a868fd68a3d6d3788defc60126df891,True,ok,segmented,0.1905333333333333,False,True,val
/Users/ashley/Desktop/python/CS156-Machine-Learning/final/data/retail_images/segmentation_overlays/t_shirt_top/brandy_melville_tops_bfbd5a908629_overlay.jpg,/Users/ashley/Desktop/python/CS156-Machine-Learning/final/data/retail_images/raw/t_shirt_top/brandy_melville_tops_bfbd5a908629.jpg,T-shirt/top,533,800,RGB,0cb23c941fe86acdde7c0e0a02657fba0c3f6768120da16ddb3ea6eecfe15c28,True,ok,segmented,0.0685272045028142,False,True,val
/Users/ashley/Desktop/python/CS156-Machine-Learning/final/data/retail_images/segmentation_overlays/shirt/princess_polly_shirts_blouses_0bbc19a6204b_overlay.jpg,/Users/ashley/Desktop/python/CS156-Machine-Learning/final/data/retail_images/raw/shirt/princess_polly_shirts_blouses_0bbc19a6204b.jpg,Shirt,1345,1820,RGB,821cb9e5b579e7eaf3361a4e0c9736691ef2fab8fc1cf6806dc3dc9c25095141,True,ok,segmented,0.1921189591078066,False,True,val
/Users/ashley/Desktop/python/CS156-Machine-Learning/final/data/retail_images/segmentation_overlays/trouser/princess_polly_pants_f97be6949c06_overlay.jpg,/Users/ashley/Desktop/python/CS156-Machine-Learning/final/data/retail_images/raw/trouser/princess_polly_pants_f97be6949c06.jpg,Trouser,1344,1820,RGB,858fc6f16ce2a851b3ef2c8540efe232c58e66e7a3659abb67427ffa10ed2caa,True,ok,segmented,0.2136087127158555,False,True,val
/Users/ashley/Desktop/python/CS156-Machine-Learning/final/data/retail_images/segmentation_overlays/ankle_boot/anthropologie_boot_shop_7790ebf97671_overlay.jpg,/Users/ashley/Desktop/python/CS156-Machine-Learning/final/data/retail_images/raw/ankle_boot/anthropologie_boot_shop_7790ebf97671.jpg,Ankle boot,349,523,RGB,29fb936f8a2d1c387e737e06d08e08af92d64842862bb19e2d469c5cf41a36b7,True,ok,segmented,0.0112421723909339,False,True,val
/Users/ashley/Desktop/python/CS156-Machine-Learning/final/data/retail_images/segmentation_overlays/sandal/princess_polly_sandals_c4fc4afafa65_overlay.jpg,/Users/ashley/Desktop/python/CS156-Machine-Learning/final/data/retail_images/raw/sandal/princess_polly_sandals_c4fc4afafa65.jpg,Sandal,1345,1821,RGB,dd70e9997ad0860be91ac6a7647e06dd0a7e0a856d6b519537babf7f8de4657b,True,ok,segmented,0.01798717563984,False,True,val
/Users/ashley/Desktop/python/CS156-Machine-Learning/final/data/retail_images/segmentation_overlays/sandal/urban_outfitters_sandals_b08e00e76a08_overlay.jpg,/Users/ashley/Desktop/python/CS156-Machine-Learning/final/data/retail_images/raw/sandal/urban_outfitters_sandals_b08e00e76a08.jpg,Sandal,698,1046,RGB,fa4922f663c22eeb9824e33fc44cb2fb2e298dc67ede11b582915201b038545f,True,ok,segmented,0.0587063831652303,False,True,val
/Users/ashley/Desktop/python/CS156-Machine-Learning/final/data/retail_images/segmentation_overlays/trouser/brandy_melville_pants_05804eb6f323_overlay.jpg,/Users/ashley/Desktop/python/CS156-Machine-Learning/final/data/retail_images/raw/trouser/brandy_melville_pants_05804eb6f323.jpg,Trouser,360,540,RGB,2dfe5dc36f13c9d572dcae06c8c1560c22c216bd4d3008e7d31d611f90f6f5d7,True,ok,segmented,0.262391975308642,False,True,val
/Users/ashley/Desktop/python/CS156-Machine-Learning/final/data/retail_images/segmentation_overlays/bag/anthropologie_bags_2511f21ef881_overlay.jpg,/Users/ashley/Desktop/python/CS156-Machine-Learning/final/data/retail_images/raw/bag/anthropologie_bags_2511f21ef881.jpg,Bag,349,523,RGB,b2aed0c45f373fe81335c6986f0b115dc67cc82385a4fd8bc12af8cac94e158f,True,ok,segmented,0.3164518126085456,False,True,val
/Users/ashley/Desktop/python/CS156-Machine-Learning/final/data/retail_images/segmentation_overlays/dress/reformation_dresses_4c596e7982a4_overlay.jpg,/Users/ashley/Desktop/python/CS156-Machine-Learning/final/data/retail_images/raw/dress/reformation_dresses_4c596e7982a4.jpg,Dress,600,800,RGB,fb97259bcf98999544d25923f306b902a13ee3cbc5c123a6321c0840d87eb5da,True,ok,segmented,0.1515375,False,True,val
/Users/ashley/Desktop/python/CS156-Machine-Learning/final/data/retail_images/segmentation_overlays/shirt/free_people_blouses_1a2c5aff45b7_overlay.jpg,/Users/ashley/Desktop/python/CS156-Machine-Learning/final/data/retail_images/raw/shirt/free_people_blouses_1a2c5aff45b7.jpg,Shirt,698,1046,RGB,51e99054748618fde13571fd7a17e80263c1fc4d671601e519df3d7fcfaf8e3d,True,ok,segmented,0.0297325875076016,False,True,val
/Users/ashley/Desktop/python/CS156-Machine-Learning/final/data/retail_images/segmentation_overlays/sandal/princess_polly_sandals_0f15c79f2369_overlay.jpg,/Users/ashley/Desktop/python/CS156-Machine-Learning/final/data/retail_images/raw/sandal/princess_polly_sandals_0f15c79f2369.jpg,Sandal,1345,1820,RGB,5a77e16cb75c66eac0f441bd01a52fbbea954a500c7cf1d7700fb0cefaa29f5c,True,ok,segmented,0.0194207279709138,False,True,val
/Users/ashley/Desktop/python/CS156-Machine-Learning/final/data/retail_images/segmentation_overlays/coat/reformation_jackets_and_coats_99b871e6e7c0_overlay.jpg,/Users/ashley/Desktop/python/CS156-Machine-Learning/final/data/retail_images/raw/coat/reformation_jackets_and_coats_99b871e6e7c0.jpg,Coat,600,800,RGB,5ca479d2e43831ed5f644f0834e2a7b453073a5027aa3339c2e36e48ead93f14,True,ok,segmented,0.2158083333333333,False,True,val
/Users/ashley/Desktop/python/CS156-Machine-Learning/final/data/retail_images/segmentation_overlays/coat/reformation_outerwear_0b656ad16fc5_overlay.jpg,/Users/ashley/Desktop/python/CS156-Machine-Learning/final/data/retail_images/raw/coat/reformation_outerwear_0b656ad16fc5.jpg,Coat,600,800,RGB,5c2629c4c66f01b5dd107e04e34a38c1828b50bdcb126934992ca1043016c774,True,ok,segmented,0.4828666666666666,False,True,val
/Users/ashley/Desktop/python/CS156-Machine-Learning/final/data/retail_images/segmentation_overlays/t_shirt_top/reformation_tops_fcee3831596b_overlay.jpg,/Users/ashley/Desktop/python/CS156-Machine-Learning/final/data/retail_images/raw/t_shirt_top/reformation_tops_fcee3831596b.jpg,T-shirt/top,1440,1080,RGB,8d6f7ab023470836aded0de56b44df0cc2522aa9f364125aaa5980a21bf2de2d,True,ok,segmented,0.0596617798353909,False,True,val
/Users/ashley/Desktop/python/CS156-Machine-Learning/final/data/retail_images/segmentation_overlays/pullover/reformation_sweaters_f2218c440e44_overlay.jpg,/Users/ashley/Desktop/python/CS156-Machine-Learning/final/data/retail_images/raw/pullover/reformation_sweaters_f2218c440e44.jpg,Pullover,600,800,RGB,18447bb48938ca0e201e1a51a9474829dddc7a2df9a3a885dd930c3f2bbc4f47,True,ok,segmented,0.4252666666666667,False,True,val
/Users/ashley/Desktop/python/CS156-Machine-Learning/final/data/retail_images/segmentation_overlays/shirt/princess_polly_shirts_blouses_920d899bbcd1_overlay.jpg,/Users/ashley/Desktop/python/CS156-Machine-Learning/final/data/retail_images/raw/shirt/princess_polly_shirts_blouses_920d899bbcd1.jpg,Shirt,1345,1821,RGB,951d1ce3f49b56369c32989be24bb6e595f28aad3c5759a5d695acf664f9bef0,True,ok,segmented,0.1070240012738619,False,True,val
/Users/ashley/Desktop/python/CS156-Machine-Learning/final/data/retail_images/segmentation_overlays/trouser/brandy_melville_pants_5329dba38eba_overlay.jpg,/Users/ashley/Desktop/python/CS156-Machine-Learning/final/data/retail_images/raw/trouser/brandy_melville_pants_5329dba38eba.jpg,Trouser,360,540,RGB,f381d2d12597ce386a2ccc0cdd1e44ffb3110a82c208e8ecce72d56447795715,True,ok,segmented,0.1377674897119341,False,True,val
/Users/ashley/Desktop/python/CS156-Machine-Learning/final/data/retail_images/segmentation_overlays/t_shirt_top/brandy_melville_tops_page_4_00351b9b74fe_overlay.jpg,/Users/ashley/Desktop/python/CS156-Machine-Learning/final/data/retail_images/raw/t_shirt_top/brandy_melville_tops_page_4_00351b9b74fe.jpg,T-shirt/top,533,800,RGB,425314169fd9ee58721a0d360bd555edeb6071e2e0f65b354fb0a43c4f7cb838,True,ok,segmented,0.1898874296435272,False,True,val
/Users/ashley/Desktop/python/CS156-Machine-Learning/final/data/retail_images/segmentation_overlays/coat/reformation_jackets_and_coats_d2dd2be1fe14_overlay.jpg,/Users/ashley/Desktop/python/CS156-Machine-Learning/final/data/retail_images/raw/coat/reformation_jackets_and_coats_d2dd2be1fe14.jpg,Coat,600,800,RGB,4f483962f0a43953b04b41dcc555f4b8d2b7dfcd65309b053275f325d4a3e30d,True,ok,segmented,0.0531520833333333,False,True,val
/Users/ashley/Desktop/python/CS156-Machine-Learning/final/data/retail_images/segmentation_overlays/pullover/anthropologie_sweaters_ccbf213c37fd_overlay.jpg,/Users/ashley/Desktop/python/CS156-Machine-Learning/final/data/retail_images/raw/pullover/anthropologie_sweaters_ccbf213c37fd.jpg,Pullover,349,523,RGB,bd000ebbd9f068a6a03d85ac13939a6e41f8229be628dd829b04166b3fac4c42,True,ok,segmented,0.354774910013313,False,True,val
/Users/ashley/Desktop/python/CS156-Machine-Learning/final/data/retail_images/segmentation_overlays/t_shirt_top/reformation_tops_e226bdd57eeb_overlay.jpg,/Users/ashley/Desktop/python/CS156-Machine-Learning/final/data/retail_images/raw/t_shirt_top/reformation_tops_e226bdd57eeb.jpg,T-shirt/top,600,800,RGB,6a0bc7f3b818bd047d9aca78af1f6101e2e0a7f2964451470514745da5ff32a6,True,ok,segmented,0.1864458333333333,False,True,val
/Users/ashley/Desktop/python/CS156-Machine-Learning/final/data/retail_images/segmentation_overlays/sandal/princess_polly_sandals_f512ad43030f_overlay.jpg,/Users/ashley/Desktop/python/CS156-Machine-Learning/final/data/retail_images/raw/sandal/princess_polly_sandals_f512ad43030f.jpg,Sandal,1344,1820,RGB,e02f0effb84ddad2498f6368cc80ea63333a80dd00c48eb53e3190a3bd5cfa62,True,ok,segmented,0.0622551183935112,False,True,val
/Users/ashley/Desktop/python/CS156-Machine-Learning/final/data/retail_images/segmentation_overlays/bag/princess_polly_bags_9fcc56477309_overlay.jpg,/Users/ashley/Desktop/python/CS156-Machine-Learning/final/data/retail_images/raw/bag/princess_polly_bags_9fcc56477309.jpg,Bag,1344,1820,RGB,5997bd264bdf1c09259b83f9d478b25561ee9bd1910541e9d85fdb97a4f93e94,True,ok,segmented,0.0338337257980115,False,True,val
/Users/ashley/Desktop/python/CS156-Machine-Learning/final/data/retail_images/segmentation_overlays/bag/anthropologie_bags_671646b20770_overlay.jpg,/Users/ashley/Desktop/python/CS156-Machine-Learning/final/data/retail_images/raw/bag/anthropologie_bags_671646b20770.jpg,Bag,349,523,RGB,a88404785e22de9b3257a0b9689f6e7b99369e75663abf60ee277c3b08370e07,True,ok,segmented,0.2554964471009768,False,True,val
/Users/ashley/Desktop/python/CS156-Machine-Learning/final/data/retail_images/segmentation_overlays/bag/princess_polly_bags_fa228ea833c1_overlay.jpg,/Users/ashley/Desktop/python/CS156-Machine-Learning/final/data/retail_images/raw/bag/princess_polly_bags_fa228ea833c1.jpg,Bag,1345,1820,RGB,308424b9e16b97f0d2055f1e01c22e053f32e762e67ba4043c9c4fd663706a3d,True,ok,segmented,0.0593365742064626,False,True,val
/Users/ashley/Desktop/python/CS156-Machine-Learning/final/data/retail_images/segmentation_overlays/shirt/urban_outfitters_shirts_blouses_170a24b9f43a_overlay.jpg,/Users/ashley/Desktop/python/CS156-Machine-Learning/final/data/retail_images/raw/shirt/urban_outfitters_shirts_blouses_170a24b9f43a.jpg,Shirt,450,675,RGB,af8cd60927b861984b5f5bc919248fa547c8084734013d08301fb1b6b162f9f0,True,ok,segmented,0.2359045267489712,False,True,val
/Users/ashley/Desktop/python/CS156-Machine-Learning/final/data/retail_images/segmentation_overlays/ankle_boot/princess_polly_boots_80249c5f41f8_overlay.jpg,/Users/ashley/Desktop/python/CS156-Machine-Learning/final/data/retail_images/raw/ankle_boot/princess_polly_boots_80249c5f41f8.jpg,Ankle boot,1344,1820,RGB,7938f8f7552d6ab534b1fa36762ddda5e5118dc539f933616b3fedaf687adc1a,True,ok,segmented,0.1334931809262166,False,True,val
/Users/ashley/Desktop/python/CS156-Machine-Learning/final/data/retail_images/segmentation_overlays/trouser/princess_polly_pants_5e70392bfa20_overlay.jpg,/Users/ashley/Desktop/python/CS156-Machine-Learning/final/data/retail_images/raw/trouser/princess_polly_pants_5e70392bfa20.jpg,Trouser,1345,1820,RGB,87b321a657dcafde1dd94ccdb466150b1e88901e625f0aedd6e0bcbc9e4cb444,True,ok,segmented,0.2016250663834307,False,True,val
/Users/ashley/Desktop/python/CS156-Machine-Learning/final/data/retail_images/segmentation_overlays/sandal/princess_polly_sandals_439db7060fc0_overlay.jpg,/Users/ashley/Desktop/python/CS156-Machine-Learning/final/data/retail_images/raw/sandal/princess_polly_sandals_439db7060fc0.jpg,Sandal,1344,1820,RGB,34874749c9cc52e3e32f5a6392066f0e67a08c0fea0731d148aaa67e5bf11890,True,ok,segmented,0.0522583071690214,False,True,val
/Users/ashley/Desktop/python/CS156-Machine-Learning/final/data/retail_images/segmentation_overlays/pullover/princess_polly_sweaters_b0189f669ce3_overlay.jpg,/Users/ashley/Desktop/python/CS156-Machine-Learning/final/data/retail_images/raw/pullover/princess_polly_sweaters_b0189f669ce3.jpg,Pullover,1345,1820,RGB,07b27f87c1d5aec2f6531f8c35e7938134bfe88b3831b7df6130a1375a1c93b2,True,ok,segmented,0.1875591323174966,False,True,val
/Users/ashley/Desktop/python/CS156-Machine-Learning/final/data/retail_images/segmentation_overlays/trouser/brandy_melville_pants_f8f96c834b4d_overlay.jpg,/Users/ashley/Desktop/python/CS156-Machine-Learning/final/data/retail_images/raw/trouser/brandy_melville_pants_f8f96c834b4d.jpg,Trouser,360,540,RGB,cba494b0490a486b1f5bae853b936a029eec5f7d184b667fe3930b57fb2808a5,True,ok,segmented,0.2529989711934156,False,True,val
/Users/ashley/Desktop/python/CS156-Machine-Learning/final/data/retail_images/segmentation_overlays/ankle_boot/anthropologie_boot_shop_bf244bcdd0e8_overlay.jpg,/Users/ashley/Desktop/python/CS156-Machine-Learning/final/data/retail_images/raw/ankle_boot/anthropologie_boot_shop_bf244bcdd0e8.jpg,Ankle boot,349,523,RGB,d11aea89d72bf6250729ecf009f15ad821df963d3b42491ccc7cd43c5d4c8b35,True,ok,segmented,0.1066527143929391,False,True,val
/Users/ashley/Desktop/python/CS156-Machine-Learning/final/data/retail_images/segmentation_overlays/shirt/anthropologie_blouses_134adf57382c_overlay.jpg,/Users/ashley/Desktop/python/CS156-Machine-Learning/final/data/retail_images/raw/shirt/anthropologie_blouses_134adf57382c.jpg,Shirt,349,523,RGB,c20c9d9002a1036c7a8e5381ac5cde6c0cc0e374965c90818504b16be59c9ed7,True,ok,segmented,0.345839245700636,False,True,val
/Users/ashley/Desktop/python/CS156-Machine-Learning/final/data/retail_images/segmentation_overlays/sneaker/anthropologie_sneakers_b0afbd1f8214_overlay.jpg,/Users/ashley/Desktop/python/CS156-Machine-Learning/final/data/retail_images/raw/sneaker/anthropologie_sneakers_b0afbd1f8214.jpg,Sneaker,349,523,RGB,3c782c52628b624327a060628e79590963aa1241e51551572912b63dcace8c3b,True,ok,segmented,0.0821905800237773,False,True,val
/Users/ashley/Desktop/python/CS156-Machine-Learning/final/data/retail_images/segmentation_overlays/shirt/anthropologie_blouses_2524442e9dd9_overlay.jpg,/Users/ashley/Desktop/python/CS156-Machine-Learning/final/data/retail_images/raw/shirt/anthropologie_blouses_2524442e9dd9.jpg,Shirt,349,523,RGB,5c90c4d0ee00a68c6fd332bdb0fc90dbf8fb7739ae3570596a8d8978daabe8c7,True,ok,segmented,0.2074432823637051,False,True,val
/Users/ashley/Desktop/python/CS156-Machine-Learning/final/data/retail_images/segmentation_overlays/dress/princess_polly_dresses_cc2b3cbecd36_overlay.jpg,/Users/ashley/Desktop/python/CS156-Machine-Learning/final/data/retail_images/raw/dress/princess_polly_dresses_cc2b3cbecd36.jpg,Dress,1344,1820,RGB,a35d592b555d7060f082c92109027f589d56cc1e1a5008a1080d5134d7ac13fd,True,ok,segmented,0.1119595434327577,False,True,val
/Users/ashley/Desktop/python/CS156-Machine-Learning/final/data/retail_images/segmentation_overlays/ankle_boot/princess_polly_boots_aedc96140d71_overlay.jpg,/Users/ashley/Desktop/python/CS156-Machine-Learning/final/data/retail_images/raw/ankle_boot/princess_polly_boots_aedc96140d71.jpg,Ankle boot,1345,1821,RGB,cd4e4e79089f97799c0d80fe008b031d6588d35ef85dbf534d3f4399e15a150e,True,ok,segmented,0.0481319753638366,False,True,val
/Users/ashley/Desktop/python/CS156-Machine-Learning/final/data/retail_images/segmentation_overlays/bag/princess_polly_bags_41e96bb78f42_overlay.jpg,/Users/ashley/Desktop/python/CS156-Machine-Learning/final/data/retail_images/raw/bag/princess_polly_bags_41e96bb78f42.jpg,Bag,1344,1819,RGB,27d1d80e4634f1129d112cc24fd2fa9faf538b3e23ff0d75151b46cb1b8b2ac4,True,ok,segmented,0.144887218906254,False,True,val
/Users/ashley/Desktop/python/CS156-Machine-Learning/final/data/retail_images/segmentation_overlays/ankle_boot/princess_polly_boots_37f21c4d5c2f_overlay.jpg,/Users/ashley/Desktop/python/CS156-Machine-Learning/final/data/retail_images/raw/ankle_boot/princess_polly_boots_37f21c4d5c2f.jpg,Ankle boot,1344,1820,RGB,0a1ea6eb4cd3fd34deda8e2815a3b99a023af34d695c61513bbaf79be21d7d8c,True,ok,segmented,0.1165284863945578,False,True,val
/Users/ashley/Desktop/python/CS156-Machine-Learning/final/data/retail_images/segmentation_overlays/t_shirt_top/brandy_melville_tops_page_4_9dc56cbac77a_overlay.jpg,/Users/ashley/Desktop/python/CS156-Machine-Learning/final/data/retail_images/raw/t_shirt_top/brandy_melville_tops_page_4_9dc56cbac77a.jpg,T-shirt/top,533,800,RGB,35840a19f488f840611b83fe712948801300b408ffc5ab988221656eacfa467a,True,ok,segmented,0.1120520637898686,False,True,val
/Users/ashley/Desktop/python/CS156-Machine-Learning/final/data/retail_images/segmentation_overlays/t_shirt_top/brandy_melville_tops_2f445afef59d_overlay.jpg,/Users/ashley/Desktop/python/CS156-Machine-Learning/final/data/retail_images/raw/t_shirt_top/brandy_melville_tops_2f445afef59d.jpg,T-shirt/top,533,800,RGB,4395ba93e28f7581e26b7f832193d2f7cbf7cdc5cf9823689155e038da731254,True,ok,segmented,0.2015032833020638,False,True,val
/Users/ashley/Desktop/python/CS156-Machine-Learning/final/data/retail_images/segmentation_overlays/ankle_boot/anthropologie_boot_shop_16a88be72916_overlay.jpg,/Users/ashley/Desktop/python/CS156-Machine-Learning/final/data/retail_images/raw/ankle_boot/anthropologie_boot_shop_16a88be72916.jpg,Ankle boot,349,523,RGB,47e3b31ec7f36399b81210e3e425b9255d6c890a88bd04ec83036c4a9742c958,True,ok,segmented,0.0840259249316539,False,True,val
/Users/ashley/Desktop/python/CS156-Machine-Learning/final/data/retail_images/segmentation_overlays/sandal/princess_polly_sandals_5859062b2d42_overlay.jpg,/Users/ashley/Desktop/python/CS156-Machine-Learning/final/data/retail_images/raw/sandal/princess_polly_sandals_5859062b2d42.jpg,Sandal,1344,1820,RGB,e54c102f97b51757c2b57671e260cc23f667f9ff9988a8caaceaa109c42a7fa6,True,ok,segmented,0.0104456927001569,False,True,val
/Users/ashley/Desktop/python/CS156-Machine-Learning/final/data/retail_images/segmentation_overlays/t_shirt_top/reformation_tops_9dd2d4c393c4_overlay.jpg,/Users/ashley/Desktop/python/CS156-Machine-Learning/final/data/retail_images/raw/t_shirt_top/reformation_tops_9dd2d4c393c4.jpg,T-shirt/top,600,800,RGB,2d50fc0cbbd43c06a7cca5bbcc0f84bf73bc03adc407bb8cd2c4edc54ab7068e,True,ok,segmented,0.1296583333333333,False,True,val
/Users/ashley/Desktop/python/CS156-Machine-Learning/final/data/retail_images/segmentation_overlays/coat/reformation_jackets_and_coats_b4605e8b3005_overlay.jpg,/Users/ashley/Desktop/python/CS156-Machine-Learning/final/data/retail_images/raw/coat/reformation_jackets_and_coats_b4605e8b3005.jpg,Coat,600,800,RGB,44c3533f06c5b2120483da294bbc90ae210b69d64d48e42609df5e650f29e6d5,True,ok,segmented,0.1984875,False,True,val
/Users/ashley/Desktop/python/CS156-Machine-Learning/final/data/retail_images/segmentation_overlays/t_shirt_top/reformation_tops_8695ca575f53_overlay.jpg,/Users/ashley/Desktop/python/CS156-Machine-Learning/final/data/retail_images/raw/t_shirt_top/reformation_tops_8695ca575f53.jpg,T-shirt/top,600,800,RGB,4916b38bd7ddc07c175fdd6401a788fec4951a6ed4488a546bdfd4cf6b59f3b9,True,ok,segmented,0.0764,False,True,val
/Users/ashley/Desktop/python/CS156-Machine-Learning/final/data/retail_images/segmentation_overlays/shirt/anthropologie_blouses_387c38398cea_overlay.jpg,/Users/ashley/Desktop/python/CS156-Machine-Learning/final/data/retail_images/raw/shirt/anthropologie_blouses_387c38398cea.jpg,Shirt,349,523,RGB,48d588bd92b3ddb0c4601007bf7246601a74cf5505f258f0a9d3c105cc332d93,True,ok,segmented,0.2752250352002717,False,True,val
/Users/ashley/Desktop/python/CS156-Machine-Learning/final/data/retail_images/segmentation_overlays/trouser/brandy_melville_pants_e7443c889ab2_overlay.jpg,/Users/ashley/Desktop/python/CS156-Machine-Learning/final/data/retail_images/raw/trouser/brandy_melville_pants_e7443c889ab2.jpg,Trouser,533,800,RGB,c89d9bc04a6a56c82329547ebcce2a0bc46cc4529d6925961dfadaa348404bde,True,ok,segmented,0.1373968105065666,False,True,val
/Users/ashley/Desktop/python/CS156-Machine-Learning/final/data/retail_images/segmentation_overlays/bag/princess_polly_bags_1f86454b5f40_overlay.jpg,/Users/ashley/Desktop/python/CS156-Machine-Learning/final/data/retail_images/raw/bag/princess_polly_bags_1f86454b5f40.jpg,Bag,1344,1820,RGB,3734befef91c2e3d177e79b38ece805648a4721fc3d02f0e3cf98b83e04369fb,True,ok,segmented,0.1302238683935112,False,True,val
/Users/ashley/Desktop/python/CS156-Machine-Learning/final/data/retail_images/segmentation_overlays/bag/princess_polly_bags_f42ae67afda4_overlay.jpg,/Users/ashley/Desktop/python/CS156-Machine-Learning/final/data/retail_images/raw/bag/princess_polly_bags_f42ae67afda4.jpg,Bag,1344,1820,RGB,cfa3e1717cf7a41ebfea947e1b0cc30719a68494332883ebc9e0b243e3d22f26,True,ok,segmented,0.0808636675824175,False,True,val
/Users/ashley/Desktop/python/CS156-Machine-Learning/final/data/retail_images/segmentation_overlays/coat/reformation_jackets_and_coats_b16c9a6dd30b_overlay.jpg,/Users/ashley/Desktop/python/CS156-Machine-Learning/final/data/retail_images/raw/coat/reformation_jackets_and_coats_b16c9a6dd30b.jpg,Coat,600,800,RGB,0db1aac1cd1eb5608ea6e20ae42e83c9ddec548318b93d44b296b7dd4977bcd4,True,ok,segmented,0.1010875,False,True,val
/Users/ashley/Desktop/python/CS156-Machine-Learning/final/data/retail_images/segmentation_overlays/t_shirt_top/brandy_melville_tops_page_4_d6c2a2b13b97_overlay.jpg,/Users/ashley/Desktop/python/CS156-Machine-Learning/final/data/retail_images/raw/t_shirt_top/brandy_melville_tops_page_4_d6c2a2b13b97.jpg,T-shirt/top,533,800,RGB,8024d1f7cf217de15a010656fb01eab75d1c3586fcf01e43c5d12f7c63f38828,True,ok,segmented,0.3299296435272045,False,True,val
/Users/ashley/Desktop/python/CS156-Machine-Learning/final/data/retail_images/segmentation_overlays/t_shirt_top/brandy_melville_tops_4319e2215464_overlay.jpg,/Users/ashley/Desktop/python/CS156-Machine-Learning/final/data/retail_images/raw/t_shirt_top/brandy_melville_tops_4319e2215464.jpg,T-shirt/top,360,540,RGB,2751849865412d1e0cc4737335603ad7a64935d617c4de2e231c8cf52e9c8e8e,True,ok,segmented,0.1808899176954732,False,True,val
/Users/ashley/Desktop/python/CS156-Machine-Learning/final/data/retail_images/segmentation_overlays/sneaker/princess_polly_sneakers_d8e065798f34_overlay.jpg,/Users/ashley/Desktop/python/CS156-Machine-Learning/final/data/retail_images/raw/sneaker/princess_polly_sneakers_d8e065798f34.jpg,Sneaker,1344,1820,RGB,05a416a4067b9db0fbb89c3b1ca725f9518379d20bfa0b98bb36786e44f8b8aa,True,ok,segmented,0.0209760105965463,False,True,val
/Users/ashley/Desktop/python/CS156-Machine-Learning/final/data/retail_images/segmentation_overlays/trouser/princess_polly_pants_127c40606224_overlay.jpg,/Users/ashley/Desktop/python/CS156-Machine-Learning/final/data/retail_images/raw/trouser/princess_polly_pants_127c40606224.jpg,Trouser,1345,1821,RGB,bcd554b46ed3b55ac7d8a893e7613012cef9d8043f7f9ccfbc8ca4fb01985b72,True,ok,segmented,0.27357655114127,False,True,val
/Users/ashley/Desktop/python/CS156-Machine-Learning/final/data/retail_images/segmentation_overlays/dress/princess_polly_dresses_49073f7948af_overlay.jpg,/Users/ashley/Desktop/python/CS156-Machine-Learning/final/data/retail_images/raw/dress/princess_polly_dresses_49073f7948af.jpg,Dress,1345,1820,RGB,e35f8b14f85c2552588996d8fc51c1c185933d2ae23c8a369884f41655bd5045,True,ok,segmented,0.0691437558723804,False,True,val
/Users/ashley/Desktop/python/CS156-Machine-Learning/final/data/retail_images/segmentation_overlays/sneaker/anthropologie_sneakers_3746779c6acd_overlay.jpg,/Users/ashley/Desktop/python/CS156-Machine-Learning/final/data/retail_images/raw/sneaker/anthropologie_sneakers_3746779c6acd.jpg,Sneaker,349,523,RGB,e2f3fd67e77433578488f955e845137849dc9fc54e98c3c7a0db45bba5e558e2,True,ok,segmented,0.0591364565242402,False,True,val
/Users/ashley/Desktop/python/CS156-Machine-Learning/final/data/retail_images/segmentation_overlays/bag/anthropologie_bags_bc7a978e3692_overlay.jpg,/Users/ashley/Desktop/python/CS156-Machine-Learning/final/data/retail_images/raw/bag/anthropologie_bags_bc7a978e3692.jpg,Bag,349,523,RGB,4f5d255d408ac6237543a93df85559867baacda3a21a377a6c6458f1990b9225,True,ok,segmented,0.162666345253031,False,True,val
/Users/ashley/Desktop/python/CS156-Machine-Learning/final/data/retail_images/segmentation_overlays/shirt/princess_polly_button_ups_5f1460402cad_overlay.jpg,/Users/ashley/Desktop/python/CS156-Machine-Learning/final/data/retail_images/raw/shirt/princess_polly_button_ups_5f1460402cad.jpg,Shirt,1345,1820,RGB,382b2a4aa554e0a0df3bccfe36887848f5ec87b4947852a9362c86b368103ff6,True,ok,segmented,0.2346586870378691,False,True,val
/Users/ashley/Desktop/python/CS156-Machine-Learning/final/data/retail_images/segmentation_overlays/dress/anthropologie_dresses_d586b0c1bd86_overlay.jpg,/Users/ashley/Desktop/python/CS156-Machine-Learning/final/data/retail_images/raw/dress/anthropologie_dresses_d586b0c1bd86.jpg,Dress,349,523,RGB,aa874628a72fa1e244ce27e9c2267289316eec3a65f5870f96aaf1fcad78e692,True,ok,segmented,0.2044409868129098,False,True,val
/Users/ashley/Desktop/python/CS156-Machine-Learning/final/data/retail_images/segmentation_overlays/sandal/urban_outfitters_sandals_71c31ca993a9_overlay.jpg,/Users/ashley/Desktop/python/CS156-Machine-Learning/final/data/retail_images/raw/sandal/urban_outfitters_sandals_71c31ca993a9.jpg,Sandal,698,1046,RGB,23303bf89e206fea7dc7525cea2c17355e6311b1b4f855167b343ae0bb9466e5,True,ok,segmented,0.0221515173097678,False,True,val
/Users/ashley/Desktop/python/CS156-Machine-Learning/final/data/retail_images/segmentation_overlays/trouser/princess_polly_pants_66ad273bc136_overlay.jpg,/Users/ashley/Desktop/python/CS156-Machine-Learning/final/data/retail_images/raw/trouser/princess_polly_pants_66ad273bc136.jpg,Trouser,1345,1821,RGB,9176a167e8cb5f2972d3dd056381b6dfc74e91fca8c136ee235a13442651e1d0,True,ok,segmented,0.1647691431441117,False,True,val
/Users/ashley/Desktop/python/CS156-Machine-Learning/final/data/retail_images/segmentation_overlays/dress/reformation_dresses_b5c8b68dfd39_overlay.jpg,/Users/ashley/Desktop/python/CS156-Machine-Learning/final/data/retail_images/raw/dress/reformation_dresses_b5c8b68dfd39.jpg,Dress,600,800,RGB,6754d092d684f7f7bdcea94a0ba83b822f1938a120240a9b7be92040ad877e44,True,ok,segmented,0.0553875,False,True,val
/Users/ashley/Desktop/python/CS156-Machine-Learning/final/data/retail_images/segmentation_overlays/sneaker/anthropologie_sneakers_32d5ce317aee_overlay.jpg,/Users/ashley/Desktop/python/CS156-Machine-Learning/final/data/retail_images/raw/sneaker/anthropologie_sneakers_32d5ce317aee.jpg,Sneaker,349,523,RGB,f3d64b2fcc69ab3f6e3164efc375f3e6c1b0d60f7986dfb8900a458c3e205e0a,True,ok,segmented,0.0894004722588986,False,True,val
/Users/ashley/Desktop/python/CS156-Machine-Learning/final/data/retail_images/segmentation_overlays/coat/reformation_outerwear_5652d8dd7c0c_overlay.jpg,/Users/ashley/Desktop/python/CS156-Machine-Learning/final/data/retail_images/raw/coat/reformation_outerwear_5652d8dd7c0c.jpg,Coat,600,800,RGB,5af6c6d59f0c9ee23545c90ef84da78884a8898e1a0fae5e60642029123f4947,True,ok,segmented,0.07796875,False,True,val
/Users/ashley/Desktop/python/CS156-Machine-Learning/final/data/retail_images/segmentation_overlays/sneaker/anthropologie_sneakers_87a9671a07fb_overlay.jpg,/Users/ashley/Desktop/python/CS156-Machine-Learning/final/data/retail_images/raw/sneaker/anthropologie_sneakers_87a9671a07fb.jpg,Sneaker,349,523,RGB,34afd08bee79539f43531ec641035aab7edbb534644650c3e0643d286b1df541,True,ok,segmented,0.0409418880494392,False,True,val
/Users/ashley/Desktop/python/CS156-Machine-Learning/final/data/retail_images/segmentation_overlays/shirt/anthropologie_blouses_ec9d9ab52bb5_overlay.jpg,/Users/ashley/Desktop/python/CS156-Machine-Learning/final/data/retail_images/raw/shirt/anthropologie_blouses_ec9d9ab52bb5.jpg,Shirt,349,523,RGB,e8337c01d992c982ab1fe57b8ada4015624cbd80b6eeb1e70f453ef19ab2340f,True,ok,segmented,0.2991173908517644,False,True,val
/Users/ashley/Desktop/python/CS156-Machine-Learning/final/data/retail_images/segmentation_overlays/t_shirt_top/brandy_melville_tops_e39f833af212_overlay.jpg,/Users/ashley/Desktop/python/CS156-Machine-Learning/final/data/retail_images/raw/t_shirt_top/brandy_melville_tops_e39f833af212.jpg,T-shirt/top,360,540,RGB,fb3cf352e64d3bea5da7401beecef997d2967a2287c2fd0bb06be901b285ed77,True,ok,segmented,0.1546862139917695,False,True,val
/Users/ashley/Desktop/python/CS156-Machine-Learning/final/data/retail_images/segmentation_overlays/shirt/princess_polly_shirts_blouses_1021926c25db_overlay.jpg,/Users/ashley/Desktop/python/CS156-Machine-Learning/final/data/retail_images/raw/shirt/princess_polly_shirts_blouses_1021926c25db.jpg,Shirt,1345,1821,RGB,d89a48bf7b0bd5dc5b779ced7eda2c9fe13cbbc0147e8b79657b290ffa8b9fad,True,ok,segmented,0.2684639552188531,False,True,val
/Users/ashley/Desktop/python/CS156-Machine-Learning/final/data/retail_images/segmentation_overlays/pullover/princess_polly_sweaters_f7d230314216_overlay.jpg,/Users/ashley/Desktop/python/CS156-Machine-Learning/final/data/retail_images/raw/pullover/princess_polly_sweaters_f7d230314216.jpg,Pullover,1345,1820,RGB,eb8680a01887bb68105d3b50f7a1afa6ca57179fbecc2c35f5f8376a2208cbb6,True,ok,segmented,0.2685898116753135,False,True,val
/Users/ashley/Desktop/python/CS156-Machine-Learning/final/data/retail_images/segmentation_overlays/sandal/princess_polly_sandals_34e76dfb6574_overlay.jpg,/Users/ashley/Desktop/python/CS156-Machine-Learning/final/data/retail_images/raw/sandal/princess_polly_sandals_34e76dfb6574.jpg,Sandal,1344,1820,RGB,91d5a2053c5dbd7e3a541cd7e053871326becb172bce77eb482a4770dc4decbd,True,ok,segmented,0.0172443256148613,False,True,val
/Users/ashley/Desktop/python/CS156-Machine-Learning/final/data/retail_images/segmentation_overlays/pullover/princess_polly_sweaters_da58a62ce67c_overlay.jpg,/Users/ashley/Desktop/python/CS156-Machine-Learning/final/data/retail_images/raw/pullover/princess_polly_sweaters_da58a62ce67c.jpg,Pullover,1344,1820,RGB,5be8c45a03b3b4131591266209bdaaee751984ec3de5006e4c612ad52aae0723,True,ok,segmented,0.1934278519099947,False,True,val
/Users/ashley/Desktop/python/CS156-Machine-Learning/final/data/retail_images/segmentation_overlays/sandal/urban_outfitters_sandals_29157a959ca2_overlay.jpg,/Users/ashley/Desktop/python/CS156-Machine-Learning/final/data/retail_images/raw/sandal/urban_outfitters_sandals_29157a959ca2.jpg,Sandal,450,675,RGB,2ec19f15f7d7f294cbb9accdb4455dbe2eb53749c6a84bc11d1869f2d09effd5,True,ok,segmented,0.071917695473251,False,True,val
/Users/ashley/Desktop/python/CS156-Machine-Learning/final/data/retail_images/segmentation_overlays/pullover/anthropologie_sweaters_aa5719ae0674_overlay.jpg,/Users/ashley/Desktop/python/CS156-Machine-Learning/final/data/retail_images/raw/pullover/anthropologie_sweaters_aa5719ae0674.jpg,Pullover,349,523,RGB,163c7de13b61fc4829407780ea228079b3c47dfdf3bfda1ce381b19240405ddf,True,ok,segmented,0.3231850630317706,False,True,val
/Users/ashley/Desktop/python/CS156-Machine-Learning/final/data/retail_images/segmentation_overlays/sandal/anthropologie_sandals_ef540867a790_overlay.jpg,/Users/ashley/Desktop/python/CS156-Machine-Learning/final/data/retail_images/raw/sandal/anthropologie_sandals_ef540867a790.jpg,Sandal,349,523,RGB,cea195530ab72432a5e65411f5613e9bfe06a889df8ce8ba37071b373d39ca96,True,ok,segmented,0.085143567800928,False,True,val
/Users/ashley/Desktop/python/CS156-Machine-Learning/final/data/retail_images/segmentation_overlays/t_shirt_top/brandy_melville_tops_7b5e0d528356_overlay.jpg,/Users/ashley/Desktop/python/CS156-Machine-Learning/final/data/retail_images/raw/t_shirt_top/brandy_melville_tops_7b5e0d528356.jpg,T-shirt/top,533,800,RGB,6ed7370230c5a006abfd54b429e5d2653ad8eb940c8a5d13591ea397693283d1,True,ok,segmented,0.1361468105065666,False,True,val
/Users/ashley/Desktop/python/CS156-Machine-Learning/final/data/retail_images/segmentation_overlays/ankle_boot/anthropologie_boot_shop_0071265add5f_overlay.jpg,/Users/ashley/Desktop/python/CS156-Machine-Learning/final/data/retail_images/raw/ankle_boot/anthropologie_boot_shop_0071265add5f.jpg,Ankle boot,349,523,RGB,ea868943d2ff0a27a423b8ff5603b065b3df71c54ac96e20c11ec34e3d0602d0,True,ok,segmented,0.062527735622675,False,True,val
/Users/ashley/Desktop/python/CS156-Machine-Learning/final/data/retail_images/segmentation_overlays/pullover/princess_polly_sweaters_42da6d7bc1d2_overlay.jpg,/Users/ashley/Desktop/python/CS156-Machine-Learning/final/data/retail_images/raw/pullover/princess_polly_sweaters_42da6d7bc1d2.jpg,Pullover,1344,1820,RGB,bbc71f764b53a0e940acbf6c258d7062b31339939ff75a41d865126c71d2ef8a,True,ok,segmented,0.2522513572736787,False,True,val
/Users/ashley/Desktop/python/CS156-Machine-Learning/final/data/retail_images/segmentation_overlays/sneaker/anthropologie_sneakers_18cfc659a217_overlay.jpg,/Users/ashley/Desktop/python/CS156-Machine-Learning/final/data/retail_images/raw/sneaker/anthropologie_sneakers_18cfc659a217.jpg,Sneaker,349,523,RGB,8fa0811689d8cfcc8b9d6d4a1c95fe4ef279a723f3604ebd469a10a2ae7af48a,True,ok,segmented,0.1733332602847798,False,True,val
/Users/ashley/Desktop/python/CS156-Machine-Learning/final/data/retail_images/segmentation_overlays/sneaker/anthropologie_sneakers_c59459e70799_overlay.jpg,/Users/ashley/Desktop/python/CS156-Machine-Learning/final/data/retail_images/raw/sneaker/anthropologie_sneakers_c59459e70799.jpg,Sneaker,349,523,RGB,728dfed59a7a84cd679d7992012c827cfcd6302a087587d3b07269dd8804dc8b,True,ok,segmented,0.0457904857911432,False,True,val
/Users/ashley/Desktop/python/CS156-Machine-Learning/final/data/retail_images/segmentation_overlays/sneaker/anthropologie_sneakers_953872380bfd_overlay.jpg,/Users/ashley/Desktop/python/CS156-Machine-Learning/final/data/retail_images/raw/sneaker/anthropologie_sneakers_953872380bfd.jpg,Sneaker,349,523,RGB,af09ed139ddb55bfcd4435ae9906a1b227f846cde78a8493c1261a6979d68c3e,True,ok,segmented,0.08844170999359,False,True,val
/Users/ashley/Desktop/python/CS156-Machine-Learning/final/data/retail_images/segmentation_overlays/coat/reformation_outerwear_e79a66f58d40_overlay.jpg,/Users/ashley/Desktop/python/CS156-Machine-Learning/final/data/retail_images/raw/coat/reformation_outerwear_e79a66f58d40.jpg,Coat,368,491,RGB,9fab73a687d9ab6a99023c62db545b3fec2ce8e684594b248c3d55de7304839f,True,ok,segmented,0.1048271052864606,False,True,val
/Users/ashley/Desktop/python/CS156-Machine-Learning/final/data/retail_images/segmentation_overlays/shirt/anthropologie_blouses_3c008f61b908_overlay.jpg,/Users/ashley/Desktop/python/CS156-Machine-Learning/final/data/retail_images/raw/shirt/anthropologie_blouses_3c008f61b908.jpg,Shirt,349,523,RGB,2bfb10e71d63fa959d04ca190259dd08cdc14f5214cee67ee7ea373127acee08,True,ok,segmented,0.4478022429558366,False,True,val
/Users/ashley/Desktop/python/CS156-Machine-Learning/final/data/retail_images/segmentation_overlays/shirt/anthropologie_blouses_16f375d22249_overlay.jpg,/Users/ashley/Desktop/python/CS156-Machine-Learning/final/data/retail_images/raw/shirt/anthropologie_blouses_16f375d22249.jpg,Shirt,349,523,RGB,8bdf1400bfc30e92e415c83e065cac403bac7d92e184cefbb459463ba7ecc291,True,ok,segmented,0.2611777983531204,False,True,val
/Users/ashley/Desktop/python/CS156-Machine-Learning/final/data/retail_images/segmentation_overlays/ankle_boot/anthropologie_boot_shop_d4443bbf136b_overlay.jpg,/Users/ashley/Desktop/python/CS156-Machine-Learning/final/data/retail_images/raw/ankle_boot/anthropologie_boot_shop_d4443bbf136b.jpg,Ankle boot,349,523,RGB,b3ed012b07c227bbfef4d93c67547acf94640370858c6142285735f2d4b190ec,True,ok,segmented,0.0493132522859631,False,True,val
/Users/ashley/Desktop/python/CS156-Machine-Learning/final/data/retail_images/segmentation_overlays/trouser/brandy_melville_pants_f0ca0a6c4474_overlay.jpg,/Users/ashley/Desktop/python/CS156-Machine-Learning/final/data/retail_images/raw/trouser/brandy_melville_pants_f0ca0a6c4474.jpg,Trouser,360,540,RGB,9f97168b11b15c6db6a45c3ec36049d33566404f6081f8dcb573ab5e4129f2b6,True,ok,segmented,0.2700154320987654,False,True,val
/Users/ashley/Desktop/python/CS156-Machine-Learning/final/data/retail_images/segmentation_overlays/ankle_boot/princess_polly_boots_5b834c71ed5f_overlay.jpg,/Users/ashley/Desktop/python/CS156-Machine-Learning/final/data/retail_images/raw/ankle_boot/princess_polly_boots_5b834c71ed5f.jpg,Ankle boot,1345,1820,RGB,38e3507eeab87498a45ffd58be5aedf5881414096ae55903c20dee54a54568bf,True,ok,segmented,0.0183732995628906,False,True,val
/Users/ashley/Desktop/python/CS156-Machine-Learning/final/data/retail_images/segmentation_overlays/pullover/princess_polly_sweaters_9d1a6d05a60f_overlay.jpg,/Users/ashley/Desktop/python/CS156-Machine-Learning/final/data/retail_images/raw/pullover/princess_polly_sweaters_9d1a6d05a60f.jpg,Pullover,1344,1820,RGB,5b65b65de6c1abb98406102ecc0c26f0b34cd24ba4c319021f7335c1a19d6c67,True,ok,segmented,0.3671973116169544,False,True,val
/Users/ashley/Desktop/python/CS156-Machine-Learning/final/data/retail_images/segmentation_overlays/trouser/brandy_melville_pants_689332e2b7a6_overlay.jpg,/Users/ashley/Desktop/python/CS156-Machine-Learning/final/data/retail_images/raw/trouser/brandy_melville_pants_689332e2b7a6.jpg,Trouser,533,800,RGB,ca58b282d37c67274e7a1854e758739f6f2c49115c27e04eb60816d26e849f12,True,ok,segmented,0.0704127579737335,False,True,val
/Users/ashley/Desktop/python/CS156-Machine-Learning/final/data/retail_images/segmentation_overlays/ankle_boot/anthropologie_boot_shop_601837d569ad_overlay.jpg,/Users/ashley/Desktop/python/CS156-Machine-Learning/final/data/retail_images/raw/ankle_boot/anthropologie_boot_shop_601837d569ad.jpg,Ankle boot,349,523,RGB,7b2344d7f14d19f4b9a13cff6bdda3ab7a27f31d8de08878cc36ffdf9b4df1a8,True,ok,segmented,0.1048228481265785,False,True,val
/Users/ashley/Desktop/python/CS156-Machine-Learning/final/data/retail_images/segmentation_overlays/trouser/brandy_melville_pants_8d4fc037dcb5_overlay.jpg,/Users/ashley/Desktop/python/CS156-Machine-Learning/final/data/retail_images/raw/trouser/brandy_melville_pants_8d4fc037dcb5.jpg,Trouser,533,800,RGB,9aa566bc4adca959ab1ccd8d739d9c8cb38af785bfaf7e2776f2d2798d1aec41,True,ok,segmented,0.1456261726078799,False,True,val
/Users/ashley/Desktop/python/CS156-Machine-Learning/final/data/retail_images/segmentation_overlays/ankle_boot/princess_polly_boots_82c8e9a4e06e_overlay.jpg,/Users/ashley/Desktop/python/CS156-Machine-Learning/final/data/retail_images/raw/ankle_boot/princess_polly_boots_82c8e9a4e06e.jpg,Ankle boot,1345,1820,RGB,ab819ffedf3bd8d040be0d408a1e5f9adc6f64f0a696afb7699797838817bbf7,True,ok,segmented,0.1253384533681931,False,True,val
/Users/ashley/Desktop/python/CS156-Machine-Learning/final/data/retail_images/segmentation_overlays/sandal/anthropologie_sandals_8d47fff021d3_overlay.jpg,/Users/ashley/Desktop/python/CS156-Machine-Learning/final/data/retail_images/raw/sandal/anthropologie_sandals_8d47fff021d3.jpg,Sandal,349,523,RGB,48f69a86b0efd9b5d8cb4b075e9c950dd29c52d3b953d6f53c29b9aac84bc0d1,True,ok,segmented,0.0474669500950544,False,True,val
/Users/ashley/Desktop/python/CS156-Machine-Learning/final/data/retail_images/segmentation_overlays/pullover/anthropologie_sweaters_9a31daed3150_overlay.jpg,/Users/ashley/Desktop/python/CS156-Machine-Learning/final/data/retail_images/raw/pullover/anthropologie_sweaters_9a31daed3150.jpg,Pullover,349,523,RGB,19bdc84bb61e618863771cf4f9335ccf79c94e3564d17dee79ef9fe4448cbad6,True,ok,segmented,0.3513836309148783,False,True,val
/Users/ashley/Desktop/python/CS156-Machine-Learning/final/data/retail_images/segmentation_overlays/dress/princess_polly_dresses_ed7621507678_overlay.jpg,/Users/ashley/Desktop/python/CS156-Machine-Learning/final/data/retail_images/raw/dress/princess_polly_dresses_ed7621507678.jpg,Dress,990,396,RGB,965fb7f5d8b5f6938114c829c2853ce965e5a3321693c59f4fe38379853ee4c5,True,ok,segmented,0.0477527803285379,False,True,val
/Users/ashley/Desktop/python/CS156-Machine-Learning/final/data/retail_images/segmentation_overlays/sneaker/fashion_nova_sneakers_0892a01dcf26_overlay.jpg,/Users/ashley/Desktop/python/CS156-Machine-Learning/final/data/retail_images/raw/sneaker/fashion_nova_sneakers_0892a01dcf26.jpg,Sneaker,400,599,RGB,8d7659fd30cad6ede24088af74fe2cb7183546bdebc91351965abc7b07ce9903,True,ok,segmented,0.0472996661101836,False,True,val
/Users/ashley/Desktop/python/CS156-Machine-Learning/final/data/retail_images/segmentation_overlays/sneaker/urban_outfitters_sneakers_8f9c1349553b_overlay.jpg,/Users/ashley/Desktop/python/CS156-Machine-Learning/final/data/retail_images/raw/sneaker/urban_outfitters_sneakers_8f9c1349553b.jpg,Sneaker,450,675,RGB,3882c4b6d39f63fa30a117f8301ec19997a729bb2e800fcd06479865e61ab406,True,ok,segmented,0.015272427983539,False,True,val
/Users/ashley/Desktop/python/CS156-Machine-Learning/final/data/retail_images/segmentation_overlays/sandal/princess_polly_sandals_684d495fc8a1_overlay.jpg,/Users/ashley/Desktop/python/CS156-Machine-Learning/final/data/retail_images/raw/sandal/princess_polly_sandals_684d495fc8a1.jpg,Sandal,1344,1820,RGB,fab741dafa997d36ed1fba57f10540862fd66c8e5203da80e8f9377cd10e9e16,True,ok,segmented,0.0606366104133961,False,True,val
/Users/ashley/Desktop/python/CS156-Machine-Learning/final/data/retail_images/segmentation_overlays/dress/reformation_dresses_dd41ac870ebb_overlay.jpg,/Users/ashley/Desktop/python/CS156-Machine-Learning/final/data/retail_images/raw/dress/reformation_dresses_dd41ac870ebb.jpg,Dress,600,800,RGB,8a812912c7e7a014c64e5874b415383199a80875dde59983d45ada9cadbf8a44,True,ok,segmented,0.2015479166666666,False,True,val
/Users/ashley/Desktop/python/CS156-Machine-Learning/final/data/retail_images/segmentation_overlays/shirt/anthropologie_blouses_a924291eb87c_overlay.jpg,/Users/ashley/Desktop/python/CS156-Machine-Learning/final/data/retail_images/raw/shirt/anthropologie_blouses_a924291eb87c.jpg,Shirt,349,523,RGB,d2a648a40ddfb4d7a16645151e891c2b44e7c3e4fcbfce8d1f2f367586c3f94e,True,ok,segmented,0.3766456469453834,False,True,val
/Users/ashley/Desktop/python/CS156-Machine-Learning/final/data/retail_images/segmentation_overlays/ankle_boot/princess_polly_boots_0b4536745240_overlay.jpg,/Users/ashley/Desktop/python/CS156-Machine-Learning/final/data/retail_images/raw/ankle_boot/princess_polly_boots_0b4536745240.jpg,Ankle boot,1345,1820,RGB,d0ca5f36914d22103b8c3fdcac9deba1644dc6396124b4dd0a86208d38714a75,True,ok,segmented,0.058971771722701,False,True,val
/Users/ashley/Desktop/python/CS156-Machine-Learning/final/data/retail_images/segmentation_overlays/bag/anthropologie_bags_16f6d31ed0be_overlay.jpg,/Users/ashley/Desktop/python/CS156-Machine-Learning/final/data/retail_images/raw/bag/anthropologie_bags_16f6d31ed0be.jpg,Bag,349,523,RGB,928ea70e15b60e44465cf79298c91ed7e51fa4151d4de3f07e705248148304ba,True,ok,segmented,0.220444098681291,False,True,val
/Users/ashley/Desktop/python/CS156-Machine-Learning/final/data/retail_images/segmentation_overlays/bag/princess_polly_bags_2b9bf58d16c2_overlay.jpg,/Users/ashley/Desktop/python/CS156-Machine-Learning/final/data/retail_images/raw/bag/princess_polly_bags_2b9bf58d16c2.jpg,Bag,1345,1820,RGB,0e554b05424d46f7b8b1ca359dbe08fe90793e9ce351a4cfbbe3b36e8debed7b,True,ok,segmented,0.024218718084889,False,True,val
/Users/ashley/Desktop/python/CS156-Machine-Learning/final/data/retail_images/segmentation_overlays/dress/princess_polly_dresses_9dc2864756e0_overlay.jpg,/Users/ashley/Desktop/python/CS156-Machine-Learning/final/data/retail_images/raw/dress/princess_polly_dresses_9dc2864756e0.jpg,Dress,1345,1820,RGB,cc52a07566f574e8f927e911af13a98b44c07ce6ee45c6c9be92051b88521a50,True,ok,segmented,0.1919236896932064,False,True,val
/Users/ashley/Desktop/python/CS156-Machine-Learning/final/data/retail_images/segmentation_overlays/bag/anthropologie_bags_7be381d0aa6a_overlay.jpg,/Users/ashley/Desktop/python/CS156-Machine-Learning/final/data/retail_images/raw/bag/anthropologie_bags_7be381d0aa6a.jpg,Bag,349,523,RGB,589922acabde41a189298957b1e6cc61f1ff6c544efa57d94edd8c0cd94f3019,True,ok,segmented,0.3598097815665627,False,True,val
/Users/ashley/Desktop/python/CS156-Machine-Learning/final/data/retail_images/segmentation_overlays/trouser/princess_polly_pants_faf9ea488f8f_overlay.jpg,/Users/ashley/Desktop/python/CS156-Machine-Learning/final/data/retail_images/raw/trouser/princess_polly_pants_faf9ea488f8f.jpg,Trouser,1344,1820,RGB,1c1cd5a82831f1a4b06df6d3c7ea1680dc8bf4d200de234a870192adb7168d7b,True,ok,segmented,0.1668301936159079,False,True,val
/Users/ashley/Desktop/python/CS156-Machine-Learning/final/data/retail_images/segmentation_overlays/sneaker/anthropologie_sneakers_f0e8385dffe3_overlay.jpg,/Users/ashley/Desktop/python/CS156-Machine-Learning/final/data/retail_images/raw/sneaker/anthropologie_sneakers_f0e8385dffe3.jpg,Sneaker,349,523,RGB,a1e6441aec8bfe3c715cab91df79d8cdd3f0ea78f19b357f12dfcdbe25b22bb7,True,ok,segmented,0.0243196896897445,False,True,val
/Users/ashley/Desktop/python/CS156-Machine-Learning/final/data/retail_images/segmentation_overlays/dress/anthropologie_dresses_37e095016f9e_overlay.jpg,/Users/ashley/Desktop/python/CS156-Machine-Learning/final/data/retail_images/raw/dress/anthropologie_dresses_37e095016f9e.jpg,Dress,349,523,RGB,5b7c970ea3c54d567fb9a48328c42d7084eeb6f9a0ad5df86d00f87bd0e0504f,True,ok,segmented,0.2784903055438373,False,True,val
/Users/ashley/Desktop/python/CS156-Machine-Learning/final/data/retail_images/segmentation_overlays/pullover/reformation_sweaters_2afdc11facd6_overlay.jpg,/Users/ashley/Desktop/python/CS156-Machine-Learning/final/data/retail_images/raw/pullover/reformation_sweaters_2afdc11facd6.jpg,Pullover,600,800,RGB,487b3197e28eaec98805bbc579e30fe46037d981ff913081189c7bf77a42a3e7,True,ok,segmented,0.06440625,False,True,val
/Users/ashley/Desktop/python/CS156-Machine-Learning/final/data/retail_images/segmentation_overlays/coat/reformation_jackets_and_coats_7401cfb697a4_overlay.jpg,/Users/ashley/Desktop/python/CS156-Machine-Learning/final/data/retail_images/raw/coat/reformation_jackets_and_coats_7401cfb697a4.jpg,Coat,600,800,RGB,bacffe9df09d0c86ff1506cefb8b19891b3e4021b790e88db7673e4291583b2d,True,ok,segmented,0.1536395833333333,False,True,val
/Users/ashley/Desktop/python/CS156-Machine-Learning/final/data/retail_images/segmentation_overlays/coat/reformation_jackets_and_coats_f3b50ce21383_overlay.jpg,/Users/ashley/Desktop/python/CS156-Machine-Learning/final/data/retail_images/raw/coat/reformation_jackets_and_coats_f3b50ce21383.jpg,Coat,600,800,RGB,caa2b3a83ecb45430b70aede2c53d0f5d3085a9d485d84db323adc3016e45aae,True,ok,segmented,0.7602104166666667,False,True,val
/Users/ashley/Desktop/python/CS156-Machine-Learning/final/data/retail_images/segmentation_overlays/coat/reformation_outerwear_61f1843b14dd_overlay.jpg,/Users/ashley/Desktop/python/CS156-Machine-Learning/final/data/retail_images/raw/coat/reformation_outerwear_61f1843b14dd.jpg,Coat,600,800,RGB,1784940199bce1b3be2248cebaae99d5eacb728f1e4570495b05ced8eba9de55,True,ok,segmented,0.0580291666666666,False,True,val
/Users/ashley/Desktop/python/CS156-Machine-Learning/final/data/retail_images/segmentation_overlays/t_shirt_top/brandy_melville_tops_27011dd95bb0_overlay.jpg,/Users/ashley/Desktop/python/CS156-Machine-Learning/final/data/retail_images/raw/t_shirt_top/brandy_melville_tops_27011dd95bb0.jpg,T-shirt/top,533,800,RGB,e00108b32b24b15c8dfd6efd06cc2ab8d18a0434c949de062d8ccbc53e986b1d,True,ok,segmented,0.1923334896810506,False,True,test
/Users/ashley/Desktop/python/CS156-Machine-Learning/final/data/retail_images/segmentation_overlays/trouser/princess_polly_pants_bbf5cb0938f5_overlay.jpg,/Users/ashley/Desktop/python/CS156-Machine-Learning/final/data/retail_images/raw/trouser/princess_polly_pants_bbf5cb0938f5.jpg,Trouser,1345,1820,RGB,fd1a6977e11dff8c91780d3b58ea46c6fc4ab63db907587206a83aac8a4d5845,True,ok,segmented,0.2998255647698027,False,True,test
/Users/ashley/Desktop/python/CS156-Machine-Learning/final/data/retail_images/segmentation_overlays/trouser/princess_polly_pants_dbcf57a07922_overlay.jpg,/Users/ashley/Desktop/python/CS156-Machine-Learning/final/data/retail_images/raw/trouser/princess_polly_pants_dbcf57a07922.jpg,Trouser,1344,1819,RGB,5e2fe0716e99fc859593dcb829ed75e089d250a12290a603fe126d59e6f91c22,True,ok,segmented,0.2274466445456687,False,True,test
/Users/ashley/Desktop/python/CS156-Machine-Learning/final/data/retail_images/segmentation_overlays/shirt/anthropologie_blouses_899c383d1a40_overlay.jpg,/Users/ashley/Desktop/python/CS156-Machine-Learning/final/data/retail_images/raw/shirt/anthropologie_blouses_899c383d1a40.jpg,Shirt,349,523,RGB,39395c8298cb726c60e59bdbe8216c2a159261f948b3af242d145c347773585c,True,ok,segmented,0.3560514334865526,False,True,test
/Users/ashley/Desktop/python/CS156-Machine-Learning/final/data/retail_images/segmentation_overlays/trouser/princess_polly_pants_a32d4cd39a31_overlay.jpg,/Users/ashley/Desktop/python/CS156-Machine-Learning/final/data/retail_images/raw/trouser/princess_polly_pants_a32d4cd39a31.jpg,Trouser,1345,1820,RGB,f5335c843eb9cd43beaec4269784e42efe29cb720b71714c1dd4ddbc1d1cbf07,True,ok,segmented,0.1619420727970913,False,True,test
/Users/ashley/Desktop/python/CS156-Machine-Learning/final/data/retail_images/segmentation_overlays/dress/anthropologie_dresses_effbad416e99_overlay.jpg,/Users/ashley/Desktop/python/CS156-Machine-Learning/final/data/retail_images/raw/dress/anthropologie_dresses_effbad416e99.webp,Dress,698,1046,RGB,a4f190109e199c0e391b3d22083b79e9be588318daa6ba471a5a2fb611038d4b,True,ok,segmented,0.1680299352972437,False,True,test
/Users/ashley/Desktop/python/CS156-Machine-Learning/final/data/retail_images/segmentation_overlays/shirt/anthropologie_blouses_c110cc4c0220_overlay.jpg,/Users/ashley/Desktop/python/CS156-Machine-Learning/final/data/retail_images/raw/shirt/anthropologie_blouses_c110cc4c0220.jpg,Shirt,349,523,RGB,26eb3ad1713d84987086832bc4f47be6c6ca9b289d94b83417ab2e29027edc7d,True,ok,segmented,0.2254351411024122,False,True,test
/Users/ashley/Desktop/python/CS156-Machine-Learning/final/data/retail_images/segmentation_overlays/ankle_boot/anthropologie_boot_shop_119f3a8b66e6_overlay.jpg,/Users/ashley/Desktop/python/CS156-Machine-Learning/final/data/retail_images/raw/ankle_boot/anthropologie_boot_shop_119f3a8b66e6.jpg,Ankle boot,349,523,RGB,b883112f8aa2089da08a3d858745d2e102647cf5b5863fb9375c9166ddc9bd58,True,ok,segmented,0.2313192020906496,False,True,test
/Users/ashley/Desktop/python/CS156-Machine-Learning/final/data/retail_images/segmentation_overlays/pullover/reformation_sweaters_b85176d138ad_overlay.jpg,/Users/ashley/Desktop/python/CS156-Machine-Learning/final/data/retail_images/raw/pullover/reformation_sweaters_b85176d138ad.jpg,Pullover,600,800,RGB,dad7337f373b3dfcd2e70fa98aea466055455ebe20221b538376b123d880f79c,True,ok,segmented,0.3849541666666666,False,True,test
/Users/ashley/Desktop/python/CS156-Machine-Learning/final/data/retail_images/segmentation_overlays/coat/reformation_jackets_and_coats_23165c9fa4c3_overlay.jpg,/Users/ashley/Desktop/python/CS156-Machine-Learning/final/data/retail_images/raw/coat/reformation_jackets_and_coats_23165c9fa4c3.jpg,Coat,600,800,RGB,bdc8c60fc2d6fbf5e1fb96171fd28a72cf6dc85992f13441d8977dbc6a64661b,True,ok,segmented,0.1726979166666666,False,True,test
/Users/ashley/Desktop/python/CS156-Machine-Learning/final/data/retail_images/segmentation_overlays/bag/anthropologie_bags_c2155e21e6e9_overlay.jpg,/Users/ashley/Desktop/python/CS156-Machine-Learning/final/data/retail_images/raw/bag/anthropologie_bags_c2155e21e6e9.jpg,Bag,349,523,RGB,94f9ad3f11e4b7413274d7f975681fd212e628dfdf23c03395453a35c3a5d08c,True,ok,segmented,0.0341264580034734,False,True,test
/Users/ashley/Desktop/python/CS156-Machine-Learning/final/data/retail_images/segmentation_overlays/pullover/anthropologie_sweaters_3f06d5fcb8a5_overlay.jpg,/Users/ashley/Desktop/python/CS156-Machine-Learning/final/data/retail_images/raw/pullover/anthropologie_sweaters_3f06d5fcb8a5.jpg,Pullover,349,523,RGB,732cebe311295857911f4120edcc5081bd762f4f328bbd8c1965c0c6ed3967aa,True,ok,segmented,0.2214740832863083,False,True,test
/Users/ashley/Desktop/python/CS156-Machine-Learning/final/data/retail_images/segmentation_overlays/bag/princess_polly_bags_917dd9795b8a_overlay.jpg,/Users/ashley/Desktop/python/CS156-Machine-Learning/final/data/retail_images/raw/bag/princess_polly_bags_917dd9795b8a.jpg,Bag,1345,1821,RGB,ddefc9952786d791d09a139a4c052b251880897c300ea324ea128be32e646742,True,ok,segmented,0.1809524976064052,False,True,test
/Users/ashley/Desktop/python/CS156-Machine-Learning/final/data/retail_images/segmentation_overlays/sneaker/anthropologie_sneakers_3c0d21886dc4_overlay.jpg,/Users/ashley/Desktop/python/CS156-Machine-Learning/final/data/retail_images/raw/sneaker/anthropologie_sneakers_3c0d21886dc4.jpg,Sneaker,349,523,RGB,71e477a0f08e8fcc274af89516dd079b4a40382ef71767dc09ba91e31287e5eb,True,ok,segmented,0.10543097733486,False,True,test
/Users/ashley/Desktop/python/CS156-Machine-Learning/final/data/retail_images/segmentation_overlays/ankle_boot/princess_polly_boots_2e8cdd2e464a_overlay.jpg,/Users/ashley/Desktop/python/CS156-Machine-Learning/final/data/retail_images/raw/ankle_boot/princess_polly_boots_2e8cdd2e464a.jpg,Ankle boot,1345,1820,RGB,ddcfa42191a481db176b3de1c846893938e34904882ce2f97fc29cc8efe40034,True,ok,segmented,0.0108917847951305,False,True,test
/Users/ashley/Desktop/python/CS156-Machine-Learning/final/data/retail_images/segmentation_overlays/shirt/free_people_blouses_a4032379c6c4_overlay.jpg,/Users/ashley/Desktop/python/CS156-Machine-Learning/final/data/retail_images/raw/shirt/free_people_blouses_a4032379c6c4.webp,Shirt,698,1046,RGB,dc40a0141a10a9911fdf4050f5c7e32a95bdda7eae30b57a78f719d26c2fc1df,True,ok,segmented,0.0319363710574326,False,True,test
/Users/ashley/Desktop/python/CS156-Machine-Learning/final/data/retail_images/segmentation_overlays/coat/reformation_jackets_and_coats_aad096cd727e_overlay.jpg,/Users/ashley/Desktop/python/CS156-Machine-Learning/final/data/retail_images/raw/coat/reformation_jackets_and_coats_aad096cd727e.jpg,Coat,600,800,RGB,81be9511abdb61b6b1f97b0b19b4b872c97f81a89ea7bdcb21c3fc3df98f2ce8,True,ok,segmented,0.1506708333333333,False,True,test
/Users/ashley/Desktop/python/CS156-Machine-Learning/final/data/retail_images/segmentation_overlays/t_shirt_top/brandy_melville_tops_a177b711ef98_overlay.jpg,/Users/ashley/Desktop/python/CS156-Machine-Learning/final/data/retail_images/raw/t_shirt_top/brandy_melville_tops_a177b711ef98.jpg,T-shirt/top,1000,1500,RGB,7051b1125387f464906172e3eae9c289bc5322adf128f8763b1438b939cb88cf,True,ok,segmented,0.218408,False,True,test
/Users/ashley/Desktop/python/CS156-Machine-Learning/final/data/retail_images/segmentation_overlays/ankle_boot/princess_polly_boots_8de3d72b9c1e_overlay.jpg,/Users/ashley/Desktop/python/CS156-Machine-Learning/final/data/retail_images/raw/ankle_boot/princess_polly_boots_8de3d72b9c1e.jpg,Ankle boot,1344,1820,RGB,6e54a889fb169fb9b6c390e1c50c89ceb193ec26664b7816cabe3ff3d0933a9b,True,ok,segmented,0.0735307103610675,False,True,test
/Users/ashley/Desktop/python/CS156-Machine-Learning/final/data/retail_images/segmentation_overlays/bag/anthropologie_bags_c7f08ce0cc27_overlay.jpg,/Users/ashley/Desktop/python/CS156-Machine-Learning/final/data/retail_images/raw/bag/anthropologie_bags_c7f08ce0cc27.webp,Bag,2882,498,RGB,5ae7e1e76d4144135960ad8e6dd4572ea90f7c70ac68e4d3f78ad0705e3577dd,True,ok,segmented,0.0817684339021596,False,True,test
/Users/ashley/Desktop/python/CS156-Machine-Learning/final/data/retail_images/segmentation_overlays/shirt/princess_polly_button_ups_1aa4a66995de_overlay.jpg,/Users/ashley/Desktop/python/CS156-Machine-Learning/final/data/retail_images/raw/shirt/princess_polly_button_ups_1aa4a66995de.jpg,Shirt,1345,1820,RGB,e580cbe7763d5b32aa3b64daa597e8fd6c76af9c2ea53a52a9065946db53f5fe,True,ok,segmented,0.2328085297602026,False,True,test
/Users/ashley/Desktop/python/CS156-Machine-Learning/final/data/retail_images/segmentation_overlays/t_shirt_top/brandy_melville_tops_29cb6aeb56af_overlay.jpg,/Users/ashley/Desktop/python/CS156-Machine-Learning/final/data/retail_images/raw/t_shirt_top/brandy_melville_tops_29cb6aeb56af.jpg,T-shirt/top,1000,1500,RGB,24966a8f77acd4ece61513f9833fcdb5e8387a974a881a906c25d2449c19c1e5,True,ok,segmented,0.0931986666666666,False,True,test
/Users/ashley/Desktop/python/CS156-Machine-Learning/final/data/retail_images/segmentation_overlays/t_shirt_top/brandy_melville_tops_1f91d1401075_overlay.jpg,/Users/ashley/Desktop/python/CS156-Machine-Learning/final/data/retail_images/raw/t_shirt_top/brandy_melville_tops_1f91d1401075.jpg,T-shirt/top,360,540,RGB,b96995c1db260624d9a8764d6c459d41cd47a6238a120cd4373788c2fb515fc7,True,ok,segmented,0.1164917695473251,False,True,test
/Users/ashley/Desktop/python/CS156-Machine-Learning/final/data/retail_images/segmentation_overlays/shirt/anthropologie_blouses_c73eabb50648_overlay.jpg,/Users/ashley/Desktop/python/CS156-Machine-Learning/final/data/retail_images/raw/shirt/anthropologie_blouses_c73eabb50648.jpg,Shirt,349,523,RGB,8ce9bef9adf54cd9a9c6e8a133dfa30e685467c2fe9b87ba107e17ba8e2de902,True,ok,segmented,0.3146602968327973,False,True,test
/Users/ashley/Desktop/python/CS156-Machine-Learning/final/data/retail_images/segmentation_overlays/coat/reformation_jackets_and_coats_0efe4778e60f_overlay.jpg,/Users/ashley/Desktop/python/CS156-Machine-Learning/final/data/retail_images/raw/coat/reformation_jackets_and_coats_0efe4778e60f.jpg,Coat,600,800,RGB,de78b7f983e5b42be822c72c1899798c346bcca4924b659c93a55dd1ed7742d0,True,ok,segmented,0.1401083333333333,False,True,test
/Users/ashley/Desktop/python/CS156-Machine-Learning/final/data/retail_images/segmentation_overlays/shirt/anthropologie_blouses_75316587c320_overlay.jpg,/Users/ashley/Desktop/python/CS156-Machine-Learning/final/data/retail_images/raw/shirt/anthropologie_blouses_75316587c320.webp,Shirt,698,1046,RGB,af94447eb9c68bb461f69c441a031bbf5ca9e6aacf64aba86775a8771ea5ca51,True,ok,segmented,0.119548066861341,False,True,test
/Users/ashley/Desktop/python/CS156-Machine-Learning/final/data/retail_images/segmentation_overlays/bag/anthropologie_bags_f9d7b7ad1855_overlay.jpg,/Users/ashley/Desktop/python/CS156-Machine-Learning/final/data/retail_images/raw/bag/anthropologie_bags_f9d7b7ad1855.jpg,Bag,349,523,RGB,6135c6bb9cab3c68423316271da0e23c3d06dd428e585ee14daaa82f8b92e5f4,True,ok,segmented,0.2797997008661732,False,True,test
/Users/ashley/Desktop/python/CS156-Machine-Learning/final/data/retail_images/segmentation_overlays/bag/princess_polly_bags_611b310dc9df_overlay.jpg,/Users/ashley/Desktop/python/CS156-Machine-Learning/final/data/retail_images/raw/bag/princess_polly_bags_611b310dc9df.jpg,Bag,1344,1820,RGB,133fd4e217684f4986fec40b8e6c39d74e22ae902d143b700a04b64d48e62bd7,True,ok,segmented,0.1620433509942438,False,True,test
/Users/ashley/Desktop/python/CS156-Machine-Learning/final/data/retail_images/segmentation_overlays/t_shirt_top/brandy_melville_tops_page_4_091459355b2d_overlay.jpg,/Users/ashley/Desktop/python/CS156-Machine-Learning/final/data/retail_images/raw/t_shirt_top/brandy_melville_tops_page_4_091459355b2d.jpg,T-shirt/top,360,540,RGB,18612d2ae482304053180d9a9419c0f8cdc60acba65c20cf6b94eff7ca4499d9,True,ok,segmented,0.09934670781893,False,True,test
/Users/ashley/Desktop/python/CS156-Machine-Learning/final/data/retail_images/segmentation_overlays/dress/anthropologie_dresses_a1c17e695cc8_overlay.jpg,/Users/ashley/Desktop/python/CS156-Machine-Learning/final/data/retail_images/raw/dress/anthropologie_dresses_a1c17e695cc8.jpg,Dress,349,523,RGB,22fb6c1d720aae6ee1915a2ef246d310d228a2113a65c0d34413e17283a9ca23,True,ok,segmented,0.1386315449221211,False,True,test
/Users/ashley/Desktop/python/CS156-Machine-Learning/final/data/retail_images/segmentation_overlays/ankle_boot/anthropologie_boot_shop_a79a89881e46_overlay.jpg,/Users/ashley/Desktop/python/CS156-Machine-Learning/final/data/retail_images/raw/ankle_boot/anthropologie_boot_shop_a79a89881e46.jpg,Ankle boot,698,1046,RGB,3e78eacd4e0c7ce4ca2c60888cb068630adfe06460027fbf46fa38c4e1907520,True,ok,segmented,0.2680685597199318,False,True,test
/Users/ashley/Desktop/python/CS156-Machine-Learning/final/data/retail_images/segmentation_overlays/coat/princess_polly_jackets_954a65f9d13e_overlay.jpg,/Users/ashley/Desktop/python/CS156-Machine-Learning/final/data/retail_images/raw/coat/princess_polly_jackets_954a65f9d13e.jpg,Coat,1344,1820,RGB,8cbe1d05f5f05d52b4e46b8f036b84b829198ef2dcbca7f81666b5471850d38f,True,ok,segmented,0.1972208594976452,False,True,test
/Users/ashley/Desktop/python/CS156-Machine-Learning/final/data/retail_images/segmentation_overlays/sneaker/anthropologie_sneakers_409a09f65464_overlay.jpg,/Users/ashley/Desktop/python/CS156-Machine-Learning/final/data/retail_images/raw/sneaker/anthropologie_sneakers_409a09f65464.jpg,Sneaker,349,523,RGB,995fad1bd6f269c80ea01896594613a7b00170bbd0bafd4962c5ccc56196a7a9,True,ok,segmented,0.0322911130955968,False,True,test
/Users/ashley/Desktop/python/CS156-Machine-Learning/final/data/retail_images/segmentation_overlays/coat/reformation_outerwear_eeb174e927f7_overlay.jpg,/Users/ashley/Desktop/python/CS156-Machine-Learning/final/data/retail_images/raw/coat/reformation_outerwear_eeb174e927f7.jpg,Coat,600,800,RGB,630045249841b17d496066f9f1a1dbd0ad7ae8a8d89c5b85a31a01a78d232deb,True,ok,segmented,0.3622229166666666,False,True,test
/Users/ashley/Desktop/python/CS156-Machine-Learning/final/data/retail_images/segmentation_overlays/pullover/princess_polly_sweaters_23cdb7048350_overlay.jpg,/Users/ashley/Desktop/python/CS156-Machine-Learning/final/data/retail_images/raw/pullover/princess_polly_sweaters_23cdb7048350.jpg,Pullover,1344,1820,RGB,22a60b3a12268493051892c14276bbc8b470cd2bd77c16475940a28eee8e08f1,True,ok,segmented,0.1253286891679748,False,True,test
/Users/ashley/Desktop/python/CS156-Machine-Learning/final/data/retail_images/segmentation_overlays/sandal/urban_outfitters_sandals_3e9ed22301aa_overlay.jpg,/Users/ashley/Desktop/python/CS156-Machine-Learning/final/data/retail_images/raw/sandal/urban_outfitters_sandals_3e9ed22301aa.webp,Sandal,698,1046,RGB,7fffc7ecdc697100ee092ca4d9b88794b92c2c10ed2049fe7e07ec4f9f2c01b0,True,ok,segmented,0.0563491976529499,False,True,test
/Users/ashley/Desktop/python/CS156-Machine-Learning/final/data/retail_images/segmentation_overlays/sandal/anthropologie_sandals_f9512eda0d77_overlay.jpg,/Users/ashley/Desktop/python/CS156-Machine-Learning/final/data/retail_images/raw/sandal/anthropologie_sandals_f9512eda0d77.jpg,Sandal,349,523,RGB,622729a2a3a7465fbbebc24d01b538fcefcf562b2287f91f90c754960a54c870,True,ok,segmented,0.0256509995781446,False,True,test
/Users/ashley/Desktop/python/CS156-Machine-Learning/final/data/retail_images/segmentation_overlays/shirt/anthropologie_blouses_18699e9259ad_overlay.jpg,/Users/ashley/Desktop/python/CS156-Machine-Learning/final/data/retail_images/raw/shirt/anthropologie_blouses_18699e9259ad.jpg,Shirt,698,1046,RGB,59f58c953f2d14f2e916c32ad7a7cec2db9a568e95664d9eb0d30eb1ffc0e79e,True,ok,segmented,0.0925191889419099,False,True,test
/Users/ashley/Desktop/python/CS156-Machine-Learning/final/data/retail_images/segmentation_overlays/shirt/anthropologie_blouses_236050ed9915_overlay.jpg,/Users/ashley/Desktop/python/CS156-Machine-Learning/final/data/retail_images/raw/shirt/anthropologie_blouses_236050ed9915.jpg,Shirt,349,523,RGB,20c00be6129387c0dce1039fc107a60cf2e4d5ecddeb58ff557e2255b0ea5454,True,ok,segmented,0.2371923057958548,False,True,test
/Users/ashley/Desktop/python/CS156-Machine-Learning/final/data/retail_images/segmentation_overlays/trouser/princess_polly_pants_0b9209fb19f9_overlay.jpg,/Users/ashley/Desktop/python/CS156-Machine-Learning/final/data/retail_images/raw/trouser/princess_polly_pants_0b9209fb19f9.jpg,Trouser,1344,1820,RGB,68e036bdc42ef91d2c28c10c5aa22584632949486abbf3b30cb8306f1b555f9c,True,ok,segmented,0.0853966346153846,False,True,test
/Users/ashley/Desktop/python/CS156-Machine-Learning/final/data/retail_images/segmentation_overlays/dress/princess_polly_dresses_9ee7524bb046_overlay.jpg,/Users/ashley/Desktop/python/CS156-Machine-Learning/final/data/retail_images/raw/dress/princess_polly_dresses_9ee7524bb046.jpg,Dress,788,315,RGB,e7c0ceda7135aa89691b50fe7cb33519fccd337fec1fdfe3bef6d2bb5c443d4e,True,ok,segmented,0.0545443558133913,False,True,test
/Users/ashley/Desktop/python/CS156-Machine-Learning/final/data/retail_images/segmentation_overlays/coat/reformation_outerwear_67c51a0c55dd_overlay.jpg,/Users/ashley/Desktop/python/CS156-Machine-Learning/final/data/retail_images/raw/coat/reformation_outerwear_67c51a0c55dd.jpg,Coat,600,800,RGB,12d05935d33781707de5b4be0e45279ce890ea929962a2730ad5bb5329768ced,True,ok,segmented,0.102675,False,True,test
/Users/ashley/Desktop/python/CS156-Machine-Learning/final/data/retail_images/segmentation_overlays/t_shirt_top/brandy_melville_tops_c0cd8f632d12_overlay.jpg,/Users/ashley/Desktop/python/CS156-Machine-Learning/final/data/retail_images/raw/t_shirt_top/brandy_melville_tops_c0cd8f632d12.jpg,T-shirt/top,1000,1500,RGB,ef6bbfb47a84746e7c0ad7e75755c5d0b71d7442c4b2ac65e4c0c7f1c60d2a84,True,ok,segmented,0.1361,False,True,test
/Users/ashley/Desktop/python/CS156-Machine-Learning/final/data/retail_images/segmentation_overlays/trouser/brandy_melville_pants_4d7510437310_overlay.jpg,/Users/ashley/Desktop/python/CS156-Machine-Learning/final/data/retail_images/raw/trouser/brandy_melville_pants_4d7510437310.jpg,Trouser,533,800,RGB,7b6dc73c4e821a71b3bc3897d5f3315a5c8631e503696d9003bb9b79e209bebe,True,ok,segmented,0.1980323639774859,False,True,test
/Users/ashley/Desktop/python/CS156-Machine-Learning/final/data/retail_images/segmentation_overlays/sneaker/urban_outfitters_sneakers_5d74ec4c61b2_overlay.jpg,/Users/ashley/Desktop/python/CS156-Machine-Learning/final/data/retail_images/raw/sneaker/urban_outfitters_sneakers_5d74ec4c61b2.jpg,Sneaker,450,675,RGB,3bf02054c8cfe601cccab4c158c27aba6f2187b731533022e82b80dee0e362b0,True,ok,segmented,0.1136395061728395,False,True,test
/Users/ashley/Desktop/python/CS156-Machine-Learning/final/data/retail_images/segmentation_overlays/bag/anthropologie_bags_1d7d841afe36_overlay.jpg,/Users/ashley/Desktop/python/CS156-Machine-Learning/final/data/retail_images/raw/bag/anthropologie_bags_1d7d841afe36.jpg,Bag,349,523,RGB,da156d6ff665afc4d6a0264ea6bba311ac5bb47a9856b697d512138d66efc0c1,True,ok,segmented,0.0967035013997929,False,True,test
/Users/ashley/Desktop/python/CS156-Machine-Learning/final/data/retail_images/segmentation_overlays/coat/reformation_outerwear_6fa15881bfa7_overlay.jpg,/Users/ashley/Desktop/python/CS156-Machine-Learning/final/data/retail_images/raw/coat/reformation_outerwear_6fa15881bfa7.jpg,Coat,600,800,RGB,9470477ab2d40326ebc9e83bccc40b258e42d75652102e6b463154cc96d17abb,True,ok,segmented,0.3427979166666666,False,True,test
/Users/ashley/Desktop/python/CS156-Machine-Learning/final/data/retail_images/segmentation_overlays/pullover/princess_polly_sweaters_d04600d5482e_overlay.jpg,/Users/ashley/Desktop/python/CS156-Machine-Learning/final/data/retail_images/raw/pullover/princess_polly_sweaters_d04600d5482e.jpg,Pullover,1344,1820,RGB,801951f8fe2431296633f5dde3e9f24ac86e1a53424a5a6dd169489f64c57729,True,ok,segmented,0.2823664802459445,False,True,test
/Users/ashley/Desktop/python/CS156-Machine-Learning/final/data/retail_images/segmentation_overlays/ankle_boot/princess_polly_boots_44a8a0f8d394_overlay.jpg,/Users/ashley/Desktop/python/CS156-Machine-Learning/final/data/retail_images/raw/ankle_boot/princess_polly_boots_44a8a0f8d394.jpg,Ankle boot,1345,1820,RGB,933680005c78c828c5f30161566aaf86667f85546b16d931715600f2244127f3,True,ok,segmented,0.1116712283998529,False,True,test
/Users/ashley/Desktop/python/CS156-Machine-Learning/final/data/retail_images/segmentation_overlays/dress/princess_polly_dresses_87b9d9926d27_overlay.jpg,/Users/ashley/Desktop/python/CS156-Machine-Learning/final/data/retail_images/raw/dress/princess_polly_dresses_87b9d9926d27.jpg,Dress,1344,1820,RGB,a59922e2c909f01019d8157920c2a2a878828e089663be63a82a88c588ef89f0,True,ok,segmented,0.1070095826792255,False,True,test
/Users/ashley/Desktop/python/CS156-Machine-Learning/final/data/retail_images/segmentation_overlays/pullover/anthropologie_sweaters_438278ee6fa3_overlay.jpg,/Users/ashley/Desktop/python/CS156-Machine-Learning/final/data/retail_images/raw/pullover/anthropologie_sweaters_438278ee6fa3.jpg,Pullover,349,523,RGB,2f6402424a481374dfe174a560a809f4f2e32b54acf65307d8fe7f7e05067194,True,ok,segmented,0.3783604617399069,False,True,test
/Users/ashley/Desktop/python/CS156-Machine-Learning/final/data/retail_images/segmentation_overlays/bag/anthropologie_bags_db59abe93497_overlay.jpg,/Users/ashley/Desktop/python/CS156-Machine-Learning/final/data/retail_images/raw/bag/anthropologie_bags_db59abe93497.jpg,Bag,349,523,RGB,6451f0301b6ef1aba2bf7d92ef8a2e408eb6fe52e0927a9e1b36710d6fba3e57,True,ok,segmented,0.2919403704657393,False,True,test
/Users/ashley/Desktop/python/CS156-Machine-Learning/final/data/retail_images/segmentation_overlays/shirt/anthropologie_blouses_2a1b9ffbc5d1_overlay.jpg,/Users/ashley/Desktop/python/CS156-Machine-Learning/final/data/retail_images/raw/shirt/anthropologie_blouses_2a1b9ffbc5d1.jpg,Shirt,349,523,RGB,733fbff1a260df570d0a400d17a4488906e8ab00deed7bb5f641d546dfad5c5f,True,ok,segmented,0.2155681077320067,False,True,test
/Users/ashley/Desktop/python/CS156-Machine-Learning/final/data/retail_images/segmentation_overlays/sandal/princess_polly_sandals_3246ea0af440_overlay.jpg,/Users/ashley/Desktop/python/CS156-Machine-Learning/final/data/retail_images/raw/sandal/princess_polly_sandals_3246ea0af440.jpg,Sandal,1344,1820,RGB,4eefdc92ac8d29fe8bbcf519de70bef273fa5e3c61a3e8ae5962fae2de96acce,True,ok,segmented,0.0156765109890109,False,True,test
/Users/ashley/Desktop/python/CS156-Machine-Learning/final/data/retail_images/segmentation_overlays/sneaker/anthropologie_sneakers_5fb2ab7fbd98_overlay.jpg,/Users/ashley/Desktop/python/CS156-Machine-Learning/final/data/retail_images/raw/sneaker/anthropologie_sneakers_5fb2ab7fbd98.jpg,Sneaker,349,523,RGB,97780b7fed1eec00beb99aa657c1aef40965679bdc3b6e7b015629f572864d0c,True,ok,segmented,0.0117845579010228,False,True,test
/Users/ashley/Desktop/python/CS156-Machine-Learning/final/data/retail_images/segmentation_overlays/sneaker/urban_outfitters_sneakers_d3251c62f85d_overlay.jpg,/Users/ashley/Desktop/python/CS156-Machine-Learning/final/data/retail_images/raw/sneaker/urban_outfitters_sneakers_d3251c62f85d.jpg,Sneaker,400,600,RGB,4348730867f8db33ad496c8f10d1be23a8e58df9b8e1f619d698572e8fa4b44f,True,ok,segmented,0.092125,False,True,test
/Users/ashley/Desktop/python/CS156-Machine-Learning/final/data/retail_images/segmentation_overlays/dress/reformation_dresses_39f2661032b0_overlay.jpg,/Users/ashley/Desktop/python/CS156-Machine-Learning/final/data/retail_images/raw/dress/reformation_dresses_39f2661032b0.jpg,Dress,600,800,RGB,da05814cd99456a43da8fefececded7057da533cc6f125d6ef60134e14d3ae79,True,ok,segmented,0.05225625,False,True,test
/Users/ashley/Desktop/python/CS156-Machine-Learning/final/data/retail_images/segmentation_overlays/bag/princess_polly_bags_b17187275153_overlay.jpg,/Users/ashley/Desktop/python/CS156-Machine-Learning/final/data/retail_images/raw/bag/princess_polly_bags_b17187275153.jpg,Bag,1345,1820,RGB,4fbff894093e1b076dbe20436b9cd0d126e5b7d900c1d2348f7272ee801172de,True,ok,segmented,0.3587082805670166,False,True,test
/Users/ashley/Desktop/python/CS156-Machine-Learning/final/data/retail_images/segmentation_overlays/sandal/urban_outfitters_sandals_63b9a04da363_overlay.jpg,/Users/ashley/Desktop/python/CS156-Machine-Learning/final/data/retail_images/raw/sandal/urban_outfitters_sandals_63b9a04da363.jpg,Sandal,450,675,RGB,6c4ffd6909ccc122eee40fe0535b10e257ca8e1fdc6d47998e2331d727ff7625,True,ok,segmented,0.012237037037037,False,True,test
/Users/ashley/Desktop/python/CS156-Machine-Learning/final/data/retail_images/segmentation_overlays/dress/reformation_dresses_4117f82e4f14_overlay.jpg,/Users/ashley/Desktop/python/CS156-Machine-Learning/final/data/retail_images/raw/dress/reformation_dresses_4117f82e4f14.jpg,Dress,600,800,RGB,b8d3fdd20fbccd57c9f0af5af6af51ed8330d49027d391dcdee4afb02abe4ddf,True,ok,segmented,0.0353145833333333,False,True,test
/Users/ashley/Desktop/python/CS156-Machine-Learning/final/data/retail_images/segmentation_overlays/trouser/princess_polly_pants_fa6e6c85c4e4_overlay.jpg,/Users/ashley/Desktop/python/CS156-Machine-Learning/final/data/retail_images/raw/trouser/princess_polly_pants_fa6e6c85c4e4.jpg,Trouser,1344,1820,RGB,46a0a11d7aed38855fbc96e6fe7e3c5c288199f235f242d2784dc0dc71b1d561,True,ok,segmented,0.1442720597854526,False,True,test
/Users/ashley/Desktop/python/CS156-Machine-Learning/final/data/retail_images/segmentation_overlays/coat/princess_polly_jackets_5bed9999e48a_overlay.jpg,/Users/ashley/Desktop/python/CS156-Machine-Learning/final/data/retail_images/raw/coat/princess_polly_jackets_5bed9999e48a.jpg,Coat,1345,1820,RGB,6686d3ce624b577a87f7dc8079d35860d5d3062ef9934af4f2be2d958423108f,True,ok,segmented,0.2684541852199845,False,True,test
/Users/ashley/Desktop/python/CS156-Machine-Learning/final/data/retail_images/segmentation_overlays/t_shirt_top/brandy_melville_tops_page_4_3d8afe4e68be_overlay.jpg,/Users/ashley/Desktop/python/CS156-Machine-Learning/final/data/retail_images/raw/t_shirt_top/brandy_melville_tops_page_4_3d8afe4e68be.jpg,T-shirt/top,533,800,RGB,83dec42e0cc0873f075d0b0989bc4a36ecefa8589f5c4e95a638d53811b31638,True,ok,segmented,0.1066979362101313,False,True,test
/Users/ashley/Desktop/python/CS156-Machine-Learning/final/data/retail_images/segmentation_overlays/sneaker/fashion_nova_sneakers_39649d2144a2_overlay.jpg,/Users/ashley/Desktop/python/CS156-Machine-Learning/final/data/retail_images/raw/sneaker/fashion_nova_sneakers_39649d2144a2.jpg,Sneaker,350,524,RGB,ef0ca955c86fbdcd328932f30a1ba9d58bdd35d3c109ac716b583378e30e966c,True,ok,segmented,0.0493729552889858,False,True,test
/Users/ashley/Desktop/python/CS156-Machine-Learning/final/data/retail_images/segmentation_overlays/shirt/free_people_blouses_90ec509b5800_overlay.jpg,/Users/ashley/Desktop/python/CS156-Machine-Learning/final/data/retail_images/raw/shirt/free_people_blouses_90ec509b5800.webp,Shirt,698,1046,RGB,eac48e6b77cae79493c589852d90d0b38bdc412fea1ef19eea1b64f092c573ee,True,ok,segmented,0.0298668142247448,False,True,test
/Users/ashley/Desktop/python/CS156-Machine-Learning/final/data/retail_images/segmentation_overlays/coat/reformation_jackets_and_coats_ed729dde31ec_overlay.jpg,/Users/ashley/Desktop/python/CS156-Machine-Learning/final/data/retail_images/raw/coat/reformation_jackets_and_coats_ed729dde31ec.jpg,Coat,600,800,RGB,75cf0aa51afed22fc93c549b5e4a5c35f9d2900ac8a628ca37c84a1b584c8c78,True,ok,segmented,0.26953125,False,True,test
/Users/ashley/Desktop/python/CS156-Machine-Learning/final/data/retail_images/segmentation_overlays/sandal/urban_outfitters_sandals_5f152e163095_overlay.jpg,/Users/ashley/Desktop/python/CS156-Machine-Learning/final/data/retail_images/raw/sandal/urban_outfitters_sandals_5f152e163095.jpg,Sandal,450,675,RGB,c38739a24010e3ff55a5018eb82f0a8b88084bdb82c8e2b1f29eba62100d3bf6,True,ok,segmented,0.0589893004115226,False,True,test
/Users/ashley/Desktop/python/CS156-Machine-Learning/final/data/retail_images/segmentation_overlays/trouser/brandy_melville_pants_91732ff018e5_overlay.jpg,/Users/ashley/Desktop/python/CS156-Machine-Learning/final/data/retail_images/raw/trouser/brandy_melville_pants_91732ff018e5.jpg,Trouser,360,540,RGB,a1fd33c007871c87bbcfc6efa258c791410bfac2db60be6d4383c416f2091bba,True,ok,segmented,0.2119598765432098,False,True,test
/Users/ashley/Desktop/python/CS156-Machine-Learning/final/data/retail_images/segmentation_overlays/t_shirt_top/brandy_melville_tops_61b1a4dc86ca_overlay.jpg,/Users/ashley/Desktop/python/CS156-Machine-Learning/final/data/retail_images/raw/t_shirt_top/brandy_melville_tops_61b1a4dc86ca.jpg,T-shirt/top,360,540,RGB,2912b19254dfb2b97de9164fd9dcc1e0d56978bf545e7f8f86b5f57ad67fc643,True,ok,segmented,0.2004835390946502,False,True,test
/Users/ashley/Desktop/python/CS156-Machine-Learning/final/data/retail_images/segmentation_overlays/bag/princess_polly_bags_f9a1b3cff753_overlay.jpg,/Users/ashley/Desktop/python/CS156-Machine-Learning/final/data/retail_images/raw/bag/princess_polly_bags_f9a1b3cff753.jpg,Bag,1345,1821,RGB,016acccdbfca7115d3d5cab665762217dd80fecacbdc50eb306c1891de8c3629,True,ok,segmented,0.1010842116652274,False,True,test
/Users/ashley/Desktop/python/CS156-Machine-Learning/final/data/retail_images/segmentation_overlays/trouser/princess_polly_pants_cfedbd129498_overlay.jpg,/Users/ashley/Desktop/python/CS156-Machine-Learning/final/data/retail_images/raw/trouser/princess_polly_pants_cfedbd129498.jpg,Trouser,1345,1820,RGB,6b7b029f6cf03a202a87e0576f6f9948c6c6c5e5a0a764c6a869d250982adc01,True,ok,segmented,0.1971788063237877,False,True,test
/Users/ashley/Desktop/python/CS156-Machine-Learning/final/data/retail_images/segmentation_overlays/bag/princess_polly_bags_8c4b326032f2_overlay.jpg,/Users/ashley/Desktop/python/CS156-Machine-Learning/final/data/retail_images/raw/bag/princess_polly_bags_8c4b326032f2.jpg,Bag,1344,1820,RGB,ead739fe1525005b8c1bd9c88e781d1e969469ca6cce03c6ace32f39ef2d6a8b,True,ok,segmented,0.1537190116431188,False,True,test
/Users/ashley/Desktop/python/CS156-Machine-Learning/final/data/retail_images/segmentation_overlays/coat/reformation_jackets_and_coats_21098d0d610b_overlay.jpg,/Users/ashley/Desktop/python/CS156-Machine-Learning/final/data/retail_images/raw/coat/reformation_jackets_and_coats_21098d0d610b.jpg,Coat,600,800,RGB,9a290a200b52f450f3ca32aae0313f76b7724b449cb99b54cc64dda33185c0d8,True,ok,segmented,0.330775,False,True,test
/Users/ashley/Desktop/python/CS156-Machine-Learning/final/data/retail_images/segmentation_overlays/t_shirt_top/reformation_tops_beda761951b4_overlay.jpg,/Users/ashley/Desktop/python/CS156-Machine-Learning/final/data/retail_images/raw/t_shirt_top/reformation_tops_beda761951b4.jpg,T-shirt/top,600,800,RGB,da76aa60ce357e2d79da318d75dfabc6ba11d153e2a69668e509efeb655a8481,True,ok,segmented,0.1144,False,True,test
/Users/ashley/Desktop/python/CS156-Machine-Learning/final/data/retail_images/segmentation_overlays/bag/princess_polly_bags_43c48597a5de_overlay.jpg,/Users/ashley/Desktop/python/CS156-Machine-Learning/final/data/retail_images/raw/bag/princess_polly_bags_43c48597a5de.jpg,Bag,1365,1820,RGB,9e90966decb6a81bf0c3d718ea098118980457c1590989bef4de1c7984ab53c6,True,ok,segmented,0.0815851547719679,False,True,test
/Users/ashley/Desktop/python/CS156-Machine-Learning/final/data/retail_images/segmentation_overlays/t_shirt_top/brandy_melville_tops_d79b1a141104_overlay.jpg,/Users/ashley/Desktop/python/CS156-Machine-Learning/final/data/retail_images/raw/t_shirt_top/brandy_melville_tops_d79b1a141104.jpg,T-shirt/top,360,540,RGB,0c4cb521f15e0f168bf912ebab8739ca986793c24f9cfb560724899f1fcacc24,True,ok,segmented,0.084753086419753,False,True,test
/Users/ashley/Desktop/python/CS156-Machine-Learning/final/data/retail_images/segmentation_overlays/pullover/reformation_sweaters_3bcc37187f06_overlay.jpg,/Users/ashley/Desktop/python/CS156-Machine-Learning/final/data/retail_images/raw/pullover/reformation_sweaters_3bcc37187f06.jpg,Pullover,600,800,RGB,00a36b98561b9e056aad0ffdda694e60ac5cc1747c24cfc7a72d3c99e92c3e33,True,ok,segmented,0.4903395833333333,False,True,test
/Users/ashley/Desktop/python/CS156-Machine-Learning/final/data/retail_images/segmentation_overlays/coat/reformation_outerwear_4da4866cc5a8_overlay.jpg,/Users/ashley/Desktop/python/CS156-Machine-Learning/final/data/retail_images/raw/coat/reformation_outerwear_4da4866cc5a8.jpg,Coat,600,800,RGB,0fc3fd02e64c37a71db7a7e171d33be33e57052aea4fc93fc1e329b9cf61f04d,True,ok,segmented,0.0699833333333333,False,True,test
/Users/ashley/Desktop/python/CS156-Machine-Learning/final/data/retail_images/segmentation_overlays/trouser/princess_polly_pants_eb5523e8d8e5_overlay.jpg,/Users/ashley/Desktop/python/CS156-Machine-Learning/final/data/retail_images/raw/trouser/princess_polly_pants_eb5523e8d8e5.jpg,Trouser,1345,1820,RGB,3b76e6fbe48c20c22fcda9c3e99ee7aeca795494f1c843aaf2d4a5aa5a47c4f2,True,ok,segmented,0.1667376118305486,False,True,test
/Users/ashley/Desktop/python/CS156-Machine-Learning/final/data/retail_images/segmentation_overlays/sneaker/princess_polly_sneakers_96d768b6d56e_overlay.jpg,/Users/ashley/Desktop/python/CS156-Machine-Learning/final/data/retail_images/raw/sneaker/princess_polly_sneakers_96d768b6d56e.jpg,Sneaker,1344,1820,RGB,67bbe51df512ebb845bd9d50568ce9162a66897e7b36b9111333bff2595d8456,True,ok,segmented,0.0154316293825222,False,True,test
/Users/ashley/Desktop/python/CS156-Machine-Learning/final/data/retail_images/segmentation_overlays/ankle_boot/anthropologie_boot_shop_b43b25e750bd_overlay.jpg,/Users/ashley/Desktop/python/CS156-Machine-Learning/final/data/retail_images/raw/ankle_boot/anthropologie_boot_shop_b43b25e750bd.jpg,Ankle boot,349,523,RGB,71ccbeff5a895a500e3fcf81c8ba4a78010ace957739054b76f614c5670d5907,True,ok,segmented,0.0396215354440712,False,True,test
/Users/ashley/Desktop/python/CS156-Machine-Learning/final/data/retail_images/segmentation_overlays/pullover/anthropologie_sweaters_404935bbbebf_overlay.jpg,/Users/ashley/Desktop/python/CS156-Machine-Learning/final/data/retail_images/raw/pullover/anthropologie_sweaters_404935bbbebf.jpg,Pullover,349,523,RGB,943598f637dc780c0436ea9987bb069df47435194fc89663f617fba4a80b4f52,True,ok,segmented,0.3617656565877925,False,True,test
/Users/ashley/Desktop/python/CS156-Machine-Learning/final/data/retail_images/segmentation_overlays/dress/anthropologie_dresses_f34b47920890_overlay.jpg,/Users/ashley/Desktop/python/CS156-Machine-Learning/final/data/retail_images/raw/dress/anthropologie_dresses_f34b47920890.jpg,Dress,349,523,RGB,e10643af34bfff36e1df9b0a3fb1c13a66a3426e696349000b5803f3b9948461,True,ok,segmented,0.2189210363398291,False,True,test
/Users/ashley/Desktop/python/CS156-Machine-Learning/final/data/retail_images/segmentation_overlays/sneaker/urban_outfitters_sneakers_52292b900419_overlay.jpg,/Users/ashley/Desktop/python/CS156-Machine-Learning/final/data/retail_images/raw/sneaker/urban_outfitters_sneakers_52292b900419.jpg,Sneaker,450,675,RGB,5225b10c2afc8bd2311d1ae85d871acc8a87b47ea40e7c287ab387ca7a16f483,True,ok,segmented,0.0879308641975308,False,True,test
/Users/ashley/Desktop/python/CS156-Machine-Learning/final/data/retail_images/segmentation_overlays/sneaker/urban_outfitters_sneakers_bfdccc90cbb4_overlay.jpg,/Users/ashley/Desktop/python/CS156-Machine-Learning/final/data/retail_images/raw/sneaker/urban_outfitters_sneakers_bfdccc90cbb4.jpg,Sneaker,450,675,RGB,ae6fd2a61a4b21dd420b71f0db7e834d69f5028fabed66c2bbda88c6d496b244,True,ok,segmented,0.1052279835390946,False,True,test
/Users/ashley/Desktop/python/CS156-Machine-Learning/final/data/retail_images/segmentation_overlays/ankle_boot/princess_polly_boots_2d51cc412584_overlay.jpg,/Users/ashley/Desktop/python/CS156-Machine-Learning/final/data/retail_images/raw/ankle_boot/princess_polly_boots_2d51cc412584.jpg,Ankle boot,1344,1820,RGB,d2af39e2f0659ccf25f41a7a8f427a3adc3e4a543cb1a6f0497a7fda059eda9a,True,ok,segmented,0.055881246729461,False,True,test
/Users/ashley/Desktop/python/CS156-Machine-Learning/final/data/retail_images/segmentation_overlays/ankle_boot/anthropologie_boot_shop_40e90952279c_overlay.jpg,/Users/ashley/Desktop/python/CS156-Machine-Learning/final/data/retail_images/raw/ankle_boot/anthropologie_boot_shop_40e90952279c.jpg,Ankle boot,349,523,RGB,6396b75c189b023666e6332fef763824c2870c8f024ff991a9212e22e9ad96b4,True,ok,segmented,0.0202326231187714,False,True,test
/Users/ashley/Desktop/python/CS156-Machine-Learning/final/data/retail_images/segmentation_overlays/ankle_boot/anthropologie_boot_shop_274f1c0a9c24_overlay.jpg,/Users/ashley/Desktop/python/CS156-Machine-Learning/final/data/retail_images/raw/ankle_boot/anthropologie_boot_shop_274f1c0a9c24.jpg,Ankle boot,349,523,RGB,09648cffb3094345feb08235604ed5be7580539e0150fe9d35bd6ac0780d6984,True,ok,segmented,0.0655300311734702,False,True,test
/Users/ashley/Desktop/python/CS156-Machine-Learning/final/data/retail_images/segmentation_overlays/dress/anthropologie_dresses_03739bd32419_overlay.jpg,/Users/ashley/Desktop/python/CS156-Machine-Learning/final/data/retail_images/raw/dress/anthropologie_dresses_03739bd32419.jpg,Dress,349,523,RGB,3de1aa705b4700acf9c6d8f9b68b9cf8183e461d98ea86524e2ab884cb7a47c4,True,ok,segmented,0.2864452930251415,False,True,test
/Users/ashley/Desktop/python/CS156-Machine-Learning/final/data/retail_images/segmentation_overlays/sneaker/urban_outfitters_sneakers_f2bc96c9c861_overlay.jpg,/Users/ashley/Desktop/python/CS156-Machine-Learning/final/data/retail_images/raw/sneaker/urban_outfitters_sneakers_f2bc96c9c861.jpg,Sneaker,450,675,RGB,32dd5a7407ab934ae2163b42007b41bd0e81cc0ac46386af22fc33ee67d3b56b,True,ok,segmented,0.1240098765432098,False,True,test
/Users/ashley/Desktop/python/CS156-Machine-Learning/final/data/retail_images/segmentation_overlays/pullover/reformation_sweaters_b094837bf4d0_overlay.jpg,/Users/ashley/Desktop/python/CS156-Machine-Learning/final/data/retail_images/raw/pullover/reformation_sweaters_b094837bf4d0.jpg,Pullover,600,800,RGB,c2d826fd02958e762d9cb919ddf6e070807796f541e0e598ecb4273f27282ffa,True,ok,segmented,0.0430770833333333,False,True,test
/Users/ashley/Desktop/python/CS156-Machine-Learning/final/data/retail_images/segmentation_overlays/shirt/princess_polly_button_ups_e087e84fd009_overlay.jpg,/Users/ashley/Desktop/python/CS156-Machine-Learning/final/data/retail_images/raw/shirt/princess_polly_button_ups_e087e84fd009.jpg,Shirt,1345,1820,RGB,027ded8de6f8bb8ebd9c6f28235c09e555ab2792754506fcd307e41ce264c105,True,ok,segmented,0.2977413293026676,False,True,test
/Users/ashley/Desktop/python/CS156-Machine-Learning/final/data/retail_images/segmentation_overlays/pullover/princess_polly_sweaters_7e6452a0f643_overlay.jpg,/Users/ashley/Desktop/python/CS156-Machine-Learning/final/data/retail_images/raw/pullover/princess_polly_sweaters_7e6452a0f643.jpg,Pullover,1344,1820,RGB,732044b5829587d7e5c63842c083da178e2fbfa8c5643c43e99281969755b6b2,True,ok,segmented,0.1439687172946101,False,True,test
/Users/ashley/Desktop/python/CS156-Machine-Learning/final/data/retail_images/segmentation_overlays/trouser/princess_polly_pants_47725178f295_overlay.jpg,/Users/ashley/Desktop/python/CS156-Machine-Learning/final/data/retail_images/raw/trouser/princess_polly_pants_47725178f295.jpg,Trouser,1344,1820,RGB,37cd8cb2c54ac4bcdb0f0188b552e737c6a5f79e905a9a7109b6a804e285d7e6,True,ok,segmented,0.2627534667713239,False,True,test
/Users/ashley/Desktop/python/CS156-Machine-Learning/final/data/retail_images/segmentation_overlays/sneaker/anthropologie_sneakers_2a16db614ea0_overlay.jpg,/Users/ashley/Desktop/python/CS156-Machine-Learning/final/data/retail_images/raw/sneaker/anthropologie_sneakers_2a16db614ea0.jpg,Sneaker,349,523,RGB,2223a2a83b81dc82b55a27d8fc5c6751ca2d1fb4af17a8ff8ba0ed56fd6bb34e,True,ok,segmented,0.0864858349723602,False,True,test
/Users/ashley/Desktop/python/CS156-Machine-Learning/final/data/retail_images/segmentation_overlays/bag/princess_polly_bags_0f94f47da52e_overlay.jpg,/Users/ashley/Desktop/python/CS156-Machine-Learning/final/data/retail_images/raw/bag/princess_polly_bags_0f94f47da52e.jpg,Bag,1345,1820,RGB,61ac1ef40ec8126fcb05503dfd3753b8c91163e039b527e9bb99229f794e0213,True,ok,segmented,0.1909346787041954,False,True,test
/Users/ashley/Desktop/python/CS156-Machine-Learning/final/data/retail_images/segmentation_overlays/sandal/princess_polly_sandals_33f5f2a5adaa_overlay.jpg,/Users/ashley/Desktop/python/CS156-Machine-Learning/final/data/retail_images/raw/sandal/princess_polly_sandals_33f5f2a5adaa.jpg,Sandal,1344,1820,RGB,2d3cbcd53f6963b59425bd05cdca56255e53dda32dc7d92edb0f86a5c6bf41fc,True,ok,segmented,0.0497097396650968,False,True,test
/Users/ashley/Desktop/python/CS156-Machine-Learning/final/data/retail_images/segmentation_overlays/trouser/princess_polly_pants_a21002373cb8_overlay.jpg,/Users/ashley/Desktop/python/CS156-Machine-Learning/final/data/retail_images/raw/trouser/princess_polly_pants_a21002373cb8.jpg,Trouser,1344,1820,RGB,f8fc859b6c62b128f851a345c0c0c58f0e5237a7d074364ed43fa7bba7061561,True,ok,segmented,0.1188632424123495,False,True,test
/Users/ashley/Desktop/python/CS156-Machine-Learning/final/data/retail_images/segmentation_overlays/ankle_boot/princess_polly_boots_90c63268cade_overlay.jpg,/Users/ashley/Desktop/python/CS156-Machine-Learning/final/data/retail_images/raw/ankle_boot/princess_polly_boots_90c63268cade.jpg,Ankle boot,1345,1820,RGB,c40478aece6b209a9a431c39b32b8fac8d867ff6c98d2b1b2a1a96483daa8060,True,ok,segmented,0.1327023162710895,False,True,test
/Users/ashley/Desktop/python/CS156-Machine-Learning/final/data/retail_images/segmentation_overlays/pullover/anthropologie_sweaters_95a68d3a1e20_overlay.jpg,/Users/ashley/Desktop/python/CS156-Machine-Learning/final/data/retail_images/raw/pullover/anthropologie_sweaters_95a68d3a1e20.jpg,Pullover,349,523,RGB,1de260f240920d6b541a4d564d9b8628522b1a4911a07a3b000b1b803600d228,True,ok,segmented,0.2816733962646622,False,True,test
/Users/ashley/Desktop/python/CS156-Machine-Learning/final/data/retail_images/segmentation_overlays/sandal/princess_polly_sandals_5031cb19ecc1_overlay.jpg,/Users/ashley/Desktop/python/CS156-Machine-Learning/final/data/retail_images/raw/sandal/princess_polly_sandals_5031cb19ecc1.jpg,Sandal,1344,1820,RGB,450de403981c337b924ad9f6fb7ef3c03696cebf1d23d68934b93fdff10c64a3,True,ok,segmented,0.0512963598901098,False,True,test
/Users/ashley/Desktop/python/CS156-Machine-Learning/final/data/retail_images/segmentation_overlays/coat/reformation_jackets_and_coats_2aae12ce5928_overlay.jpg,/Users/ashley/Desktop/python/CS156-Machine-Learning/final/data/retail_images/raw/coat/reformation_jackets_and_coats_2aae12ce5928.jpg,Coat,600,800,RGB,00846e52ed2271af27a3cd2048f42b64dc5f00ae0730fa2847fe4d63554df4dc,True,ok,segmented,0.1802645833333333,False,True,test
/Users/ashley/Desktop/python/CS156-Machine-Learning/final/data/retail_images/segmentation_overlays/t_shirt_top/brandy_melville_tops_page_4_ed34a0f57d3e_overlay.jpg,/Users/ashley/Desktop/python/CS156-Machine-Learning/final/data/retail_images/raw/t_shirt_top/brandy_melville_tops_page_4_ed34a0f57d3e.jpg,T-shirt/top,360,540,RGB,0cea378e97d421c8300bedc2bf44b0b6605bdc0213430efdfd284e705d7bb20d,True,ok,segmented,0.1518055555555555,False,True,test
/Users/ashley/Desktop/python/CS156-Machine-Learning/final/data/retail_images/segmentation_overlays/shirt/urban_outfitters_shirts_blouses_0b5c71defc32_overlay.jpg,/Users/ashley/Desktop/python/CS156-Machine-Learning/final/data/retail_images/raw/shirt/urban_outfitters_shirts_blouses_0b5c71defc32.jpg,Shirt,450,675,RGB,6ea1f28f52cccb57dc7e0a7623af3f7ecc27a3fdeafd1865d6fb1a10b8cae07e,True,ok,segmented,0.3305975308641975,False,True,test
/Users/ashley/Desktop/python/CS156-Machine-Learning/final/data/retail_images/segmentation_overlays/sandal/princess_polly_sandals_36e1a2747668_overlay.jpg,/Users/ashley/Desktop/python/CS156-Machine-Learning/final/data/retail_images/raw/sandal/princess_polly_sandals_36e1a2747668.jpg,Sandal,1345,1821,RGB,ec4046d958d8e73766c54cfc8b7c70482d6255f4d53dcd56f5ed84010c9e1a52,True,ok,segmented,0.0187972211844874,False,True,test
/Users/ashley/Desktop/python/CS156-Machine-Learning/final/data/retail_images/segmentation_overlays/ankle_boot/anthropologie_boot_shop_8a73cda0e7aa_overlay.jpg,/Users/ashley/Desktop/python/CS156-Machine-Learning/final/data/retail_images/raw/ankle_boot/anthropologie_boot_shop_8a73cda0e7aa.jpg,Ankle boot,698,1046,RGB,4a158dadc040cfc8bed4254d877f5f3179ff4086670f8564d18195d2c46a0d09,True,ok,segmented,0.0809085779090216,False,True,test
/Users/ashley/Desktop/python/CS156-Machine-Learning/final/data/retail_images/segmentation_overlays/trouser/princess_polly_pants_53f8947b6a62_overlay.jpg,/Users/ashley/Desktop/python/CS156-Machine-Learning/final/data/retail_images/raw/trouser/princess_polly_pants_53f8947b6a62.jpg,Trouser,1345,1821,RGB,e1bad615b2ec36ef13f512efafa6e0cb51bc36e337dd25b177d271f01cdaa8d1,True,ok,segmented,0.1442166871831932,False,True,test
/Users/ashley/Desktop/python/CS156-Machine-Learning/final/data/retail_images/segmentation_overlays/dress/reformation_dresses_1f7a4792ee1c_overlay.jpg,/Users/ashley/Desktop/python/CS156-Machine-Learning/final/data/retail_images/raw/dress/reformation_dresses_1f7a4792ee1c.jpg,Dress,600,800,RGB,13fdd0fc8fc923913e4deac2755271070a00aedf68e527d54d07982f9dd27d60,True,ok,segmented,0.1931020833333333,False,True,test
/Users/ashley/Desktop/python/CS156-Machine-Learning/final/data/retail_images/segmentation_overlays/sandal/princess_polly_sandals_f1ebaa08c378_overlay.jpg,/Users/ashley/Desktop/python/CS156-Machine-Learning/final/data/retail_images/raw/sandal/princess_polly_sandals_f1ebaa08c378.jpg,Sandal,1345,1821,RGB,5fad7f4c05aeeb4ecae6a0e402da16f7a39c13144f5c0a3adcdf29b12156060f,True,ok,segmented,0.0294952117897556,False,True,test
/Users/ashley/Desktop/python/CS156-Machine-Learning/final/data/retail_images/segmentation_overlays/pullover/anthropologie_sweaters_1f0938d7aed4_overlay.jpg,/Users/ashley/Desktop/python/CS156-Machine-Learning/final/data/retail_images/raw/pullover/anthropologie_sweaters_1f0938d7aed4.jpg,Pullover,349,523,RGB,dfc9b4efcc8d7836ee7ffb4247c2dec8b77ccb75b652d123f2d24dfc8d40dbdb,True,ok,segmented,0.1119889112295715,False,True,test
/Users/ashley/Desktop/python/CS156-Machine-Learning/final/data/retail_images/segmentation_overlays/dress/princess_polly_dresses_876c1dc77bb9_overlay.jpg,/Users/ashley/Desktop/python/CS156-Machine-Learning/final/data/retail_images/raw/dress/princess_polly_dresses_876c1dc77bb9.jpg,Dress,1344,1820,RGB,091e861ea3eded24ebe000c14ed073d93716887356d898f6086f3dd9cb1e9423,True,ok,segmented,0.1931858320251177,False,True,test
/Users/ashley/Desktop/python/CS156-Machine-Learning/final/data/retail_images/segmentation_overlays/sandal/princess_polly_sandals_a2f118251332_overlay.jpg,/Users/ashley/Desktop/python/CS156-Machine-Learning/final/data/retail_images/raw/sandal/princess_polly_sandals_a2f118251332.jpg,Sandal,1344,1820,RGB,d26afdfa695406b1b1fc3e9e1f0c3c9a43c7bc53bbae4a31b56bc13072ab7fcd,True,ok,segmented,0.0258989894034536,False,True,test
/Users/ashley/Desktop/python/CS156-Machine-Learning/final/data/retail_images/segmentation_overlays/dress/anthropologie_dresses_9e283d1db6f3_overlay.jpg,/Users/ashley/Desktop/python/CS156-Machine-Learning/final/data/retail_images/raw/dress/anthropologie_dresses_9e283d1db6f3.jpg,Dress,349,523,RGB,84acdf7acf2ca76a98327145ae7d1b1553348bcba118341b21a8a03ff76f287d,True,ok,segmented,0.1688462528831351,False,True,test
/Users/ashley/Desktop/python/CS156-Machine-Learning/final/data/retail_images/segmentation_overlays/t_shirt_top/brandy_melville_tops_680cd367d03b_overlay.jpg,/Users/ashley/Desktop/python/CS156-Machine-Learning/final/data/retail_images/raw/t_shirt_top/brandy_melville_tops_680cd367d03b.jpg,T-shirt/top,533,800,RGB,c171322e62237ca8f44113c9b0409dd846779a147ab782623397960e74e07301,True,ok,segmented,0.238374765478424,False,True,test
/Users/ashley/Desktop/python/CS156-Machine-Learning/final/data/retail_images/segmentation_overlays/sandal/princess_polly_sandals_1eee500984cf_overlay.jpg,/Users/ashley/Desktop/python/CS156-Machine-Learning/final/data/retail_images/raw/sandal/princess_polly_sandals_1eee500984cf.jpg,Sandal,1345,1820,RGB,132ea9c1b34d7ddd94a2a03eb920e9bd2f95dd2d183f68b97f3c8e752d113353,True,ok,segmented,0.0850226724947914,False,True,test
/Users/ashley/Desktop/python/CS156-Machine-Learning/final/data/retail_images/segmentation_overlays/dress/reformation_dresses_0204ab59067f_overlay.jpg,/Users/ashley/Desktop/python/CS156-Machine-Learning/final/data/retail_images/raw/dress/reformation_dresses_0204ab59067f.jpg,Dress,600,800,RGB,1e185f2082b5e4be0be8b0ed8045541097b36c401343ca45d2469be987bdc9ae,True,ok,segmented,0.2540958333333333,False,True,test
/Users/ashley/Desktop/python/CS156-Machine-Learning/final/data/retail_images/segmentation_overlays/pullover/reformation_sweaters_c4f5a89ac9a5_overlay.jpg,/Users/ashley/Desktop/python/CS156-Machine-Learning/final/data/retail_images/raw/pullover/reformation_sweaters_c4f5a89ac9a5.jpg,Pullover,600,800,RGB,4cd96a36d83cc918715e771e3695c76cb164e9e668f917e8e37499b89b242e8e,True,ok,segmented,0.1592791666666666,False,True,test
/Users/ashley/Desktop/python/CS156-Machine-Learning/final/data/retail_images/segmentation_overlays/ankle_boot/princess_polly_boots_30a2d0c0e2eb_overlay.jpg,/Users/ashley/Desktop/python/CS156-Machine-Learning/final/data/retail_images/raw/ankle_boot/princess_polly_boots_30a2d0c0e2eb.jpg,Ankle boot,1344,1820,RGB,0122c9ec73e9a5e03072560fd4083e4bde87c2474211debdec056e3552e5cd93,True,ok,segmented,0.0467216934850863,False,True,test
/Users/ashley/Desktop/python/CS156-Machine-Learning/final/data/retail_images/segmentation_overlays/sandal/anthropologie_sandals_62f982e7b463_overlay.jpg,/Users/ashley/Desktop/python/CS156-Machine-Learning/final/data/retail_images/raw/sandal/anthropologie_sandals_62f982e7b463.jpg,Sandal,349,523,RGB,dcadf3da845ac1c3e6694955b0a6f120b1614a52d6ccc7ffdd7cfe72caf43989,True,ok,segmented,0.0776213929993918,False,True,test
/Users/ashley/Desktop/python/CS156-Machine-Learning/final/data/retail_images/segmentation_overlays/sneaker/urban_outfitters_sneakers_8a7f1bc32bbd_overlay.jpg,/Users/ashley/Desktop/python/CS156-Machine-Learning/final/data/retail_images/raw/sneaker/urban_outfitters_sneakers_8a7f1bc32bbd.jpg,Sneaker,698,1046,RGB,99f4ce8c3c47f5ad27cb3ce253f75a4e0dc7fe2de401006d8763b4bc3a437368,True,ok,segmented,0.0842656154979811,False,True,test
