path,source_path,fashion_mnist_class,width,height,mode,sha256,is_valid,validation_message,segmentation_status,mask_area_ratio,is_duplicate,usable,input_policy,split
/Users/ashley/Desktop/python/CS156-Machine-Learning/final/data/retail_images/segmented/shirt/anthropologie_blouses_946013932d7f_seg.jpg,/Users/ashley/Desktop/python/CS156-Machine-Learning/final/data/retail_images/raw/shirt/anthropologie_blouses_946013932d7f.jpg,Shirt,307,309,RGB,6ccb827247b5e62730f80b030c802902f7f86c23c1c79104df74908ea593aa7f,True,ok,segmented,0.2304316621650495,False,True,segmented_crop,train
/Users/ashley/Desktop/python/CS156-Machine-Learning/final/data/retail_images/segmented/bag/anthropologie_bags_c7f08ce0cc27_seg.jpg,/Users/ashley/Desktop/python/CS156-Machine-Learning/final/data/retail_images/raw/bag/anthropologie_bags_c7f08ce0cc27.webp,Bag,2678,498,RGB,d45cc39790dab2271a55c8e0da15812c3da6215c3b17541c8895acbd5d809190,True,ok,segmented,0.0817684339021596,False,True,segmented_crop,train
data/retail_images/raw/sandal/urban_outfitters_sandals_46bd4ee2b997.jpg,data/retail_images/raw/sandal/urban_outfitters_sandals_46bd4ee2b997.jpg,Sandal,450,675,RGB,ecf1d9f17f89ad47639bdc6fc15213f4b12cee96b6f03ae412a705338a64d7b3,True,ok,not_used,0.0,False,True,raw_full_footwear,train
/Users/ashley/Desktop/python/CS156-Machine-Learning/final/data/retail_images/segmented/trouser/princess_polly_pants_4c3b6b329959_seg.jpg,/Users/ashley/Desktop/python/CS156-Machine-Learning/final/data/retail_images/raw/trouser/princess_polly_pants_4c3b6b329959.jpg,Trouser,593,1328,RGB,6ccf796895a930b7653f5183176aa4260f74e711df760043f6b24c33e791b990,True,ok,segmented,0.1889516973597986,False,True,segmented_crop,train
data/retail_images/raw/sneaker/anthropologie_sneakers_b0afbd1f8214.jpg,data/retail_images/raw/sneaker/anthropologie_sneakers_b0afbd1f8214.jpg,Sneaker,349,523,RGB,7153ddd04088c8c9ffb6a2c6f235a93dd231fb88bf716a3fc8dd95523a68c6d3,True,ok,not_used,0.0,False,True,raw_full_footwear,train
data/retail_images/raw/ankle_boot/princess_polly_boots_5dee6f66c768.jpg,data/retail_images/raw/ankle_boot/princess_polly_boots_5dee6f66c768.jpg,Ankle boot,1344,1820,RGB,5ff71fd85e4a2a4e937510146bcf3593936f061712cf3729bdde00ffb59babb3,True,ok,not_used,0.0,False,True,raw_full_footwear,train
/Users/ashley/Desktop/python/CS156-Machine-Learning/final/data/retail_images/segmented/pullover/anthropologie_sweaters_404935bbbebf_seg.jpg,/Users/ashley/Desktop/python/CS156-Machine-Learning/final/data/retail_images/raw/pullover/anthropologie_sweaters_404935bbbebf.jpg,Pullover,339,382,RGB,3f9bbf128d4505dfda4db07fe605dddb703661404be046dbab30bf11b17b612b,True,ok,segmented,0.3617656565877925,False,True,segmented_crop,train
data/retail_images/raw/ankle_boot/anthropologie_boot_shop_54f115b8e5d5.jpg,data/retail_images/raw/ankle_boot/anthropologie_boot_shop_54f115b8e5d5.jpg,Ankle boot,349,523,RGB,ac1b08700489c4255dc9d2f006540f70c5aa3121831b7c47b277bac20af382d8,True,ok,not_used,0.0,False,True,raw_full_footwear,train
data/retail_images/raw/ankle_boot/princess_polly_boots_6798028b8218.jpg,data/retail_images/raw/ankle_boot/princess_polly_boots_6798028b8218.jpg,Ankle boot,1345,1820,RGB,bc28561dde02206f478fe9eeff4d671172cf72e17cba68e9b9a92167a08d14f7,True,ok,not_used,0.0,False,True,raw_full_footwear,train
/Users/ashley/Desktop/python/CS156-Machine-Learning/final/data/retail_images/segmented/coat/reformation_jackets_and_coats_0efe4778e60f_seg.jpg,/Users/ashley/Desktop/python/CS156-Machine-Learning/final/data/retail_images/raw/coat/reformation_jackets_and_coats_0efe4778e60f.jpg,Coat,262,513,RGB,b7025c7bd61bff47980af084c2b13781babfe1eba0dc6c1595eefc424550a9f5,True,ok,segmented,0.1401083333333333,False,True,segmented_crop,train
/Users/ashley/Desktop/python/CS156-Machine-Learning/final/data/retail_images/segmented/dress/princess_polly_dresses_87b9d9926d27_seg.jpg,/Users/ashley/Desktop/python/CS156-Machine-Learning/final/data/retail_images/raw/dress/princess_polly_dresses_87b9d9926d27.jpg,Dress,639,860,RGB,274ae9e3f3d279885dc353d85a889d26ef54102bf75b91e2c1a773787c7b3d31,True,ok,segmented,0.1070095826792255,False,True,segmented_crop,train
/Users/ashley/Desktop/python/CS156-Machine-Learning/final/data/retail_images/segmented/t_shirt_top/brandy_melville_tops_page_4_6ee344ced5f2_seg.jpg,/Users/ashley/Desktop/python/CS156-Machine-Learning/final/data/retail_images/raw/t_shirt_top/brandy_melville_tops_page_4_6ee344ced5f2.jpg,T-shirt/top,335,449,RGB,12d0125380744a1e590c23831ce67803f95922576eaa8fcdb895079bf26c87f4,True,ok,segmented,0.186374296435272,False,True,segmented_crop,train
data/retail_images/raw/sandal/urban_outfitters_sandals_5caff8d83cbd.jpg,data/retail_images/raw/sandal/urban_outfitters_sandals_5caff8d83cbd.jpg,Sandal,450,675,RGB,a7a58a2db3a801c6a8243958fff3272fabb4667a9486bc59497467e596db44ad,True,ok,not_used,0.0,False,True,raw_full_footwear,train
data/retail_images/raw/ankle_boot/princess_polly_boots_b957c3c7277d.jpg,data/retail_images/raw/ankle_boot/princess_polly_boots_b957c3c7277d.jpg,Ankle boot,1344,1820,RGB,5b0c611944969b29abbe5c8c9f6ebff64ea0d550835028946c98753d73edd155,True,ok,not_used,0.0,False,True,raw_full_footwear,train
data/retail_images/raw/sneaker/urban_outfitters_sneakers_a52773e0266e.jpg,data/retail_images/raw/sneaker/urban_outfitters_sneakers_a52773e0266e.jpg,Sneaker,698,1046,RGB,8ab945844a0ab2ea7ed9cbeba64fe4489b5a75e71f766bd99eac8f37481c2ec3,True,ok,not_used,0.0,False,True,raw_full_footwear,train
data/retail_images/raw/sandal/princess_polly_sandals_f55eb7aa707b.jpg,data/retail_images/raw/sandal/princess_polly_sandals_f55eb7aa707b.jpg,Sandal,1344,1820,RGB,9db89f1c7160c0a59093af7a24b5504770a0c77c27cdee5c3e2333c47bebe2a2,True,ok,not_used,0.0,False,True,raw_full_footwear,train
/Users/ashley/Desktop/python/CS156-Machine-Learning/final/data/retail_images/segmented/coat/princess_polly_jackets_5bed9999e48a_seg.jpg,/Users/ashley/Desktop/python/CS156-Machine-Learning/final/data/retail_images/raw/coat/princess_polly_jackets_5bed9999e48a.jpg,Coat,1136,1321,RGB,41b26e9a87d51220ac1a68a2e582b0bbd67177b5fc3a695eb1682c0cd87d2f8d,True,ok,segmented,0.2684541852199845,False,True,segmented_crop,train
data/retail_images/raw/ankle_boot/anthropologie_boot_shop_705b67b72941.jpg,data/retail_images/raw/ankle_boot/anthropologie_boot_shop_705b67b72941.jpg,Ankle boot,698,1046,RGB,7462304b5cd272e6bc1908cf6ed10500c8bcef7bd773e4f7c91d5688f269e7fc,True,ok,not_used,0.0,False,True,raw_full_footwear,train
data/retail_images/raw/ankle_boot/anthropologie_boot_shop_3cd2fb17201f.jpg,data/retail_images/raw/ankle_boot/anthropologie_boot_shop_3cd2fb17201f.jpg,Ankle boot,349,523,RGB,53eb5790b8150e7c4d36468121b632518abb1565b6afd4dcec22d5bf2ff9414c,True,ok,not_used,0.0,False,True,raw_full_footwear,train
/Users/ashley/Desktop/python/CS156-Machine-Learning/final/data/retail_images/segmented/dress/reformation_dresses_ee3aa0096e0d_seg.jpg,/Users/ashley/Desktop/python/CS156-Machine-Learning/final/data/retail_images/raw/dress/reformation_dresses_ee3aa0096e0d.jpg,Dress,223,490,RGB,d34e4fb9d727dbf6db15e71fda4bdeb56e50214b6b67ab64242405bd82c59122,True,ok,segmented,0.0945104166666666,False,True,segmented_crop,train
/Users/ashley/Desktop/python/CS156-Machine-Learning/final/data/retail_images/segmented/pullover/anthropologie_sweaters_6bb0210697f0_seg.jpg,/Users/ashley/Desktop/python/CS156-Machine-Learning/final/data/retail_images/raw/pullover/anthropologie_sweaters_6bb0210697f0.jpg,Pullover,288,441,RGB,328ada60ae6c7e12a871231e5fd9a98c0ccfa96639e3e74f32a38b264803a308,True,ok,segmented,0.3137563209826491,False,True,segmented_crop,train
data/retail_images/raw/sandal/urban_outfitters_sandals_3ccb7d3e1bca.jpg,data/retail_images/raw/sandal/urban_outfitters_sandals_3ccb7d3e1bca.jpg,Sandal,450,675,RGB,bc0039a5e7bba4c2a2880b94062d614f1aefc2d3e58b42a9be9319ec20bc19ed,True,ok,not_used,0.0,False,True,raw_full_footwear,train
/Users/ashley/Desktop/python/CS156-Machine-Learning/final/data/retail_images/segmented/bag/anthropologie_bags_671646b20770_seg.jpg,/Users/ashley/Desktop/python/CS156-Machine-Learning/final/data/retail_images/raw/bag/anthropologie_bags_671646b20770.jpg,Bag,273,502,RGB,9ef66248f046a5786b79c02345f4a9a7f73eb44e390e35fe46eba84788859d21,True,ok,segmented,0.2554964471009768,False,True,segmented_crop,train
data/retail_images/raw/sandal/princess_polly_sandals_6aff9f2b1749.jpg,data/retail_images/raw/sandal/princess_polly_sandals_6aff9f2b1749.jpg,Sandal,1345,1820,RGB,1bc0148ebc7b6b1afdd9849018d36ccf63b1b76534607f110b31a50c58d7181a,True,ok,not_used,0.0,False,True,raw_full_footwear,train
/Users/ashley/Desktop/python/CS156-Machine-Learning/final/data/retail_images/segmented/pullover/reformation_sweaters_c8bd53c996ec_seg.jpg,/Users/ashley/Desktop/python/CS156-Machine-Learning/final/data/retail_images/raw/pullover/reformation_sweaters_c8bd53c996ec.jpg,Pullover,358,565,RGB,5f3a09552cf84f549ecfbef61df70a040875ebe905f096dd2f2aad1ad6e2e608,True,ok,segmented,0.1988270833333333,False,True,segmented_crop,train
/Users/ashley/Desktop/python/CS156-Machine-Learning/final/data/retail_images/segmented/bag/anthropologie_bags_bb0d1ea5f4c6_seg.jpg,/Users/ashley/Desktop/python/CS156-Machine-Learning/final/data/retail_images/raw/bag/anthropologie_bags_bb0d1ea5f4c6.jpg,Bag,349,449,RGB,a46848ca5c7c361faf8d863bfe46251eb33bca1848da12c0e77a170c55b7cbb4,True,ok,segmented,0.326307888695919,False,True,segmented_crop,train
/Users/ashley/Desktop/python/CS156-Machine-Learning/final/data/retail_images/segmented/t_shirt_top/brandy_melville_tops_page_4_0b27ff4344e8_seg.jpg,/Users/ashley/Desktop/python/CS156-Machine-Learning/final/data/retail_images/raw/t_shirt_top/brandy_melville_tops_page_4_0b27ff4344e8.jpg,T-shirt/top,331,450,RGB,175e78ba9a46da3fecfe37436a670fb1090888fbc2a129ef2bb2e99b9eb9796c,True,ok,segmented,0.15187382739212,False,True,segmented_crop,train
/Users/ashley/Desktop/python/CS156-Machine-Learning/final/data/retail_images/segmented/bag/princess_polly_bags_1f86454b5f40_seg.jpg,/Users/ashley/Desktop/python/CS156-Machine-Learning/final/data/retail_images/raw/bag/princess_polly_bags_1f86454b5f40.jpg,Bag,999,1109,RGB,da401928a6da33569207fa68d7e86f8cc51688d356c1dc6149b74d0424fa910a,True,ok,segmented,0.1302238683935112,False,True,segmented_crop,train
/Users/ashley/Desktop/python/CS156-Machine-Learning/final/data/retail_images/segmented/shirt/anthropologie_blouses_5256e9fe4b48_seg.jpg,/Users/ashley/Desktop/python/CS156-Machine-Learning/final/data/retail_images/raw/shirt/anthropologie_blouses_5256e9fe4b48.jpg,Shirt,349,470,RGB,dc2e191e75ad6ad0c96369f429a0eab17111ce91fd2ff4c2fa3c72e6fc8703ba,True,ok,segmented,0.5652150092862974,False,True,segmented_crop,train
/Users/ashley/Desktop/python/CS156-Machine-Learning/final/data/retail_images/segmented/coat/reformation_outerwear_725f60d2e991_seg.jpg,/Users/ashley/Desktop/python/CS156-Machine-Learning/final/data/retail_images/raw/coat/reformation_outerwear_725f60d2e991.jpg,Coat,406,624,RGB,06c535f14d0b0f3332238bef34f592a3ff54bbdc070ca3bbf9acca7fced2f16f,True,ok,segmented,0.2754979166666667,False,True,segmented_crop,train
/Users/ashley/Desktop/python/CS156-Machine-Learning/final/data/retail_images/segmented/t_shirt_top/brandy_melville_tops_a177b711ef98_seg.jpg,/Users/ashley/Desktop/python/CS156-Machine-Learning/final/data/retail_images/raw/t_shirt_top/brandy_melville_tops_a177b711ef98.jpg,T-shirt/top,608,951,RGB,82a6b69f49a975aaad821991e9a7f7781b89bbf7b260871c8a73acb8b4226a1c,True,ok,segmented,0.218408,False,True,segmented_crop,train
/Users/ashley/Desktop/python/CS156-Machine-Learning/final/data/retail_images/segmented/pullover/anthropologie_sweaters_38de34b008c2_seg.jpg,/Users/ashley/Desktop/python/CS156-Machine-Learning/final/data/retail_images/raw/pullover/anthropologie_sweaters_38de34b008c2.jpg,Pullover,336,422,RGB,b476c5ed06bcd64c6ab6dde92c58f16eb893690ca293e593078a232863746135,True,ok,segmented,0.3497564743846116,False,True,segmented_crop,train
data/retail_images/raw/sneaker/anthropologie_sneakers_8ae864b1ef27.jpg,data/retail_images/raw/sneaker/anthropologie_sneakers_8ae864b1ef27.jpg,Sneaker,349,523,RGB,6704141b0991c446138c170e1393783a5cbda9460dd763adf12867a378591a0f,True,ok,not_used,0.0,False,True,raw_full_footwear,train
/Users/ashley/Desktop/python/CS156-Machine-Learning/final/data/retail_images/segmented/t_shirt_top/brandy_melville_tops_page_4_83fea7ea8895_seg.jpg,/Users/ashley/Desktop/python/CS156-Machine-Learning/final/data/retail_images/raw/t_shirt_top/brandy_melville_tops_page_4_83fea7ea8895.jpg,T-shirt/top,161,195,RGB,d9cf4a7ec35573cf5fa61de29302701ffcf236c97d510cb1fdc6b12ef4bed835,True,ok,segmented,0.3478983382209188,False,True,segmented_crop,train
data/retail_images/raw/sandal/urban_outfitters_sandals_dc7655b95a83.jpg,data/retail_images/raw/sandal/urban_outfitters_sandals_dc7655b95a83.jpg,Sandal,349,523,RGB,cf4fca65229cf8d080527473c739161819d26c9428aa6fee25d29fbf110f908f,True,ok,not_used,0.0,False,True,raw_full_footwear,train
data/retail_images/raw/sneaker/anthropologie_sneakers_2a16db614ea0.jpg,data/retail_images/raw/sneaker/anthropologie_sneakers_2a16db614ea0.jpg,Sneaker,349,523,RGB,925f1ac83294211f580fe08587f3c7dc5265440d64c8bdec5a8140ec18119caf,True,ok,not_used,0.0,False,True,raw_full_footwear,train
/Users/ashley/Desktop/python/CS156-Machine-Learning/final/data/retail_images/segmented/trouser/princess_polly_pants_20d20ac200f5_seg.jpg,/Users/ashley/Desktop/python/CS156-Machine-Learning/final/data/retail_images/raw/trouser/princess_polly_pants_20d20ac200f5.jpg,Trouser,1318,876,RGB,3880b855684aef42bbcc12dc3b4cca386f492453fe9b3ae9b9166db09caca3fa,True,ok,segmented,0.159491400792516,False,True,segmented_crop,train
/Users/ashley/Desktop/python/CS156-Machine-Learning/final/data/retail_images/segmented/trouser/princess_polly_pants_4c39b9983ea6_seg.jpg,/Users/ashley/Desktop/python/CS156-Machine-Learning/final/data/retail_images/raw/trouser/princess_polly_pants_4c39b9983ea6.jpg,Trouser,361,1156,RGB,8597806a0feff22eab41654fb371be30418a62d84f7f8546122938a5a037949c,True,ok,segmented,0.0958723804076964,False,True,segmented_crop,train
/Users/ashley/Desktop/python/CS156-Machine-Learning/final/data/retail_images/segmented/pullover/anthropologie_sweaters_c16e577beea4_seg.jpg,/Users/ashley/Desktop/python/CS156-Machine-Learning/final/data/retail_images/raw/pullover/anthropologie_sweaters_c16e577beea4.jpg,Pullover,235,270,RGB,083fb7f6b37a6e712c682fe43812bb7a06a1f0a8ddf92b3c5892e42f15dab7b8,True,ok,segmented,0.183397524749763,False,True,segmented_crop,train
data/retail_images/raw/sneaker/anthropologie_sneakers_adf73f10feba.jpg,data/retail_images/raw/sneaker/anthropologie_sneakers_adf73f10feba.jpg,Sneaker,349,523,RGB,d0d5a5ce9a4ca7a8bcaab13dab9c1657a5b40f3677302fc0e659421458f8e86e,True,ok,not_used,0.0,False,True,raw_full_footwear,train
/Users/ashley/Desktop/python/CS156-Machine-Learning/final/data/retail_images/segmented/dress/princess_polly_dresses_6d79938a812a_seg.jpg,/Users/ashley/Desktop/python/CS156-Machine-Learning/final/data/retail_images/raw/dress/princess_polly_dresses_6d79938a812a.jpg,Dress,745,1506,RGB,374eab98092ce3fdf3dc65f22ce12fa1c5dd64e784d8c973f5a2f31ffe4697fb,True,ok,segmented,0.2321768076389434,False,True,segmented_crop,train
/Users/ashley/Desktop/python/CS156-Machine-Learning/final/data/retail_images/segmented/bag/anthropologie_bags_21434693831f_seg.jpg,/Users/ashley/Desktop/python/CS156-Machine-Learning/final/data/retail_images/raw/bag/anthropologie_bags_21434693831f.webp,Bag,302,408,RGB,04ca1200b294ee3de34a4548f2b1ed9ff6f92208bc167d8c6d2bfcc63a1e6463,True,ok,segmented,0.068818585743479,False,True,segmented_crop,train
/Users/ashley/Desktop/python/CS156-Machine-Learning/final/data/retail_images/segmented/t_shirt_top/brandy_melville_tops_page_4_5b2aae6624ba_seg.jpg,/Users/ashley/Desktop/python/CS156-Machine-Learning/final/data/retail_images/raw/t_shirt_top/brandy_melville_tops_page_4_5b2aae6624ba.jpg,T-shirt/top,221,276,RGB,d05b5ebbf67f55a2462611dcee8d5d8d1abfee8b377458280f6fa029d3f19010,True,ok,segmented,0.1567232510288065,False,True,segmented_crop,train
/Users/ashley/Desktop/python/CS156-Machine-Learning/final/data/retail_images/segmented/pullover/reformation_sweaters_074426fd9698_seg.jpg,/Users/ashley/Desktop/python/CS156-Machine-Learning/final/data/retail_images/raw/pullover/reformation_sweaters_074426fd9698.jpg,Pullover,258,363,RGB,1ebd3215e2106989283fd9977d0fa10713e279ecf76db82247923659594157f0,True,ok,segmented,0.0858291666666666,False,True,segmented_crop,train
/Users/ashley/Desktop/python/CS156-Machine-Learning/final/data/retail_images/segmented/trouser/brandy_melville_pants_5329dba38eba_seg.jpg,/Users/ashley/Desktop/python/CS156-Machine-Learning/final/data/retail_images/raw/trouser/brandy_melville_pants_5329dba38eba.jpg,Trouser,187,352,RGB,5a3284a9da2c15b38fe8f6a9f794b0a762d9e78260bf56ec1a6097ab3e78b8a7,True,ok,segmented,0.1377674897119341,False,True,segmented_crop,train
/Users/ashley/Desktop/python/CS156-Machine-Learning/final/data/retail_images/segmented/dress/reformation_dresses_091796faa073_seg.jpg,/Users/ashley/Desktop/python/CS156-Machine-Learning/final/data/retail_images/raw/dress/reformation_dresses_091796faa073.jpg,Dress,174,621,RGB,d356975963885c616ce89ed2fbd3ef3a0ac88c6252a1074ceadca20bf5dfe129,True,ok,segmented,0.1294791666666666,False,True,segmented_crop,train
data/retail_images/raw/ankle_boot/anthropologie_boot_shop_a5d6db3595d5.jpg,data/retail_images/raw/ankle_boot/anthropologie_boot_shop_a5d6db3595d5.jpg,Ankle boot,349,523,RGB,d9ede883eb93f7d72aa17029a1d2d54941e0a0b9238d1f096065d79f0f8f2d31,True,ok,not_used,0.0,False,True,raw_full_footwear,train
/Users/ashley/Desktop/python/CS156-Machine-Learning/final/data/retail_images/segmented/pullover/anthropologie_sweaters_aa5719ae0674_seg.jpg,/Users/ashley/Desktop/python/CS156-Machine-Learning/final/data/retail_images/raw/pullover/anthropologie_sweaters_aa5719ae0674.jpg,Pullover,342,389,RGB,215718713d308928bafc744dabc34b1d034b7b74080403c30ba4ab17c6972481,True,ok,segmented,0.3231850630317706,False,True,segmented_crop,train
/Users/ashley/Desktop/python/CS156-Machine-Learning/final/data/retail_images/segmented/trouser/princess_polly_pants_19bfb74d8c9b_seg.jpg,/Users/ashley/Desktop/python/CS156-Machine-Learning/final/data/retail_images/raw/trouser/princess_polly_pants_19bfb74d8c9b.jpg,Trouser,624,1256,RGB,e58e52b0eafa0b52125adb74db917835ff4d3791249ff8bddce02f4e8a523efd,True,ok,segmented,0.1824535583464155,False,True,segmented_crop,train
/Users/ashley/Desktop/python/CS156-Machine-Learning/final/data/retail_images/segmented/pullover/reformation_sweaters_6db11aecd2b2_seg.jpg,/Users/ashley/Desktop/python/CS156-Machine-Learning/final/data/retail_images/raw/pullover/reformation_sweaters_6db11aecd2b2.jpg,Pullover,600,650,RGB,3fe29028442532d6b59b8e712396c7a9757f6f6ef02c0098eafc4df1106f4b95,True,ok,segmented,0.42978125,False,True,segmented_crop,train
/Users/ashley/Desktop/python/CS156-Machine-Learning/final/data/retail_images/segmented/dress/reformation_dresses_726b0f232199_seg.jpg,/Users/ashley/Desktop/python/CS156-Machine-Learning/final/data/retail_images/raw/dress/reformation_dresses_726b0f232199.jpg,Dress,272,700,RGB,92484bf91182d740487d11f31cff5434326b12fe2dbb1d9d95da5a0293458ada,True,ok,segmented,0.22311875,False,True,segmented_crop,train
/Users/ashley/Desktop/python/CS156-Machine-Learning/final/data/retail_images/segmented/pullover/reformation_sweaters_9487e53a791a_seg.jpg,/Users/ashley/Desktop/python/CS156-Machine-Learning/final/data/retail_images/raw/pullover/reformation_sweaters_9487e53a791a.jpg,Pullover,185,336,RGB,d9c8f4c4080160eda4829c853179bf65006540feacf429eddeb0f4e27e2f2c31,True,ok,segmented,0.0620166666666666,False,True,segmented_crop,train
/Users/ashley/Desktop/python/CS156-Machine-Learning/final/data/retail_images/segmented/t_shirt_top/brandy_melville_tops_afce5f125314_seg.jpg,/Users/ashley/Desktop/python/CS156-Machine-Learning/final/data/retail_images/raw/t_shirt_top/brandy_melville_tops_afce5f125314.jpg,T-shirt/top,178,280,RGB,f266bfb2a14df119f7ca9984ae0a43e656cdae4cf4f5ee7996c17e1a2ae6f85f,True,ok,segmented,0.0606683864915572,False,True,segmented_crop,train
/Users/ashley/Desktop/python/CS156-Machine-Learning/final/data/retail_images/segmented/pullover/anthropologie_sweaters_deaa20b1fb08_seg.jpg,/Users/ashley/Desktop/python/CS156-Machine-Learning/final/data/retail_images/raw/pullover/anthropologie_sweaters_deaa20b1fb08.jpg,Pullover,349,394,RGB,1206dbab6c2b08c215631c9c4014bb6d82df661f14bec3a99027f3d18a8ce088,True,ok,segmented,0.3935746492299769,False,True,segmented_crop,train
/Users/ashley/Desktop/python/CS156-Machine-Learning/final/data/retail_images/segmented/trouser/princess_polly_pants_54b6ce2667f7_seg.jpg,/Users/ashley/Desktop/python/CS156-Machine-Learning/final/data/retail_images/raw/trouser/princess_polly_pants_54b6ce2667f7.jpg,Trouser,1013,1635,RGB,0546e71c9f53ac0c315b60ae15b1950674db3d16ece5910715502d6ed8e156ea,True,ok,segmented,0.317496221250868,False,True,segmented_crop,train
/Users/ashley/Desktop/python/CS156-Machine-Learning/final/data/retail_images/segmented/t_shirt_top/brandy_melville_tops_aae4a1a4ec59_seg.jpg,/Users/ashley/Desktop/python/CS156-Machine-Learning/final/data/retail_images/raw/t_shirt_top/brandy_melville_tops_aae4a1a4ec59.jpg,T-shirt/top,705,851,RGB,c8bc931377f363e2f387bcdce92d56db71880d803ce11cfef50fa1c78bf6d2b5,True,ok,segmented,0.2002253333333333,False,True,segmented_crop,train
data/retail_images/raw/ankle_boot/anthropologie_boot_shop_e6016d9aca57.jpg,data/retail_images/raw/ankle_boot/anthropologie_boot_shop_e6016d9aca57.jpg,Ankle boot,349,523,RGB,a288da8ef0eada33e15837221762c8d1c9070ce9c969ac21d747687a7408f427,True,ok,not_used,0.0,False,True,raw_full_footwear,train
/Users/ashley/Desktop/python/CS156-Machine-Learning/final/data/retail_images/segmented/pullover/reformation_sweaters_d913b3afffa7_seg.jpg,/Users/ashley/Desktop/python/CS156-Machine-Learning/final/data/retail_images/raw/pullover/reformation_sweaters_d913b3afffa7.jpg,Pullover,383,607,RGB,4fcd03d22f81e4080c2b12056c9ab40daf64a89136130ba73997f2e5e369b3b9,True,ok,segmented,0.2029104166666666,False,True,segmented_crop,train
/Users/ashley/Desktop/python/CS156-Machine-Learning/final/data/retail_images/segmented/shirt/anthropologie_blouses_16f375d22249_seg.jpg,/Users/ashley/Desktop/python/CS156-Machine-Learning/final/data/retail_images/raw/shirt/anthropologie_blouses_16f375d22249.jpg,Shirt,216,403,RGB,007ad54b183d9b1bbdbdefe466629bb6e6ec0be4fa5b8dc51c1cc25df0eaef2c,True,ok,segmented,0.2611777983531204,False,True,segmented_crop,train
/Users/ashley/Desktop/python/CS156-Machine-Learning/final/data/retail_images/segmented/shirt/free_people_blouses_9b971541b5b2_seg.jpg,/Users/ashley/Desktop/python/CS156-Machine-Learning/final/data/retail_images/raw/shirt/free_people_blouses_9b971541b5b2.jpg,Shirt,698,788,RGB,07aea7abec31d83852cceef6ba6fb5c0b155103f6f3552835a2bf0a7be874fe2,True,ok,segmented,0.4168903778619053,False,True,segmented_crop,train
/Users/ashley/Desktop/python/CS156-Machine-Learning/final/data/retail_images/segmented/shirt/anthropologie_blouses_60df205d1a77_seg.jpg,/Users/ashley/Desktop/python/CS156-Machine-Learning/final/data/retail_images/raw/shirt/anthropologie_blouses_60df205d1a77.webp,Shirt,698,988,RGB,b2be441c5146efb3205ecb88f3370207470699bb8bb1af45f748da3cbcf8a3ae,True,ok,segmented,0.3195842258953469,False,True,segmented_crop,train
data/retail_images/raw/sneaker/princess_polly_sneakers_8fd192c02cb5.jpg,data/retail_images/raw/sneaker/princess_polly_sneakers_8fd192c02cb5.jpg,Sneaker,1344,1820,RGB,a9fa7d32ff93383d00fd82af2da65d0e11a70aa77b5b9f3db74644aef642a289,True,ok,not_used,0.0,False,True,raw_full_footwear,train
data/retail_images/raw/ankle_boot/princess_polly_boots_18b9f4688dcc.jpg,data/retail_images/raw/ankle_boot/princess_polly_boots_18b9f4688dcc.jpg,Ankle boot,1344,1820,RGB,e4d2f3fdb8e2ca639d134b07f604063ba17ec4e847b1fe736d9bc9501fa3e26e,True,ok,not_used,0.0,False,True,raw_full_footwear,train
/Users/ashley/Desktop/python/CS156-Machine-Learning/final/data/retail_images/segmented/trouser/princess_polly_pants_4c209a7935f6_seg.jpg,/Users/ashley/Desktop/python/CS156-Machine-Learning/final/data/retail_images/raw/trouser/princess_polly_pants_4c209a7935f6.jpg,Trouser,561,1155,RGB,88505d8bc2c838f680fb1689f907b82b2c063f25be3adb5033ca9064cdb661be,True,ok,segmented,0.1036316843008292,False,True,segmented_crop,train
data/retail_images/raw/sneaker/anthropologie_sneakers_32d5ce317aee.jpg,data/retail_images/raw/sneaker/anthropologie_sneakers_32d5ce317aee.jpg,Sneaker,349,523,RGB,609d673fcc9be66ad2804569af18b3e2c8851493350610b5a3aa1463a62860bc,True,ok,not_used,0.0,False,True,raw_full_footwear,train
/Users/ashley/Desktop/python/CS156-Machine-Learning/final/data/retail_images/segmented/shirt/urban_outfitters_shirts_blouses_0b5c71defc32_seg.jpg,/Users/ashley/Desktop/python/CS156-Machine-Learning/final/data/retail_images/raw/shirt/urban_outfitters_shirts_blouses_0b5c71defc32.jpg,Shirt,444,513,RGB,94ffa6c6d88e0008fa8e7dc2cea4806c393f58c3cb93800e1888914a94b66eed,True,ok,segmented,0.3305975308641975,False,True,segmented_crop,train
/Users/ashley/Desktop/python/CS156-Machine-Learning/final/data/retail_images/segmented/trouser/princess_polly_pants_d03dfcf0aefd_seg.jpg,/Users/ashley/Desktop/python/CS156-Machine-Learning/final/data/retail_images/raw/trouser/princess_polly_pants_d03dfcf0aefd.jpg,Trouser,484,1130,RGB,936cf85c3d706c5a6a6f45531713439ca8cb8cb2d13452753deb9a2ae5551abc,True,ok,segmented,0.1308362269700559,False,True,segmented_crop,train
data/retail_images/raw/ankle_boot/anthropologie_boot_shop_2fc34c57c931.jpg,data/retail_images/raw/ankle_boot/anthropologie_boot_shop_2fc34c57c931.jpg,Ankle boot,349,523,RGB,ea570fc2a1d2d08e80a5b6ab189d2bd6983cc9ed81f192c6c0a52e48760d9af8,True,ok,not_used,0.0,False,True,raw_full_footwear,train
data/retail_images/raw/sandal/princess_polly_sandals_c4fc4afafa65.jpg,data/retail_images/raw/sandal/princess_polly_sandals_c4fc4afafa65.jpg,Sandal,1345,1821,RGB,f71947b9d15404537104c1d632b14497ed2a2e79551a33d3d4091d04f15eaee0,True,ok,not_used,0.0,False,True,raw_full_footwear,train
/Users/ashley/Desktop/python/CS156-Machine-Learning/final/data/retail_images/segmented/coat/reformation_outerwear_3d2885ab772b_seg.jpg,/Users/ashley/Desktop/python/CS156-Machine-Learning/final/data/retail_images/raw/coat/reformation_outerwear_3d2885ab772b.jpg,Coat,569,547,RGB,3fd2dda2f586ec87f1f844444f7afc62d4ba18f84125ccf04c68be6b8bf1a0bc,True,ok,segmented,0.2001020833333333,False,True,segmented_crop,train
data/retail_images/raw/sneaker/princess_polly_sneakers_96d768b6d56e.jpg,data/retail_images/raw/sneaker/princess_polly_sneakers_96d768b6d56e.jpg,Sneaker,1344,1820,RGB,f34414e31182f3e812c734907409527aa7c1ce3a4e4a1e238d008b6851744b89,True,ok,not_used,0.0,False,True,raw_full_footwear,train
/Users/ashley/Desktop/python/CS156-Machine-Learning/final/data/retail_images/segmented/pullover/reformation_sweaters_9c4ef391115c_seg.jpg,/Users/ashley/Desktop/python/CS156-Machine-Learning/final/data/retail_images/raw/pullover/reformation_sweaters_9c4ef391115c.jpg,Pullover,528,439,RGB,da3fd2f0f21bd6405365773327db7b39008c43ffe5da653d8a84b4c8f98dd923,True,ok,segmented,0.2714270833333333,False,True,segmented_crop,train
/Users/ashley/Desktop/python/CS156-Machine-Learning/final/data/retail_images/segmented/pullover/anthropologie_sweaters_886d5a26fc04_seg.jpg,/Users/ashley/Desktop/python/CS156-Machine-Learning/final/data/retail_images/raw/pullover/anthropologie_sweaters_886d5a26fc04.jpg,Pullover,349,462,RGB,0ce389619e8dabdc02b236a8fbc45029ec5f49af993d8a327ecad247a07a77d1,True,ok,segmented,0.3670141951601681,False,True,segmented_crop,train
data/retail_images/raw/sandal/princess_polly_sandals_309084ddb356.jpg,data/retail_images/raw/sandal/princess_polly_sandals_309084ddb356.jpg,Sandal,1344,1820,RGB,04d49908571215e64511a5d900b8b0dc12e5a42b2206b55cf602fe03ae3e4f6b,True,ok,not_used,0.0,False,True,raw_full_footwear,train
/Users/ashley/Desktop/python/CS156-Machine-Learning/final/data/retail_images/segmented/dress/anthropologie_dresses_b2690778f3e2_seg.jpg,/Users/ashley/Desktop/python/CS156-Machine-Learning/final/data/retail_images/raw/dress/anthropologie_dresses_b2690778f3e2.webp,Dress,203,353,RGB,153b5f022acf29064895134f556a366b74ec58a42135e5e1abbda520e231769b,True,ok,segmented,0.1681011576369523,False,True,segmented_crop,train
/Users/ashley/Desktop/python/CS156-Machine-Learning/final/data/retail_images/segmented/coat/reformation_outerwear_7c5a1b9c0ec2_seg.jpg,/Users/ashley/Desktop/python/CS156-Machine-Learning/final/data/retail_images/raw/coat/reformation_outerwear_7c5a1b9c0ec2.jpg,Coat,423,512,RGB,b4c48ed8d2ae6821885dd045c19691ffc6741ba83d2611b8f14110e54dcb9614,True,ok,segmented,0.2244979166666666,False,True,segmented_crop,train
/Users/ashley/Desktop/python/CS156-Machine-Learning/final/data/retail_images/segmented/dress/reformation_dresses_8bf100070d45_seg.jpg,/Users/ashley/Desktop/python/CS156-Machine-Learning/final/data/retail_images/raw/dress/reformation_dresses_8bf100070d45.jpg,Dress,491,652,RGB,9212a46cd01c07b227f84373d9d05c4e5472d38f1fb47d83d36855099afe31d9,True,ok,segmented,0.1825645833333333,False,True,segmented_crop,train
/Users/ashley/Desktop/python/CS156-Machine-Learning/final/data/retail_images/segmented/shirt/princess_polly_shirts_blouses_936c3fe9cf4c_seg.jpg,/Users/ashley/Desktop/python/CS156-Machine-Learning/final/data/retail_images/raw/shirt/princess_polly_shirts_blouses_936c3fe9cf4c.jpg,Shirt,1116,1180,RGB,3497deaecbffe516f5af87380775b6c532c4fe704878b1ba68f33694ce080d69,True,ok,segmented,0.1356312957875458,False,True,segmented_crop,train
data/retail_images/raw/ankle_boot/anthropologie_boot_shop_50c835567891.jpg,data/retail_images/raw/ankle_boot/anthropologie_boot_shop_50c835567891.jpg,Ankle boot,349,523,RGB,93ffdc0b63844e542399c2dabf06f48ea3aab21133b51ecd3f0da6cf74748bf3,True,ok,not_used,0.0,False,True,raw_full_footwear,train
/Users/ashley/Desktop/python/CS156-Machine-Learning/final/data/retail_images/segmented/bag/princess_polly_bags_2e78053ed613_seg.jpg,/Users/ashley/Desktop/python/CS156-Machine-Learning/final/data/retail_images/raw/bag/princess_polly_bags_2e78053ed613.jpg,Bag,1018,1369,RGB,1c38e84d81322b55c138a07c20d7ef52119c4ff6962c6be614ee9d90442fca97,True,ok,segmented,0.101168387915914,False,True,segmented_crop,train
/Users/ashley/Desktop/python/CS156-Machine-Learning/final/data/retail_images/segmented/shirt/urban_outfitters_shirts_blouses_42d1bf541d6f_seg.jpg,/Users/ashley/Desktop/python/CS156-Machine-Learning/final/data/retail_images/raw/shirt/urban_outfitters_shirts_blouses_42d1bf541d6f.jpg,Shirt,698,991,RGB,b45a4ae974780aa2cc0322543f9cb70c759fe46a31870ff77e3f43641a36919b,True,ok,segmented,0.5239101612364199,False,True,segmented_crop,train
/Users/ashley/Desktop/python/CS156-Machine-Learning/final/data/retail_images/segmented/bag/anthropologie_bags_c63e6ad46afc_seg.jpg,/Users/ashley/Desktop/python/CS156-Machine-Learning/final/data/retail_images/raw/bag/anthropologie_bags_c63e6ad46afc.jpg,Bag,313,474,RGB,6f24a4e8c570a0279eb78d4379868a0d9d0ae1800a932151ebdb50096001f5ba,True,ok,segmented,0.1726429514537575,False,True,segmented_crop,train
/Users/ashley/Desktop/python/CS156-Machine-Learning/final/data/retail_images/segmented/shirt/urban_outfitters_shirts_blouses_29f21f6b36c3_seg.jpg,/Users/ashley/Desktop/python/CS156-Machine-Learning/final/data/retail_images/raw/shirt/urban_outfitters_shirts_blouses_29f21f6b36c3.jpg,Shirt,368,444,RGB,6c3010e74a5b23ee7f606d5363ad6eaca3d50da04df8770a64a1d1c860e002b5,True,ok,segmented,0.2403094650205761,False,True,segmented_crop,train
data/retail_images/raw/ankle_boot/princess_polly_boots_846fce8fce0e.jpg,data/retail_images/raw/ankle_boot/princess_polly_boots_846fce8fce0e.jpg,Ankle boot,1344,1820,RGB,b27c541ed93dbe520296e077c992d0d5eea4da8c84c4c22b88a9b2acad5a2910,True,ok,not_used,0.0,False,True,raw_full_footwear,train
/Users/ashley/Desktop/python/CS156-Machine-Learning/final/data/retail_images/segmented/bag/princess_polly_bags_f42ae67afda4_seg.jpg,/Users/ashley/Desktop/python/CS156-Machine-Learning/final/data/retail_images/raw/bag/princess_polly_bags_f42ae67afda4.jpg,Bag,641,1485,RGB,f5770fb25af08658bdf192534f04d1f03a9539296839144f9286ae618def5abf,True,ok,segmented,0.0808636675824175,False,True,segmented_crop,train
/Users/ashley/Desktop/python/CS156-Machine-Learning/final/data/retail_images/segmented/dress/reformation_dresses_3a093c6971d9_seg.jpg,/Users/ashley/Desktop/python/CS156-Machine-Learning/final/data/retail_images/raw/dress/reformation_dresses_3a093c6971d9.jpg,Dress,324,681,RGB,b7a1e4e5edba6d56070daa5b77e5d914accd3df67354ca463a42757a71348a7b,True,ok,segmented,0.27375625,False,True,segmented_crop,train
/Users/ashley/Desktop/python/CS156-Machine-Learning/final/data/retail_images/segmented/bag/princess_polly_bags_898a6f2a3742_seg.jpg,/Users/ashley/Desktop/python/CS156-Machine-Learning/final/data/retail_images/raw/bag/princess_polly_bags_898a6f2a3742.jpg,Bag,1161,1390,RGB,53c1c8800d35f9e9789b7df97f1b1db613c07911921df7c80423e889bb4a7cd5,True,ok,segmented,0.2016565279958137,False,True,segmented_crop,train
/Users/ashley/Desktop/python/CS156-Machine-Learning/final/data/retail_images/segmented/trouser/brandy_melville_pants_f8f96c834b4d_seg.jpg,/Users/ashley/Desktop/python/CS156-Machine-Learning/final/data/retail_images/raw/trouser/brandy_melville_pants_f8f96c834b4d.jpg,Trouser,191,424,RGB,078a780cfe401f1aa9a5dff2ce26ea36363388c1089b2b69ac8f60d04b0328f9,True,ok,segmented,0.2529989711934156,False,True,segmented_crop,train
/Users/ashley/Desktop/python/CS156-Machine-Learning/final/data/retail_images/segmented/trouser/princess_polly_pants_11bb680aa848_seg.jpg,/Users/ashley/Desktop/python/CS156-Machine-Learning/final/data/retail_images/raw/trouser/princess_polly_pants_11bb680aa848.jpg,Trouser,792,797,RGB,f3dcff76304722853aa6ad15d4fcd40868c5ecc0d2111d28bbaf9a594299a79c,True,ok,segmented,0.0893899627158555,False,True,segmented_crop,train
data/retail_images/raw/ankle_boot/anthropologie_boot_shop_73256c3e34fa.jpg,data/retail_images/raw/ankle_boot/anthropologie_boot_shop_73256c3e34fa.jpg,Ankle boot,349,523,RGB,7e2b6017e6d9825e99e842b8d2b2bf917d671b87c7e900a5c63ce239ce679423,True,ok,not_used,0.0,False,True,raw_full_footwear,train
data/retail_images/raw/sneaker/anthropologie_sneakers_74f6588afa9c.jpg,data/retail_images/raw/sneaker/anthropologie_sneakers_74f6588afa9c.jpg,Sneaker,698,1046,RGB,14cafd11d27711f2fff90aedbd40c57a0ae2cc0eaf364d3ef0edcee2786a04c5,True,ok,not_used,0.0,False,True,raw_full_footwear,train
data/retail_images/raw/sandal/anthropologie_sandals_d85d4123c0be.jpg,data/retail_images/raw/sandal/anthropologie_sandals_d85d4123c0be.jpg,Sandal,349,523,RGB,75e9faa26afe188511640fff3c0f9923fdd7993dfeeee22adf0cd88d99ad3293,True,ok,not_used,0.0,False,True,raw_full_footwear,train
/Users/ashley/Desktop/python/CS156-Machine-Learning/final/data/retail_images/segmented/bag/princess_polly_bags_9fcc56477309_seg.jpg,/Users/ashley/Desktop/python/CS156-Machine-Learning/final/data/retail_images/raw/bag/princess_polly_bags_9fcc56477309.jpg,Bag,1089,1135,RGB,742582323834421c887ec3704f1abd10ec50cd31ff9170dc516e55fb13bd8acf,True,ok,segmented,0.0338337257980115,False,True,segmented_crop,train
/Users/ashley/Desktop/python/CS156-Machine-Learning/final/data/retail_images/segmented/dress/anthropologie_dresses_a1c17e695cc8_seg.jpg,/Users/ashley/Desktop/python/CS156-Machine-Learning/final/data/retail_images/raw/dress/anthropologie_dresses_a1c17e695cc8.jpg,Dress,191,273,RGB,96b417f74868db11885c59f7971879f47d0d24419abf4a016664753a11f96279,True,ok,segmented,0.1386315449221211,False,True,segmented_crop,train
data/retail_images/raw/sneaker/anthropologie_sneakers_4cfa9d6b3985.jpg,data/retail_images/raw/sneaker/anthropologie_sneakers_4cfa9d6b3985.jpg,Sneaker,349,523,RGB,dd8226f1bbd46c8a1b31db8af6e810a8d85363bc15e8aea0a1789ef4560e404f,True,ok,not_used,0.0,False,True,raw_full_footwear,train
/Users/ashley/Desktop/python/CS156-Machine-Learning/final/data/retail_images/segmented/shirt/anthropologie_blouses_4367b1ff968b_seg.jpg,/Users/ashley/Desktop/python/CS156-Machine-Learning/final/data/retail_images/raw/shirt/anthropologie_blouses_4367b1ff968b.jpg,Shirt,238,325,RGB,253b6f58add540a53a1de68762076cde7e5d9803c867379505af6d0a9975ef2b,True,ok,segmented,0.1982008141261292,False,True,segmented_crop,train
data/retail_images/raw/sandal/anthropologie_sandals_c3f97577c0d9.jpg,data/retail_images/raw/sandal/anthropologie_sandals_c3f97577c0d9.jpg,Sandal,349,523,RGB,e61ad820864d78c91c79a92e7cc99f39a377eff8714db93953529eace8bb6d90,True,ok,not_used,0.0,False,True,raw_full_footwear,train
data/retail_images/raw/sandal/princess_polly_sandals_11699986657e.jpg,data/retail_images/raw/sandal/princess_polly_sandals_11699986657e.jpg,Sandal,1345,1821,RGB,708aac699183988522a5d471b357b39aefda2a472424de55cf5d60fdfa3baefd,True,ok,not_used,0.0,False,True,raw_full_footwear,train
/Users/ashley/Desktop/python/CS156-Machine-Learning/final/data/retail_images/segmented/coat/reformation_outerwear_3f63dac10f02_seg.jpg,/Users/ashley/Desktop/python/CS156-Machine-Learning/final/data/retail_images/raw/coat/reformation_outerwear_3f63dac10f02.jpg,Coat,441,639,RGB,bfa6ea51e57ed994d9d9c9e2612f7250099226f1768869d5213ea01278a7c5f7,True,ok,segmented,0.3582333333333333,False,True,segmented_crop,train
/Users/ashley/Desktop/python/CS156-Machine-Learning/final/data/retail_images/segmented/trouser/brandy_melville_pants_52971cb30025_seg.jpg,/Users/ashley/Desktop/python/CS156-Machine-Learning/final/data/retail_images/raw/trouser/brandy_melville_pants_52971cb30025.jpg,Trouser,165,470,RGB,b011e419d7768ff4a83401dd6fc049a47a49f52da2cfd73bd9a6112ac999522a,True,ok,segmented,0.2049537037037037,False,True,segmented_crop,train
/Users/ashley/Desktop/python/CS156-Machine-Learning/final/data/retail_images/segmented/coat/reformation_jackets_and_coats_b16c9a6dd30b_seg.jpg,/Users/ashley/Desktop/python/CS156-Machine-Learning/final/data/retail_images/raw/coat/reformation_jackets_and_coats_b16c9a6dd30b.jpg,Coat,304,364,RGB,beb88b8408ab14c57181f75545b37214395530770fe9390e2ab459815a789675,True,ok,segmented,0.1010875,False,True,segmented_crop,train
/Users/ashley/Desktop/python/CS156-Machine-Learning/final/data/retail_images/segmented/pullover/princess_polly_sweaters_7e6452a0f643_seg.jpg,/Users/ashley/Desktop/python/CS156-Machine-Learning/final/data/retail_images/raw/pullover/princess_polly_sweaters_7e6452a0f643.jpg,Pullover,1312,928,RGB,2c1649c06546a12731cf67970ea612eabbcf2c5bd7c50d05a17007ddb89e54b4,True,ok,segmented,0.1439687172946101,False,True,segmented_crop,train
/Users/ashley/Desktop/python/CS156-Machine-Learning/final/data/retail_images/segmented/dress/reformation_dresses_3436d9bcd856_seg.jpg,/Users/ashley/Desktop/python/CS156-Machine-Learning/final/data/retail_images/raw/dress/reformation_dresses_3436d9bcd856.jpg,Dress,180,560,RGB,a08bb2a214c2343f62527409dbbc672308a9dd2cfb5692c57ea0fe5b5a1b00be,True,ok,segmented,0.09275625,False,True,segmented_crop,train
/Users/ashley/Desktop/python/CS156-Machine-Learning/final/data/retail_images/segmented/shirt/anthropologie_blouses_1063af002903_seg.jpg,/Users/ashley/Desktop/python/CS156-Machine-Learning/final/data/retail_images/raw/shirt/anthropologie_blouses_1063af002903.jpg,Shirt,265,299,RGB,450b988321e1da2283dc035b3e5335c374997ed601769628a6c635a825848579,True,ok,segmented,0.1847343132796791,False,True,segmented_crop,train
data/retail_images/raw/sandal/princess_polly_sandals_f29c9ccfb066.jpg,data/retail_images/raw/sandal/princess_polly_sandals_f29c9ccfb066.jpg,Sandal,1344,1820,RGB,3e298fb2af3f47b23b5a9766f10820464da0f14b217001fc8523ee9ad55265bd,True,ok,not_used,0.0,False,True,raw_full_footwear,train
data/retail_images/raw/sneaker/urban_outfitters_sneakers_5bf3dc5077f1.jpg,data/retail_images/raw/sneaker/urban_outfitters_sneakers_5bf3dc5077f1.jpg,Sneaker,450,675,RGB,237249139b95b38b82a52dc4f727d49e7d291cf97fb206010ae8480b3e3f2ac1,True,ok,not_used,0.0,False,True,raw_full_footwear,train
data/retail_images/raw/sneaker/urban_outfitters_sneakers_7619219acb27.jpg,data/retail_images/raw/sneaker/urban_outfitters_sneakers_7619219acb27.jpg,Sneaker,450,675,RGB,416575a1eadf840ce9c877ff4b306e391d9fbff8e683b9eef4aae958508f8598,True,ok,not_used,0.0,False,True,raw_full_footwear,train
data/retail_images/raw/sandal/urban_outfitters_sandals_6f2592d15543.jpg,data/retail_images/raw/sandal/urban_outfitters_sandals_6f2592d15543.jpg,Sandal,450,675,RGB,0976a2e8a959fa36da29c0700dee90496a208263220783856594812f27fac8b8,True,ok,not_used,0.0,False,True,raw_full_footwear,train
/Users/ashley/Desktop/python/CS156-Machine-Learning/final/data/retail_images/segmented/shirt/princess_polly_button_ups_ac27d8acb1c1_seg.jpg,/Users/ashley/Desktop/python/CS156-Machine-Learning/final/data/retail_images/raw/shirt/princess_polly_button_ups_ac27d8acb1c1.jpg,Shirt,859,1078,RGB,603972fb5e123f246b5d8dcfbac750b9a6078b2e3188484811918f77a5d9196f,True,ok,segmented,0.1502120184648065,False,True,segmented_crop,train
/Users/ashley/Desktop/python/CS156-Machine-Learning/final/data/retail_images/segmented/bag/anthropologie_bags_9b883a274047_seg.jpg,/Users/ashley/Desktop/python/CS156-Machine-Learning/final/data/retail_images/raw/bag/anthropologie_bags_9b883a274047.jpg,Bag,349,273,RGB,22c5ed4ece9ecd2a452d6f036d74b5af64e10071e4f36dc51aa9d5983384dcaa,True,ok,segmented,0.2697354364011899,False,True,segmented_crop,train
data/retail_images/raw/ankle_boot/princess_polly_boots_5b834c71ed5f.jpg,data/retail_images/raw/ankle_boot/princess_polly_boots_5b834c71ed5f.jpg,Ankle boot,1345,1820,RGB,c8948ccb9d43cb8ced6a880617755487c48d406651e2c6dbb55d69873aee8e45,True,ok,not_used,0.0,False,True,raw_full_footwear,train
/Users/ashley/Desktop/python/CS156-Machine-Learning/final/data/retail_images/segmented/dress/anthropologie_dresses_effbad416e99_seg.jpg,/Users/ashley/Desktop/python/CS156-Machine-Learning/final/data/retail_images/raw/dress/anthropologie_dresses_effbad416e99.webp,Dress,411,708,RGB,a8563eb14d1e036382420123603072efc71c545f3cb72e38e4f0bb0286792284,True,ok,segmented,0.1680299352972437,False,True,segmented_crop,train
data/retail_images/raw/sandal/princess_polly_sandals_f1ebaa08c378.jpg,data/retail_images/raw/sandal/princess_polly_sandals_f1ebaa08c378.jpg,Sandal,1345,1821,RGB,72785bc39e71d5fb2f6833df680dcb3ece7f34f2e62bf6b6c53ea88a0c99d6ba,True,ok,not_used,0.0,False,True,raw_full_footwear,train
/Users/ashley/Desktop/python/CS156-Machine-Learning/final/data/retail_images/segmented/bag/princess_polly_bags_611b310dc9df_seg.jpg,/Users/ashley/Desktop/python/CS156-Machine-Learning/final/data/retail_images/raw/bag/princess_polly_bags_611b310dc9df.jpg,Bag,901,1454,RGB,0887ca73b43c2e7ae0aebfbfe83963352d0914f182ca98a94ca40b1d989b4cd4,True,ok,segmented,0.1620433509942438,False,True,segmented_crop,train
data/retail_images/raw/sandal/urban_outfitters_sandals_25cd0ab63f96.jpg,data/retail_images/raw/sandal/urban_outfitters_sandals_25cd0ab63f96.jpg,Sandal,400,600,RGB,aaf0353fdf7caeeb89fe0a5a202cd26dbbeee57a159e3e3bb2d337f859caef1b,True,ok,not_used,0.0,False,True,raw_full_footwear,train
data/retail_images/raw/ankle_boot/anthropologie_boot_shop_a79a89881e46.jpg,data/retail_images/raw/ankle_boot/anthropologie_boot_shop_a79a89881e46.jpg,Ankle boot,698,1046,RGB,4c5edd7dcb462a27efad4b78430cf6a81e2d878d4b40aea138a5a4194458fc3b,True,ok,not_used,0.0,False,True,raw_full_footwear,train
data/retail_images/raw/sandal/princess_polly_sandals_ba4583750a14.jpg,data/retail_images/raw/sandal/princess_polly_sandals_ba4583750a14.jpg,Sandal,1344,1820,RGB,9794520f8de0a674035549064e4cd1e3747091c0805c044329989c8ee844fea8,True,ok,not_used,0.0,False,True,raw_full_footwear,train
/Users/ashley/Desktop/python/CS156-Machine-Learning/final/data/retail_images/segmented/pullover/anthropologie_sweaters_aaaf91e0ae70_seg.jpg,/Users/ashley/Desktop/python/CS156-Machine-Learning/final/data/retail_images/raw/pullover/anthropologie_sweaters_aaaf91e0ae70.jpg,Pullover,331,368,RGB,d28f472f081a9bd9d6798ab64640d118c9ad68722f9790c23efc40c8626093f4,True,ok,segmented,0.2375758107019783,False,True,segmented_crop,train
/Users/ashley/Desktop/python/CS156-Machine-Learning/final/data/retail_images/segmented/t_shirt_top/brandy_melville_tops_page_4_703524a05112_seg.jpg,/Users/ashley/Desktop/python/CS156-Machine-Learning/final/data/retail_images/raw/t_shirt_top/brandy_melville_tops_page_4_703524a05112.jpg,T-shirt/top,236,347,RGB,574ed87050f6170fd2985810579bd75f73b05f913a432ac217c5d371eb20e910,True,ok,segmented,0.0984803001876172,False,True,segmented_crop,train
data/retail_images/raw/sandal/princess_polly_sandals_684d495fc8a1.jpg,data/retail_images/raw/sandal/princess_polly_sandals_684d495fc8a1.jpg,Sandal,1344,1820,RGB,4d6f8a537a16e9592f1909f9fa5b917ac6e02e5d00d9f9ac5f323f54ba28d884,True,ok,not_used,0.0,False,True,raw_full_footwear,train
/Users/ashley/Desktop/python/CS156-Machine-Learning/final/data/retail_images/segmented/trouser/brandy_melville_pants_05804eb6f323_seg.jpg,/Users/ashley/Desktop/python/CS156-Machine-Learning/final/data/retail_images/raw/trouser/brandy_melville_pants_05804eb6f323.jpg,Trouser,233,427,RGB,5e24e106bc4f19ae5e8a62025956b119ed28d7f81acd398afc931ba7df6f7cd9,True,ok,segmented,0.262391975308642,False,True,segmented_crop,train
/Users/ashley/Desktop/python/CS156-Machine-Learning/final/data/retail_images/segmented/coat/reformation_outerwear_ca725f8b335b_seg.jpg,/Users/ashley/Desktop/python/CS156-Machine-Learning/final/data/retail_images/raw/coat/reformation_outerwear_ca725f8b335b.jpg,Coat,431,773,RGB,5f3e62227e33b8399df78cf680e9c260555ef3c48524245960d2a6485bc07179,True,ok,segmented,0.4274895833333333,False,True,segmented_crop,train
/Users/ashley/Desktop/python/CS156-Machine-Learning/final/data/retail_images/segmented/t_shirt_top/brandy_melville_tops_1338c86909e7_seg.jpg,/Users/ashley/Desktop/python/CS156-Machine-Learning/final/data/retail_images/raw/t_shirt_top/brandy_melville_tops_1338c86909e7.jpg,T-shirt/top,754,886,RGB,5df6c3a398832872525500272a8228776b0d9add1f4e26dfcef65bef764b73b0,True,ok,segmented,0.23701,False,True,segmented_crop,train
/Users/ashley/Desktop/python/CS156-Machine-Learning/final/data/retail_images/segmented/coat/reformation_jackets_and_coats_23165c9fa4c3_seg.jpg,/Users/ashley/Desktop/python/CS156-Machine-Learning/final/data/retail_images/raw/coat/reformation_jackets_and_coats_23165c9fa4c3.jpg,Coat,329,567,RGB,57f9f66d6501deab7b1233c122d2aef2101cc867853c936505ed1fb37b66ce05,True,ok,segmented,0.1726979166666666,False,True,segmented_crop,train
data/retail_images/raw/sneaker/fashion_nova_sneakers_203fe31ba155.jpg,data/retail_images/raw/sneaker/fashion_nova_sneakers_203fe31ba155.jpg,Sneaker,300,449,RGB,28b24b296a0e0a8e58144aa3ca266e457c615b0de44953a130a86ee045f6db17,True,ok,not_used,0.0,False,True,raw_full_footwear,train
/Users/ashley/Desktop/python/CS156-Machine-Learning/final/data/retail_images/segmented/bag/anthropologie_bags_4b430e67f977_seg.jpg,/Users/ashley/Desktop/python/CS156-Machine-Learning/final/data/retail_images/raw/bag/anthropologie_bags_4b430e67f977.jpg,Bag,349,440,RGB,66fc1c0b0d28e05f97f3acc50cc4330f16f5f98b00fe7e3e493ec1c55d160803,True,ok,segmented,0.3175584981947876,False,True,segmented_crop,train
/Users/ashley/Desktop/python/CS156-Machine-Learning/final/data/retail_images/segmented/dress/princess_polly_dresses_8a4ea6be29f3_seg.jpg,/Users/ashley/Desktop/python/CS156-Machine-Learning/final/data/retail_images/raw/dress/princess_polly_dresses_8a4ea6be29f3.jpg,Dress,680,1410,RGB,c42bd02de1b227d83c1057402d30e214b779d7ba78c352fb219ad10637736699,True,ok,segmented,0.208046752354788,False,True,segmented_crop,train
/Users/ashley/Desktop/python/CS156-Machine-Learning/final/data/retail_images/segmented/shirt/urban_outfitters_shirts_blouses_6f35454508a7_seg.jpg,/Users/ashley/Desktop/python/CS156-Machine-Learning/final/data/retail_images/raw/shirt/urban_outfitters_shirts_blouses_6f35454508a7.jpg,Shirt,571,684,RGB,22f4f9c0ba731c38abccb17f69af22caec8b9b5940608a61fe8d25fa7e0de8d0,True,ok,segmented,0.2390180630810784,False,True,segmented_crop,train
data/retail_images/raw/sandal/anthropologie_sandals_73763eb25177.jpg,data/retail_images/raw/sandal/anthropologie_sandals_73763eb25177.jpg,Sandal,349,523,RGB,dd182d7b973dec5aec4598e538ee37efabc093fef6b033093407056569d17fd7,True,ok,not_used,0.0,False,True,raw_full_footwear,train
/Users/ashley/Desktop/python/CS156-Machine-Learning/final/data/retail_images/segmented/trouser/princess_polly_pants_889ce53cd678_seg.jpg,/Users/ashley/Desktop/python/CS156-Machine-Learning/final/data/retail_images/raw/trouser/princess_polly_pants_889ce53cd678.jpg,Trouser,521,1158,RGB,84f48914609e3cb984b8d7dc370046fe00ae8d91e2d9b7de8476a9d6a5616bdc,True,ok,segmented,0.1358103577969649,False,True,segmented_crop,train
/Users/ashley/Desktop/python/CS156-Machine-Learning/final/data/retail_images/segmented/trouser/princess_polly_pants_c9938621f3c0_seg.jpg,/Users/ashley/Desktop/python/CS156-Machine-Learning/final/data/retail_images/raw/trouser/princess_polly_pants_c9938621f3c0.jpg,Trouser,957,1820,RGB,4193da6c8a19c3ae4b2d54880e2dcfecaec2aee3df4ae2197fe1147b87c4f292,True,ok,segmented,0.3274680304814233,False,True,segmented_crop,train
/Users/ashley/Desktop/python/CS156-Machine-Learning/final/data/retail_images/segmented/dress/princess_polly_dresses_3b244e396b7a_seg.jpg,/Users/ashley/Desktop/python/CS156-Machine-Learning/final/data/retail_images/raw/dress/princess_polly_dresses_3b244e396b7a.jpg,Dress,337,663,RGB,c831aa09bd1e43ae9df7dcb214999c3accda722f5fcc5e6085f331070d6c8ba2,True,ok,segmented,0.0523485436496588,False,True,segmented_crop,train
data/retail_images/raw/ankle_boot/anthropologie_boot_shop_8a73cda0e7aa.jpg,data/retail_images/raw/ankle_boot/anthropologie_boot_shop_8a73cda0e7aa.jpg,Ankle boot,698,1046,RGB,3f41be295ca154154657d6a64d259ad95072b8cdc6e86937e9d50e4a26e78e56,True,ok,not_used,0.0,False,True,raw_full_footwear,train
/Users/ashley/Desktop/python/CS156-Machine-Learning/final/data/retail_images/segmented/coat/reformation_outerwear_39593c953ee1_seg.jpg,/Users/ashley/Desktop/python/CS156-Machine-Learning/final/data/retail_images/raw/coat/reformation_outerwear_39593c953ee1.jpg,Coat,455,540,RGB,110f7a4bbb7d59acfcd6c195af642a24072ecd32ee091ab649a4559fa84caa00,True,ok,segmented,0.2541791666666667,False,True,segmented_crop,train
/Users/ashley/Desktop/python/CS156-Machine-Learning/final/data/retail_images/segmented/coat/reformation_jackets_and_coats_b826af8d5264_seg.jpg,/Users/ashley/Desktop/python/CS156-Machine-Learning/final/data/retail_images/raw/coat/reformation_jackets_and_coats_b826af8d5264.jpg,Coat,476,594,RGB,a6b943e82004fdf0db08757ebb9655ed7776a27fc14f5d7c3e37e1d8fa2c08ea,True,ok,segmented,0.2615229166666666,False,True,segmented_crop,train
data/retail_images/raw/ankle_boot/princess_polly_boots_4b55a7abb05d.jpg,data/retail_images/raw/ankle_boot/princess_polly_boots_4b55a7abb05d.jpg,Ankle boot,1344,1820,RGB,673c7a283e4f3cf20e372c08c3a0a24712c44a3804f7ff8b07aaf7f1635bf52b,True,ok,not_used,0.0,False,True,raw_full_footwear,train
/Users/ashley/Desktop/python/CS156-Machine-Learning/final/data/retail_images/segmented/coat/reformation_outerwear_cd9162ebbaea_seg.jpg,/Users/ashley/Desktop/python/CS156-Machine-Learning/final/data/retail_images/raw/coat/reformation_outerwear_cd9162ebbaea.jpg,Coat,342,313,RGB,c9206fecb98be5ee1fbf4f20e889d67783136c59f1907a6c53c470c064fa72a6,True,ok,segmented,0.1134520833333333,False,True,segmented_crop,train
/Users/ashley/Desktop/python/CS156-Machine-Learning/final/data/retail_images/segmented/dress/princess_polly_dresses_9de67b5d4c08_seg.jpg,/Users/ashley/Desktop/python/CS156-Machine-Learning/final/data/retail_images/raw/dress/princess_polly_dresses_9de67b5d4c08.jpg,Dress,484,161,RGB,169275fbf30307600e4349590ec31f63d6d297e1958300901072de3afc0f77cd,True,ok,segmented,0.0709435212278474,False,True,segmented_crop,train
data/retail_images/raw/sneaker/anthropologie_sneakers_a486b2e1f329.jpg,data/retail_images/raw/sneaker/anthropologie_sneakers_a486b2e1f329.jpg,Sneaker,349,523,RGB,9859b2a41582aee289ae7b2a717007af6e26b892b46886100eea2e3fe7012dac,True,ok,not_used,0.0,False,True,raw_full_footwear,train
/Users/ashley/Desktop/python/CS156-Machine-Learning/final/data/retail_images/segmented/bag/princess_polly_bags_0f94f47da52e_seg.jpg,/Users/ashley/Desktop/python/CS156-Machine-Learning/final/data/retail_images/raw/bag/princess_polly_bags_0f94f47da52e.jpg,Bag,1251,1359,RGB,7fa92fa743816894a162e7c9e0848332707c4abf8427cb4fb09a4b2d0191e75a,True,ok,segmented,0.1909346787041954,False,True,segmented_crop,train
/Users/ashley/Desktop/python/CS156-Machine-Learning/final/data/retail_images/segmented/bag/anthropologie_bags_869aee6aa169_seg.jpg,/Users/ashley/Desktop/python/CS156-Machine-Learning/final/data/retail_images/raw/bag/anthropologie_bags_869aee6aa169.jpg,Bag,336,404,RGB,afdb9009035cc40743a9f313076644f9bf5f755400c18eb4db2e5e300f2c6659,True,ok,segmented,0.2123028373884411,False,True,segmented_crop,train
/Users/ashley/Desktop/python/CS156-Machine-Learning/final/data/retail_images/segmented/trouser/princess_polly_pants_5f0ee8eb62e5_seg.jpg,/Users/ashley/Desktop/python/CS156-Machine-Learning/final/data/retail_images/raw/trouser/princess_polly_pants_5f0ee8eb62e5.jpg,Trouser,664,1131,RGB,b88523810876214a54faf88ed50fe498ce8e09fcc8ab3c3597e4fb5c8717ea33,True,ok,segmented,0.0929765175300889,False,True,segmented_crop,train
/Users/ashley/Desktop/python/CS156-Machine-Learning/final/data/retail_images/segmented/coat/reformation_outerwear_deba6a0b656e_seg.jpg,/Users/ashley/Desktop/python/CS156-Machine-Learning/final/data/retail_images/raw/coat/reformation_outerwear_deba6a0b656e.jpg,Coat,165,292,RGB,782a8d8c6806f3462ba5e34ed8cf55f2f3d24049f3589be273ceb38bd9b37497,True,ok,segmented,0.0328333333333333,False,True,segmented_crop,train
/Users/ashley/Desktop/python/CS156-Machine-Learning/final/data/retail_images/segmented/bag/princess_polly_bags_7a6adda68d6a_seg.jpg,/Users/ashley/Desktop/python/CS156-Machine-Learning/final/data/retail_images/raw/bag/princess_polly_bags_7a6adda68d6a.jpg,Bag,901,425,RGB,13bde7de1a27417f428f1b6092848a1c296aad5374f881d80eedbb55d0fada1a,True,ok,segmented,0.0224391679748822,False,True,segmented_crop,train
data/retail_images/raw/sneaker/urban_outfitters_sneakers_ec5d86a8dbda.jpg,data/retail_images/raw/sneaker/urban_outfitters_sneakers_ec5d86a8dbda.jpg,Sneaker,450,675,RGB,2c5cb321cc04eb50f420a23415f9730c3278697106f4d49cf61bd27b982b82d8,True,ok,not_used,0.0,False,True,raw_full_footwear,train
/Users/ashley/Desktop/python/CS156-Machine-Learning/final/data/retail_images/segmented/shirt/anthropologie_blouses_3ae759188f08_seg.jpg,/Users/ashley/Desktop/python/CS156-Machine-Learning/final/data/retail_images/raw/shirt/anthropologie_blouses_3ae759188f08.webp,Shirt,539,650,RGB,cbc7402c64fad0ee5786429f081c82f3d921388f5e63672815ffedc0086d7178,True,ok,segmented,0.2502287332832951,False,True,segmented_crop,train
/Users/ashley/Desktop/python/CS156-Machine-Learning/final/data/retail_images/segmented/t_shirt_top/brandy_melville_tops_2f445afef59d_seg.jpg,/Users/ashley/Desktop/python/CS156-Machine-Learning/final/data/retail_images/raw/t_shirt_top/brandy_melville_tops_2f445afef59d.jpg,T-shirt/top,304,526,RGB,f9012aa6de1938c3ef3757fe7dc836ad66a46cd8cc2d94a185dcee5cfcc6884e,True,ok,segmented,0.2015032833020638,False,True,segmented_crop,train
/Users/ashley/Desktop/python/CS156-Machine-Learning/final/data/retail_images/segmented/t_shirt_top/brandy_melville_tops_adb70f5f5dba_seg.jpg,/Users/ashley/Desktop/python/CS156-Machine-Learning/final/data/retail_images/raw/t_shirt_top/brandy_melville_tops_adb70f5f5dba.jpg,T-shirt/top,417,536,RGB,5ee960ca4df230048d1e13b4969d1498c64d01185e98987607a36648c957c504,True,ok,segmented,0.230687148217636,False,True,segmented_crop,train
/Users/ashley/Desktop/python/CS156-Machine-Learning/final/data/retail_images/segmented/bag/anthropologie_bags_1d7d841afe36_seg.jpg,/Users/ashley/Desktop/python/CS156-Machine-Learning/final/data/retail_images/raw/bag/anthropologie_bags_1d7d841afe36.jpg,Bag,334,265,RGB,378069fb1819ea4a897afaeb8072c1cf5bc182cb64ec389926785615a41def43,True,ok,segmented,0.0967035013997929,False,True,segmented_crop,train
/Users/ashley/Desktop/python/CS156-Machine-Learning/final/data/retail_images/segmented/pullover/anthropologie_sweaters_438278ee6fa3_seg.jpg,/Users/ashley/Desktop/python/CS156-Machine-Learning/final/data/retail_images/raw/pullover/anthropologie_sweaters_438278ee6fa3.jpg,Pullover,349,410,RGB,3fb17c7573083089237490c86c533b67b196a6be3478a42467dbe2cf3a9cf041,True,ok,segmented,0.3783604617399069,False,True,segmented_crop,train
/Users/ashley/Desktop/python/CS156-Machine-Learning/final/data/retail_images/segmented/bag/anthropologie_bags_b080d6f29863_seg.jpg,/Users/ashley/Desktop/python/CS156-Machine-Learning/final/data/retail_images/raw/bag/anthropologie_bags_b080d6f29863.jpg,Bag,349,520,RGB,19bf501e7d6cb32a7374595f74695739f5f6a08ac8dac0dcc64ed8bba4f4deb0,True,ok,segmented,0.0562108619546697,False,True,segmented_crop,train
/Users/ashley/Desktop/python/CS156-Machine-Learning/final/data/retail_images/segmented/trouser/princess_polly_pants_79ab5083d755_seg.jpg,/Users/ashley/Desktop/python/CS156-Machine-Learning/final/data/retail_images/raw/trouser/princess_polly_pants_79ab5083d755.jpg,Trouser,404,1160,RGB,5cb1b1c78ac2c6d7939aa721bdc717c736e9e6b17c3679276be786da478c4f39,True,ok,segmented,0.1094972363945578,False,True,segmented_crop,train
/Users/ashley/Desktop/python/CS156-Machine-Learning/final/data/retail_images/segmented/coat/princess_polly_jackets_f3fba15fb253_seg.jpg,/Users/ashley/Desktop/python/CS156-Machine-Learning/final/data/retail_images/raw/coat/princess_polly_jackets_f3fba15fb253.jpg,Coat,1326,1752,RGB,2523da47aeff044539fe0c22249a9b3f64b8fb1830c9e56d47b534ee4836bf87,True,ok,segmented,0.3915680138165026,False,True,segmented_crop,train
/Users/ashley/Desktop/python/CS156-Machine-Learning/final/data/retail_images/segmented/shirt/free_people_blouses_0927292eda82_seg.jpg,/Users/ashley/Desktop/python/CS156-Machine-Learning/final/data/retail_images/raw/shirt/free_people_blouses_0927292eda82.jpg,Shirt,234,392,RGB,38da27004871007b8d562227d3273cddc14ff80927cd8349fe085bfbea3b0374,True,ok,segmented,0.0419992658620368,False,True,segmented_crop,train
/Users/ashley/Desktop/python/CS156-Machine-Learning/final/data/retail_images/segmented/dress/reformation_dresses_39f2661032b0_seg.jpg,/Users/ashley/Desktop/python/CS156-Machine-Learning/final/data/retail_images/raw/dress/reformation_dresses_39f2661032b0.jpg,Dress,193,375,RGB,4b7becae74d4532c9e93def63cad21133e87626ddd3fd610931d7c8971a316c7,True,ok,segmented,0.05225625,False,True,segmented_crop,train
data/retail_images/raw/ankle_boot/princess_polly_boots_a4a7c6e18abb.jpg,data/retail_images/raw/ankle_boot/princess_polly_boots_a4a7c6e18abb.jpg,Ankle boot,1344,1820,RGB,f7daed10837774e98ec2bc46e334fc3bd717eacb366584b138a128f93ed01e44,True,ok,not_used,0.0,False,True,raw_full_footwear,train
/Users/ashley/Desktop/python/CS156-Machine-Learning/final/data/retail_images/segmented/t_shirt_top/brandy_melville_tops_4dc0ea6cc3dc_seg.jpg,/Users/ashley/Desktop/python/CS156-Machine-Learning/final/data/retail_images/raw/t_shirt_top/brandy_melville_tops_4dc0ea6cc3dc.jpg,T-shirt/top,217,353,RGB,d18025a467344b29bd9799afc6c2e202e730df6a6f249f9f1dad6380e3a8a003,True,ok,segmented,0.085077392120075,False,True,segmented_crop,train
data/retail_images/raw/sandal/urban_outfitters_sandals_9c4911583043.jpg,data/retail_images/raw/sandal/urban_outfitters_sandals_9c4911583043.jpg,Sandal,450,675,RGB,3a5dbda8addd1268a900c08c70d24864b8c08a5b2ea1c005436ca75a04d7fc08,True,ok,not_used,0.0,False,True,raw_full_footwear,train
/Users/ashley/Desktop/python/CS156-Machine-Learning/final/data/retail_images/segmented/coat/reformation_outerwear_599cd24cf0b9_seg.jpg,/Users/ashley/Desktop/python/CS156-Machine-Learning/final/data/retail_images/raw/coat/reformation_outerwear_599cd24cf0b9.jpg,Coat,600,585,RGB,733b9c8828141b5fa44d0bfd964393bc29ea51dd9f7e1db892941c0bce38e607,True,ok,segmented,0.4817979166666666,False,True,segmented_crop,train
/Users/ashley/Desktop/python/CS156-Machine-Learning/final/data/retail_images/segmented/dress/princess_polly_dresses_9dc2864756e0_seg.jpg,/Users/ashley/Desktop/python/CS156-Machine-Learning/final/data/retail_images/raw/dress/princess_polly_dresses_9dc2864756e0.jpg,Dress,720,1688,RGB,8e1a6349b455b74d507545bdf0438d0e90bdf6c5e924e1988ae1facea959db6e,True,ok,segmented,0.1919236896932064,False,True,segmented_crop,train
/Users/ashley/Desktop/python/CS156-Machine-Learning/final/data/retail_images/segmented/coat/reformation_jackets_and_coats_0d1f199a8937_seg.jpg,/Users/ashley/Desktop/python/CS156-Machine-Learning/final/data/retail_images/raw/coat/reformation_jackets_and_coats_0d1f199a8937.jpg,Coat,600,567,RGB,fdfc1dd8e063dab9123a1457a9c81c6bf8bf0afbad5a4602c3129ecb72d271d7,True,ok,segmented,0.5270958333333333,False,True,segmented_crop,train
/Users/ashley/Desktop/python/CS156-Machine-Learning/final/data/retail_images/segmented/coat/reformation_jackets_and_coats_87efecb60c91_seg.jpg,/Users/ashley/Desktop/python/CS156-Machine-Learning/final/data/retail_images/raw/coat/reformation_jackets_and_coats_87efecb60c91.jpg,Coat,333,469,RGB,7de8d94c9a85ec230c67ed57aa1733e18cd58990a479012b31a9ad5471f45047,True,ok,segmented,0.153475,False,True,segmented_crop,train
/Users/ashley/Desktop/python/CS156-Machine-Learning/final/data/retail_images/segmented/t_shirt_top/reformation_tops_74e5f8de24fa_seg.jpg,/Users/ashley/Desktop/python/CS156-Machine-Learning/final/data/retail_images/raw/t_shirt_top/reformation_tops_74e5f8de24fa.jpg,T-shirt/top,220,193,RGB,0f8699dbb78ad6c95cb62011454c487abbc9c2cc0b13063a3fa201cf59464f08,True,ok,segmented,0.0381875,False,True,segmented_crop,train
/Users/ashley/Desktop/python/CS156-Machine-Learning/final/data/retail_images/segmented/t_shirt_top/reformation_tops_9dd2d4c393c4_seg.jpg,/Users/ashley/Desktop/python/CS156-Machine-Learning/final/data/retail_images/raw/t_shirt_top/reformation_tops_9dd2d4c393c4.jpg,T-shirt/top,335,362,RGB,0766daac29ecb3eab4fe947cb9990984246de0f33a9a0fad3c75d6c195931856,True,ok,segmented,0.1296583333333333,False,True,segmented_crop,train
/Users/ashley/Desktop/python/CS156-Machine-Learning/final/data/retail_images/segmented/trouser/brandy_melville_pants_8d4fc037dcb5_seg.jpg,/Users/ashley/Desktop/python/CS156-Machine-Learning/final/data/retail_images/raw/trouser/brandy_melville_pants_8d4fc037dcb5.jpg,Trouser,220,606,RGB,6decd65821dd2641d2a59036e350c0a041cd22e2c18a325ae79ec9cbfbce045d,True,ok,segmented,0.1456261726078799,False,True,segmented_crop,train
/Users/ashley/Desktop/python/CS156-Machine-Learning/final/data/retail_images/segmented/trouser/brandy_melville_pants_17ce3a7cc03a_seg.jpg,/Users/ashley/Desktop/python/CS156-Machine-Learning/final/data/retail_images/raw/trouser/brandy_melville_pants_17ce3a7cc03a.jpg,Trouser,235,611,RGB,a968817631c21d7895deb31ed846860015c5a6975403e0827a9f6e853b9b3c61,True,ok,segmented,0.2024624765478424,False,True,segmented_crop,train
/Users/ashley/Desktop/python/CS156-Machine-Learning/final/data/retail_images/segmented/coat/reformation_outerwear_de5c9aebdf6e_seg.jpg,/Users/ashley/Desktop/python/CS156-Machine-Learning/final/data/retail_images/raw/coat/reformation_outerwear_de5c9aebdf6e.jpg,Coat,328,574,RGB,226c8061623b163e3b0066f512c039afd53416b96948b90530b56189cd83772d,True,ok,segmented,0.1998666666666666,False,True,segmented_crop,train
/Users/ashley/Desktop/python/CS156-Machine-Learning/final/data/retail_images/segmented/shirt/princess_polly_button_ups_b9616c50169f_seg.jpg,/Users/ashley/Desktop/python/CS156-Machine-Learning/final/data/retail_images/raw/shirt/princess_polly_button_ups_b9616c50169f.jpg,Shirt,1345,1554,RGB,6bebc4202ede5e7ed4ee911166a30e72c6beff93dbb6f4cf3d73ec9d41a0cadd,True,ok,segmented,0.3576302136525184,False,True,segmented_crop,train
data/retail_images/raw/sandal/urban_outfitters_sandals_71c31ca993a9.jpg,data/retail_images/raw/sandal/urban_outfitters_sandals_71c31ca993a9.jpg,Sandal,698,1046,RGB,c6502ea52efc8bc3db5c8cc58d981760e62ad232e146bcd38a9bc37001cf2b8c,True,ok,not_used,0.0,False,True,raw_full_footwear,train
data/retail_images/raw/sneaker/anthropologie_sneakers_9c5226a77217.jpg,data/retail_images/raw/sneaker/anthropologie_sneakers_9c5226a77217.jpg,Sneaker,349,523,RGB,84b4126fca73e4a71872856a51d67ba17b6a218487fd9c7473e710aa376b9815,True,ok,not_used,0.0,False,True,raw_full_footwear,train
/Users/ashley/Desktop/python/CS156-Machine-Learning/final/data/retail_images/segmented/t_shirt_top/brandy_melville_tops_2d0c63c2dcba_seg.jpg,/Users/ashley/Desktop/python/CS156-Machine-Learning/final/data/retail_images/raw/t_shirt_top/brandy_melville_tops_2d0c63c2dcba.jpg,T-shirt/top,265,351,RGB,efd4b195fec49d6cd4d677cba688251b5c56d4a7ba8746a458ad1ce9dff3488c,True,ok,segmented,0.1115220450281425,False,True,segmented_crop,train
/Users/ashley/Desktop/python/CS156-Machine-Learning/final/data/retail_images/segmented/bag/princess_polly_bags_c6919750a2b3_seg.jpg,/Users/ashley/Desktop/python/CS156-Machine-Learning/final/data/retail_images/raw/bag/princess_polly_bags_c6919750a2b3.jpg,Bag,570,1474,RGB,c93ff27b9592ddf564b176f1fabba546691506fac45e0847463820cc785d1057,True,ok,segmented,0.114724784144427,False,True,segmented_crop,train
/Users/ashley/Desktop/python/CS156-Machine-Learning/final/data/retail_images/segmented/bag/princess_polly_bags_dc53e42a72c9_seg.jpg,/Users/ashley/Desktop/python/CS156-Machine-Learning/final/data/retail_images/raw/bag/princess_polly_bags_dc53e42a72c9.jpg,Bag,795,867,RGB,98b85dac77d2d3ce7bdfc4380c47b27391216c21e656f3d25318a490185c9a5b,True,ok,segmented,0.0867007620355834,False,True,segmented_crop,train
data/retail_images/raw/ankle_boot/princess_polly_boots_d4ecf554167e.jpg,data/retail_images/raw/ankle_boot/princess_polly_boots_d4ecf554167e.jpg,Ankle boot,1344,1820,RGB,91de5703b38ee7edd31d25cf98f752ab4769172522ade96c2031a4d30b9a94c4,True,ok,not_used,0.0,False,True,raw_full_footwear,train
/Users/ashley/Desktop/python/CS156-Machine-Learning/final/data/retail_images/segmented/coat/reformation_outerwear_23aaba6f2c23_seg.jpg,/Users/ashley/Desktop/python/CS156-Machine-Learning/final/data/retail_images/raw/coat/reformation_outerwear_23aaba6f2c23.jpg,Coat,288,692,RGB,4cfe1794a4948fe4b94955e936e20a488f032df062b729ca83ece214cf9ad71d,True,ok,segmented,0.2411916666666666,False,True,segmented_crop,train
data/retail_images/raw/sneaker/urban_outfitters_sneakers_b61b8b1360a0.jpg,data/retail_images/raw/sneaker/urban_outfitters_sneakers_b61b8b1360a0.jpg,Sneaker,349,523,RGB,0786448f2aef56af12eebf841ad978c9d5b64dba35e4fb6c0fde8034960455c6,True,ok,not_used,0.0,False,True,raw_full_footwear,train
/Users/ashley/Desktop/python/CS156-Machine-Learning/final/data/retail_images/segmented/trouser/brandy_melville_pants_3b01aa852e57_seg.jpg,/Users/ashley/Desktop/python/CS156-Machine-Learning/final/data/retail_images/raw/trouser/brandy_melville_pants_3b01aa852e57.jpg,Trouser,284,626,RGB,81226a95597747ac7cb00053b74500c58d14ef70bc293ef0c1ba266dc8f5d3b6,True,ok,segmented,0.2527509380863039,False,True,segmented_crop,train
data/retail_images/raw/ankle_boot/anthropologie_boot_shop_601837d569ad.jpg,data/retail_images/raw/ankle_boot/anthropologie_boot_shop_601837d569ad.jpg,Ankle boot,349,523,RGB,5d395e5245afaa4ca1341490908b4b6c825c52b02f7e333a70920936e6446f82,True,ok,not_used,0.0,False,True,raw_full_footwear,train
/Users/ashley/Desktop/python/CS156-Machine-Learning/final/data/retail_images/segmented/bag/anthropologie_bags_be5e7b45e541_seg.jpg,/Users/ashley/Desktop/python/CS156-Machine-Learning/final/data/retail_images/raw/bag/anthropologie_bags_be5e7b45e541.jpg,Bag,328,483,RGB,e7144fab112bafed3c13e0dad4d6b23197bc9c1c42a292bb0b153f790d925861,True,ok,segmented,0.2906309751434034,False,True,segmented_crop,train
data/retail_images/raw/sneaker/anthropologie_sneakers_5fb2ab7fbd98.jpg,data/retail_images/raw/sneaker/anthropologie_sneakers_5fb2ab7fbd98.jpg,Sneaker,349,523,RGB,b6e83a0f3f48282e745ec5a4f4916455f444b70ca68dd98b32d50dfe67003fc2,True,ok,not_used,0.0,False,True,raw_full_footwear,train
data/retail_images/raw/sandal/anthropologie_sandals_e8aecc70cd8e.jpg,data/retail_images/raw/sandal/anthropologie_sandals_e8aecc70cd8e.jpg,Sandal,349,523,RGB,b0dcfe352fbbff8bce45d7178bff22cf7dab389fdc9f1ae6cae7eab1a04db70d,True,ok,not_used,0.0,False,True,raw_full_footwear,train
data/retail_images/raw/ankle_boot/anthropologie_boot_shop_bc458f86efe2.jpg,data/retail_images/raw/ankle_boot/anthropologie_boot_shop_bc458f86efe2.jpg,Ankle boot,349,523,RGB,d7c07ab6e22ef9b0b83ea5f3ce28bd1656afb029d127f3fa6bafd1a13035a999,True,ok,not_used,0.0,False,True,raw_full_footwear,train
/Users/ashley/Desktop/python/CS156-Machine-Learning/final/data/retail_images/segmented/shirt/urban_outfitters_shirts_blouses_f207548454ad_seg.jpg,/Users/ashley/Desktop/python/CS156-Machine-Learning/final/data/retail_images/raw/shirt/urban_outfitters_shirts_blouses_f207548454ad.webp,Shirt,508,598,RGB,0794fae30d0167bd9dc7878496a77fd2bc036ab29eb84193f454e8f15f9e9b93,True,ok,segmented,0.1682394933352326,False,True,segmented_crop,train
data/retail_images/raw/sandal/urban_outfitters_sandals_6573bc6d39b5.jpg,data/retail_images/raw/sandal/urban_outfitters_sandals_6573bc6d39b5.jpg,Sandal,450,675,RGB,c8dbbfa709d48e1396a0535b9379828ecf657082b055b5c9497926d1567ed91c,True,ok,not_used,0.0,False,True,raw_full_footwear,train
/Users/ashley/Desktop/python/CS156-Machine-Learning/final/data/retail_images/segmented/trouser/princess_polly_pants_e612bbee0317_seg.jpg,/Users/ashley/Desktop/python/CS156-Machine-Learning/final/data/retail_images/raw/trouser/princess_polly_pants_e612bbee0317.jpg,Trouser,598,1055,RGB,982ec980bbc79c6a89a18f7f95305b47ba20aba587b8e4c55af7d88ffb69831e,True,ok,segmented,0.1013266123757195,False,True,segmented_crop,train
/Users/ashley/Desktop/python/CS156-Machine-Learning/final/data/retail_images/segmented/pullover/princess_polly_sweaters_c0f2ef625e8e_seg.jpg,/Users/ashley/Desktop/python/CS156-Machine-Learning/final/data/retail_images/raw/pullover/princess_polly_sweaters_c0f2ef625e8e.jpg,Pullover,1202,947,RGB,a0080e0eb75a21e149476866aa0ac8ceb442acc6bbfb62169436220edac6348c,True,ok,segmented,0.1861047063055991,False,True,segmented_crop,train
/Users/ashley/Desktop/python/CS156-Machine-Learning/final/data/retail_images/segmented/bag/princess_polly_bags_5540d8f876bd_seg.jpg,/Users/ashley/Desktop/python/CS156-Machine-Learning/final/data/retail_images/raw/bag/princess_polly_bags_5540d8f876bd.jpg,Bag,1058,1360,RGB,985e4f0fceca08104734d48c57d7dd4745d69f4a923334ce9e89c0f6d870d830,True,ok,segmented,0.1182945774463631,False,True,segmented_crop,train
data/retail_images/raw/sandal/anthropologie_sandals_c20a72c68b28.jpg,data/retail_images/raw/sandal/anthropologie_sandals_c20a72c68b28.jpg,Sandal,349,523,RGB,543da843de6c4df2fde0941ab4172438e871a6bd698eac39320b90e696f85117,True,ok,not_used,0.0,False,True,raw_full_footwear,train
/Users/ashley/Desktop/python/CS156-Machine-Learning/final/data/retail_images/segmented/t_shirt_top/brandy_melville_tops_1f91d1401075_seg.jpg,/Users/ashley/Desktop/python/CS156-Machine-Learning/final/data/retail_images/raw/t_shirt_top/brandy_melville_tops_1f91d1401075.jpg,T-shirt/top,194,223,RGB,5a016f0c6fd8a95da6399836f1eb3f0073530965464b1f768eebdb66ef2e80b8,True,ok,segmented,0.1164917695473251,False,True,segmented_crop,train
/Users/ashley/Desktop/python/CS156-Machine-Learning/final/data/retail_images/segmented/bag/princess_polly_bags_138636bcb44b_seg.jpg,/Users/ashley/Desktop/python/CS156-Machine-Learning/final/data/retail_images/raw/bag/princess_polly_bags_138636bcb44b.jpg,Bag,806,1134,RGB,1d384fcd286dcdcc0fe1ee091ffbb441ccfb97d9c5a5333cae3fbf6fbb26e58d,True,ok,segmented,0.1055770866038723,False,True,segmented_crop,train
data/retail_images/raw/sandal/urban_outfitters_sandals_7f9821cf4ed7.jpg,data/retail_images/raw/sandal/urban_outfitters_sandals_7f9821cf4ed7.jpg,Sandal,349,523,RGB,241144171ebeb772ac8d55164d27ad348b3ce3422cf803357f0cf0d3b4c6e170,True,ok,not_used,0.0,False,True,raw_full_footwear,train
data/retail_images/raw/ankle_boot/princess_polly_boots_0e7340a7af89.jpg,data/retail_images/raw/ankle_boot/princess_polly_boots_0e7340a7af89.jpg,Ankle boot,1344,1820,RGB,c7bd7052db96b1d0aecdc2e922135ef2901a52ef69c283aa98628e1a34bd7a1d,True,ok,not_used,0.0,False,True,raw_full_footwear,train
/Users/ashley/Desktop/python/CS156-Machine-Learning/final/data/retail_images/segmented/dress/princess_polly_dresses_531c29fce30e_seg.jpg,/Users/ashley/Desktop/python/CS156-Machine-Learning/final/data/retail_images/raw/dress/princess_polly_dresses_531c29fce30e.jpg,Dress,677,948,RGB,c4408e88de4325f834ac3d978af8e1e04e19a23ad244cb0b2d21203fccf22cae,True,ok,segmented,0.144916867519098,False,True,segmented_crop,train
data/retail_images/raw/sneaker/anthropologie_sneakers_237f302688d4.jpg,data/retail_images/raw/sneaker/anthropologie_sneakers_237f302688d4.jpg,Sneaker,349,523,RGB,59baf14de8365bca6bdf9418a60a73936aa308816452b44520a0f805f535de71,True,ok,not_used,0.0,False,True,raw_full_footwear,train
/Users/ashley/Desktop/python/CS156-Machine-Learning/final/data/retail_images/segmented/shirt/free_people_blouses_1a2c5aff45b7_seg.jpg,/Users/ashley/Desktop/python/CS156-Machine-Learning/final/data/retail_images/raw/shirt/free_people_blouses_1a2c5aff45b7.jpg,Shirt,194,226,RGB,b338a269a79cd63e064e14c9dc7a220fd90d64145057f9f6a5dcf1907484e93a,True,ok,segmented,0.0297325875076016,False,True,segmented_crop,train
data/retail_images/raw/sneaker/urban_outfitters_sneakers_e29a9dea3c50.jpg,data/retail_images/raw/sneaker/urban_outfitters_sneakers_e29a9dea3c50.jpg,Sneaker,450,675,RGB,b2ff9ab98d65fb3ad2380d4d6294dfaa3df733e346b79467891e172c8f919ef2,True,ok,not_used,0.0,False,True,raw_full_footwear,train
/Users/ashley/Desktop/python/CS156-Machine-Learning/final/data/retail_images/segmented/shirt/urban_outfitters_shirts_blouses_6e5974eeb046_seg.jpg,/Users/ashley/Desktop/python/CS156-Machine-Learning/final/data/retail_images/raw/shirt/urban_outfitters_shirts_blouses_6e5974eeb046.jpg,Shirt,508,599,RGB,3680c999b2b06a176cb772524e9959875690641dc1deb117d2e2d5fd37fdb438,True,ok,segmented,0.1662836183140028,False,True,segmented_crop,train
data/retail_images/raw/ankle_boot/anthropologie_boot_shop_ce5617274b9b.webp,data/retail_images/raw/ankle_boot/anthropologie_boot_shop_ce5617274b9b.webp,Ankle boot,698,1046,RGB,3ae0ccc573140956961faf2435fea0a63af53cd8d489afc9a23edf26fe8ae947,True,ok,not_used,0.0,False,True,raw_full_footwear,train
/Users/ashley/Desktop/python/CS156-Machine-Learning/final/data/retail_images/segmented/bag/anthropologie_bags_4aba507cdbff_seg.jpg,/Users/ashley/Desktop/python/CS156-Machine-Learning/final/data/retail_images/raw/bag/anthropologie_bags_4aba507cdbff.webp,Bag,632,1032,RGB,800b01a73878be485f3165c0515f0eb4b6fe99ba1b16ec8309001cc3c3a956c3,True,ok,segmented,0.1787899872347652,False,True,segmented_crop,train
/Users/ashley/Desktop/python/CS156-Machine-Learning/final/data/retail_images/segmented/t_shirt_top/brandy_melville_tops_035787b485f9_seg.jpg,/Users/ashley/Desktop/python/CS156-Machine-Learning/final/data/retail_images/raw/t_shirt_top/brandy_melville_tops_035787b485f9.jpg,T-shirt/top,206,354,RGB,36ec3faa0971023073f6159fa6e1dadeb45cd7755b7b92d5b565285fb09e238a,True,ok,segmented,0.2014146090534979,False,True,segmented_crop,train
data/retail_images/raw/sneaker/urban_outfitters_sneakers_1d557b74de72.jpg,data/retail_images/raw/sneaker/urban_outfitters_sneakers_1d557b74de72.jpg,Sneaker,450,675,RGB,52793f2803c74bec527ae779b2b8ffd5e7a319f20ad98cc0fffc86414dfcb5f3,True,ok,not_used,0.0,False,True,raw_full_footwear,train
/Users/ashley/Desktop/python/CS156-Machine-Learning/final/data/retail_images/segmented/coat/reformation_outerwear_9c4ad16f47b5_seg.jpg,/Users/ashley/Desktop/python/CS156-Machine-Learning/final/data/retail_images/raw/coat/reformation_outerwear_9c4ad16f47b5.jpg,Coat,600,481,RGB,3a36130f9b1f85a7e6764d0b63e6a0fb07df8715ba013c2c458def18f86d1f68,True,ok,segmented,0.3956145833333333,False,True,segmented_crop,train
/Users/ashley/Desktop/python/CS156-Machine-Learning/final/data/retail_images/segmented/bag/anthropologie_bags_fa4ddb295f10_seg.jpg,/Users/ashley/Desktop/python/CS156-Machine-Learning/final/data/retail_images/raw/bag/anthropologie_bags_fa4ddb295f10.jpg,Bag,2677,498,RGB,488bb1f14a6871044770033fb55ca8a241958906b679d306921acf4ddd7145fa,True,ok,segmented,0.0869794235930536,False,True,segmented_crop,train
data/retail_images/raw/sandal/anthropologie_sandals_35878f49cca5.jpg,data/retail_images/raw/sandal/anthropologie_sandals_35878f49cca5.jpg,Sandal,349,523,RGB,2e54906ffc7a2440f1b98f8d925f608c8cc87fb9698a92ecee59b03261ae58d7,True,ok,not_used,0.0,False,True,raw_full_footwear,train
/Users/ashley/Desktop/python/CS156-Machine-Learning/final/data/retail_images/segmented/dress/reformation_dresses_75465779997b_seg.jpg,/Users/ashley/Desktop/python/CS156-Machine-Learning/final/data/retail_images/raw/dress/reformation_dresses_75465779997b.jpg,Dress,390,648,RGB,528486ee6fd996e6a8085374b5ccb023beb5d7803d3d8c00a0698633e39b825a,True,ok,segmented,0.1832125,False,True,segmented_crop,train
/Users/ashley/Desktop/python/CS156-Machine-Learning/final/data/retail_images/segmented/t_shirt_top/brandy_melville_tops_c0cd8f632d12_seg.jpg,/Users/ashley/Desktop/python/CS156-Machine-Learning/final/data/retail_images/raw/t_shirt_top/brandy_melville_tops_c0cd8f632d12.jpg,T-shirt/top,506,750,RGB,3614663d0068cb2ddeb8d7e3acf4ebf0bf4ce41b0791b30c7a17c498144bd4b7,True,ok,segmented,0.1361,False,True,segmented_crop,train
/Users/ashley/Desktop/python/CS156-Machine-Learning/final/data/retail_images/segmented/trouser/princess_polly_pants_24e2376be3ca_seg.jpg,/Users/ashley/Desktop/python/CS156-Machine-Learning/final/data/retail_images/raw/trouser/princess_polly_pants_24e2376be3ca.jpg,Trouser,1212,1820,RGB,2ab83dc244e8ef7db45930e424c582af1cfb355e1dbb999fb3efd8cfbb3ca463,True,ok,segmented,0.4582327642595499,False,True,segmented_crop,train
/Users/ashley/Desktop/python/CS156-Machine-Learning/final/data/retail_images/segmented/dress/princess_polly_dresses_a761db4771b8_seg.jpg,/Users/ashley/Desktop/python/CS156-Machine-Learning/final/data/retail_images/raw/dress/princess_polly_dresses_a761db4771b8.jpg,Dress,1344,1450,RGB,d4d650e8314c5ecbd50ecbd55f4ae2c3b95c47f613685c37c9599be6132a14fc,True,ok,segmented,0.282662055206698,False,True,segmented_crop,train
/Users/ashley/Desktop/python/CS156-Machine-Learning/final/data/retail_images/segmented/shirt/anthropologie_blouses_899c383d1a40_seg.jpg,/Users/ashley/Desktop/python/CS156-Machine-Learning/final/data/retail_images/raw/shirt/anthropologie_blouses_899c383d1a40.jpg,Shirt,349,383,RGB,d5a88b938490bcb6f551bdcb88e754487ae53d60fd9761e666117c0dac4e2556,True,ok,segmented,0.3560514334865526,False,True,segmented_crop,train
/Users/ashley/Desktop/python/CS156-Machine-Learning/final/data/retail_images/segmented/trouser/princess_polly_pants_cfedbd129498_seg.jpg,/Users/ashley/Desktop/python/CS156-Machine-Learning/final/data/retail_images/raw/trouser/princess_polly_pants_cfedbd129498.jpg,Trouser,565,1575,RGB,21b1f13a0f0afc119b86da7ce64afc640126de38fca718f3e28789f7d4648598,True,ok,segmented,0.1971788063237877,False,True,segmented_crop,train
/Users/ashley/Desktop/python/CS156-Machine-Learning/final/data/retail_images/segmented/dress/princess_polly_dresses_4093f31ee93a_seg.jpg,/Users/ashley/Desktop/python/CS156-Machine-Learning/final/data/retail_images/raw/dress/princess_polly_dresses_4093f31ee93a.jpg,Dress,1331,1477,RGB,70d14c8fdcb0da9e1bb1f442abbbd2099aea6b95bb4af3be35f5de4d8b4c0a3d,True,ok,segmented,0.3373002700832297,False,True,segmented_crop,train
data/retail_images/raw/ankle_boot/anthropologie_boot_shop_5ee00fd2e521.jpg,data/retail_images/raw/ankle_boot/anthropologie_boot_shop_5ee00fd2e521.jpg,Ankle boot,267,400,RGB,20edf235e86fa406f4111fd9733c7abf419a603f7d28071263e2ae27ae9307a2,True,ok,not_used,0.0,False,True,raw_full_footwear,train
/Users/ashley/Desktop/python/CS156-Machine-Learning/final/data/retail_images/segmented/trouser/princess_polly_pants_a573a77206a2_seg.jpg,/Users/ashley/Desktop/python/CS156-Machine-Learning/final/data/retail_images/raw/trouser/princess_polly_pants_a573a77206a2.jpg,Trouser,477,1224,RGB,b06560ae3a3c3b8662a0e27025759b94146faebe4d8742929590f552ed9f50e9,True,ok,segmented,0.1518361780875331,False,True,segmented_crop,train
/Users/ashley/Desktop/python/CS156-Machine-Learning/final/data/retail_images/segmented/trouser/brandy_melville_pants_56f62ab7d63b_seg.jpg,/Users/ashley/Desktop/python/CS156-Machine-Learning/final/data/retail_images/raw/trouser/brandy_melville_pants_56f62ab7d63b.jpg,Trouser,238,681,RGB,a7ae4b2257cbb4a5d5d89538bd91887404b74bca8c3a94fd0ac177b7d1e4c3dd,True,ok,segmented,0.2120426829268292,False,True,segmented_crop,train
data/retail_images/raw/sandal/princess_polly_sandals_12024c815069.jpg,data/retail_images/raw/sandal/princess_polly_sandals_12024c815069.jpg,Sandal,1344,1820,RGB,9ed2e96536c349ecba0fe4e24c966e8dedc8d035d3fcf6a5c51cfe2184216239,True,ok,not_used,0.0,False,True,raw_full_footwear,train
data/retail_images/raw/sandal/urban_outfitters_sandals_9e5fa3480bce.jpg,data/retail_images/raw/sandal/urban_outfitters_sandals_9e5fa3480bce.jpg,Sandal,450,675,RGB,71959e6c32121611cea890757745d4fa04618e91313dc7e72b47799fea3b7cc6,True,ok,not_used,0.0,False,True,raw_full_footwear,train
/Users/ashley/Desktop/python/CS156-Machine-Learning/final/data/retail_images/segmented/shirt/urban_outfitters_shirts_blouses_98ed5478a9c1_seg.jpg,/Users/ashley/Desktop/python/CS156-Machine-Learning/final/data/retail_images/raw/shirt/urban_outfitters_shirts_blouses_98ed5478a9c1.webp,Shirt,698,994,RGB,3710d0d70139b2b20fbf8b889ab1748e37835f3e7f13700ef01c4e60b82ed3df,True,ok,segmented,0.5256605872007977,False,True,segmented_crop,train
data/retail_images/raw/sandal/anthropologie_sandals_ace0313458e5.jpg,data/retail_images/raw/sandal/anthropologie_sandals_ace0313458e5.jpg,Sandal,349,523,RGB,d49cfe6ccdcfd0fcd27c8698063b2521dae7e3bc69a08832ffb227851a6e2205,True,ok,not_used,0.0,False,True,raw_full_footwear,train
data/retail_images/raw/sneaker/urban_outfitters_sneakers_94b40421b01a.jpg,data/retail_images/raw/sneaker/urban_outfitters_sneakers_94b40421b01a.jpg,Sneaker,450,675,RGB,718a05884e0c449dbf18b77d58499a28556b1a3c4f1e0d09a6f54a194c307895,True,ok,not_used,0.0,False,True,raw_full_footwear,train
/Users/ashley/Desktop/python/CS156-Machine-Learning/final/data/retail_images/segmented/dress/princess_polly_dresses_9d89ef293dc2_seg.jpg,/Users/ashley/Desktop/python/CS156-Machine-Learning/final/data/retail_images/raw/dress/princess_polly_dresses_9d89ef293dc2.jpg,Dress,681,1150,RGB,227e0b99e58f0a6329be1023ff9266e4f00e8c354f45e6507728eae0fd5f3fc2,True,ok,segmented,0.0939503205128205,False,True,segmented_crop,train
data/retail_images/raw/sneaker/anthropologie_sneakers_c59459e70799.jpg,data/retail_images/raw/sneaker/anthropologie_sneakers_c59459e70799.jpg,Sneaker,349,523,RGB,372df69071be0f71b581f55ec79a87753972bed2b7b9cb382f4f3ba7fca49938,True,ok,not_used,0.0,False,True,raw_full_footwear,train
/Users/ashley/Desktop/python/CS156-Machine-Learning/final/data/retail_images/segmented/coat/reformation_jackets_and_coats_0f05b41e66c8_seg.jpg,/Users/ashley/Desktop/python/CS156-Machine-Learning/final/data/retail_images/raw/coat/reformation_jackets_and_coats_0f05b41e66c8.jpg,Coat,256,561,RGB,09ced863e7f8d88017d484f49a8176ff3a70a68a3df17c8e5106a369f80b398f,True,ok,segmented,0.16984375,False,True,segmented_crop,train
data/retail_images/raw/sandal/urban_outfitters_sandals_418a266d0992.jpg,data/retail_images/raw/sandal/urban_outfitters_sandals_418a266d0992.jpg,Sandal,450,675,RGB,ff6dc67b4e947b3a5da285697520e44d54b0ede7ef5cbbb839b0eb367920686b,True,ok,not_used,0.0,False,True,raw_full_footwear,train
/Users/ashley/Desktop/python/CS156-Machine-Learning/final/data/retail_images/segmented/coat/reformation_outerwear_68c841d6580d_seg.jpg,/Users/ashley/Desktop/python/CS156-Machine-Learning/final/data/retail_images/raw/coat/reformation_outerwear_68c841d6580d.jpg,Coat,596,556,RGB,8c2aa9096e2d29fa290df38de447803c2460916dd4023cb5c4c4d483da529d75,True,ok,segmented,0.3760958333333333,False,True,segmented_crop,train
/Users/ashley/Desktop/python/CS156-Machine-Learning/final/data/retail_images/segmented/dress/princess_polly_dresses_530040a5b529_seg.jpg,/Users/ashley/Desktop/python/CS156-Machine-Learning/final/data/retail_images/raw/dress/princess_polly_dresses_530040a5b529.jpg,Dress,1126,1379,RGB,c87eec936e5df5b94622ed92eeb4e9e38b41ae61ed0e68cfc49ac87f659079c0,True,ok,segmented,0.1965140142595499,False,True,segmented_crop,train
data/retail_images/raw/sneaker/urban_outfitters_sneakers_2e12a2371938.jpg,data/retail_images/raw/sneaker/urban_outfitters_sneakers_2e12a2371938.jpg,Sneaker,450,675,RGB,58b1586ca34777605761b1885f86aa12a725e2574bb105543b22a3774574d0c2,True,ok,not_used,0.0,False,True,raw_full_footwear,train
/Users/ashley/Desktop/python/CS156-Machine-Learning/final/data/retail_images/segmented/pullover/reformation_sweaters_c858ea0c75e4_seg.jpg,/Users/ashley/Desktop/python/CS156-Machine-Learning/final/data/retail_images/raw/pullover/reformation_sweaters_c858ea0c75e4.jpg,Pullover,334,396,RGB,de916c4faacebe1382f8f7eb970e11d86a7f9e4d7ab733e88430e3b5d16bff4d,True,ok,segmented,0.16244375,False,True,segmented_crop,train
/Users/ashley/Desktop/python/CS156-Machine-Learning/final/data/retail_images/segmented/shirt/anthropologie_blouses_4a327717476d_seg.jpg,/Users/ashley/Desktop/python/CS156-Machine-Learning/final/data/retail_images/raw/shirt/anthropologie_blouses_4a327717476d.jpg,Shirt,271,325,RGB,b10e5f39dbebcae50c59d3df3267952e3c55afbbd272041edf102d3cce9649b9,True,ok,segmented,0.2514751242281964,False,True,segmented_crop,train
/Users/ashley/Desktop/python/CS156-Machine-Learning/final/data/retail_images/segmented/trouser/princess_polly_pants_52868cab035c_seg.jpg,/Users/ashley/Desktop/python/CS156-Machine-Learning/final/data/retail_images/raw/trouser/princess_polly_pants_52868cab035c.jpg,Trouser,343,822,RGB,6be2da101a7abfe38e6b13383e527acd9d37681d41142bac9f76f78a7017bd10,True,ok,segmented,0.0578549176680017,False,True,segmented_crop,train
/Users/ashley/Desktop/python/CS156-Machine-Learning/final/data/retail_images/segmented/t_shirt_top/brandy_melville_tops_7b5e0d528356_seg.jpg,/Users/ashley/Desktop/python/CS156-Machine-Learning/final/data/retail_images/raw/t_shirt_top/brandy_melville_tops_7b5e0d528356.jpg,T-shirt/top,270,401,RGB,cfb70ac590255fa0264c38f2cc77e82c0252b3166a4e476547825776f197ee43,True,ok,segmented,0.1361468105065666,False,True,segmented_crop,train
/Users/ashley/Desktop/python/CS156-Machine-Learning/final/data/retail_images/segmented/shirt/free_people_blouses_9fa6b2e96abe_seg.jpg,/Users/ashley/Desktop/python/CS156-Machine-Learning/final/data/retail_images/raw/shirt/free_people_blouses_9fa6b2e96abe.jpg,Shirt,388,519,RGB,bda60cce5564c417158ffdb52842c8c90752feb0734b7ea77e9cc43bfa3cfa55,True,ok,segmented,0.1410599527741101,False,True,segmented_crop,train
/Users/ashley/Desktop/python/CS156-Machine-Learning/final/data/retail_images/segmented/trouser/brandy_melville_pants_654d7ec1c905_seg.jpg,/Users/ashley/Desktop/python/CS156-Machine-Learning/final/data/retail_images/raw/trouser/brandy_melville_pants_654d7ec1c905.jpg,Trouser,277,687,RGB,a6438dcfac713757846ef4c5c7be4d372a886b8ee3a260d1f9a0e55bd2c4665c,True,ok,segmented,0.2704573170731707,False,True,segmented_crop,train
/Users/ashley/Desktop/python/CS156-Machine-Learning/final/data/retail_images/segmented/coat/reformation_jackets_and_coats_42cd43b01312_seg.jpg,/Users/ashley/Desktop/python/CS156-Machine-Learning/final/data/retail_images/raw/coat/reformation_jackets_and_coats_42cd43b01312.jpg,Coat,490,706,RGB,7610be84a09df8846981d385e91242ba22c535f0bc98e3459fe4dbf57125644c,True,ok,segmented,0.375925,False,True,segmented_crop,train
data/retail_images/raw/sandal/anthropologie_sandals_3b63204a2d90.jpg,data/retail_images/raw/sandal/anthropologie_sandals_3b63204a2d90.jpg,Sandal,349,523,RGB,743a3d8ded5880f4e9179510b1a72428621ec3b3f2341c7a49450a548b31f389,True,ok,not_used,0.0,False,True,raw_full_footwear,train
/Users/ashley/Desktop/python/CS156-Machine-Learning/final/data/retail_images/segmented/coat/reformation_jackets_and_coats_30caf09d7112_seg.jpg,/Users/ashley/Desktop/python/CS156-Machine-Learning/final/data/retail_images/raw/coat/reformation_jackets_and_coats_30caf09d7112.jpg,Coat,395,535,RGB,6f4cf255a71b5614ff84eb71255be70508bfc9a5cb2fc39ba3a981c29be8a240,True,ok,segmented,0.20856875,False,True,segmented_crop,train
/Users/ashley/Desktop/python/CS156-Machine-Learning/final/data/retail_images/segmented/bag/princess_polly_bags_4d06023bf02d_seg.jpg,/Users/ashley/Desktop/python/CS156-Machine-Learning/final/data/retail_images/raw/bag/princess_polly_bags_4d06023bf02d.jpg,Bag,1004,952,RGB,90fc5ff26c825b196d890540de4a527af587a6c4aacf2d267182a8a23c658934,True,ok,segmented,0.0565905785391079,False,True,segmented_crop,train
/Users/ashley/Desktop/python/CS156-Machine-Learning/final/data/retail_images/segmented/t_shirt_top/brandy_melville_tops_page_4_2df46b6736d2_seg.jpg,/Users/ashley/Desktop/python/CS156-Machine-Learning/final/data/retail_images/raw/t_shirt_top/brandy_melville_tops_page_4_2df46b6736d2.jpg,T-shirt/top,415,478,RGB,a26dce762fa7dbea0c081af07b8f46ae5e90da2bcd4b8420ced9264571960126,True,ok,segmented,0.2170731707317073,False,True,segmented_crop,train
data/retail_images/raw/sneaker/urban_outfitters_sneakers_52292b900419.jpg,data/retail_images/raw/sneaker/urban_outfitters_sneakers_52292b900419.jpg,Sneaker,450,675,RGB,447a3401aa959849125417da269c299fcf619760fbb1715fc9d6a6b105028900,True,ok,not_used,0.0,False,True,raw_full_footwear,train
data/retail_images/raw/ankle_boot/princess_polly_boots_37f21c4d5c2f.jpg,data/retail_images/raw/ankle_boot/princess_polly_boots_37f21c4d5c2f.jpg,Ankle boot,1344,1820,RGB,4cae97ec859bff76645622081b43bb2275e956e34c4d308bbcf303c0a5b622ff,True,ok,not_used,0.0,False,True,raw_full_footwear,train
data/retail_images/raw/ankle_boot/anthropologie_boot_shop_c28fd2d3df2d.jpg,data/retail_images/raw/ankle_boot/anthropologie_boot_shop_c28fd2d3df2d.jpg,Ankle boot,349,523,RGB,6c7c17e824fe21e286936d685ff7933cf9d8d224fb5c0c2de6317ad2d2cbeaf5,True,ok,not_used,0.0,False,True,raw_full_footwear,train
/Users/ashley/Desktop/python/CS156-Machine-Learning/final/data/retail_images/segmented/bag/anthropologie_bags_16f6d31ed0be_seg.jpg,/Users/ashley/Desktop/python/CS156-Machine-Learning/final/data/retail_images/raw/bag/anthropologie_bags_16f6d31ed0be.jpg,Bag,291,406,RGB,101e41098120168730452d2778bfa6384aff9c9efcc68d8b4d2f8b7027ebec96,True,ok,segmented,0.220444098681291,False,True,segmented_crop,train
/Users/ashley/Desktop/python/CS156-Machine-Learning/final/data/retail_images/segmented/coat/reformation_jackets_and_coats_9c0273a1008e_seg.jpg,/Users/ashley/Desktop/python/CS156-Machine-Learning/final/data/retail_images/raw/coat/reformation_jackets_and_coats_9c0273a1008e.jpg,Coat,301,724,RGB,e097bbb75e02ff9445add1c0f3dd22af48fab51fe79763a2042af58eda72ec54,True,ok,segmented,0.2148833333333333,False,True,segmented_crop,train
/Users/ashley/Desktop/python/CS156-Machine-Learning/final/data/retail_images/segmented/dress/reformation_dresses_15e660e7ad2c_seg.jpg,/Users/ashley/Desktop/python/CS156-Machine-Learning/final/data/retail_images/raw/dress/reformation_dresses_15e660e7ad2c.jpg,Dress,214,635,RGB,9c0b44d645d6fb1ab11ab3bc5c904ac60ee1d4597db5e17682ee110f65a962d6,True,ok,segmented,0.1137166666666666,False,True,segmented_crop,train
/Users/ashley/Desktop/python/CS156-Machine-Learning/final/data/retail_images/segmented/dress/reformation_dresses_bf219950f8a0_seg.jpg,/Users/ashley/Desktop/python/CS156-Machine-Learning/final/data/retail_images/raw/dress/reformation_dresses_bf219950f8a0.jpg,Dress,236,562,RGB,de30cbf8dc1ab333509751e7321553b6cea7cda0d8da7f023dec58fa76746f1d,True,ok,segmented,0.12946875,False,True,segmented_crop,train
/Users/ashley/Desktop/python/CS156-Machine-Learning/final/data/retail_images/segmented/dress/princess_polly_dresses_49c45731c55c_seg.jpg,/Users/ashley/Desktop/python/CS156-Machine-Learning/final/data/retail_images/raw/dress/princess_polly_dresses_49c45731c55c.jpg,Dress,876,1591,RGB,b135143106d03fc861e72d0f2bd32d2056cdd9737b78ad917059f103f26d2ad0,True,ok,segmented,0.3426566145893939,False,True,segmented_crop,train
data/retail_images/raw/sneaker/urban_outfitters_sneakers_448a5d0cd833.jpg,data/retail_images/raw/sneaker/urban_outfitters_sneakers_448a5d0cd833.jpg,Sneaker,450,675,RGB,0089f05fc4dc0b031d9439811435806321a8755f352bdbeef94fb4bcb6014e03,True,ok,not_used,0.0,False,True,raw_full_footwear,train
/Users/ashley/Desktop/python/CS156-Machine-Learning/final/data/retail_images/segmented/t_shirt_top/brandy_melville_tops_22dfcf8728d8_seg.jpg,/Users/ashley/Desktop/python/CS156-Machine-Learning/final/data/retail_images/raw/t_shirt_top/brandy_melville_tops_22dfcf8728d8.jpg,T-shirt/top,245,351,RGB,bf39c744e4ef901611510c6a32fa92f00e63fc857f2369890ce02e486a9dce4c,True,ok,segmented,0.2212705761316872,False,True,segmented_crop,train
/Users/ashley/Desktop/python/CS156-Machine-Learning/final/data/retail_images/segmented/bag/anthropologie_bags_c76edaa5ad4e_seg.jpg,/Users/ashley/Desktop/python/CS156-Machine-Learning/final/data/retail_images/raw/bag/anthropologie_bags_c76edaa5ad4e.jpg,Bag,186,366,RGB,faa13181b3db5951ee70590f9d24cc5ecd5cfd11fac9ecc6ccd80f1d888fb1cb,True,ok,segmented,0.1582396029080629,False,True,segmented_crop,train
/Users/ashley/Desktop/python/CS156-Machine-Learning/final/data/retail_images/segmented/coat/reformation_jackets_and_coats_36381cc8b51d_seg.jpg,/Users/ashley/Desktop/python/CS156-Machine-Learning/final/data/retail_images/raw/coat/reformation_jackets_and_coats_36381cc8b51d.jpg,Coat,482,489,RGB,0b0f068f4427f3e7f05c8698dd0c6d288b488306a396b78432f7e8de2365f3a9,True,ok,segmented,0.19120625,False,True,segmented_crop,train
/Users/ashley/Desktop/python/CS156-Machine-Learning/final/data/retail_images/segmented/pullover/anthropologie_sweaters_8b006b74e4d0_seg.jpg,/Users/ashley/Desktop/python/CS156-Machine-Learning/final/data/retail_images/raw/pullover/anthropologie_sweaters_8b006b74e4d0.jpg,Pullover,347,454,RGB,556650f6fc6d601e8996b6373390c5c31b48e7d47ffc7dfbdbd8889c74340271,True,ok,segmented,0.3998586510488859,False,True,segmented_crop,train
/Users/ashley/Desktop/python/CS156-Machine-Learning/final/data/retail_images/segmented/pullover/princess_polly_sweaters_23cdb7048350_seg.jpg,/Users/ashley/Desktop/python/CS156-Machine-Learning/final/data/retail_images/raw/pullover/princess_polly_sweaters_23cdb7048350.jpg,Pullover,930,1481,RGB,e6d11fbe12aa9bb12f003eaccf9da7bd2c29dc53c543056565271f15d6c7f002,True,ok,segmented,0.1253286891679748,False,True,segmented_crop,train
data/retail_images/raw/sneaker/anthropologie_sneakers_18cfc659a217.jpg,data/retail_images/raw/sneaker/anthropologie_sneakers_18cfc659a217.jpg,Sneaker,349,523,RGB,7321135f393c8a7871879280153eb33a7e58b1926ee7b6fe61e40609765b9e07,True,ok,not_used,0.0,False,True,raw_full_footwear,train
data/retail_images/raw/ankle_boot/princess_polly_boots_3f0c39cc4351.jpg,data/retail_images/raw/ankle_boot/princess_polly_boots_3f0c39cc4351.jpg,Ankle boot,1344,1820,RGB,2e695d2262e66f73fd789368c05cdc81c1f84bfb3e87fcc3ab1ae69c6ed258c8,True,ok,not_used,0.0,False,True,raw_full_footwear,train
/Users/ashley/Desktop/python/CS156-Machine-Learning/final/data/retail_images/segmented/dress/anthropologie_dresses_4dcfb3f211e5_seg.jpg,/Users/ashley/Desktop/python/CS156-Machine-Learning/final/data/retail_images/raw/dress/anthropologie_dresses_4dcfb3f211e5.jpg,Dress,200,473,RGB,59f4caf91988f412dd2435659a3b0f64c0c47596c318da4571664a2c1fbf077d,True,ok,segmented,0.2294455066921606,False,True,segmented_crop,train
/Users/ashley/Desktop/python/CS156-Machine-Learning/final/data/retail_images/segmented/trouser/brandy_melville_pants_43dd56772753_seg.jpg,/Users/ashley/Desktop/python/CS156-Machine-Learning/final/data/retail_images/raw/trouser/brandy_melville_pants_43dd56772753.jpg,Trouser,165,442,RGB,aa5b7e41572cefc9367b9556d34b2160519fbb4744c30559c421476001efc13d,True,ok,segmented,0.1979166666666666,False,True,segmented_crop,train
/Users/ashley/Desktop/python/CS156-Machine-Learning/final/data/retail_images/segmented/dress/princess_polly_dresses_d8e65a2a445f_seg.jpg,/Users/ashley/Desktop/python/CS156-Machine-Learning/final/data/retail_images/raw/dress/princess_polly_dresses_d8e65a2a445f.jpg,Dress,758,1526,RGB,7bff832aed720b1301a3545148327bda490719a8184214a031a68b17db8f5d06,True,ok,segmented,0.2348737571951857,False,True,segmented_crop,train
data/retail_images/raw/sneaker/urban_outfitters_sneakers_8a7f1bc32bbd.jpg,data/retail_images/raw/sneaker/urban_outfitters_sneakers_8a7f1bc32bbd.jpg,Sneaker,698,1046,RGB,4c8c6d4270236ae32865175c532eefbbbdf3be67d2535d576644fb701b4bc5c5,True,ok,not_used,0.0,False,True,raw_full_footwear,train
data/retail_images/raw/ankle_boot/anthropologie_boot_shop_6acc723e96ac.jpg,data/retail_images/raw/ankle_boot/anthropologie_boot_shop_6acc723e96ac.jpg,Ankle boot,349,523,RGB,d062d6961f73943ebd0e9e928e387ef6535a313ecf9a147c3222ed78c2cc1d91,True,ok,not_used,0.0,False,True,raw_full_footwear,train
/Users/ashley/Desktop/python/CS156-Machine-Learning/final/data/retail_images/segmented/shirt/anthropologie_blouses_3aef2e4182d7_seg.jpg,/Users/ashley/Desktop/python/CS156-Machine-Learning/final/data/retail_images/raw/shirt/anthropologie_blouses_3aef2e4182d7.jpg,Shirt,304,271,RGB,983ebaafdbbe464bb263e3cbe15384dd7ea7b0b8387b3e23462d37550a7500a7,True,ok,segmented,0.2065283492305248,False,True,segmented_crop,train
data/retail_images/raw/sandal/princess_polly_sandals_8f74cfd637ff.jpg,data/retail_images/raw/sandal/princess_polly_sandals_8f74cfd637ff.jpg,Sandal,1344,1820,RGB,afe10906b5491cc8af886fb79213a883629c78b4654d197da70ac43937407794,True,ok,not_used,0.0,False,True,raw_full_footwear,train
/Users/ashley/Desktop/python/CS156-Machine-Learning/final/data/retail_images/segmented/bag/anthropologie_bags_2511f21ef881_seg.jpg,/Users/ashley/Desktop/python/CS156-Machine-Learning/final/data/retail_images/raw/bag/anthropologie_bags_2511f21ef881.jpg,Bag,303,512,RGB,4ea1b492ebfbd4d16505ae5a94f2f4dd344ddf9d931550aa9ca38ca6806c409d,True,ok,segmented,0.3164518126085456,False,True,segmented_crop,train
/Users/ashley/Desktop/python/CS156-Machine-Learning/final/data/retail_images/segmented/coat/reformation_outerwear_81311607ba67_seg.jpg,/Users/ashley/Desktop/python/CS156-Machine-Learning/final/data/retail_images/raw/coat/reformation_outerwear_81311607ba67.jpg,Coat,263,488,RGB,57770d76c6e7f4e94d56b61d7558cc03cd6a49fd9d8fb572709904809f4af668,True,ok,segmented,0.1210333333333333,False,True,segmented_crop,train
/Users/ashley/Desktop/python/CS156-Machine-Learning/final/data/retail_images/segmented/t_shirt_top/brandy_melville_tops_page_4_0e459158782e_seg.jpg,/Users/ashley/Desktop/python/CS156-Machine-Learning/final/data/retail_images/raw/t_shirt_top/brandy_melville_tops_page_4_0e459158782e.jpg,T-shirt/top,219,243,RGB,5f37783cab68779623482e8f6b08b16ba0eff241942063cf5884a8f8b7525cdb,True,ok,segmented,0.1369753086419753,False,True,segmented_crop,train
/Users/ashley/Desktop/python/CS156-Machine-Learning/final/data/retail_images/segmented/shirt/free_people_blouses_e16726036f0b_seg.jpg,/Users/ashley/Desktop/python/CS156-Machine-Learning/final/data/retail_images/raw/shirt/free_people_blouses_e16726036f0b.webp,Shirt,193,258,RGB,dcb1f230ca6bb47423eedabdf82407444340ec55a652f6d3688bcb588965d9ba,True,ok,segmented,0.1445265631933905,False,True,segmented_crop,train
/Users/ashley/Desktop/python/CS156-Machine-Learning/final/data/retail_images/segmented/trouser/princess_polly_pants_5261a9002161_seg.jpg,/Users/ashley/Desktop/python/CS156-Machine-Learning/final/data/retail_images/raw/trouser/princess_polly_pants_5261a9002161.jpg,Trouser,687,1300,RGB,364e3f2e74939e3669b3a7049601470304213676e24f0ffda276ec57e7811e29,True,ok,segmented,0.2005721681195842,False,True,segmented_crop,train
data/retail_images/raw/ankle_boot/anthropologie_boot_shop_93e19bc5e42d.jpg,data/retail_images/raw/ankle_boot/anthropologie_boot_shop_93e19bc5e42d.jpg,Ankle boot,349,523,RGB,d29f339a97d24bce17070bae0f61fb1b5457dca8edd33a6bc666312fcd78ea82,True,ok,not_used,0.0,False,True,raw_full_footwear,train
data/retail_images/raw/sneaker/anthropologie_sneakers_3c2c80d679c6.jpg,data/retail_images/raw/sneaker/anthropologie_sneakers_3c2c80d679c6.jpg,Sneaker,349,523,RGB,252c995d7b7810fd667b0a902a38473943bca170ef49f1b042b86f37ce8de673,True,ok,not_used,0.0,False,True,raw_full_footwear,train
/Users/ashley/Desktop/python/CS156-Machine-Learning/final/data/retail_images/segmented/pullover/reformation_sweaters_1676b6210042_seg.jpg,/Users/ashley/Desktop/python/CS156-Machine-Learning/final/data/retail_images/raw/pullover/reformation_sweaters_1676b6210042.jpg,Pullover,379,392,RGB,d6277d2a9d7ed82bcdf5d8b84a5c27140a4793dd5c28afbe642a9a7841161c97,True,ok,segmented,0.1426395833333333,False,True,segmented_crop,train
/Users/ashley/Desktop/python/CS156-Machine-Learning/final/data/retail_images/segmented/trouser/princess_polly_pants_1265aa55f7e4_seg.jpg,/Users/ashley/Desktop/python/CS156-Machine-Learning/final/data/retail_images/raw/trouser/princess_polly_pants_1265aa55f7e4.jpg,Trouser,709,1151,RGB,627069a08d7cb8c7ad7c5dff0e2f011f996ad2640b41c5c5a6817819a40d9fd5,True,ok,segmented,0.1332707842752485,False,True,segmented_crop,train
/Users/ashley/Desktop/python/CS156-Machine-Learning/final/data/retail_images/segmented/shirt/princess_polly_shirts_blouses_0bbc19a6204b_seg.jpg,/Users/ashley/Desktop/python/CS156-Machine-Learning/final/data/retail_images/raw/shirt/princess_polly_shirts_blouses_0bbc19a6204b.jpg,Shirt,1097,1328,RGB,fce2ec0484942963cd6e50f4a23ca5639b9343b4c3dff30a56e3f284a4df0a5c,True,ok,segmented,0.1921189591078066,False,True,segmented_crop,train
/Users/ashley/Desktop/python/CS156-Machine-Learning/final/data/retail_images/segmented/pullover/anthropologie_sweaters_ecc450f2b752_seg.jpg,/Users/ashley/Desktop/python/CS156-Machine-Learning/final/data/retail_images/raw/pullover/anthropologie_sweaters_ecc450f2b752.jpg,Pullover,291,391,RGB,ff34d568772f8d7b65dbbfda8f7da1a2b817ffce938ce71334f92b2e880dd61c,True,ok,segmented,0.3512083143863647,False,True,segmented_crop,train
/Users/ashley/Desktop/python/CS156-Machine-Learning/final/data/retail_images/segmented/bag/anthropologie_bags_f9d7b7ad1855_seg.jpg,/Users/ashley/Desktop/python/CS156-Machine-Learning/final/data/retail_images/raw/bag/anthropologie_bags_f9d7b7ad1855.jpg,Bag,332,523,RGB,e06b8f4003292ed99f8213d5f999724c1e58184856acdf531157c62c39c1a4c8,True,ok,segmented,0.2797997008661732,False,True,segmented_crop,train
/Users/ashley/Desktop/python/CS156-Machine-Learning/final/data/retail_images/segmented/trouser/princess_polly_pants_57c8a7c6f121_seg.jpg,/Users/ashley/Desktop/python/CS156-Machine-Learning/final/data/retail_images/raw/trouser/princess_polly_pants_57c8a7c6f121.jpg,Trouser,368,576,RGB,9a3b4cb1392972aca6e41659982b45caec97039a4e0ce31ee8e04db1943716b4,True,ok,segmented,0.0447081171616487,False,True,segmented_crop,train
/Users/ashley/Desktop/python/CS156-Machine-Learning/final/data/retail_images/segmented/shirt/princess_polly_shirts_blouses_bc324f223132_seg.jpg,/Users/ashley/Desktop/python/CS156-Machine-Learning/final/data/retail_images/raw/shirt/princess_polly_shirts_blouses_bc324f223132.jpg,Shirt,1002,1440,RGB,9e8e78388e87626a39caf5ecdb219ba4932b762507e6fb6da8caaa63660ce7f1,True,ok,segmented,0.2275236296441653,False,True,segmented_crop,train
data/retail_images/raw/sneaker/anthropologie_sneakers_c73d9773852e.jpg,data/retail_images/raw/sneaker/anthropologie_sneakers_c73d9773852e.jpg,Sneaker,349,523,RGB,98df30c383dbf044a879f73e6fd31b6cb70cc459b85d5c2e58578f33f1dd7074,True,ok,not_used,0.0,False,True,raw_full_footwear,train
/Users/ashley/Desktop/python/CS156-Machine-Learning/final/data/retail_images/segmented/trouser/brandy_melville_pants_f0ca0a6c4474_seg.jpg,/Users/ashley/Desktop/python/CS156-Machine-Learning/final/data/retail_images/raw/trouser/brandy_melville_pants_f0ca0a6c4474.jpg,Trouser,187,465,RGB,d1f0c4e36649cdd6adccadd0e4c593f53f5dca5aba64a2af04d5b32710f07076,True,ok,segmented,0.2700154320987654,False,True,segmented_crop,train
/Users/ashley/Desktop/python/CS156-Machine-Learning/final/data/retail_images/segmented/dress/princess_polly_dresses_2b8437c2a06d_seg.jpg,/Users/ashley/Desktop/python/CS156-Machine-Learning/final/data/retail_images/raw/dress/princess_polly_dresses_2b8437c2a06d.jpg,Dress,592,1639,RGB,f55cf65d9d860b66539d5e399a43a7310d9ed399eeee7013e436f0d77c12af41,True,ok,segmented,0.1924139848246991,False,True,segmented_crop,train
/Users/ashley/Desktop/python/CS156-Machine-Learning/final/data/retail_images/segmented/dress/princess_polly_dresses_49073f7948af_seg.jpg,/Users/ashley/Desktop/python/CS156-Machine-Learning/final/data/retail_images/raw/dress/princess_polly_dresses_49073f7948af.jpg,Dress,511,922,RGB,a126586d7cd8a7312ce622bd2514772f7f919cdddb93b143498bc65eefc3f9b8,True,ok,segmented,0.0691437558723804,False,True,segmented_crop,train
/Users/ashley/Desktop/python/CS156-Machine-Learning/final/data/retail_images/segmented/dress/anthropologie_dresses_9d62e4ddc65b_seg.jpg,/Users/ashley/Desktop/python/CS156-Machine-Learning/final/data/retail_images/raw/dress/anthropologie_dresses_9d62e4ddc65b.jpg,Dress,315,247,RGB,eb6a2252d0cb922f262f45eecb80813e4a30b8ac3e82e041bf0101851e0d833d,True,ok,segmented,0.0633933609822108,False,True,segmented_crop,train
/Users/ashley/Desktop/python/CS156-Machine-Learning/final/data/retail_images/segmented/coat/reformation_outerwear_ab32524f3198_seg.jpg,/Users/ashley/Desktop/python/CS156-Machine-Learning/final/data/retail_images/raw/coat/reformation_outerwear_ab32524f3198.jpg,Coat,348,535,RGB,e33213fd948b2858456a20b995995c8465e0a34283b250260831a39c9da2b2b9,True,ok,segmented,0.1910666666666666,False,True,segmented_crop,train
/Users/ashley/Desktop/python/CS156-Machine-Learning/final/data/retail_images/segmented/pullover/anthropologie_sweaters_46f9136f8360_seg.jpg,/Users/ashley/Desktop/python/CS156-Machine-Learning/final/data/retail_images/raw/pullover/anthropologie_sweaters_46f9136f8360.jpg,Pullover,289,408,RGB,650a7cf51d1355e183be5dfb0cca32cf02763b3e3a386563e570d06fbab3d5ad,True,ok,segmented,0.2162310233554487,False,True,segmented_crop,train
/Users/ashley/Desktop/python/CS156-Machine-Learning/final/data/retail_images/segmented/dress/anthropologie_dresses_effe7202148e_seg.jpg,/Users/ashley/Desktop/python/CS156-Machine-Learning/final/data/retail_images/raw/dress/anthropologie_dresses_effe7202148e.jpg,Dress,202,408,RGB,2b3b44fd8252929cc2e0b47483854712bf28a6ffc79bf6822b9bab5a02dde113,True,ok,segmented,0.2096511748946731,False,True,segmented_crop,train
/Users/ashley/Desktop/python/CS156-Machine-Learning/final/data/retail_images/segmented/t_shirt_top/brandy_melville_tops_page_4_d6c2a2b13b97_seg.jpg,/Users/ashley/Desktop/python/CS156-Machine-Learning/final/data/retail_images/raw/t_shirt_top/brandy_melville_tops_page_4_d6c2a2b13b97.jpg,T-shirt/top,522,627,RGB,ee7e44b493bfd8c89fff9bd2c2e5ab0e59becf6bc8c1df3c8b998cf0ab6addc4,True,ok,segmented,0.3299296435272045,False,True,segmented_crop,train
data/retail_images/raw/ankle_boot/anthropologie_boot_shop_529dad9aad45.jpg,data/retail_images/raw/ankle_boot/anthropologie_boot_shop_529dad9aad45.jpg,Ankle boot,349,523,RGB,4acc3f94824cd7face0c8d29ae497a1b7c7e568532f3bd3672a35fb3e89ab5f7,True,ok,not_used,0.0,False,True,raw_full_footwear,train
data/retail_images/raw/ankle_boot/princess_polly_boots_eab73135a32a.jpg,data/retail_images/raw/ankle_boot/princess_polly_boots_eab73135a32a.jpg,Ankle boot,1344,1820,RGB,dacabfd1250db447a22278a5ceda9363f3058cf26f60c32bcd3ad57082997eb5,True,ok,not_used,0.0,False,True,raw_full_footwear,train
/Users/ashley/Desktop/python/CS156-Machine-Learning/final/data/retail_images/segmented/t_shirt_top/brandy_melville_tops_b9e51d9b9728_seg.jpg,/Users/ashley/Desktop/python/CS156-Machine-Learning/final/data/retail_images/raw/t_shirt_top/brandy_melville_tops_b9e51d9b9728.jpg,T-shirt/top,273,321,RGB,5c22106386e58167790ab98fa5d4c3f5cc2cd038d5cdb93df24823b71485dacb,True,ok,segmented,0.2387345679012345,False,True,segmented_crop,train
data/retail_images/raw/sneaker/urban_outfitters_sneakers_f63fbaa9518c.jpg,data/retail_images/raw/sneaker/urban_outfitters_sneakers_f63fbaa9518c.jpg,Sneaker,450,675,RGB,d6ba9fc257e0dcf2fca2f2011b276bb16eabf3c4a603f08aecdcdd0a16de1d91,True,ok,not_used,0.0,False,True,raw_full_footwear,train
/Users/ashley/Desktop/python/CS156-Machine-Learning/final/data/retail_images/segmented/coat/reformation_outerwear_19f3164cc5f6_seg.jpg,/Users/ashley/Desktop/python/CS156-Machine-Learning/final/data/retail_images/raw/coat/reformation_outerwear_19f3164cc5f6.jpg,Coat,600,541,RGB,7607fc60ca6c97cb8ddb023621dd15a2428364eecbe5d70a3e94f720841aa215,True,ok,segmented,0.4700354166666666,False,True,segmented_crop,train
data/retail_images/raw/sandal/princess_polly_sandals_1c9f67adc31d.jpg,data/retail_images/raw/sandal/princess_polly_sandals_1c9f67adc31d.jpg,Sandal,1344,1820,RGB,58a32369b1797860f2c560ad6a510b47f51519c2369b455eaa23f0047235ffed,True,ok,not_used,0.0,False,True,raw_full_footwear,train
data/retail_images/raw/sandal/princess_polly_sandals_c114aebce15c.jpg,data/retail_images/raw/sandal/princess_polly_sandals_c114aebce15c.jpg,Sandal,1344,1820,RGB,d954cddaaae167f7c0fbbd96565439d30d0a0483c13b88d3583f59c32061a2af,True,ok,not_used,0.0,False,True,raw_full_footwear,train
data/retail_images/raw/sandal/princess_polly_sandals_3246ea0af440.jpg,data/retail_images/raw/sandal/princess_polly_sandals_3246ea0af440.jpg,Sandal,1344,1820,RGB,fd9711f1ea266712389fe2c366c897dd60afa1c82218c97696c9028219c7474d,True,ok,not_used,0.0,False,True,raw_full_footwear,train
data/retail_images/raw/ankle_boot/princess_polly_boots_42c9294f77ac.jpg,data/retail_images/raw/ankle_boot/princess_polly_boots_42c9294f77ac.jpg,Ankle boot,1345,1820,RGB,677856e84fee88aac4059ded3329cab881111f44aea3cd036db98c526d61a067,True,ok,not_used,0.0,False,True,raw_full_footwear,train
/Users/ashley/Desktop/python/CS156-Machine-Learning/final/data/retail_images/segmented/pullover/anthropologie_sweaters_95a68d3a1e20_seg.jpg,/Users/ashley/Desktop/python/CS156-Machine-Learning/final/data/retail_images/raw/pullover/anthropologie_sweaters_95a68d3a1e20.jpg,Pullover,291,421,RGB,922ab9254fc367a2b6dd2090f6c95ddacf2b97e093a30772c929a207783eac84,True,ok,segmented,0.2816733962646622,False,True,segmented_crop,train
/Users/ashley/Desktop/python/CS156-Machine-Learning/final/data/retail_images/segmented/shirt/anthropologie_blouses_236050ed9915_seg.jpg,/Users/ashley/Desktop/python/CS156-Machine-Learning/final/data/retail_images/raw/shirt/anthropologie_blouses_236050ed9915.jpg,Shirt,260,314,RGB,146dc50241e564684f775e2968fabe60c3939d4035d73b11b6b42fb8effdd91a,True,ok,segmented,0.2371923057958548,False,True,segmented_crop,train
/Users/ashley/Desktop/python/CS156-Machine-Learning/final/data/retail_images/segmented/t_shirt_top/brandy_melville_tops_86dd0692787d_seg.jpg,/Users/ashley/Desktop/python/CS156-Machine-Learning/final/data/retail_images/raw/t_shirt_top/brandy_melville_tops_86dd0692787d.jpg,T-shirt/top,607,697,RGB,03ba56a8919da43c18b1e34c0c48970a2a46c4864876da77a1ce0b7949e321e0,True,ok,segmented,0.1435833333333333,False,True,segmented_crop,train
/Users/ashley/Desktop/python/CS156-Machine-Learning/final/data/retail_images/segmented/bag/princess_polly_bags_3e8b90af8cd1_seg.jpg,/Users/ashley/Desktop/python/CS156-Machine-Learning/final/data/retail_images/raw/bag/princess_polly_bags_3e8b90af8cd1.jpg,Bag,423,618,RGB,9e6743d8c1ccf0260c23067743352944924b75781194272b27fa918c0ebf5c5f,True,ok,segmented,0.0390163036368393,False,True,segmented_crop,train
/Users/ashley/Desktop/python/CS156-Machine-Learning/final/data/retail_images/segmented/dress/anthropologie_dresses_f34b47920890_seg.jpg,/Users/ashley/Desktop/python/CS156-Machine-Learning/final/data/retail_images/raw/dress/anthropologie_dresses_f34b47920890.jpg,Dress,187,462,RGB,df8b9320f40f720e60c05af4731f2e53b692c1456f2c3c663d1d36a3efd0e3e8,True,ok,segmented,0.2189210363398291,False,True,segmented_crop,train
data/retail_images/raw/ankle_boot/anthropologie_boot_shop_f997f1675cfc.jpg,data/retail_images/raw/ankle_boot/anthropologie_boot_shop_f997f1675cfc.jpg,Ankle boot,349,523,RGB,00df689eadbf287cbae438bcbcff18fe2041dbb606b4dd91a646c18d96489f21,True,ok,not_used,0.0,False,True,raw_full_footwear,train
/Users/ashley/Desktop/python/CS156-Machine-Learning/final/data/retail_images/segmented/dress/reformation_dresses_b5c8b68dfd39_seg.jpg,/Users/ashley/Desktop/python/CS156-Machine-Learning/final/data/retail_images/raw/dress/reformation_dresses_b5c8b68dfd39.jpg,Dress,170,439,RGB,196c531df383ceb04d0981bc56456f0022b2c8d0dada079e92d29b552124822d,True,ok,segmented,0.0553875,False,True,segmented_crop,train
/Users/ashley/Desktop/python/CS156-Machine-Learning/final/data/retail_images/segmented/trouser/princess_polly_pants_cce36b8b64a2_seg.jpg,/Users/ashley/Desktop/python/CS156-Machine-Learning/final/data/retail_images/raw/trouser/princess_polly_pants_cce36b8b64a2.jpg,Trouser,727,1252,RGB,b080264f0dde6820ea0eddeaf7f1b9cdd5440cd048b053729e2593ab2485bd09,True,ok,segmented,0.1485122966465176,False,True,segmented_crop,train
/Users/ashley/Desktop/python/CS156-Machine-Learning/final/data/retail_images/segmented/dress/princess_polly_dresses_04b694269dae_seg.jpg,/Users/ashley/Desktop/python/CS156-Machine-Learning/final/data/retail_images/raw/dress/princess_polly_dresses_04b694269dae.jpg,Dress,537,1523,RGB,6fad0829e0b4fe0e7553c24766e995ad69a47892fa244ae19172abf93c665028,True,ok,segmented,0.1009578591051805,False,True,segmented_crop,train
/Users/ashley/Desktop/python/CS156-Machine-Learning/final/data/retail_images/segmented/trouser/princess_polly_pants_7b6c98e7a4e8_seg.jpg,/Users/ashley/Desktop/python/CS156-Machine-Learning/final/data/retail_images/raw/trouser/princess_polly_pants_7b6c98e7a4e8.jpg,Trouser,618,1663,RGB,e1f2835e70be5b6b0d76347e78f740f32390e047b3bded80a76dc66c7938fff4,True,ok,segmented,0.2267182594191522,False,True,segmented_crop,train
/Users/ashley/Desktop/python/CS156-Machine-Learning/final/data/retail_images/segmented/t_shirt_top/reformation_tops_e226bdd57eeb_seg.jpg,/Users/ashley/Desktop/python/CS156-Machine-Learning/final/data/retail_images/raw/t_shirt_top/reformation_tops_e226bdd57eeb.jpg,T-shirt/top,392,478,RGB,6c7fff6a719b96c74a780e094318ea7b8129e38eecf91fac6b1001df193f9a57,True,ok,segmented,0.1864458333333333,False,True,segmented_crop,train
data/retail_images/raw/ankle_boot/princess_polly_boots_b0cd4cf4ad8e.jpg,data/retail_images/raw/ankle_boot/princess_polly_boots_b0cd4cf4ad8e.jpg,Ankle boot,1344,1820,RGB,9206f7062ff3e4c0489f79a52bfe62e7dbd099a6483fc93ebee278bdfa084d09,True,ok,not_used,0.0,False,True,raw_full_footwear,train
/Users/ashley/Desktop/python/CS156-Machine-Learning/final/data/retail_images/segmented/bag/anthropologie_bags_db59abe93497_seg.jpg,/Users/ashley/Desktop/python/CS156-Machine-Learning/final/data/retail_images/raw/bag/anthropologie_bags_db59abe93497.jpg,Bag,349,462,RGB,f997f82e4a7cb231a1753e68ada4c21c21f38545a2a71268e1641c0edcb0c193,True,ok,segmented,0.2919403704657393,False,True,segmented_crop,train
/Users/ashley/Desktop/python/CS156-Machine-Learning/final/data/retail_images/segmented/coat/reformation_outerwear_cbad5d782328_seg.jpg,/Users/ashley/Desktop/python/CS156-Machine-Learning/final/data/retail_images/raw/coat/reformation_outerwear_cbad5d782328.jpg,Coat,359,682,RGB,e8d648c6cfd02240c5b437564a5573f100776a9f99d324593448cdaa5e2113cc,True,ok,segmented,0.22264375,False,True,segmented_crop,train
/Users/ashley/Desktop/python/CS156-Machine-Learning/final/data/retail_images/segmented/dress/princess_polly_dresses_4ada95b194a7_seg.jpg,/Users/ashley/Desktop/python/CS156-Machine-Learning/final/data/retail_images/raw/dress/princess_polly_dresses_4ada95b194a7.jpg,Dress,1291,1403,RGB,7392992def05a591bca5e75a245d8b839a60830e2dcce4932193439811231eb1,True,ok,segmented,0.2290284863945578,False,True,segmented_crop,train
data/retail_images/raw/sneaker/anthropologie_sneakers_43bcebccb7ee.jpg,data/retail_images/raw/sneaker/anthropologie_sneakers_43bcebccb7ee.jpg,Sneaker,349,523,RGB,d7256c8db87bd7b697c7449a5ab59bbc8d0f86d3715ca720ea3b46c7318bd2d4,True,ok,not_used,0.0,False,True,raw_full_footwear,train
/Users/ashley/Desktop/python/CS156-Machine-Learning/final/data/retail_images/segmented/coat/reformation_outerwear_85f357ee99b8_seg.jpg,/Users/ashley/Desktop/python/CS156-Machine-Learning/final/data/retail_images/raw/coat/reformation_outerwear_85f357ee99b8.jpg,Coat,193,363,RGB,d4a4d5115fa53826d31c2ea893739d8b3d83ccddf188b276764290b62e062fe7,True,ok,segmented,0.0805395833333333,False,True,segmented_crop,train
/Users/ashley/Desktop/python/CS156-Machine-Learning/final/data/retail_images/segmented/shirt/princess_polly_shirts_blouses_42af4c135dc4_seg.jpg,/Users/ashley/Desktop/python/CS156-Machine-Learning/final/data/retail_images/raw/shirt/princess_polly_shirts_blouses_42af4c135dc4.jpg,Shirt,992,1293,RGB,b929574fa8cf575d46d69950a3ca1e05effae024817b122e4aeb7af3d6c0814b,True,ok,segmented,0.2430945046330604,False,True,segmented_crop,train
data/retail_images/raw/ankle_boot/princess_polly_boots_70339ca2446e.jpg,data/retail_images/raw/ankle_boot/princess_polly_boots_70339ca2446e.jpg,Ankle boot,1344,1820,RGB,02e4e4d71d710de57e02d7b9ae17a6d43e3174154f403b732167ce436ec9022e,True,ok,not_used,0.0,False,True,raw_full_footwear,train
/Users/ashley/Desktop/python/CS156-Machine-Learning/final/data/retail_images/segmented/bag/anthropologie_bags_48e79b72cd95_seg.jpg,/Users/ashley/Desktop/python/CS156-Machine-Learning/final/data/retail_images/raw/bag/anthropologie_bags_48e79b72cd95.jpg,Bag,293,372,RGB,3081ff269ed1ac746f5b6de7e02f9d3b011bef693031f0b89b64e4cdef8c643a,True,ok,segmented,0.1160321486684161,False,True,segmented_crop,train
/Users/ashley/Desktop/python/CS156-Machine-Learning/final/data/retail_images/segmented/coat/reformation_jackets_and_coats_f8c4429dc9f3_seg.jpg,/Users/ashley/Desktop/python/CS156-Machine-Learning/final/data/retail_images/raw/coat/reformation_jackets_and_coats_f8c4429dc9f3.jpg,Coat,266,552,RGB,2b41510cf036badbe5196e5a36bea294cf9af0e0429bad755af047925b6475ef,True,ok,segmented,0.1188541666666666,False,True,segmented_crop,train
/Users/ashley/Desktop/python/CS156-Machine-Learning/final/data/retail_images/segmented/trouser/princess_polly_pants_3a262db23aaa_seg.jpg,/Users/ashley/Desktop/python/CS156-Machine-Learning/final/data/retail_images/raw/trouser/princess_polly_pants_3a262db23aaa.jpg,Trouser,562,1316,RGB,22dfe92f611360cfe7ff14115bae4bad47fac62d75a579b2c62b0233aebd2fe0,True,ok,segmented,0.1695069296864952,False,True,segmented_crop,train
data/retail_images/raw/ankle_boot/anthropologie_boot_shop_75d57b16cfba.jpg,data/retail_images/raw/ankle_boot/anthropologie_boot_shop_75d57b16cfba.jpg,Ankle boot,349,523,RGB,00c3ece898a2eb212916e08b727f560b188d5ab01a347f68b64ecc775bcdb1d7,True,ok,not_used,0.0,False,True,raw_full_footwear,train
/Users/ashley/Desktop/python/CS156-Machine-Learning/final/data/retail_images/segmented/bag/anthropologie_bags_ef906f307221_seg.jpg,/Users/ashley/Desktop/python/CS156-Machine-Learning/final/data/retail_images/raw/bag/anthropologie_bags_ef906f307221.jpg,Bag,343,319,RGB,ea5b11e214e76dc177158a36ab9c3538e955750cdad092f3d7a8f2894f93df09,True,ok,segmented,0.1390040925452124,False,True,segmented_crop,train
/Users/ashley/Desktop/python/CS156-Machine-Learning/final/data/retail_images/segmented/coat/reformation_jackets_and_coats_d2dd2be1fe14_seg.jpg,/Users/ashley/Desktop/python/CS156-Machine-Learning/final/data/retail_images/raw/coat/reformation_jackets_and_coats_d2dd2be1fe14.jpg,Coat,214,309,RGB,a4bc177793bd17cd7b22d743ba59442070861893eef52b3113b357b1b2961127,True,ok,segmented,0.0531520833333333,False,True,segmented_crop,train
/Users/ashley/Desktop/python/CS156-Machine-Learning/final/data/retail_images/segmented/bag/anthropologie_bags_7aa9c756d8cf_seg.jpg,/Users/ashley/Desktop/python/CS156-Machine-Learning/final/data/retail_images/raw/bag/anthropologie_bags_7aa9c756d8cf.jpg,Bag,314,219,RGB,442609b6eb01dab776a9a77a07e48837d264e7e96fd91cbf321570ef0af5ed3b,True,ok,segmented,0.1828551392396741,False,True,segmented_crop,train
/Users/ashley/Desktop/python/CS156-Machine-Learning/final/data/retail_images/segmented/coat/reformation_jackets_and_coats_affdaefd465e_seg.jpg,/Users/ashley/Desktop/python/CS156-Machine-Learning/final/data/retail_images/raw/coat/reformation_jackets_and_coats_affdaefd465e.jpg,Coat,571,541,RGB,a1dc855c76ccfd6f142bd6d6aba05bf1e4b1a7e4f66a5909653d0b53ef83080d,True,ok,segmented,0.4517583333333333,False,True,segmented_crop,train
/Users/ashley/Desktop/python/CS156-Machine-Learning/final/data/retail_images/segmented/shirt/free_people_blouses_90ec509b5800_seg.jpg,/Users/ashley/Desktop/python/CS156-Machine-Learning/final/data/retail_images/raw/shirt/free_people_blouses_90ec509b5800.webp,Shirt,197,226,RGB,9d5cca83f9a754db0c3039fe1c7803ee51cd936737e18bacd1d234790d5e9c9c,True,ok,segmented,0.0298668142247448,False,True,segmented_crop,train
/Users/ashley/Desktop/python/CS156-Machine-Learning/final/data/retail_images/segmented/dress/princess_polly_dresses_9ee7524bb046_seg.jpg,/Users/ashley/Desktop/python/CS156-Machine-Learning/final/data/retail_images/raw/dress/princess_polly_dresses_9ee7524bb046.jpg,Dress,614,189,RGB,6adb2d7c5cb74e3274eb77d2ede2624782370919e5d6042bbdb33221f8f8690e,True,ok,segmented,0.0545443558133913,False,True,segmented_crop,train
/Users/ashley/Desktop/python/CS156-Machine-Learning/final/data/retail_images/segmented/trouser/princess_polly_pants_5bd1bbb56ac1_seg.jpg,/Users/ashley/Desktop/python/CS156-Machine-Learning/final/data/retail_images/raw/trouser/princess_polly_pants_5bd1bbb56ac1.jpg,Trouser,552,1285,RGB,8bf50ef6555dcaf09732882418267bd38132955fec500ea24e1fc5d547ac4a2f,True,ok,segmented,0.1582720107273678,False,True,segmented_crop,train
/Users/ashley/Desktop/python/CS156-Machine-Learning/final/data/retail_images/segmented/pullover/reformation_sweaters_6efc14599891_seg.jpg,/Users/ashley/Desktop/python/CS156-Machine-Learning/final/data/retail_images/raw/pullover/reformation_sweaters_6efc14599891.jpg,Pullover,580,647,RGB,8d600e05ff75236ebdffbe0d93d37097db4bade29c264ae3b92008c53077b06e,True,ok,segmented,0.4775041666666667,False,True,segmented_crop,train
/Users/ashley/Desktop/python/CS156-Machine-Learning/final/data/retail_images/segmented/t_shirt_top/brandy_melville_tops_8c928f9330de_seg.jpg,/Users/ashley/Desktop/python/CS156-Machine-Learning/final/data/retail_images/raw/t_shirt_top/brandy_melville_tops_8c928f9330de.jpg,T-shirt/top,180,237,RGB,b924e876e09868991cabdae5d1139f6e0c7a5f734f8c518516547107a5fb7980,True,ok,segmented,0.1117798353909465,False,True,segmented_crop,train
data/retail_images/raw/sandal/urban_outfitters_sandals_e2c58e379357.jpg,data/retail_images/raw/sandal/urban_outfitters_sandals_e2c58e379357.jpg,Sandal,450,675,RGB,47f0b6b8e3d21898950ab9612c698846b7f97a8f528fc65fe7ac50063958c46e,True,ok,not_used,0.0,False,True,raw_full_footwear,train
/Users/ashley/Desktop/python/CS156-Machine-Learning/final/data/retail_images/segmented/t_shirt_top/brandy_melville_tops_e39f833af212_seg.jpg,/Users/ashley/Desktop/python/CS156-Machine-Learning/final/data/retail_images/raw/t_shirt_top/brandy_melville_tops_e39f833af212.jpg,T-shirt/top,231,284,RGB,52aecaf91a8f54c4ac5edba13cf9b390ab253a1cf1d5fff3e08880f6a1516687,True,ok,segmented,0.1546862139917695,False,True,segmented_crop,train
/Users/ashley/Desktop/python/CS156-Machine-Learning/final/data/retail_images/segmented/shirt/urban_outfitters_shirts_blouses_48f5085dc1f4_seg.jpg,/Users/ashley/Desktop/python/CS156-Machine-Learning/final/data/retail_images/raw/shirt/urban_outfitters_shirts_blouses_48f5085dc1f4.jpg,Shirt,345,395,RGB,5ba58ace703c5ec51efe9fc7f51adedaaa8c47474cf5c64383c829e1a3a50468,True,ok,segmented,0.3330356604776279,False,True,segmented_crop,train
/Users/ashley/Desktop/python/CS156-Machine-Learning/final/data/retail_images/segmented/bag/princess_polly_bags_27010bdc1e3c_seg.jpg,/Users/ashley/Desktop/python/CS156-Machine-Learning/final/data/retail_images/raw/bag/princess_polly_bags_27010bdc1e3c.jpg,Bag,642,915,RGB,7c3ba4b09b89bc4fb3f3123e3d1ea40f5a22885abc63dddcb7c249560d16b250,True,ok,segmented,0.1021826759549973,False,True,segmented_crop,train
data/retail_images/raw/sandal/anthropologie_sandals_6160a08db2e2.jpg,data/retail_images/raw/sandal/anthropologie_sandals_6160a08db2e2.jpg,Sandal,349,523,RGB,fcd39e8425e317ebe4213e3bbb2f9136b25aa2764d8f838755c1d37ffb11c594,True,ok,not_used,0.0,False,True,raw_full_footwear,train
data/retail_images/raw/sandal/anthropologie_sandals_6fc670011928.jpg,data/retail_images/raw/sandal/anthropologie_sandals_6fc670011928.jpg,Sandal,349,523,RGB,b04893c123531f0de5d49cf30eeecdfaf18465b8d5b3b19a288925f9db501fa2,True,ok,not_used,0.0,False,True,raw_full_footwear,train
/Users/ashley/Desktop/python/CS156-Machine-Learning/final/data/retail_images/segmented/bag/anthropologie_bags_e98d794d0fc6_seg.jpg,/Users/ashley/Desktop/python/CS156-Machine-Learning/final/data/retail_images/raw/bag/anthropologie_bags_e98d794d0fc6.webp,Bag,316,515,RGB,4d8d2ed42c09a5378c9a7b0368208c3dfacfe06d93d43528ead3b5b850430052,True,ok,segmented,0.0864310485571997,False,True,segmented_crop,train
/Users/ashley/Desktop/python/CS156-Machine-Learning/final/data/retail_images/segmented/bag/anthropologie_bags_259d6db29d89_seg.jpg,/Users/ashley/Desktop/python/CS156-Machine-Learning/final/data/retail_images/raw/bag/anthropologie_bags_259d6db29d89.jpg,Bag,330,463,RGB,8814186b0ee4aaf8916eee4349d63695e80b8002d97b6a6e016d9ed8255484d9,True,ok,segmented,0.0383121401217354,False,True,segmented_crop,train
/Users/ashley/Desktop/python/CS156-Machine-Learning/final/data/retail_images/segmented/shirt/anthropologie_blouses_659307e7bad8_seg.jpg,/Users/ashley/Desktop/python/CS156-Machine-Learning/final/data/retail_images/raw/shirt/anthropologie_blouses_659307e7bad8.jpg,Shirt,349,359,RGB,7d3892b2d26fe815b516031ac7586d3644aa29ca5fe1d6a03f8b979df62e187e,True,ok,segmented,0.3500358851019301,False,True,segmented_crop,train
/Users/ashley/Desktop/python/CS156-Machine-Learning/final/data/retail_images/segmented/shirt/princess_polly_shirts_blouses_d353c2006c3b_seg.jpg,/Users/ashley/Desktop/python/CS156-Machine-Learning/final/data/retail_images/raw/shirt/princess_polly_shirts_blouses_d353c2006c3b.jpg,Shirt,1344,1820,RGB,5a738f57dc03d3c3755d6472aabeb62828638864575b8d9a1e46f65313169693,True,ok,segmented,0.5379235347985348,False,True,segmented_crop,train
/Users/ashley/Desktop/python/CS156-Machine-Learning/final/data/retail_images/segmented/shirt/anthropologie_blouses_ff15edc7f0db_seg.jpg,/Users/ashley/Desktop/python/CS156-Machine-Learning/final/data/retail_images/raw/shirt/anthropologie_blouses_ff15edc7f0db.jpg,Shirt,340,351,RGB,1ecf30c31e646f5eaa5ddb3b4a8a997132a553e8d005d7e6dcc1208b844016ce,True,ok,segmented,0.3394675856174703,False,True,segmented_crop,train
data/retail_images/raw/sneaker/anthropologie_sneakers_eb70710cb511.webp,data/retail_images/raw/sneaker/anthropologie_sneakers_eb70710cb511.webp,Sneaker,349,523,RGB,adbd65d9f7cf15fd017b1f412298f8a92169920e09697c6fa8993a2b747923f5,True,ok,not_used,0.0,False,True,raw_full_footwear,train
/Users/ashley/Desktop/python/CS156-Machine-Learning/final/data/retail_images/segmented/shirt/anthropologie_blouses_c73eabb50648_seg.jpg,/Users/ashley/Desktop/python/CS156-Machine-Learning/final/data/retail_images/raw/shirt/anthropologie_blouses_c73eabb50648.jpg,Shirt,339,389,RGB,41bcae2550dec8db7110bdebcdc783fea5039e16a36e5bbd06320efeb04395d5,True,ok,segmented,0.3146602968327973,False,True,segmented_crop,train
/Users/ashley/Desktop/python/CS156-Machine-Learning/final/data/retail_images/segmented/trouser/princess_polly_pants_127c40606224_seg.jpg,/Users/ashley/Desktop/python/CS156-Machine-Learning/final/data/retail_images/raw/trouser/princess_polly_pants_127c40606224.jpg,Trouser,655,1747,RGB,4e1128397147975ca5bc82b771088f75f67f3e9ac0a0b21199aed8410d80639b,True,ok,segmented,0.27357655114127,False,True,segmented_crop,train
/Users/ashley/Desktop/python/CS156-Machine-Learning/final/data/retail_images/segmented/t_shirt_top/brandy_melville_tops_c7280abc2001_seg.jpg,/Users/ashley/Desktop/python/CS156-Machine-Learning/final/data/retail_images/raw/t_shirt_top/brandy_melville_tops_c7280abc2001.jpg,T-shirt/top,220,302,RGB,02fb85a2358feeb892c13ab850c0dc1409549f0f4692e4e845915967985309a4,True,ok,segmented,0.0843597560975609,False,True,segmented_crop,train
/Users/ashley/Desktop/python/CS156-Machine-Learning/final/data/retail_images/segmented/dress/reformation_dresses_1754474d9677_seg.jpg,/Users/ashley/Desktop/python/CS156-Machine-Learning/final/data/retail_images/raw/dress/reformation_dresses_1754474d9677.jpg,Dress,200,667,RGB,331c19fe231441b765c977f4ac37c72c7d32e38797afd887547fc1ecd044adc3,True,ok,segmented,0.1299729166666666,False,True,segmented_crop,train
/Users/ashley/Desktop/python/CS156-Machine-Learning/final/data/retail_images/segmented/dress/anthropologie_dresses_d586b0c1bd86_seg.jpg,/Users/ashley/Desktop/python/CS156-Machine-Learning/final/data/retail_images/raw/dress/anthropologie_dresses_d586b0c1bd86.jpg,Dress,205,431,RGB,f267a7914883250c31eb581e984a0d698f2a45b069802f0ca941d1038f5a4262,True,ok,segmented,0.2044409868129098,False,True,segmented_crop,train
data/retail_images/raw/ankle_boot/anthropologie_boot_shop_9802b1e783f4.jpg,data/retail_images/raw/ankle_boot/anthropologie_boot_shop_9802b1e783f4.jpg,Ankle boot,349,523,RGB,9e62a258551c24dfe1ff88f8b90162b4e15fbe37b0b4d1ba85697921c7fc0ebc,True,ok,not_used,0.0,False,True,raw_full_footwear,train
/Users/ashley/Desktop/python/CS156-Machine-Learning/final/data/retail_images/segmented/shirt/anthropologie_blouses_2a1b9ffbc5d1_seg.jpg,/Users/ashley/Desktop/python/CS156-Machine-Learning/final/data/retail_images/raw/shirt/anthropologie_blouses_2a1b9ffbc5d1.jpg,Shirt,293,300,RGB,43cb4d9574400d7842bedca1c0d3e07256112e02382c3793f5c6ef117beefa79,True,ok,segmented,0.2155681077320067,False,True,segmented_crop,train
/Users/ashley/Desktop/python/CS156-Machine-Learning/final/data/retail_images/segmented/dress/reformation_dresses_9107af58ed68_seg.jpg,/Users/ashley/Desktop/python/CS156-Machine-Learning/final/data/retail_images/raw/dress/reformation_dresses_9107af58ed68.jpg,Dress,455,565,RGB,2072715482cdc2caad9d0356663b900f2c6b000ca7aae3e1a3d54e4ed0452f5f,True,ok,segmented,0.2432375,False,True,segmented_crop,train
/Users/ashley/Desktop/python/CS156-Machine-Learning/final/data/retail_images/segmented/pullover/princess_polly_sweaters_0cde4374ddf8_seg.jpg,/Users/ashley/Desktop/python/CS156-Machine-Learning/final/data/retail_images/raw/pullover/princess_polly_sweaters_0cde4374ddf8.jpg,Pullover,1199,986,RGB,249fdf48e75c56e056875bbb3fc8541ca52c6c113eb710dbed9b397ae791d581,True,ok,segmented,0.1791956268488704,False,True,segmented_crop,train
/Users/ashley/Desktop/python/CS156-Machine-Learning/final/data/retail_images/segmented/dress/anthropologie_dresses_a51ba1949f79_seg.jpg,/Users/ashley/Desktop/python/CS156-Machine-Learning/final/data/retail_images/raw/dress/anthropologie_dresses_a51ba1949f79.jpg,Dress,204,368,RGB,c0f276efe62ef39f200ae3af1103a273d2913a6b5b8a8c55c9a66839f08a1dae,True,ok,segmented,0.126381302492234,False,True,segmented_crop,train
/Users/ashley/Desktop/python/CS156-Machine-Learning/final/data/retail_images/segmented/shirt/free_people_blouses_315df6388197_seg.jpg,/Users/ashley/Desktop/python/CS156-Machine-Learning/final/data/retail_images/raw/shirt/free_people_blouses_315df6388197.jpg,Shirt,306,300,RGB,e8e8e0cbbe2f46a8d4953371299671dee6bf252bf3e00a8dffed37351e556ae5,True,ok,segmented,0.2682178527012442,False,True,segmented_crop,train
/Users/ashley/Desktop/python/CS156-Machine-Learning/final/data/retail_images/segmented/t_shirt_top/reformation_tops_c9a78bb32e1e_seg.jpg,/Users/ashley/Desktop/python/CS156-Machine-Learning/final/data/retail_images/raw/t_shirt_top/reformation_tops_c9a78bb32e1e.jpg,T-shirt/top,266,381,RGB,236f26130aa167c3f8cd1a72c58defc6c8266820751dee04f27aec8765d7927b,True,ok,segmented,0.1141583333333333,False,True,segmented_crop,train
/Users/ashley/Desktop/python/CS156-Machine-Learning/final/data/retail_images/segmented/trouser/princess_polly_pants_53f8947b6a62_seg.jpg,/Users/ashley/Desktop/python/CS156-Machine-Learning/final/data/retail_images/raw/trouser/princess_polly_pants_53f8947b6a62.jpg,Trouser,636,1282,RGB,773f1c91bf51c2d5ffb59acbbff932baa1118be4bd5df33420580915bf2b84ef,True,ok,segmented,0.1442166871831932,False,True,segmented_crop,train
/Users/ashley/Desktop/python/CS156-Machine-Learning/final/data/retail_images/segmented/t_shirt_top/reformation_tops_8695ca575f53_seg.jpg,/Users/ashley/Desktop/python/CS156-Machine-Learning/final/data/retail_images/raw/t_shirt_top/reformation_tops_8695ca575f53.jpg,T-shirt/top,235,275,RGB,519f64c3dc20eef5dbdd3e33f3b206189440f4d8c4b276a09f3c9da82fcb4083,True,ok,segmented,0.0764,False,True,segmented_crop,train
/Users/ashley/Desktop/python/CS156-Machine-Learning/final/data/retail_images/segmented/coat/reformation_jackets_and_coats_4612324284a6_seg.jpg,/Users/ashley/Desktop/python/CS156-Machine-Learning/final/data/retail_images/raw/coat/reformation_jackets_and_coats_4612324284a6.jpg,Coat,357,699,RGB,9cf7e75a161ae3d7e07daa0d7dbb3f1d236c76f748c5f21746dfa3b1d37e7d40,True,ok,segmented,0.268875,False,True,segmented_crop,train
data/retail_images/raw/sandal/urban_outfitters_sandals_26084908c8fb.jpg,data/retail_images/raw/sandal/urban_outfitters_sandals_26084908c8fb.jpg,Sandal,450,675,RGB,da9b8b729796b36c70140b7c5aa1e9d3812a78f2225e045256d97c467213aff1,True,ok,not_used,0.0,False,True,raw_full_footwear,train
data/retail_images/raw/sandal/princess_polly_sandals_5031cb19ecc1.jpg,data/retail_images/raw/sandal/princess_polly_sandals_5031cb19ecc1.jpg,Sandal,1344,1820,RGB,d2674e8e616c62e56717defceb5abe239b4fd48f32aea110141eb102295626a4,True,ok,not_used,0.0,False,True,raw_full_footwear,train
/Users/ashley/Desktop/python/CS156-Machine-Learning/final/data/retail_images/segmented/bag/princess_polly_bags_3f8a4736057b_seg.jpg,/Users/ashley/Desktop/python/CS156-Machine-Learning/final/data/retail_images/raw/bag/princess_polly_bags_3f8a4736057b.jpg,Bag,900,1221,RGB,4037a2c72911609507ca6f4c31a72cb7fce78482af995e03f0cf6a0d08b3d433,True,ok,segmented,0.1517166241496598,False,True,segmented_crop,train
/Users/ashley/Desktop/python/CS156-Machine-Learning/final/data/retail_images/segmented/coat/reformation_jackets_and_coats_2aae12ce5928_seg.jpg,/Users/ashley/Desktop/python/CS156-Machine-Learning/final/data/retail_images/raw/coat/reformation_jackets_and_coats_2aae12ce5928.jpg,Coat,322,560,RGB,5dc3a819588eb844ea58db5ca6bc2d7828f5524369cf95bd9623acb06e0876c7,True,ok,segmented,0.1802645833333333,False,True,segmented_crop,train
/Users/ashley/Desktop/python/CS156-Machine-Learning/final/data/retail_images/segmented/dress/anthropologie_dresses_906abde74b35_seg.jpg,/Users/ashley/Desktop/python/CS156-Machine-Learning/final/data/retail_images/raw/dress/anthropologie_dresses_906abde74b35.jpg,Dress,172,475,RGB,ff2694e214fe480421c1d99ff6042e7ea3843eb11cbdd6f217f91f8bcb9776c1,True,ok,segmented,0.2360308337944523,False,True,segmented_crop,train
/Users/ashley/Desktop/python/CS156-Machine-Learning/final/data/retail_images/segmented/pullover/reformation_sweaters_a054ab37b873_seg.jpg,/Users/ashley/Desktop/python/CS156-Machine-Learning/final/data/retail_images/raw/pullover/reformation_sweaters_a054ab37b873.jpg,Pullover,367,482,RGB,f0599d41c02164a300fdac09fb7b37f6284becf04e36fb4a2c4dfa4fffb7cbbb,True,ok,segmented,0.2059145833333333,False,True,segmented_crop,train
/Users/ashley/Desktop/python/CS156-Machine-Learning/final/data/retail_images/segmented/bag/anthropologie_bags_86d44e097d52_seg.jpg,/Users/ashley/Desktop/python/CS156-Machine-Learning/final/data/retail_images/raw/bag/anthropologie_bags_86d44e097d52.jpg,Bag,306,514,RGB,a641f82b529bdabdc576a265dbda7ab196d94547551e3f6681b01d02906b0005,True,ok,segmented,0.2272540500857407,False,True,segmented_crop,train
data/retail_images/raw/sandal/anthropologie_sandals_283f029376d2.jpg,data/retail_images/raw/sandal/anthropologie_sandals_283f029376d2.jpg,Sandal,349,523,RGB,833574397c81843d973c15632510410b1595100f2fa90eeea6e2b840b13a299a,True,ok,not_used,0.0,False,True,raw_full_footwear,train
/Users/ashley/Desktop/python/CS156-Machine-Learning/final/data/retail_images/segmented/trouser/princess_polly_pants_3ac44f5b9dc8_seg.jpg,/Users/ashley/Desktop/python/CS156-Machine-Learning/final/data/retail_images/raw/trouser/princess_polly_pants_3ac44f5b9dc8.jpg,Trouser,419,831,RGB,7a0b9b1a1c5352434f8944aa8ee3d9b98ab38d5e8557840e5e5aadfff1dad598,True,ok,segmented,0.0792721415489272,False,True,segmented_crop,train
/Users/ashley/Desktop/python/CS156-Machine-Learning/final/data/retail_images/segmented/dress/princess_polly_dresses_c980e89bde47_seg.jpg,/Users/ashley/Desktop/python/CS156-Machine-Learning/final/data/retail_images/raw/dress/princess_polly_dresses_c980e89bde47.jpg,Dress,481,1446,RGB,4746e4b91bbb8678c2507d01aaf41a2ec1cc03ee8cd7e9cdd19be13919e80d81,True,ok,segmented,0.1458337421507064,False,True,segmented_crop,train
data/retail_images/raw/sneaker/urban_outfitters_sneakers_200e18efe163.jpg,data/retail_images/raw/sneaker/urban_outfitters_sneakers_200e18efe163.jpg,Sneaker,450,675,RGB,55e24340e2878a8395bd3eee982e1e914f4a6c67d1003dcc0accffe7f3921de5,True,ok,not_used,0.0,False,True,raw_full_footwear,train
/Users/ashley/Desktop/python/CS156-Machine-Learning/final/data/retail_images/segmented/shirt/free_people_blouses_fe649ec89850_seg.jpg,/Users/ashley/Desktop/python/CS156-Machine-Learning/final/data/retail_images/raw/shirt/free_people_blouses_fe649ec89850.jpg,Shirt,193,258,RGB,5f737b6a718649e7e878dfdcc86857410eeb49cf85235c9b41fd2468f750b4bd,True,ok,segmented,0.147112481988966,False,True,segmented_crop,train
/Users/ashley/Desktop/python/CS156-Machine-Learning/final/data/retail_images/segmented/coat/princess_polly_jackets_795f00684060_seg.jpg,/Users/ashley/Desktop/python/CS156-Machine-Learning/final/data/retail_images/raw/coat/princess_polly_jackets_795f00684060.jpg,Coat,1188,1520,RGB,15549a33117c7e1ac904d0d4903922f3663e876c0dc7d8f75c6f841f2a6fa3fb,True,ok,segmented,0.3900322148090005,False,True,segmented_crop,train
/Users/ashley/Desktop/python/CS156-Machine-Learning/final/data/retail_images/segmented/dress/princess_polly_dresses_71e11be3e3e1_seg.jpg,/Users/ashley/Desktop/python/CS156-Machine-Learning/final/data/retail_images/raw/dress/princess_polly_dresses_71e11be3e3e1.jpg,Dress,963,1375,RGB,103e7f0bc143fde189d6c5482f6b479ecc9a704e056a31ba9c8618f14ea81d9f,True,ok,segmented,0.2334608843537415,False,True,segmented_crop,train
/Users/ashley/Desktop/python/CS156-Machine-Learning/final/data/retail_images/segmented/bag/anthropologie_bags_9c4f71fec919_seg.jpg,/Users/ashley/Desktop/python/CS156-Machine-Learning/final/data/retail_images/raw/bag/anthropologie_bags_9c4f71fec919.jpg,Bag,337,344,RGB,8936cd01dd0e920dc4f4bca1e394f66711e674a4c6d0934ba72708b0e2897737,True,ok,segmented,0.1021931001988746,False,True,segmented_crop,train
/Users/ashley/Desktop/python/CS156-Machine-Learning/final/data/retail_images/segmented/t_shirt_top/brandy_melville_tops_page_4_1926bcf698ef_seg.jpg,/Users/ashley/Desktop/python/CS156-Machine-Learning/final/data/retail_images/raw/t_shirt_top/brandy_melville_tops_page_4_1926bcf698ef.jpg,T-shirt/top,243,301,RGB,7fcaa6d45c39041e890846d1c68944e6d03ec43e980c30e00f1430b6c9b6c9d0,True,ok,segmented,0.1897736625514403,False,True,segmented_crop,train
/Users/ashley/Desktop/python/CS156-Machine-Learning/final/data/retail_images/segmented/trouser/princess_polly_pants_c12deb0a8160_seg.jpg,/Users/ashley/Desktop/python/CS156-Machine-Learning/final/data/retail_images/raw/trouser/princess_polly_pants_c12deb0a8160.jpg,Trouser,506,738,RGB,b7d7c508c5b8e424eb404510b83f3f8acff4ea9c16d1b7a54985b8ae3a89c560,True,ok,segmented,0.063268924384166,False,True,segmented_crop,train
/Users/ashley/Desktop/python/CS156-Machine-Learning/final/data/retail_images/segmented/coat/princess_polly_jackets_2189cc5d8ba8_seg.jpg,/Users/ashley/Desktop/python/CS156-Machine-Learning/final/data/retail_images/raw/coat/princess_polly_jackets_2189cc5d8ba8.jpg,Coat,1310,1151,RGB,1a16d86c62d6cbe5b092e4c9f33c181f341d67889d19ca50a45dfd3052ef7485,True,ok,segmented,0.3001094815964704,False,True,segmented_crop,train
data/retail_images/raw/sneaker/princess_polly_sneakers_409521b83086.jpg,data/retail_images/raw/sneaker/princess_polly_sneakers_409521b83086.jpg,Sneaker,1344,1820,RGB,f9488a1c008b602ae5054e3f49f79bbe9bf82b07e2dfc37e1b7be83b65efb5e2,True,ok,not_used,0.0,False,True,raw_full_footwear,train
/Users/ashley/Desktop/python/CS156-Machine-Learning/final/data/retail_images/segmented/shirt/anthropologie_blouses_07347aded28d_seg.jpg,/Users/ashley/Desktop/python/CS156-Machine-Learning/final/data/retail_images/raw/shirt/anthropologie_blouses_07347aded28d.jpg,Shirt,299,425,RGB,1a43f11381423143486a25a5d0387c63e008226044f0dbe21a9b7b49b0b4da8a,True,ok,segmented,0.2900392818596701,False,True,segmented_crop,train
data/retail_images/raw/ankle_boot/princess_polly_boots_b0c96e594a85.jpg,data/retail_images/raw/ankle_boot/princess_polly_boots_b0c96e594a85.jpg,Ankle boot,1344,1820,RGB,cd13ddc2e897e154c1a3560de796a1f2e1c19965004204ff7ad0ff4c66e194eb,True,ok,not_used,0.0,False,True,raw_full_footwear,train
data/retail_images/raw/ankle_boot/princess_polly_boots_d9ea6e4e3d48.jpg,data/retail_images/raw/ankle_boot/princess_polly_boots_d9ea6e4e3d48.jpg,Ankle boot,1344,1820,RGB,7a42fbea8ad29259879a48b2c5d77bfd4fcc59cd0ea4bc95cd5d7edd04c45862,True,ok,not_used,0.0,False,True,raw_full_footwear,train
/Users/ashley/Desktop/python/CS156-Machine-Learning/final/data/retail_images/segmented/coat/reformation_jackets_and_coats_faa1f808be69_seg.jpg,/Users/ashley/Desktop/python/CS156-Machine-Learning/final/data/retail_images/raw/coat/reformation_jackets_and_coats_faa1f808be69.jpg,Coat,416,589,RGB,a72acfa2cc45ea5892af0ea8bfaa689f03e0de08a9f22db669f83dbf94b754a5,True,ok,segmented,0.2164020833333333,False,True,segmented_crop,train
/Users/ashley/Desktop/python/CS156-Machine-Learning/final/data/retail_images/segmented/pullover/princess_polly_sweaters_df7c3908c449_seg.jpg,/Users/ashley/Desktop/python/CS156-Machine-Learning/final/data/retail_images/raw/pullover/princess_polly_sweaters_df7c3908c449.jpg,Pullover,1345,1386,RGB,0b6a86c89ad44acb16f5671106f3ffafb593db2c2ea19df2d6baac77c402709b,True,ok,segmented,0.3185559050614813,False,True,segmented_crop,train
/Users/ashley/Desktop/python/CS156-Machine-Learning/final/data/retail_images/segmented/pullover/princess_polly_sweaters_71ea450245e9_seg.jpg,/Users/ashley/Desktop/python/CS156-Machine-Learning/final/data/retail_images/raw/pullover/princess_polly_sweaters_71ea450245e9.jpg,Pullover,1188,1173,RGB,0682ab2932b3a0c126e77cb217e9bba5476d1b8cb6aefee89501fe6669da8724,True,ok,segmented,0.2757792059131345,False,True,segmented_crop,train
/Users/ashley/Desktop/python/CS156-Machine-Learning/final/data/retail_images/segmented/shirt/princess_polly_button_ups_5f187bf2f63e_seg.jpg,/Users/ashley/Desktop/python/CS156-Machine-Learning/final/data/retail_images/raw/shirt/princess_polly_button_ups_5f187bf2f63e.jpg,Shirt,902,1257,RGB,2488c051d0f7e5593e1df4f1f5264b0e3a34a758005118b05bea9e0958875430,True,ok,segmented,0.2590527657075432,False,True,segmented_crop,train
/Users/ashley/Desktop/python/CS156-Machine-Learning/final/data/retail_images/segmented/coat/reformation_outerwear_cf9a30413e6f_seg.jpg,/Users/ashley/Desktop/python/CS156-Machine-Learning/final/data/retail_images/raw/coat/reformation_outerwear_cf9a30413e6f.jpg,Coat,365,519,RGB,7d2e15c2f87c5f0507e65e6779e25cd9f39757a04d094fe215e4d61196d69d30,True,ok,segmented,0.1849,False,True,segmented_crop,train
data/retail_images/raw/ankle_boot/princess_polly_boots_9c24895269df.jpg,data/retail_images/raw/ankle_boot/princess_polly_boots_9c24895269df.jpg,Ankle boot,1344,1820,RGB,394e59ac578fdbd05a51d5c6b8e59ccdb34562733d717273a9bb4e8a48abd422,True,ok,not_used,0.0,False,True,raw_full_footwear,train
/Users/ashley/Desktop/python/CS156-Machine-Learning/final/data/retail_images/segmented/t_shirt_top/reformation_tops_beda761951b4_seg.jpg,/Users/ashley/Desktop/python/CS156-Machine-Learning/final/data/retail_images/raw/t_shirt_top/reformation_tops_beda761951b4.jpg,T-shirt/top,501,342,RGB,98e06030444153f284921ff6095f6f46bf424feca210ca16fd581e466f689658,True,ok,segmented,0.1144,False,True,segmented_crop,train
/Users/ashley/Desktop/python/CS156-Machine-Learning/final/data/retail_images/segmented/dress/princess_polly_dresses_7ed8d09f145d_seg.jpg,/Users/ashley/Desktop/python/CS156-Machine-Learning/final/data/retail_images/raw/dress/princess_polly_dresses_7ed8d09f145d.jpg,Dress,492,1494,RGB,9b8f59ebff03cd11ab7cba8919ee47328d8f9b8d679ec92f310d88290806083f,True,ok,segmented,0.141800024089056,False,True,segmented_crop,train
/Users/ashley/Desktop/python/CS156-Machine-Learning/final/data/retail_images/segmented/t_shirt_top/brandy_melville_tops_page_4_1f9114b04f5d_seg.jpg,/Users/ashley/Desktop/python/CS156-Machine-Learning/final/data/retail_images/raw/t_shirt_top/brandy_melville_tops_page_4_1f9114b04f5d.jpg,T-shirt/top,251,345,RGB,b56096aff959b00157e81d93da6db32ab89717eeaef1bc7b6b57089cbede2f21,True,ok,segmented,0.2284259259259259,False,True,segmented_crop,train
/Users/ashley/Desktop/python/CS156-Machine-Learning/final/data/retail_images/segmented/dress/reformation_dresses_baae977ec6c6_seg.jpg,/Users/ashley/Desktop/python/CS156-Machine-Learning/final/data/retail_images/raw/dress/reformation_dresses_baae977ec6c6.jpg,Dress,232,590,RGB,e201cf0a7e3cf81e2b8bb86a5b450374592d40aec9e84a4fa51d5e209d1c3a55,True,ok,segmented,0.1133020833333333,False,True,segmented_crop,train
/Users/ashley/Desktop/python/CS156-Machine-Learning/final/data/retail_images/segmented/shirt/princess_polly_button_ups_5fb504ec9090_seg.jpg,/Users/ashley/Desktop/python/CS156-Machine-Learning/final/data/retail_images/raw/shirt/princess_polly_button_ups_5fb504ec9090.jpg,Shirt,1038,1028,RGB,1a1715a7ddfac3ec5c370099a4112ea97a1bcb77d729a8dd8513be1bba380537,True,ok,segmented,0.1355932757718472,False,True,segmented_crop,train
/Users/ashley/Desktop/python/CS156-Machine-Learning/final/data/retail_images/segmented/dress/anthropologie_dresses_9e283d1db6f3_seg.jpg,/Users/ashley/Desktop/python/CS156-Machine-Learning/final/data/retail_images/raw/dress/anthropologie_dresses_9e283d1db6f3.jpg,Dress,205,299,RGB,331859fcc46b89a8f2b296beb2e89b01f84da0c3883fee8baf75b02a3aae0a0b,True,ok,segmented,0.1688462528831351,False,True,segmented_crop,train
/Users/ashley/Desktop/python/CS156-Machine-Learning/final/data/retail_images/segmented/shirt/anthropologie_blouses_850b2bf4b764_seg.jpg,/Users/ashley/Desktop/python/CS156-Machine-Learning/final/data/retail_images/raw/shirt/anthropologie_blouses_850b2bf4b764.jpg,Shirt,320,365,RGB,7aa88a08a014f8085765bfd184a583c80294d7bd037c874718ece0c0fa50e9c2,True,ok,segmented,0.2305850641274989,False,True,segmented_crop,train
/Users/ashley/Desktop/python/CS156-Machine-Learning/final/data/retail_images/segmented/pullover/anthropologie_sweaters_0f4cb4fecbb7_seg.jpg,/Users/ashley/Desktop/python/CS156-Machine-Learning/final/data/retail_images/raw/pullover/anthropologie_sweaters_0f4cb4fecbb7.jpg,Pullover,285,383,RGB,3c9d89b27fc8a822c36fee1c957e5b5472a0c46d87888d4649852789bdb40f7c,True,ok,segmented,0.2906200178603713,False,True,segmented_crop,train
/Users/ashley/Desktop/python/CS156-Machine-Learning/final/data/retail_images/segmented/shirt/princess_polly_button_ups_aac3fbcc0da6_seg.jpg,/Users/ashley/Desktop/python/CS156-Machine-Learning/final/data/retail_images/raw/shirt/princess_polly_button_ups_aac3fbcc0da6.jpg,Shirt,1032,1257,RGB,e130f09648e5f52931d14806b96ae2db6c5a54d53354178e446c35a9ff7ca957,True,ok,segmented,0.2327987254381306,False,True,segmented_crop,train
data/retail_images/raw/sneaker/anthropologie_sneakers_9a42d7a07c36.jpg,data/retail_images/raw/sneaker/anthropologie_sneakers_9a42d7a07c36.jpg,Sneaker,349,523,RGB,67340296f70420c376067f710018c168bacebc8cbc7b0aef27438241ead4591a,True,ok,not_used,0.0,False,True,raw_full_footwear,train
/Users/ashley/Desktop/python/CS156-Machine-Learning/final/data/retail_images/segmented/coat/reformation_jackets_and_coats_4c7c5a1d4603_seg.jpg,/Users/ashley/Desktop/python/CS156-Machine-Learning/final/data/retail_images/raw/coat/reformation_jackets_and_coats_4c7c5a1d4603.jpg,Coat,406,670,RGB,f6731eed1a7ce8a0585ca8362a3a721ba31ab901a465139d58b6ef54446780cf,True,ok,segmented,0.3045104166666667,False,True,segmented_crop,train
data/retail_images/raw/sandal/anthropologie_sandals_7865485eb852.jpg,data/retail_images/raw/sandal/anthropologie_sandals_7865485eb852.jpg,Sandal,349,523,RGB,aa129f816cc7a1c1820d1847d348d7361afcdff243ecf24a7d11433e02156de6,True,ok,not_used,0.0,False,True,raw_full_footwear,train
/Users/ashley/Desktop/python/CS156-Machine-Learning/final/data/retail_images/segmented/pullover/reformation_sweaters_85475593add3_seg.jpg,/Users/ashley/Desktop/python/CS156-Machine-Learning/final/data/retail_images/raw/pullover/reformation_sweaters_85475593add3.jpg,Pullover,186,316,RGB,ceb339ab8e17f7cf2da41b24b3da856f618574f797fc94c99d2bc9bbdc990206,True,ok,segmented,0.044,False,True,segmented_crop,train
data/retail_images/raw/sneaker/anthropologie_sneakers_d1fb051bedea.jpg,data/retail_images/raw/sneaker/anthropologie_sneakers_d1fb051bedea.jpg,Sneaker,349,523,RGB,a84eea661dae5d270987cbc78dd2486feb9645a49af135418b1f91296a7a9b9d,True,ok,not_used,0.0,False,True,raw_full_footwear,train
data/retail_images/raw/sneaker/anthropologie_sneakers_e5bb8fa980aa.jpg,data/retail_images/raw/sneaker/anthropologie_sneakers_e5bb8fa980aa.jpg,Sneaker,349,523,RGB,dcea9998784c3c80d99546686e72654889e774fa34c66ea3d93b8af54168a7e4,True,ok,not_used,0.0,False,True,raw_full_footwear,train
data/retail_images/raw/sandal/anthropologie_sandals_7395b039639c.jpg,data/retail_images/raw/sandal/anthropologie_sandals_7395b039639c.jpg,Sandal,349,523,RGB,76057e11fb16467161aea384986227646989aa3d0d07528548cbd78a5cc8258a,True,ok,not_used,0.0,False,True,raw_full_footwear,train
data/retail_images/raw/sandal/urban_outfitters_sandals_7ab0fd0b73cd.jpg,data/retail_images/raw/sandal/urban_outfitters_sandals_7ab0fd0b73cd.jpg,Sandal,450,675,RGB,f5e08c1d5994ccef807643dfb9f323335eb88b5dc3c13313cce40b0579a7128f,True,ok,not_used,0.0,False,True,raw_full_footwear,train
/Users/ashley/Desktop/python/CS156-Machine-Learning/final/data/retail_images/segmented/bag/anthropologie_bags_8453fdcd554a_seg.jpg,/Users/ashley/Desktop/python/CS156-Machine-Learning/final/data/retail_images/raw/bag/anthropologie_bags_8453fdcd554a.jpg,Bag,318,466,RGB,c84f6d42f02d0ef1011c9ce8d96e64e94813051e6f9684549a9cf743465d7420,True,ok,segmented,0.2319382885819632,False,True,segmented_crop,train
/Users/ashley/Desktop/python/CS156-Machine-Learning/final/data/retail_images/segmented/pullover/anthropologie_sweaters_1ad4f2da6a46_seg.jpg,/Users/ashley/Desktop/python/CS156-Machine-Learning/final/data/retail_images/raw/pullover/anthropologie_sweaters_1ad4f2da6a46.jpg,Pullover,349,351,RGB,c115f22408a620a2e9ead84a8e792c7c84f3617461fa8228b5f3c00416e9b21b,True,ok,segmented,0.3401798090145567,False,True,segmented_crop,train
data/retail_images/raw/ankle_boot/princess_polly_boots_fc52827ed67d.jpg,data/retail_images/raw/ankle_boot/princess_polly_boots_fc52827ed67d.jpg,Ankle boot,1345,1820,RGB,1444c00021752d8b246a687df6f06944e76173ff7a9f9b8c4951d6fdb885a748,True,ok,not_used,0.0,False,True,raw_full_footwear,train
data/retail_images/raw/sandal/anthropologie_sandals_7d7f36a38a9d.jpg,data/retail_images/raw/sandal/anthropologie_sandals_7d7f36a38a9d.jpg,Sandal,349,523,RGB,8ebc8a7bd9a7c8876ee9689749a234d812aff57586fcc1ee9965ab650dd8a16f,True,ok,not_used,0.0,False,True,raw_full_footwear,train
/Users/ashley/Desktop/python/CS156-Machine-Learning/final/data/retail_images/segmented/coat/reformation_jackets_and_coats_709072f8bdc9_seg.jpg,/Users/ashley/Desktop/python/CS156-Machine-Learning/final/data/retail_images/raw/coat/reformation_jackets_and_coats_709072f8bdc9.jpg,Coat,198,541,RGB,cd9f8709a05cf4de9789e3f215e03911ddde482b1a84aa7a9c32ec1ce43b516f,True,ok,segmented,0.1243416666666666,False,True,segmented_crop,train
/Users/ashley/Desktop/python/CS156-Machine-Learning/final/data/retail_images/segmented/shirt/anthropologie_blouses_86b0658c38eb_seg.jpg,/Users/ashley/Desktop/python/CS156-Machine-Learning/final/data/retail_images/raw/shirt/anthropologie_blouses_86b0658c38eb.jpg,Shirt,341,450,RGB,ae74fab1e07a3490c1bb1922d3ccc5abc21094c6674908e89d282030027f50aa,True,ok,segmented,0.4511990006957875,False,True,segmented_crop,train
/Users/ashley/Desktop/python/CS156-Machine-Learning/final/data/retail_images/segmented/coat/reformation_jackets_and_coats_21098d0d610b_seg.jpg,/Users/ashley/Desktop/python/CS156-Machine-Learning/final/data/retail_images/raw/coat/reformation_jackets_and_coats_21098d0d610b.jpg,Coat,416,664,RGB,a25af68143861901e74ca9592289e5e2965500105067c5f0ab0bd1639f334ff9,True,ok,segmented,0.330775,False,True,segmented_crop,train
/Users/ashley/Desktop/python/CS156-Machine-Learning/final/data/retail_images/segmented/shirt/anthropologie_blouses_56ca002d8f36_seg.jpg,/Users/ashley/Desktop/python/CS156-Machine-Learning/final/data/retail_images/raw/shirt/anthropologie_blouses_56ca002d8f36.jpg,Shirt,349,380,RGB,f55d7b99a389aafadcf2368e93f0057566c48685b2c8c54151f0d722efb70134,True,ok,segmented,0.2640321705829822,False,True,segmented_crop,train
/Users/ashley/Desktop/python/CS156-Machine-Learning/final/data/retail_images/segmented/pullover/princess_polly_sweaters_e08480ed9bd4_seg.jpg,/Users/ashley/Desktop/python/CS156-Machine-Learning/final/data/retail_images/raw/pullover/princess_polly_sweaters_e08480ed9bd4.jpg,Pullover,841,1098,RGB,bdbb5cb002dff08185bb24ba7694d4ec7f9675b39a7829a326bf5d1a5416888a,True,ok,segmented,0.1669479962416765,False,True,segmented_crop,train
/Users/ashley/Desktop/python/CS156-Machine-Learning/final/data/retail_images/segmented/coat/reformation_outerwear_67c51a0c55dd_seg.jpg,/Users/ashley/Desktop/python/CS156-Machine-Learning/final/data/retail_images/raw/coat/reformation_outerwear_67c51a0c55dd.jpg,Coat,354,373,RGB,a8633728194d2948daec7665a4a97a5a342826daed5d9d4e83d7d95e836d0fb7,True,ok,segmented,0.102675,False,True,segmented_crop,train
/Users/ashley/Desktop/python/CS156-Machine-Learning/final/data/retail_images/segmented/coat/reformation_jackets_and_coats_f3b50ce21383_seg.jpg,/Users/ashley/Desktop/python/CS156-Machine-Learning/final/data/retail_images/raw/coat/reformation_jackets_and_coats_f3b50ce21383.jpg,Coat,600,768,RGB,9c7f59ce4f2540632b3b5e0840af52f36d32d4419e0a943407da7735abfc1df8,True,ok,segmented,0.7602104166666667,False,True,segmented_crop,train
/Users/ashley/Desktop/python/CS156-Machine-Learning/final/data/retail_images/segmented/pullover/reformation_sweaters_42238ed525c5_seg.jpg,/Users/ashley/Desktop/python/CS156-Machine-Learning/final/data/retail_images/raw/pullover/reformation_sweaters_42238ed525c5.jpg,Pullover,205,328,RGB,fe5f01d2e1b3f6c4a84fe99acb58e6930278f7057307dc7819f2f88099167f8d,True,ok,segmented,0.0619020833333333,False,True,segmented_crop,train
data/retail_images/raw/sneaker/anthropologie_sneakers_6610ef18d7ea.jpg,data/retail_images/raw/sneaker/anthropologie_sneakers_6610ef18d7ea.jpg,Sneaker,349,523,RGB,59003ae5b7b9175d861db6666912fb40b32d1d9a1c5e1c36e43484244c7f6b9e,True,ok,not_used,0.0,False,True,raw_full_footwear,train
/Users/ashley/Desktop/python/CS156-Machine-Learning/final/data/retail_images/segmented/coat/reformation_outerwear_cfc308e51d9a_seg.jpg,/Users/ashley/Desktop/python/CS156-Machine-Learning/final/data/retail_images/raw/coat/reformation_outerwear_cfc308e51d9a.jpg,Coat,197,309,RGB,aca7578c0bf6429e673c67c2c45ef05a095681713c0cc3eb128e4bca9722eb68,True,ok,segmented,0.0510145833333333,False,True,segmented_crop,train
/Users/ashley/Desktop/python/CS156-Machine-Learning/final/data/retail_images/segmented/shirt/princess_polly_button_ups_5f1460402cad_seg.jpg,/Users/ashley/Desktop/python/CS156-Machine-Learning/final/data/retail_images/raw/shirt/princess_polly_button_ups_5f1460402cad.jpg,Shirt,1147,1214,RGB,94424632bf777cab0b75c0cc3f5f49d7f3acbeac69b556f061c13af63f760b15,True,ok,segmented,0.2346586870378691,False,True,segmented_crop,train
/Users/ashley/Desktop/python/CS156-Machine-Learning/final/data/retail_images/segmented/coat/reformation_jackets_and_coats_2e09756d940b_seg.jpg,/Users/ashley/Desktop/python/CS156-Machine-Learning/final/data/retail_images/raw/coat/reformation_jackets_and_coats_2e09756d940b.jpg,Coat,277,349,RGB,21ff53643759fbc6f9a423f0024142eacfc5eb5ea1d487c017cbd289e378d1f7,True,ok,segmented,0.091325,False,True,segmented_crop,train
data/retail_images/raw/sneaker/urban_outfitters_sneakers_5ff7757e9f28.jpg,data/retail_images/raw/sneaker/urban_outfitters_sneakers_5ff7757e9f28.jpg,Sneaker,450,675,RGB,adfb2379f059e0e342314cade6d7209afd60e873cefad718c4f3a2c6c0c68256,True,ok,not_used,0.0,False,True,raw_full_footwear,train
data/retail_images/raw/sneaker/urban_outfitters_sneakers_6e5aa1837d56.jpg,data/retail_images/raw/sneaker/urban_outfitters_sneakers_6e5aa1837d56.jpg,Sneaker,450,675,RGB,ae85f10d163d2fa5403f6ba4abc47a3ee81a34b992728446a1735df12d589acf,True,ok,not_used,0.0,False,True,raw_full_footwear,train
/Users/ashley/Desktop/python/CS156-Machine-Learning/final/data/retail_images/segmented/dress/anthropologie_dresses_e6a4b66763f1_seg.jpg,/Users/ashley/Desktop/python/CS156-Machine-Learning/final/data/retail_images/raw/dress/anthropologie_dresses_e6a4b66763f1.jpg,Dress,212,490,RGB,4c551b0483f3401665f4097352cd4d3e708cda93336893784a50ab8e567af525,True,ok,segmented,0.0125529373736488,False,True,segmented_crop,train
data/retail_images/raw/sandal/princess_polly_sandals_2c662fcd4314.jpg,data/retail_images/raw/sandal/princess_polly_sandals_2c662fcd4314.jpg,Sandal,1344,1820,RGB,b4a55d9a4cf1e6ddec6e0bd5654e9d564c6b684382ff52077df85563ed376440,True,ok,not_used,0.0,False,True,raw_full_footwear,train
/Users/ashley/Desktop/python/CS156-Machine-Learning/final/data/retail_images/segmented/bag/anthropologie_bags_2a731f285397_seg.jpg,/Users/ashley/Desktop/python/CS156-Machine-Learning/final/data/retail_images/raw/bag/anthropologie_bags_2a731f285397.jpg,Bag,176,248,RGB,4da93453386549efeea4a82aa69108b9b1a707dfa1ec1addd208e161ed380a82,True,ok,segmented,0.1256800363781796,False,True,segmented_crop,train
data/retail_images/raw/ankle_boot/princess_polly_boots_bd5b8deb983a.jpg,data/retail_images/raw/ankle_boot/princess_polly_boots_bd5b8deb983a.jpg,Ankle boot,1344,1820,RGB,36902bf0d920780323da8cec272ef0478557631ae4eee2886a69e0dc001ead63,True,ok,not_used,0.0,False,True,raw_full_footwear,train
/Users/ashley/Desktop/python/CS156-Machine-Learning/final/data/retail_images/segmented/pullover/anthropologie_sweaters_1abe2d4e9574_seg.jpg,/Users/ashley/Desktop/python/CS156-Machine-Learning/final/data/retail_images/raw/pullover/anthropologie_sweaters_1abe2d4e9574.jpg,Pullover,245,376,RGB,c0325e164aec1c8490092878ad0952f6a88fe15af8c58a1dc2986bff1f1a60b1,True,ok,segmented,0.2543678469486706,False,True,segmented_crop,train
data/retail_images/raw/sandal/anthropologie_sandals_41318a271565.jpg,data/retail_images/raw/sandal/anthropologie_sandals_41318a271565.jpg,Sandal,349,523,RGB,f1099afb4e1cec9d6932391cd126e4874fbe3cb4e75b7d9fd09fffa3069a27b9,True,ok,not_used,0.0,False,True,raw_full_footwear,train
/Users/ashley/Desktop/python/CS156-Machine-Learning/final/data/retail_images/segmented/shirt/princess_polly_shirts_blouses_74a4fa3499b0_seg.jpg,/Users/ashley/Desktop/python/CS156-Machine-Learning/final/data/retail_images/raw/shirt/princess_polly_shirts_blouses_74a4fa3499b0.jpg,Shirt,1336,1404,RGB,e06dc973872e9990a71bf12edf73bb4c3749f066b78bcc4e8fb0d60d16dbd284,True,ok,segmented,0.3199351615646258,False,True,segmented_crop,train
data/retail_images/raw/sneaker/anthropologie_sneakers_e0b33f01b2e7.webp,data/retail_images/raw/sneaker/anthropologie_sneakers_e0b33f01b2e7.webp,Sneaker,698,1046,RGB,d9d07823db3cf243e0d34172d8d54e9c175b39a672042905fe7db201b6fdc86d,True,ok,not_used,0.0,False,True,raw_full_footwear,train
/Users/ashley/Desktop/python/CS156-Machine-Learning/final/data/retail_images/segmented/trouser/princess_polly_pants_66ad273bc136_seg.jpg,/Users/ashley/Desktop/python/CS156-Machine-Learning/final/data/retail_images/raw/trouser/princess_polly_pants_66ad273bc136.jpg,Trouser,568,1276,RGB,045f97f95cb584466ed9c119951f02ccc8f43b20117862de5ec5f73c76af1618,True,ok,segmented,0.1647691431441117,False,True,segmented_crop,train
/Users/ashley/Desktop/python/CS156-Machine-Learning/final/data/retail_images/segmented/pullover/anthropologie_sweaters_342707dcb7bd_seg.jpg,/Users/ashley/Desktop/python/CS156-Machine-Learning/final/data/retail_images/raw/pullover/anthropologie_sweaters_342707dcb7bd.jpg,Pullover,293,321,RGB,0507a5c30df745130e32b84cc578935723a84368fbb8889541740fb49fc6339d,True,ok,segmented,0.2197209180011724,False,True,segmented_crop,train
/Users/ashley/Desktop/python/CS156-Machine-Learning/final/data/retail_images/segmented/t_shirt_top/brandy_melville_tops_71996ee72661_seg.jpg,/Users/ashley/Desktop/python/CS156-Machine-Learning/final/data/retail_images/raw/t_shirt_top/brandy_melville_tops_71996ee72661.jpg,T-shirt/top,628,766,RGB,50014ce7469f48cf0ebced8758706aa865962715c1c1727b1bd5331b9951cbf0,True,ok,segmented,0.1582893333333333,False,True,segmented_crop,train
/Users/ashley/Desktop/python/CS156-Machine-Learning/final/data/retail_images/segmented/t_shirt_top/brandy_melville_tops_a7d2b6c9a8d9_seg.jpg,/Users/ashley/Desktop/python/CS156-Machine-Learning/final/data/retail_images/raw/t_shirt_top/brandy_melville_tops_a7d2b6c9a8d9.jpg,T-shirt/top,658,1100,RGB,c7be4630f2e8e34b8134b10e1f1368e9e8be645db50cefe38c3c37648832b5a9,True,ok,segmented,0.2467646666666666,False,True,segmented_crop,train
/Users/ashley/Desktop/python/CS156-Machine-Learning/final/data/retail_images/segmented/trouser/princess_polly_pants_20c466eb3ed2_seg.jpg,/Users/ashley/Desktop/python/CS156-Machine-Learning/final/data/retail_images/raw/trouser/princess_polly_pants_20c466eb3ed2.jpg,Trouser,521,1166,RGB,72aa1a3f1a15121bdcc15c3d33fec9db92d53f0936d5fd9a459e79c8bf8e56a0,True,ok,segmented,0.1048833694186854,False,True,segmented_crop,train
/Users/ashley/Desktop/python/CS156-Machine-Learning/final/data/retail_images/segmented/dress/anthropologie_dresses_72ad522d3670_seg.jpg,/Users/ashley/Desktop/python/CS156-Machine-Learning/final/data/retail_images/raw/dress/anthropologie_dresses_72ad522d3670.webp,Dress,262,318,RGB,bdd5417ce750c466682d08921baa36dfa7fff5c09164300c0f32054e68cc761b,True,ok,segmented,0.0231541666666666,False,True,segmented_crop,train
data/retail_images/raw/ankle_boot/princess_polly_boots_35eb28f1dca7.jpg,data/retail_images/raw/ankle_boot/princess_polly_boots_35eb28f1dca7.jpg,Ankle boot,1344,1820,RGB,1f191b0c8abb92abccbc47ca050f952b2173b6b5ba9a6987e0d9cb79ae1c9c17,True,ok,not_used,0.0,False,True,raw_full_footwear,train
/Users/ashley/Desktop/python/CS156-Machine-Learning/final/data/retail_images/segmented/t_shirt_top/brandy_melville_tops_page_4_3e6105fc11a5_seg.jpg,/Users/ashley/Desktop/python/CS156-Machine-Learning/final/data/retail_images/raw/t_shirt_top/brandy_melville_tops_page_4_3e6105fc11a5.jpg,T-shirt/top,172,218,RGB,cd44462a6c211d7b4b878645f895f65373e2a776696929cc990d960ff08c0cd2,True,ok,segmented,0.1124537037037037,False,True,segmented_crop,train
/Users/ashley/Desktop/python/CS156-Machine-Learning/final/data/retail_images/segmented/trouser/princess_polly_pants_4702da360241_seg.jpg,/Users/ashley/Desktop/python/CS156-Machine-Learning/final/data/retail_images/raw/trouser/princess_polly_pants_4702da360241.jpg,Trouser,424,828,RGB,ad40e29c0ce9e117a53c1aa9d5a4295ffdb827035695c443c7ee1ba5d6b0c3d3,True,ok,segmented,0.0815774627158555,False,True,segmented_crop,train
/Users/ashley/Desktop/python/CS156-Machine-Learning/final/data/retail_images/segmented/coat/reformation_jackets_and_coats_7dbe15f8fe2f_seg.jpg,/Users/ashley/Desktop/python/CS156-Machine-Learning/final/data/retail_images/raw/coat/reformation_jackets_and_coats_7dbe15f8fe2f.jpg,Coat,323,705,RGB,b1f1aea1d04df54d6625c39109cef6f49d3ffa8fd921153a4f9aa636de89a3b8,True,ok,segmented,0.2798875,False,True,segmented_crop,train
/Users/ashley/Desktop/python/CS156-Machine-Learning/final/data/retail_images/segmented/bag/anthropologie_bags_15eb6093e4a5_seg.jpg,/Users/ashley/Desktop/python/CS156-Machine-Learning/final/data/retail_images/raw/bag/anthropologie_bags_15eb6093e4a5.jpg,Bag,306,520,RGB,e840fecc9c5ecba7d21508bcf4e37e90de52ddcf6f7cf2ef7b45689da33b5708,True,ok,segmented,0.2224109309855528,False,True,segmented_crop,train
/Users/ashley/Desktop/python/CS156-Machine-Learning/final/data/retail_images/segmented/shirt/anthropologie_blouses_ec9d9ab52bb5_seg.jpg,/Users/ashley/Desktop/python/CS156-Machine-Learning/final/data/retail_images/raw/shirt/anthropologie_blouses_ec9d9ab52bb5.jpg,Shirt,324,361,RGB,4655dff25db95a24e1ec4e742add03123eb9832f3b2d45b5690b39e9dc4b371a,True,ok,segmented,0.2991173908517644,False,True,segmented_crop,train
/Users/ashley/Desktop/python/CS156-Machine-Learning/final/data/retail_images/segmented/coat/reformation_outerwear_61f1843b14dd_seg.jpg,/Users/ashley/Desktop/python/CS156-Machine-Learning/final/data/retail_images/raw/coat/reformation_outerwear_61f1843b14dd.jpg,Coat,203,300,RGB,8a7de50af64da8ffa0b4861eb0257d12bc37bab765bce7eeb0ea63891d2e76ce,True,ok,segmented,0.0580291666666666,False,True,segmented_crop,train
/Users/ashley/Desktop/python/CS156-Machine-Learning/final/data/retail_images/segmented/t_shirt_top/brandy_melville_tops_page_4_532c3d3cdb71_seg.jpg,/Users/ashley/Desktop/python/CS156-Machine-Learning/final/data/retail_images/raw/t_shirt_top/brandy_melville_tops_page_4_532c3d3cdb71.jpg,T-shirt/top,247,460,RGB,cca1fb865ebcbbb42191b3f6dd847f3b17ad57e899912e63234f1764a838266f,True,ok,segmented,0.1362124765478424,False,True,segmented_crop,train
/Users/ashley/Desktop/python/CS156-Machine-Learning/final/data/retail_images/segmented/pullover/reformation_sweaters_91ab8bd242ae_seg.jpg,/Users/ashley/Desktop/python/CS156-Machine-Learning/final/data/retail_images/raw/pullover/reformation_sweaters_91ab8bd242ae.jpg,Pullover,343,346,RGB,669fb136e1ea11e1ae319585c1604296e22a25d6a9304851429278c997677927,True,ok,segmented,0.1289479166666666,False,True,segmented_crop,train
/Users/ashley/Desktop/python/CS156-Machine-Learning/final/data/retail_images/segmented/shirt/free_people_blouses_0a675fff9ab8_seg.jpg,/Users/ashley/Desktop/python/CS156-Machine-Learning/final/data/retail_images/raw/shirt/free_people_blouses_0a675fff9ab8.webp,Shirt,388,518,RGB,aa0bcddde377d2f30cb030718bf392c71cc707942cf9caf6f34e7f6c8775dcbe,True,ok,segmented,0.1413996285481052,False,True,segmented_crop,train
/Users/ashley/Desktop/python/CS156-Machine-Learning/final/data/retail_images/segmented/coat/reformation_outerwear_0b656ad16fc5_seg.jpg,/Users/ashley/Desktop/python/CS156-Machine-Learning/final/data/retail_images/raw/coat/reformation_outerwear_0b656ad16fc5.jpg,Coat,600,637,RGB,94cd53cbc658baf9bc2ee4f016bbf4aca2bc143db3b0e39cb4aa0430629eaa50,True,ok,segmented,0.4828666666666666,False,True,segmented_crop,train
data/retail_images/raw/sandal/anthropologie_sandals_1dc07f4d9ad6.jpg,data/retail_images/raw/sandal/anthropologie_sandals_1dc07f4d9ad6.jpg,Sandal,349,523,RGB,3c9d9670a7f4401587c13c101c7f091d766b044a8d6cc96a6998b968b76fef24,True,ok,not_used,0.0,False,True,raw_full_footwear,train
/Users/ashley/Desktop/python/CS156-Machine-Learning/final/data/retail_images/segmented/shirt/free_people_blouses_2bad9b84fd04_seg.jpg,/Users/ashley/Desktop/python/CS156-Machine-Learning/final/data/retail_images/raw/shirt/free_people_blouses_2bad9b84fd04.jpg,Shirt,279,272,RGB,ab8e8aca87d73df4ceef6b34853839ec3d8913483697d069e0856e8b3c0f1c4b,True,ok,segmented,0.2674082683048315,False,True,segmented_crop,train
data/retail_images/raw/sandal/anthropologie_sandals_f9512eda0d77.jpg,data/retail_images/raw/sandal/anthropologie_sandals_f9512eda0d77.jpg,Sandal,349,523,RGB,760517bf5c31adb8b710034bd45cc8795900768d1975402f7ebbdd2d33756fef,True,ok,not_used,0.0,False,True,raw_full_footwear,train
data/retail_images/raw/ankle_boot/anthropologie_boot_shop_cb62b68ee07e.jpg,data/retail_images/raw/ankle_boot/anthropologie_boot_shop_cb62b68ee07e.jpg,Ankle boot,349,523,RGB,9eebd80dad07fd9ad624b3e35f127a8e3d5d566e9c4a29a404e820c1f16b0421,True,ok,not_used,0.0,False,True,raw_full_footwear,train
/Users/ashley/Desktop/python/CS156-Machine-Learning/final/data/retail_images/segmented/shirt/anthropologie_blouses_0d69378e0e7b_seg.jpg,/Users/ashley/Desktop/python/CS156-Machine-Learning/final/data/retail_images/raw/shirt/anthropologie_blouses_0d69378e0e7b.jpg,Shirt,230,247,RGB,cc0eaef83d2d48d8c6bb22406fedda342648f0f50c269f00ff436b2b5b8e443e,True,ok,segmented,0.1179222799914533,False,True,segmented_crop,train
/Users/ashley/Desktop/python/CS156-Machine-Learning/final/data/retail_images/segmented/trouser/princess_polly_pants_68cea0e3fb7e_seg.jpg,/Users/ashley/Desktop/python/CS156-Machine-Learning/final/data/retail_images/raw/trouser/princess_polly_pants_68cea0e3fb7e.jpg,Trouser,556,1231,RGB,7cfef7e1677e879c4ef2cd9ffbecd6cf988455b6a2164e57c7fc3365564553bc,True,ok,segmented,0.1388331534536891,False,True,segmented_crop,train
/Users/ashley/Desktop/python/CS156-Machine-Learning/final/data/retail_images/segmented/t_shirt_top/brandy_melville_tops_page_4_9f58dfec0518_seg.jpg,/Users/ashley/Desktop/python/CS156-Machine-Learning/final/data/retail_images/raw/t_shirt_top/brandy_melville_tops_page_4_9f58dfec0518.jpg,T-shirt/top,330,410,RGB,3936c14d24c0968007c12a9bc78f3c0bafcaf211f0df90865121e0153a029acc,True,ok,segmented,0.1564751407129456,False,True,segmented_crop,train
/Users/ashley/Desktop/python/CS156-Machine-Learning/final/data/retail_images/segmented/pullover/reformation_sweaters_a78036cfb0ee_seg.jpg,/Users/ashley/Desktop/python/CS156-Machine-Learning/final/data/retail_images/raw/pullover/reformation_sweaters_a78036cfb0ee.jpg,Pullover,194,204,RGB,d3981eff656b6e1c9da2937f41393df1dc8cbbe23668bfaa404ffa265261263e,True,ok,segmented,0.04695625,False,True,segmented_crop,train
/Users/ashley/Desktop/python/CS156-Machine-Learning/final/data/retail_images/segmented/coat/reformation_outerwear_3ed665831cc5_seg.jpg,/Users/ashley/Desktop/python/CS156-Machine-Learning/final/data/retail_images/raw/coat/reformation_outerwear_3ed665831cc5.jpg,Coat,314,696,RGB,1031b54af17c2e77de41c30ec76e502741a1272eb70a248be071dee908a44d41,True,ok,segmented,0.25084375,False,True,segmented_crop,train
data/retail_images/raw/sneaker/urban_outfitters_sneakers_92217ad7fa8b.webp,data/retail_images/raw/sneaker/urban_outfitters_sneakers_92217ad7fa8b.webp,Sneaker,349,523,RGB,e7636207a8aa26608af25d2cfb51b6f8d2464db3271baca2b244c6c96935bb7d,True,ok,not_used,0.0,False,True,raw_full_footwear,train
/Users/ashley/Desktop/python/CS156-Machine-Learning/final/data/retail_images/segmented/bag/princess_polly_bags_2b9bf58d16c2_seg.jpg,/Users/ashley/Desktop/python/CS156-Machine-Learning/final/data/retail_images/raw/bag/princess_polly_bags_2b9bf58d16c2.jpg,Bag,909,1173,RGB,8de955d45522c81fa2ac11f7d8026598186a58968cb7cdd5609ac6340a300353,True,ok,segmented,0.024218718084889,False,True,segmented_crop,train
/Users/ashley/Desktop/python/CS156-Machine-Learning/final/data/retail_images/segmented/shirt/urban_outfitters_shirts_blouses_0b7f3d258833_seg.jpg,/Users/ashley/Desktop/python/CS156-Machine-Learning/final/data/retail_images/raw/shirt/urban_outfitters_shirts_blouses_0b7f3d258833.jpg,Shirt,425,519,RGB,ff8956d0f0e4d72619974feb6eaf1d3e02f0d354ec84cd14839998b92023c30b,True,ok,segmented,0.3119440329218107,False,True,segmented_crop,train
data/retail_images/raw/sandal/urban_outfitters_sandals_38cfa5f86bfb.jpg,data/retail_images/raw/sandal/urban_outfitters_sandals_38cfa5f86bfb.jpg,Sandal,450,675,RGB,31df852bbd6fb92b19a438da9e44e192d33b919d07f79ffc30ede41b34c2e0f5,True,ok,not_used,0.0,False,True,raw_full_footwear,train
/Users/ashley/Desktop/python/CS156-Machine-Learning/final/data/retail_images/segmented/bag/princess_polly_bags_7c44283f5504_seg.jpg,/Users/ashley/Desktop/python/CS156-Machine-Learning/final/data/retail_images/raw/bag/princess_polly_bags_7c44283f5504.jpg,Bag,1029,1272,RGB,074149004e90b36b10a804dd323147a69e558f4a51dd7ee9be6822d27d63d6c0,True,ok,segmented,0.1652653294660729,False,True,segmented_crop,train
/Users/ashley/Desktop/python/CS156-Machine-Learning/final/data/retail_images/segmented/shirt/anthropologie_blouses_134adf57382c_seg.jpg,/Users/ashley/Desktop/python/CS156-Machine-Learning/final/data/retail_images/raw/shirt/anthropologie_blouses_134adf57382c.jpg,Shirt,349,368,RGB,9e413992cb045daf1e2ddea1138965e656eb005555c08146478fe21414716dc5,True,ok,segmented,0.345839245700636,False,True,segmented_crop,train
/Users/ashley/Desktop/python/CS156-Machine-Learning/final/data/retail_images/segmented/trouser/brandy_melville_pants_25ff169e42f6_seg.jpg,/Users/ashley/Desktop/python/CS156-Machine-Learning/final/data/retail_images/raw/trouser/brandy_melville_pants_25ff169e42f6.jpg,Trouser,194,278,RGB,45bd4b4b0c8227634e126356f96dc6b8cb1b86179aaabbd05309c1ff9db74337,True,ok,segmented,0.0800984990619137,False,True,segmented_crop,train
data/retail_images/raw/sandal/anthropologie_sandals_4621bf9fea91.jpg,data/retail_images/raw/sandal/anthropologie_sandals_4621bf9fea91.jpg,Sandal,349,523,RGB,2b72ed2cd845753dcb357e7c93b42756c588cc3862c148ac0591d91652ef56ff,True,ok,not_used,0.0,False,True,raw_full_footwear,train
/Users/ashley/Desktop/python/CS156-Machine-Learning/final/data/retail_images/segmented/dress/reformation_dresses_68d7b377682d_seg.jpg,/Users/ashley/Desktop/python/CS156-Machine-Learning/final/data/retail_images/raw/dress/reformation_dresses_68d7b377682d.jpg,Dress,228,592,RGB,bf446a4923aa36dc5a4a4463115a1b44ffb8469f401898940557a6968e8a6b80,True,ok,segmented,0.1381291666666666,False,True,segmented_crop,train
/Users/ashley/Desktop/python/CS156-Machine-Learning/final/data/retail_images/segmented/dress/anthropologie_dresses_54545b288f7b_seg.jpg,/Users/ashley/Desktop/python/CS156-Machine-Learning/final/data/retail_images/raw/dress/anthropologie_dresses_54545b288f7b.jpg,Dress,164,236,RGB,90562df7180bb5d648000fb2445d0d07bdcd9788447ca73f7c79a00ae1c5e679,True,ok,segmented,0.0950544303034619,False,True,segmented_crop,train
/Users/ashley/Desktop/python/CS156-Machine-Learning/final/data/retail_images/segmented/pullover/anthropologie_sweaters_e51d0ec04069_seg.jpg,/Users/ashley/Desktop/python/CS156-Machine-Learning/final/data/retail_images/raw/pullover/anthropologie_sweaters_e51d0ec04069.jpg,Pullover,343,374,RGB,33c17bc28989ce4650e98d21122e7939a120c8c25dc116ecbd1afd1aaff59b06,True,ok,segmented,0.2858974288735365,False,True,segmented_crop,train
data/retail_images/raw/sneaker/anthropologie_sneakers_9a0b9e4e4017.jpg,data/retail_images/raw/sneaker/anthropologie_sneakers_9a0b9e4e4017.jpg,Sneaker,349,523,RGB,5d5e37c7ddbeae847cf58e97e40f17957068a6b8c619efc5c165a8b1cb122877,True,ok,not_used,0.0,False,True,raw_full_footwear,train
data/retail_images/raw/ankle_boot/anthropologie_boot_shop_1df503906656.webp,data/retail_images/raw/ankle_boot/anthropologie_boot_shop_1df503906656.webp,Ankle boot,698,1046,RGB,4ed4d37713eccb25ed99cc1559320b75bfc64814e1fb53da5dda4a8f28e78733,True,ok,not_used,0.0,False,True,raw_full_footwear,train
data/retail_images/raw/ankle_boot/princess_polly_boots_39dc8cbd3133.jpg,data/retail_images/raw/ankle_boot/princess_polly_boots_39dc8cbd3133.jpg,Ankle boot,1345,1820,RGB,f898b23f4de675fa9a2924842a24f768a93248fbd7b4e7efae2ba07f2a8ef38d,True,ok,not_used,0.0,False,True,raw_full_footwear,train
data/retail_images/raw/sandal/urban_outfitters_sandals_b08e00e76a08.jpg,data/retail_images/raw/sandal/urban_outfitters_sandals_b08e00e76a08.jpg,Sandal,698,1046,RGB,f17723778a2fd0f5061dcc9948154c423a7ca7bac8271e7dbc1d07be70d527fb,True,ok,not_used,0.0,False,True,raw_full_footwear,train
data/retail_images/raw/sandal/urban_outfitters_sandals_140e4ed932cb.jpg,data/retail_images/raw/sandal/urban_outfitters_sandals_140e4ed932cb.jpg,Sandal,450,675,RGB,229dd21692ea6d0ce1769a437030f0e1c2b951146f65e6c91d439f19a200607f,True,ok,not_used,0.0,False,True,raw_full_footwear,train
/Users/ashley/Desktop/python/CS156-Machine-Learning/final/data/retail_images/segmented/pullover/princess_polly_sweaters_a503dcd57564_seg.jpg,/Users/ashley/Desktop/python/CS156-Machine-Learning/final/data/retail_images/raw/pullover/princess_polly_sweaters_a503dcd57564.jpg,Pullover,1217,1690,RGB,c37a8a98bddf6eb59ce56f4426986a73b18e0656783f6204c7288ac33f5610a8,True,ok,segmented,0.4559312063401283,False,True,segmented_crop,train
/Users/ashley/Desktop/python/CS156-Machine-Learning/final/data/retail_images/segmented/bag/anthropologie_bags_fa5b2efb5266_seg.jpg,/Users/ashley/Desktop/python/CS156-Machine-Learning/final/data/retail_images/raw/bag/anthropologie_bags_fa5b2efb5266.jpg,Bag,346,470,RGB,a589fca0561bac217b4b86e8177bc7503897f190d7bce56ebdd9f8b2b10051a4,True,ok,segmented,0.0463054780936518,False,True,segmented_crop,train
/Users/ashley/Desktop/python/CS156-Machine-Learning/final/data/retail_images/segmented/bag/princess_polly_bags_d7019afe5d18_seg.jpg,/Users/ashley/Desktop/python/CS156-Machine-Learning/final/data/retail_images/raw/bag/princess_polly_bags_d7019afe5d18.jpg,Bag,1071,1170,RGB,5beffc65ca0243307099fbcd6cd1f88709f66c70089dc1c437d40cef9b8fd6ee,True,ok,segmented,0.1794843177655677,False,True,segmented_crop,train
/Users/ashley/Desktop/python/CS156-Machine-Learning/final/data/retail_images/segmented/bag/princess_polly_bags_43c48597a5de_seg.jpg,/Users/ashley/Desktop/python/CS156-Machine-Learning/final/data/retail_images/raw/bag/princess_polly_bags_43c48597a5de.jpg,Bag,756,1259,RGB,20e94133c0c9a41ea7d94d99a9b36a0a428f9c2cbda6f7d9092c45bdd75829c8,True,ok,segmented,0.0815851547719679,False,True,segmented_crop,train
/Users/ashley/Desktop/python/CS156-Machine-Learning/final/data/retail_images/segmented/pullover/anthropologie_sweaters_d824f9951201_seg.jpg,/Users/ashley/Desktop/python/CS156-Machine-Learning/final/data/retail_images/raw/pullover/anthropologie_sweaters_d824f9951201.jpg,Pullover,349,523,RGB,a8290fd6223241f1fd5a099d88a4c369387449048de3dddd61c4d80f8d86850c,True,ok,segmented,0.5530305105546028,False,True,segmented_crop,train
/Users/ashley/Desktop/python/CS156-Machine-Learning/final/data/retail_images/segmented/pullover/anthropologie_sweaters_3f06d5fcb8a5_seg.jpg,/Users/ashley/Desktop/python/CS156-Machine-Learning/final/data/retail_images/raw/pullover/anthropologie_sweaters_3f06d5fcb8a5.jpg,Pullover,330,426,RGB,57e9ac285403be3a7e56b6922cae12aef6605fada3e8e60db3cc15f7af462aa4,True,ok,segmented,0.2214740832863083,False,True,segmented_crop,train
/Users/ashley/Desktop/python/CS156-Machine-Learning/final/data/retail_images/segmented/t_shirt_top/brandy_melville_tops_page_4_3d8afe4e68be_seg.jpg,/Users/ashley/Desktop/python/CS156-Machine-Learning/final/data/retail_images/raw/t_shirt_top/brandy_melville_tops_page_4_3d8afe4e68be.jpg,T-shirt/top,267,329,RGB,77fca0654f745791e2c89b00e16fb855121dd0020a69d3af2db0033e047f99aa,True,ok,segmented,0.1066979362101313,False,True,segmented_crop,train
/Users/ashley/Desktop/python/CS156-Machine-Learning/final/data/retail_images/segmented/bag/princess_polly_bags_8c4b326032f2_seg.jpg,/Users/ashley/Desktop/python/CS156-Machine-Learning/final/data/retail_images/raw/bag/princess_polly_bags_8c4b326032f2.jpg,Bag,1141,1176,RGB,49dcc80a5ea72dd0e79332e8c14a542a615138705596bc8f4a34401dab80d36a,True,ok,segmented,0.1537190116431188,False,True,segmented_crop,train
/Users/ashley/Desktop/python/CS156-Machine-Learning/final/data/retail_images/segmented/t_shirt_top/brandy_melville_tops_e633aa47fe45_seg.jpg,/Users/ashley/Desktop/python/CS156-Machine-Learning/final/data/retail_images/raw/t_shirt_top/brandy_melville_tops_e633aa47fe45.jpg,T-shirt/top,342,416,RGB,5d83b883749dd2d940e27858b28ee1726418d66fc9e0796dc4f3b604852a49ef,True,ok,segmented,0.1550351782363977,False,True,segmented_crop,train
data/retail_images/raw/sandal/urban_outfitters_sandals_82b7c586f6dd.jpg,data/retail_images/raw/sandal/urban_outfitters_sandals_82b7c586f6dd.jpg,Sandal,450,675,RGB,a7f63123ec8d80f4571da1d4a9a0c415b8fd3bcc1c2d8e78ed5c4d1eb78ca994,True,ok,not_used,0.0,False,True,raw_full_footwear,train
/Users/ashley/Desktop/python/CS156-Machine-Learning/final/data/retail_images/segmented/shirt/anthropologie_blouses_1c29d5987d67_seg.jpg,/Users/ashley/Desktop/python/CS156-Machine-Learning/final/data/retail_images/raw/shirt/anthropologie_blouses_1c29d5987d67.jpg,Shirt,301,371,RGB,e681e1ebffa79d31c902c848a8e49da8d3a63bedf6a0317a96bce6036a5aede6,True,ok,segmented,0.2789340755066373,False,True,segmented_crop,train
/Users/ashley/Desktop/python/CS156-Machine-Learning/final/data/retail_images/segmented/coat/princess_polly_jackets_3d1fa754d1b7_seg.jpg,/Users/ashley/Desktop/python/CS156-Machine-Learning/final/data/retail_images/raw/coat/princess_polly_jackets_3d1fa754d1b7.jpg,Coat,1344,1734,RGB,dc425c056c417c7876493ba01ac1bfb6a084ff842400be2084ef1a1f7bd3dd1d,True,ok,segmented,0.4480466705913134,False,True,segmented_crop,train
/Users/ashley/Desktop/python/CS156-Machine-Learning/final/data/retail_images/segmented/pullover/anthropologie_sweaters_ccbf213c37fd_seg.jpg,/Users/ashley/Desktop/python/CS156-Machine-Learning/final/data/retail_images/raw/pullover/anthropologie_sweaters_ccbf213c37fd.jpg,Pullover,345,449,RGB,17e97d016298d92d99882bf3e2f6e76dba2e8f9967f5c016b6eae3c1134ef775,True,ok,segmented,0.354774910013313,False,True,segmented_crop,train
/Users/ashley/Desktop/python/CS156-Machine-Learning/final/data/retail_images/segmented/shirt/anthropologie_blouses_4517b3ccb374_seg.jpg,/Users/ashley/Desktop/python/CS156-Machine-Learning/final/data/retail_images/raw/shirt/anthropologie_blouses_4517b3ccb374.jpg,Shirt,329,350,RGB,706fe6641f9df90cf7b1f8f1781551777c36f1c6d5651c58ff070c4e58fa56bb,True,ok,segmented,0.3125017120754738,False,True,segmented_crop,train
/Users/ashley/Desktop/python/CS156-Machine-Learning/final/data/retail_images/segmented/trouser/princess_polly_pants_d0a9281a5efa_seg.jpg,/Users/ashley/Desktop/python/CS156-Machine-Learning/final/data/retail_images/raw/trouser/princess_polly_pants_d0a9281a5efa.jpg,Trouser,642,1309,RGB,15d5c200af99aa2ae2219fa0b1351044ef194519d9ba1b9b315e315b7f0db80c,True,ok,segmented,0.1878002369171967,False,True,segmented_crop,train
/Users/ashley/Desktop/python/CS156-Machine-Learning/final/data/retail_images/segmented/shirt/anthropologie_blouses_75316587c320_seg.jpg,/Users/ashley/Desktop/python/CS156-Machine-Learning/final/data/retail_images/raw/shirt/anthropologie_blouses_75316587c320.webp,Shirt,405,382,RGB,ce4e5e0d668d126215a51f30d77a4d0a09d883da5bd393548ee1384cbc9b64dd,True,ok,segmented,0.119548066861341,False,True,segmented_crop,train
/Users/ashley/Desktop/python/CS156-Machine-Learning/final/data/retail_images/segmented/coat/reformation_outerwear_4da4866cc5a8_seg.jpg,/Users/ashley/Desktop/python/CS156-Machine-Learning/final/data/retail_images/raw/coat/reformation_outerwear_4da4866cc5a8.jpg,Coat,277,236,RGB,bf26c4e06950c7586abb851eeadedcd102a7044dd7bc09d2bddb90bca1cac5b0,True,ok,segmented,0.0699833333333333,False,True,segmented_crop,train
/Users/ashley/Desktop/python/CS156-Machine-Learning/final/data/retail_images/segmented/t_shirt_top/brandy_melville_tops_page_4_137ee632ca9b_seg.jpg,/Users/ashley/Desktop/python/CS156-Machine-Learning/final/data/retail_images/raw/t_shirt_top/brandy_melville_tops_page_4_137ee632ca9b.jpg,T-shirt/top,237,257,RGB,ea96f465663ddcaf368ed7b02e05ca4d00c92b2ef636663339219146ea9c401f,True,ok,segmented,0.1770164609053497,False,True,segmented_crop,train
/Users/ashley/Desktop/python/CS156-Machine-Learning/final/data/retail_images/segmented/t_shirt_top/brandy_melville_tops_9acfea72b4f9_seg.jpg,/Users/ashley/Desktop/python/CS156-Machine-Learning/final/data/retail_images/raw/t_shirt_top/brandy_melville_tops_9acfea72b4f9.jpg,T-shirt/top,177,246,RGB,54f0633b5629e4b1d8a400c498580367ba135cbf1230f381f775b6d686b12e5b,True,ok,segmented,0.13059670781893,False,True,segmented_crop,train
/Users/ashley/Desktop/python/CS156-Machine-Learning/final/data/retail_images/segmented/coat/reformation_jackets_and_coats_1ecf8117cc1b_seg.jpg,/Users/ashley/Desktop/python/CS156-Machine-Learning/final/data/retail_images/raw/coat/reformation_jackets_and_coats_1ecf8117cc1b.jpg,Coat,600,539,RGB,730b11048d09a939e237c84cd68dfc75904db08bd67ef55e471dfff714f91cd6,True,ok,segmented,0.4886,False,True,segmented_crop,train
/Users/ashley/Desktop/python/CS156-Machine-Learning/final/data/retail_images/segmented/dress/anthropologie_dresses_9f0301d40c25_seg.jpg,/Users/ashley/Desktop/python/CS156-Machine-Learning/final/data/retail_images/raw/dress/anthropologie_dresses_9f0301d40c25.jpg,Dress,178,407,RGB,335714f7935102825b9045f3f5bbc77f258b6fc49f4a79d7e9a89a10669e76d2,True,ok,segmented,0.1969352479359218,False,True,segmented_crop,train
data/retail_images/raw/sandal/anthropologie_sandals_3a19c41f3e72.jpg,data/retail_images/raw/sandal/anthropologie_sandals_3a19c41f3e72.jpg,Sandal,349,523,RGB,be79f4543cb7beff60d9f8f2ba1f33f2b5526eabc3acf8851d25d435c026d311,True,ok,not_used,0.0,False,True,raw_full_footwear,train
/Users/ashley/Desktop/python/CS156-Machine-Learning/final/data/retail_images/segmented/trouser/brandy_melville_pants_91732ff018e5_seg.jpg,/Users/ashley/Desktop/python/CS156-Machine-Learning/final/data/retail_images/raw/trouser/brandy_melville_pants_91732ff018e5.jpg,Trouser,162,460,RGB,a9472abf96d118c172eab5648c6d6cfe82f01d61f4bb8d164f2836f1387f5e95,True,ok,segmented,0.2119598765432098,False,True,segmented_crop,train
/Users/ashley/Desktop/python/CS156-Machine-Learning/final/data/retail_images/segmented/pullover/princess_polly_sweaters_645d5f330caa_seg.jpg,/Users/ashley/Desktop/python/CS156-Machine-Learning/final/data/retail_images/raw/pullover/princess_polly_sweaters_645d5f330caa.jpg,Pullover,1169,1176,RGB,0085eeb9f9dbe090df4234f1b5b794bb86c3d292afc859c4d460bb1d856110dc,True,ok,segmented,0.2062843406593406,False,True,segmented_crop,train
/Users/ashley/Desktop/python/CS156-Machine-Learning/final/data/retail_images/segmented/pullover/reformation_sweaters_f2218c440e44_seg.jpg,/Users/ashley/Desktop/python/CS156-Machine-Learning/final/data/retail_images/raw/pullover/reformation_sweaters_f2218c440e44.jpg,Pullover,538,602,RGB,2f5e276c5a7e96ed79415d0a450f4e751611fe998c9a0783344503e41d08848f,True,ok,segmented,0.4252666666666667,False,True,segmented_crop,train
/Users/ashley/Desktop/python/CS156-Machine-Learning/final/data/retail_images/segmented/trouser/brandy_melville_pants_7ec5ff3d603c_seg.jpg,/Users/ashley/Desktop/python/CS156-Machine-Learning/final/data/retail_images/raw/trouser/brandy_melville_pants_7ec5ff3d603c.jpg,Trouser,344,741,RGB,231b951b948dbe9d7186da52bc5d2c409f98927ef72b396b6b9cf7648bb43705,True,ok,segmented,0.3297138836772983,False,True,segmented_crop,train
/Users/ashley/Desktop/python/CS156-Machine-Learning/final/data/retail_images/segmented/t_shirt_top/brandy_melville_tops_d79b1a141104_seg.jpg,/Users/ashley/Desktop/python/CS156-Machine-Learning/final/data/retail_images/raw/t_shirt_top/brandy_melville_tops_d79b1a141104.jpg,T-shirt/top,177,204,RGB,82a1cdd665d8a387cd48fa93a9db375b12bd990625db4bf164f08ee2dd877d11,True,ok,segmented,0.084753086419753,False,True,segmented_crop,train
/Users/ashley/Desktop/python/CS156-Machine-Learning/final/data/retail_images/segmented/coat/reformation_outerwear_e79a66f58d40_seg.jpg,/Users/ashley/Desktop/python/CS156-Machine-Learning/final/data/retail_images/raw/coat/reformation_outerwear_e79a66f58d40.jpg,Coat,173,213,RGB,ead34e4451fce61816a32b96b0fdff81723588a9e193dfba0b59657456b71f37,True,ok,segmented,0.1048271052864606,False,True,segmented_crop,train
/Users/ashley/Desktop/python/CS156-Machine-Learning/final/data/retail_images/segmented/bag/anthropologie_bags_bc7a978e3692_seg.jpg,/Users/ashley/Desktop/python/CS156-Machine-Learning/final/data/retail_images/raw/bag/anthropologie_bags_bc7a978e3692.jpg,Bag,337,466,RGB,bee63806ab4585b8bb8ed44f9b89b3af4165af03372cefe2c418ea16cde36521,True,ok,segmented,0.162666345253031,False,True,segmented_crop,train
data/retail_images/raw/ankle_boot/anthropologie_boot_shop_ddd90f978a1a.webp,data/retail_images/raw/ankle_boot/anthropologie_boot_shop_ddd90f978a1a.webp,Ankle boot,349,523,RGB,11b73fb6f7c25cd74969a2e86759b3ec23a33738f629a64553c5769a249704e2,True,ok,not_used,0.0,False,True,raw_full_footwear,train
data/retail_images/raw/sandal/princess_polly_sandals_30904d24464a.jpg,data/retail_images/raw/sandal/princess_polly_sandals_30904d24464a.jpg,Sandal,1344,1820,RGB,6c237bd1cb58146db0b05ebab1a0b703122f41c86cebc1aeb84cfefbd19458ca,True,ok,not_used,0.0,False,True,raw_full_footwear,train
/Users/ashley/Desktop/python/CS156-Machine-Learning/final/data/retail_images/segmented/pullover/anthropologie_sweaters_585188a25b8a_seg.jpg,/Users/ashley/Desktop/python/CS156-Machine-Learning/final/data/retail_images/raw/pullover/anthropologie_sweaters_585188a25b8a.jpg,Pullover,314,334,RGB,8f82c031e772493a647489a43bfcfd333e2bf5eac6fb49bc14bce54eed2d7baf,True,ok,segmented,0.2000142444679417,False,True,segmented_crop,train
/Users/ashley/Desktop/python/CS156-Machine-Learning/final/data/retail_images/segmented/t_shirt_top/brandy_melville_tops_page_4_a3f47dd459cc_seg.jpg,/Users/ashley/Desktop/python/CS156-Machine-Learning/final/data/retail_images/raw/t_shirt_top/brandy_melville_tops_page_4_a3f47dd459cc.jpg,T-shirt/top,395,582,RGB,e889327b51086898fb162833007bb78aaddd9f71e6460930b80250748e7b5283,True,ok,segmented,0.2949249530956848,False,True,segmented_crop,train
data/retail_images/raw/ankle_boot/princess_polly_boots_7515b5873441.jpg,data/retail_images/raw/ankle_boot/princess_polly_boots_7515b5873441.jpg,Ankle boot,1344,1820,RGB,9e4014e4f9443413956f7e822bfcb5bf17f9ebcd00270fd4e084939aeef9dfcc,True,ok,not_used,0.0,False,True,raw_full_footwear,train
/Users/ashley/Desktop/python/CS156-Machine-Learning/final/data/retail_images/segmented/coat/reformation_jackets_and_coats_4a661b8dcf6e_seg.jpg,/Users/ashley/Desktop/python/CS156-Machine-Learning/final/data/retail_images/raw/coat/reformation_jackets_and_coats_4a661b8dcf6e.jpg,Coat,250,323,RGB,6ffd2e807209697e6df0dd661c978bb7b949b28bcf075711d7bbe8e023edbb0e,True,ok,segmented,0.0635791666666666,False,True,segmented_crop,train
data/retail_images/raw/ankle_boot/princess_polly_boots_a8e5624b5df4.jpg,data/retail_images/raw/ankle_boot/princess_polly_boots_a8e5624b5df4.jpg,Ankle boot,1345,1820,RGB,f84e42441f5b6f7745e387fee67b36ba7af180a10e9500e3dfafa75788026519,True,ok,not_used,0.0,False,True,raw_full_footwear,train
/Users/ashley/Desktop/python/CS156-Machine-Learning/final/data/retail_images/segmented/pullover/reformation_sweaters_7511e6c7daf1_seg.jpg,/Users/ashley/Desktop/python/CS156-Machine-Learning/final/data/retail_images/raw/pullover/reformation_sweaters_7511e6c7daf1.jpg,Pullover,170,333,RGB,203c26085f4a49a88384ef8bf9548a7c96f9b52d87d6b3162d1f8814bf07bd41,True,ok,segmented,0.0501583333333333,False,True,segmented_crop,train
/Users/ashley/Desktop/python/CS156-Machine-Learning/final/data/retail_images/segmented/pullover/reformation_sweaters_c4f5a89ac9a5_seg.jpg,/Users/ashley/Desktop/python/CS156-Machine-Learning/final/data/retail_images/raw/pullover/reformation_sweaters_c4f5a89ac9a5.jpg,Pullover,391,552,RGB,b8cc5ea406529047774ae7a9d14d087c962f24bec62abcbc7ec24cddcfd0b9dc,True,ok,segmented,0.1592791666666666,False,True,segmented_crop,train
/Users/ashley/Desktop/python/CS156-Machine-Learning/final/data/retail_images/segmented/trouser/princess_polly_pants_aa1f411573b1_seg.jpg,/Users/ashley/Desktop/python/CS156-Machine-Learning/final/data/retail_images/raw/trouser/princess_polly_pants_aa1f411573b1.jpg,Trouser,581,1097,RGB,e3962da55aa63bc4c85073ec43de869d649506adc1f3952e23eaddc649b7efb7,True,ok,segmented,0.1189991384426246,False,True,segmented_crop,train
/Users/ashley/Desktop/python/CS156-Machine-Learning/final/data/retail_images/segmented/pullover/reformation_sweaters_7fe2d8054e22_seg.jpg,/Users/ashley/Desktop/python/CS156-Machine-Learning/final/data/retail_images/raw/pullover/reformation_sweaters_7fe2d8054e22.jpg,Pullover,591,800,RGB,aabfe304cffcb726e43d4bd928f6e2563350b583aecf468cbbc98d7699186d96,True,ok,segmented,0.5674375,False,True,segmented_crop,train
/Users/ashley/Desktop/python/CS156-Machine-Learning/final/data/retail_images/segmented/t_shirt_top/brandy_melville_tops_7ac5da8696cf_seg.jpg,/Users/ashley/Desktop/python/CS156-Machine-Learning/final/data/retail_images/raw/t_shirt_top/brandy_melville_tops_7ac5da8696cf.jpg,T-shirt/top,264,302,RGB,2e213b2a790261f1fcb8b02b1de4822384d93e83d05bc7b9582979e21ee57471,True,ok,segmented,0.0846482176360225,False,True,segmented_crop,train
/Users/ashley/Desktop/python/CS156-Machine-Learning/final/data/retail_images/segmented/trouser/princess_polly_pants_abce4b849aa1_seg.jpg,/Users/ashley/Desktop/python/CS156-Machine-Learning/final/data/retail_images/raw/trouser/princess_polly_pants_abce4b849aa1.jpg,Trouser,404,736,RGB,cc56bf59b227fb434664e3ad338190b0187063f9686b87c47586b104c8820a01,True,ok,segmented,0.0683863719923199,False,True,segmented_crop,train
/Users/ashley/Desktop/python/CS156-Machine-Learning/final/data/retail_images/segmented/bag/anthropologie_bags_06065fa786a8_seg.jpg,/Users/ashley/Desktop/python/CS156-Machine-Learning/final/data/retail_images/raw/bag/anthropologie_bags_06065fa786a8.jpg,Bag,321,382,RGB,348488ae6ff34e79e8b17d7348819672023cb85cd1f8281775f36908ddd91a8d,True,ok,segmented,0.1659151796720485,False,True,segmented_crop,train
/Users/ashley/Desktop/python/CS156-Machine-Learning/final/data/retail_images/segmented/t_shirt_top/brandy_melville_tops_122926b64062_seg.jpg,/Users/ashley/Desktop/python/CS156-Machine-Learning/final/data/retail_images/raw/t_shirt_top/brandy_melville_tops_122926b64062.jpg,T-shirt/top,495,564,RGB,08edbfb9382f5b5ca1ee4c661b969ecf3b1570f6f6bd895940bfa556dfb552c7,True,ok,segmented,0.084406,False,True,segmented_crop,train
data/retail_images/raw/sneaker/urban_outfitters_sneakers_5cb06834d7ac.jpg,data/retail_images/raw/sneaker/urban_outfitters_sneakers_5cb06834d7ac.jpg,Sneaker,450,675,RGB,1e4104c5b39e4dccbc8ea647ae419a3e327bc163b4ac6b41cc1335911a7be44c,True,ok,not_used,0.0,False,True,raw_full_footwear,train
/Users/ashley/Desktop/python/CS156-Machine-Learning/final/data/retail_images/segmented/bag/princess_polly_bags_1f79e87cb9a4_seg.jpg,/Users/ashley/Desktop/python/CS156-Machine-Learning/final/data/retail_images/raw/bag/princess_polly_bags_1f79e87cb9a4.jpg,Bag,743,1264,RGB,18eeeab9a358b0ae9dba469fb2405b374e49770ca55b414a5e5e0efec7bcf143,True,ok,segmented,0.1055063611983254,False,True,segmented_crop,train
/Users/ashley/Desktop/python/CS156-Machine-Learning/final/data/retail_images/segmented/t_shirt_top/brandy_melville_tops_29cb6aeb56af_seg.jpg,/Users/ashley/Desktop/python/CS156-Machine-Learning/final/data/retail_images/raw/t_shirt_top/brandy_melville_tops_29cb6aeb56af.jpg,T-shirt/top,546,603,RGB,bd84eaa6b63930971ea2da74c8c5c22509dbe07521f2583363af085be06be7b2,True,ok,segmented,0.0931986666666666,False,True,segmented_crop,train
/Users/ashley/Desktop/python/CS156-Machine-Learning/final/data/retail_images/segmented/pullover/princess_polly_sweaters_da58a62ce67c_seg.jpg,/Users/ashley/Desktop/python/CS156-Machine-Learning/final/data/retail_images/raw/pullover/princess_polly_sweaters_da58a62ce67c.jpg,Pullover,1183,957,RGB,defcb30be55a7ca4acad37fbc0557ff80dc205c9ab169a4cc043b9e45ae56fdd,True,ok,segmented,0.1934278519099947,False,True,segmented_crop,train
/Users/ashley/Desktop/python/CS156-Machine-Learning/final/data/retail_images/segmented/pullover/anthropologie_sweaters_5d9388fd6c20_seg.jpg,/Users/ashley/Desktop/python/CS156-Machine-Learning/final/data/retail_images/raw/pullover/anthropologie_sweaters_5d9388fd6c20.jpg,Pullover,349,492,RGB,7c4ed22f4423efb6809f4322220a5af6830e81643b3299d5173d266df8851c6b,True,ok,segmented,0.4761377768768456,False,True,segmented_crop,train
data/retail_images/raw/ankle_boot/princess_polly_boots_363ace787cd6.jpg,data/retail_images/raw/ankle_boot/princess_polly_boots_363ace787cd6.jpg,Ankle boot,1344,1820,RGB,af3dfc54c944fbc1c2518be1046f77536d9b1b57bdd90abb4f8a0b64c9170a85,True,ok,not_used,0.0,False,True,raw_full_footwear,train
data/retail_images/raw/sneaker/urban_outfitters_sneakers_a089ff26a284.webp,data/retail_images/raw/sneaker/urban_outfitters_sneakers_a089ff26a284.webp,Sneaker,698,1046,RGB,c849a10dea0bd32f8392849d5eef5a82325cf932756f7194d6c2f990c4832cc6,True,ok,not_used,0.0,False,True,raw_full_footwear,train
/Users/ashley/Desktop/python/CS156-Machine-Learning/final/data/retail_images/segmented/t_shirt_top/brandy_melville_tops_36335c06df7d_seg.jpg,/Users/ashley/Desktop/python/CS156-Machine-Learning/final/data/retail_images/raw/t_shirt_top/brandy_melville_tops_36335c06df7d.jpg,T-shirt/top,290,349,RGB,8db83442ee124589b3b6b371d82e59782f8af928a2de729bda615b7d4495fa8e,True,ok,segmented,0.1161257035647279,False,True,segmented_crop,train
data/retail_images/raw/sneaker/urban_outfitters_sneakers_5b18efdbdf8d.jpg,data/retail_images/raw/sneaker/urban_outfitters_sneakers_5b18efdbdf8d.jpg,Sneaker,450,675,RGB,bd9e381ef1fdcc943f0300c8bbce41765a3f80eacea9e0a47fe51e49e229362b,True,ok,not_used,0.0,False,True,raw_full_footwear,train
data/retail_images/raw/sneaker/anthropologie_sneakers_ea4806bca7cc.jpg,data/retail_images/raw/sneaker/anthropologie_sneakers_ea4806bca7cc.jpg,Sneaker,349,523,RGB,3822a976e12416ead677970f6072a3c1ea734857597801c68c4146eea226603d,True,ok,not_used,0.0,False,True,raw_full_footwear,train
/Users/ashley/Desktop/python/CS156-Machine-Learning/final/data/retail_images/segmented/trouser/princess_polly_pants_5e70392bfa20_seg.jpg,/Users/ashley/Desktop/python/CS156-Machine-Learning/final/data/retail_images/raw/trouser/princess_polly_pants_5e70392bfa20.jpg,Trouser,668,1451,RGB,67197b4f782fe47a6fe42f579481f5376b6f7faa5e50240a0a0fbac73bee4024,True,ok,segmented,0.2016250663834307,False,True,segmented_crop,train
/Users/ashley/Desktop/python/CS156-Machine-Learning/final/data/retail_images/segmented/trouser/princess_polly_pants_cae0323621a1_seg.jpg,/Users/ashley/Desktop/python/CS156-Machine-Learning/final/data/retail_images/raw/trouser/princess_polly_pants_cae0323621a1.jpg,Trouser,911,1662,RGB,bb002c2715030aea6ea5523e701a9746e63872b23bd28d0ba6bdb24190be56d7,True,ok,segmented,0.262452715020343,False,True,segmented_crop,train
/Users/ashley/Desktop/python/CS156-Machine-Learning/final/data/retail_images/segmented/coat/princess_polly_jackets_6bd564c5f9be_seg.jpg,/Users/ashley/Desktop/python/CS156-Machine-Learning/final/data/retail_images/raw/coat/princess_polly_jackets_6bd564c5f9be.jpg,Coat,1249,1628,RGB,829619859c1215584ae4c72090336a7babfc5a11da765b7fe8941865c7aa6f73,True,ok,segmented,0.4273057299843014,False,True,segmented_crop,train
/Users/ashley/Desktop/python/CS156-Machine-Learning/final/data/retail_images/segmented/t_shirt_top/brandy_melville_tops_page_4_f57e778ce3e6_seg.jpg,/Users/ashley/Desktop/python/CS156-Machine-Learning/final/data/retail_images/raw/t_shirt_top/brandy_melville_tops_page_4_f57e778ce3e6.jpg,T-shirt/top,352,424,RGB,4eeafd13f51e42d558f7334c8bc9c39b1386287a098074633a4f298a44e7a4f1,True,ok,segmented,0.3260390946502057,False,True,segmented_crop,train
data/retail_images/raw/sneaker/urban_outfitters_sneakers_0265f48296f5.jpg,data/retail_images/raw/sneaker/urban_outfitters_sneakers_0265f48296f5.jpg,Sneaker,450,675,RGB,478ee931ff47fc0ebaaca1fea6ab34a7c25853bff6a1e22945a8c09eb63688ea,True,ok,not_used,0.0,False,True,raw_full_footwear,train
data/retail_images/raw/sneaker/urban_outfitters_sneakers_1309471f9807.jpg,data/retail_images/raw/sneaker/urban_outfitters_sneakers_1309471f9807.jpg,Sneaker,450,675,RGB,77aff2f9d12b07b3effb8a85e8f6a7ec40f6f657987557f5fdb512a8c270c3b8,True,ok,not_used,0.0,False,True,raw_full_footwear,train
/Users/ashley/Desktop/python/CS156-Machine-Learning/final/data/retail_images/segmented/coat/reformation_jackets_and_coats_1c532533cdb2_seg.jpg,/Users/ashley/Desktop/python/CS156-Machine-Learning/final/data/retail_images/raw/coat/reformation_jackets_and_coats_1c532533cdb2.jpg,Coat,252,315,RGB,68dc83c09b0181265b4b03a51dc237dc6070212ab84f0f8f47e6ac017e0d65be,True,ok,segmented,0.0799520833333333,False,True,segmented_crop,train
/Users/ashley/Desktop/python/CS156-Machine-Learning/final/data/retail_images/segmented/dress/reformation_dresses_ab795ec1bf46_seg.jpg,/Users/ashley/Desktop/python/CS156-Machine-Learning/final/data/retail_images/raw/dress/reformation_dresses_ab795ec1bf46.jpg,Dress,600,636,RGB,55ea3fc324ff0040e33ef285e3bdec781ae90ea5e10a2b908a16942113371223,True,ok,segmented,0.30999375,False,True,segmented_crop,train
data/retail_images/raw/sneaker/princess_polly_sneakers_d8e065798f34.jpg,data/retail_images/raw/sneaker/princess_polly_sneakers_d8e065798f34.jpg,Sneaker,1344,1820,RGB,7d3b767cf8062798cd1018ede3903c1ebbdd846b2b22ff28729d5f7e569a24ba,True,ok,not_used,0.0,False,True,raw_full_footwear,train
data/retail_images/raw/sandal/princess_polly_sandals_6bd551807d42.jpg,data/retail_images/raw/sandal/princess_polly_sandals_6bd551807d42.jpg,Sandal,1345,1820,RGB,98b4f44322c3a31ab46f3b99c4b5ae0bee83cc0fca3b61b7590a4b88c1662272,True,ok,not_used,0.0,False,True,raw_full_footwear,train
/Users/ashley/Desktop/python/CS156-Machine-Learning/final/data/retail_images/segmented/bag/princess_polly_bags_42edb0cb58b9_seg.jpg,/Users/ashley/Desktop/python/CS156-Machine-Learning/final/data/retail_images/raw/bag/princess_polly_bags_42edb0cb58b9.jpg,Bag,1171,1346,RGB,bd24ff279414ba235087f34fbb5b898c87ece0ae6518b3d20a6841155bc7b3b7,True,ok,segmented,0.1124947914538992,False,True,segmented_crop,train
/Users/ashley/Desktop/python/CS156-Machine-Learning/final/data/retail_images/segmented/t_shirt_top/brandy_melville_tops_page_4_b1aaf778efdd_seg.jpg,/Users/ashley/Desktop/python/CS156-Machine-Learning/final/data/retail_images/raw/t_shirt_top/brandy_melville_tops_page_4_b1aaf778efdd.jpg,T-shirt/top,325,392,RGB,689a217f36a28fc374f98c2272e22138d72cb70550c3dc0bf50552da74b39fe4,True,ok,segmented,0.1156425891181988,False,True,segmented_crop,train
/Users/ashley/Desktop/python/CS156-Machine-Learning/final/data/retail_images/segmented/coat/reformation_jackets_and_coats_1876ebdcfe74_seg.jpg,/Users/ashley/Desktop/python/CS156-Machine-Learning/final/data/retail_images/raw/coat/reformation_jackets_and_coats_1876ebdcfe74.jpg,Coat,424,565,RGB,59d47ae0e6b8906c01b18be5507c3cea9ae662a8f493887e06c53d187970fc25,True,ok,segmented,0.2739270833333333,False,True,segmented_crop,train
data/retail_images/raw/sandal/urban_outfitters_sandals_ed7ac690dfa2.jpg,data/retail_images/raw/sandal/urban_outfitters_sandals_ed7ac690dfa2.jpg,Sandal,450,675,RGB,43a9b893c9c2f9182eeb02ddb1a74bb9fd41fb1c424874abcd7a00589c43e4bd,True,ok,not_used,0.0,False,True,raw_full_footwear,train
/Users/ashley/Desktop/python/CS156-Machine-Learning/final/data/retail_images/segmented/trouser/brandy_melville_pants_689332e2b7a6_seg.jpg,/Users/ashley/Desktop/python/CS156-Machine-Learning/final/data/retail_images/raw/trouser/brandy_melville_pants_689332e2b7a6.jpg,Trouser,192,510,RGB,9cf683209bfa54a58e5a173f20143ab18fea3ea2b0e2c858f747307555e24277,True,ok,segmented,0.0704127579737335,False,True,segmented_crop,train
/Users/ashley/Desktop/python/CS156-Machine-Learning/final/data/retail_images/segmented/shirt/princess_polly_button_ups_817f47662bae_seg.jpg,/Users/ashley/Desktop/python/CS156-Machine-Learning/final/data/retail_images/raw/shirt/princess_polly_button_ups_817f47662bae.jpg,Shirt,904,985,RGB,4fd0c21c10673f9e2affa47f83ea4dc4ce3c6943221ce88ba3be94afaea972b3,True,ok,segmented,0.173945251177394,False,True,segmented_crop,train
/Users/ashley/Desktop/python/CS156-Machine-Learning/final/data/retail_images/segmented/trouser/princess_polly_pants_eb5523e8d8e5_seg.jpg,/Users/ashley/Desktop/python/CS156-Machine-Learning/final/data/retail_images/raw/trouser/princess_polly_pants_eb5523e8d8e5.jpg,Trouser,554,1305,RGB,4a2de4bb384afb260cacc23dd4157f8c4e977ae9ca23db21275cd72b7e42ebd4,True,ok,segmented,0.1667376118305486,False,True,segmented_crop,train
/Users/ashley/Desktop/python/CS156-Machine-Learning/final/data/retail_images/segmented/trouser/princess_polly_pants_51ee198c7eb6_seg.jpg,/Users/ashley/Desktop/python/CS156-Machine-Learning/final/data/retail_images/raw/trouser/princess_polly_pants_51ee198c7eb6.jpg,Trouser,533,1191,RGB,40e4e8d2b99f11a6fa71f4d4af60c276fa0bd23e081316c092b7012417a68882,True,ok,segmented,0.1102891156462585,False,True,segmented_crop,train
data/retail_images/raw/sneaker/anthropologie_sneakers_09ea2522c162.webp,data/retail_images/raw/sneaker/anthropologie_sneakers_09ea2522c162.webp,Sneaker,698,1046,RGB,9171aba459686d2f3d5b4cf638b25d693dfed0bcf795772de6e8ab855bd73a95,True,ok,not_used,0.0,False,True,raw_full_footwear,train
/Users/ashley/Desktop/python/CS156-Machine-Learning/final/data/retail_images/segmented/shirt/princess_polly_button_ups_5554d3d58730_seg.jpg,/Users/ashley/Desktop/python/CS156-Machine-Learning/final/data/retail_images/raw/shirt/princess_polly_button_ups_5554d3d58730.jpg,Shirt,1345,1346,RGB,334c00f3afc884540d28efd6eeb5a29789e0c8de55c74c697d95f78543942a97,True,ok,segmented,0.3084766938383053,False,True,segmented_crop,train
/Users/ashley/Desktop/python/CS156-Machine-Learning/final/data/retail_images/segmented/coat/princess_polly_jackets_7b274a6fddc1_seg.jpg,/Users/ashley/Desktop/python/CS156-Machine-Learning/final/data/retail_images/raw/coat/princess_polly_jackets_7b274a6fddc1.jpg,Coat,802,815,RGB,22b6df8b4b94127ae9d938dd7741d9cf077d67cb35613be70561eaeb7e80ebe8,True,ok,segmented,0.111477138932496,False,True,segmented_crop,train
data/retail_images/raw/sandal/urban_outfitters_sandals_9853dbdf1d9d.webp,data/retail_images/raw/sandal/urban_outfitters_sandals_9853dbdf1d9d.webp,Sandal,698,1046,RGB,3c3b7da97148e3d691ba97d4ba31eb5d5c44acf253283d9a8b212c95b4d7bd2d,True,ok,not_used,0.0,False,True,raw_full_footwear,train
/Users/ashley/Desktop/python/CS156-Machine-Learning/final/data/retail_images/segmented/coat/reformation_outerwear_5652d8dd7c0c_seg.jpg,/Users/ashley/Desktop/python/CS156-Machine-Learning/final/data/retail_images/raw/coat/reformation_outerwear_5652d8dd7c0c.jpg,Coat,249,265,RGB,b17e4d44d2be7549e8c192d6a1329a44e012dbcfe0762fd427e608dda0ff0fc8,True,ok,segmented,0.07796875,False,True,segmented_crop,train
/Users/ashley/Desktop/python/CS156-Machine-Learning/final/data/retail_images/segmented/trouser/brandy_melville_pants_31634eb578a1_seg.jpg,/Users/ashley/Desktop/python/CS156-Machine-Learning/final/data/retail_images/raw/trouser/brandy_melville_pants_31634eb578a1.jpg,Trouser,228,330,RGB,6fe561456ae3d6453125ccb3267bc5fa819d8ec547ca0679254daad76adfd6a5,True,ok,segmented,0.0888555347091932,False,True,segmented_crop,train
/Users/ashley/Desktop/python/CS156-Machine-Learning/final/data/retail_images/segmented/bag/princess_polly_bags_fe02f4312886_seg.jpg,/Users/ashley/Desktop/python/CS156-Machine-Learning/final/data/retail_images/raw/bag/princess_polly_bags_fe02f4312886.jpg,Bag,934,1397,RGB,6cfcc16ab7a877e9290e195dbde1af7197fedf109dfb3a9121d17df6ce6147e4,True,ok,segmented,0.1506802721088435,False,True,segmented_crop,train
/Users/ashley/Desktop/python/CS156-Machine-Learning/final/data/retail_images/segmented/trouser/princess_polly_pants_bc038cc3603c_seg.jpg,/Users/ashley/Desktop/python/CS156-Machine-Learning/final/data/retail_images/raw/trouser/princess_polly_pants_bc038cc3603c.jpg,Trouser,397,1004,RGB,bc38ba7c7ce06055befcf46dd8ca633c7e0475fa7343c200fbae80823a1be320,True,ok,segmented,0.0882064364207221,False,True,segmented_crop,train
/Users/ashley/Desktop/python/CS156-Machine-Learning/final/data/retail_images/segmented/t_shirt_top/brandy_melville_tops_f0064e8fece7_seg.jpg,/Users/ashley/Desktop/python/CS156-Machine-Learning/final/data/retail_images/raw/t_shirt_top/brandy_melville_tops_f0064e8fece7.jpg,T-shirt/top,349,585,RGB,2aa7af251dd91fd5a5a1bbbb6486835792c48bf230cfe9d0d466bd0a2acae022,True,ok,segmented,0.2465290806754221,False,True,segmented_crop,train
/Users/ashley/Desktop/python/CS156-Machine-Learning/final/data/retail_images/segmented/trouser/brandy_melville_pants_9ebaeaef044e_seg.jpg,/Users/ashley/Desktop/python/CS156-Machine-Learning/final/data/retail_images/raw/trouser/brandy_melville_pants_9ebaeaef044e.jpg,Trouser,232,502,RGB,3dcca7db7c823b7c3dfcc1cdb628abd66c8663b8346ac57dce278ff3df1ab06f,True,ok,segmented,0.3300977366255144,False,True,segmented_crop,train
/Users/ashley/Desktop/python/CS156-Machine-Learning/final/data/retail_images/segmented/coat/reformation_jackets_and_coats_0afc2460959e_seg.jpg,/Users/ashley/Desktop/python/CS156-Machine-Learning/final/data/retail_images/raw/coat/reformation_jackets_and_coats_0afc2460959e.jpg,Coat,265,592,RGB,b71fc7b9c03cfea61ad36aa0709575973cf4ebfb601dfd46374d57260aab87de,True,ok,segmented,0.1578645833333333,False,True,segmented_crop,train
data/retail_images/raw/ankle_boot/anthropologie_boot_shop_bf244bcdd0e8.jpg,data/retail_images/raw/ankle_boot/anthropologie_boot_shop_bf244bcdd0e8.jpg,Ankle boot,349,523,RGB,0adcc0fc9e749e9d94522d8267e8eb98a0f544a10e46efbfe552840cea108af4,True,ok,not_used,0.0,False,True,raw_full_footwear,train
/Users/ashley/Desktop/python/CS156-Machine-Learning/final/data/retail_images/segmented/shirt/princess_polly_button_ups_e087e84fd009_seg.jpg,/Users/ashley/Desktop/python/CS156-Machine-Learning/final/data/retail_images/raw/shirt/princess_polly_button_ups_e087e84fd009.jpg,Shirt,1135,1439,RGB,82f10c58ad01d9c4cfbd5c7ae2da554d3d06e0e101871a52f0a71d2eee9cf7f3,True,ok,segmented,0.2977413293026676,False,True,segmented_crop,train
/Users/ashley/Desktop/python/CS156-Machine-Learning/final/data/retail_images/segmented/trouser/princess_polly_pants_dc43925bb231_seg.jpg,/Users/ashley/Desktop/python/CS156-Machine-Learning/final/data/retail_images/raw/trouser/princess_polly_pants_dc43925bb231.jpg,Trouser,425,1252,RGB,7ba26877b4a8ba697df0ed8fed8dee474e5abc366dbc6115e32d623e06f8803f,True,ok,segmented,0.1341545814780015,False,True,segmented_crop,train
/Users/ashley/Desktop/python/CS156-Machine-Learning/final/data/retail_images/segmented/pullover/princess_polly_sweaters_c7b10781dedf_seg.jpg,/Users/ashley/Desktop/python/CS156-Machine-Learning/final/data/retail_images/raw/pullover/princess_polly_sweaters_c7b10781dedf.jpg,Pullover,1205,1197,RGB,043c371807bd0f80a863988412d2d7791251288df8bbe62d44648c535e3d83a7,True,ok,segmented,0.2816672704584792,False,True,segmented_crop,train
/Users/ashley/Desktop/python/CS156-Machine-Learning/final/data/retail_images/segmented/t_shirt_top/brandy_melville_tops_26b2bc1908d9_seg.jpg,/Users/ashley/Desktop/python/CS156-Machine-Learning/final/data/retail_images/raw/t_shirt_top/brandy_melville_tops_26b2bc1908d9.jpg,T-shirt/top,237,308,RGB,75da029b0bb3818b6317253a3dc355dee2c383036fe41017b1f1b6db1475d0e1,True,ok,segmented,0.1921604938271605,False,True,segmented_crop,train
data/retail_images/raw/sandal/anthropologie_sandals_f4d9bd0bbf18.jpg,data/retail_images/raw/sandal/anthropologie_sandals_f4d9bd0bbf18.jpg,Sandal,267,400,RGB,db02d56e102b9cc96d7531b4f51449fbc3a4cd9992e338f33512dd6c589f051c,True,ok,not_used,0.0,False,True,raw_full_footwear,train
/Users/ashley/Desktop/python/CS156-Machine-Learning/final/data/retail_images/segmented/bag/princess_polly_bags_22f97165eff1_seg.jpg,/Users/ashley/Desktop/python/CS156-Machine-Learning/final/data/retail_images/raw/bag/princess_polly_bags_22f97165eff1.jpg,Bag,653,1393,RGB,bfdac405e81c48624e15f926116d5bae71abbf642dee2a68232fb733e75c6081,True,ok,segmented,0.1515821232339089,False,True,segmented_crop,train
data/retail_images/raw/ankle_boot/princess_polly_boots_106ecc1df4b6.jpg,data/retail_images/raw/ankle_boot/princess_polly_boots_106ecc1df4b6.jpg,Ankle boot,1344,1820,RGB,f079b056101a3b0c98ee46fe4bee6af26c71ed5c95a18c801243da917feb3669,True,ok,not_used,0.0,False,True,raw_full_footwear,train
/Users/ashley/Desktop/python/CS156-Machine-Learning/final/data/retail_images/segmented/bag/princess_polly_bags_915aa4be690a_seg.jpg,/Users/ashley/Desktop/python/CS156-Machine-Learning/final/data/retail_images/raw/bag/princess_polly_bags_915aa4be690a.jpg,Bag,886,1439,RGB,7362c01175a3e75281b1900e632a03e1e2ee363c45791a5aba76aa076ec72fb7,True,ok,segmented,0.1327188808215594,False,True,segmented_crop,train
/Users/ashley/Desktop/python/CS156-Machine-Learning/final/data/retail_images/segmented/t_shirt_top/brandy_melville_tops_page_4_fdd22e2e4ead_seg.jpg,/Users/ashley/Desktop/python/CS156-Machine-Learning/final/data/retail_images/raw/t_shirt_top/brandy_melville_tops_page_4_fdd22e2e4ead.jpg,T-shirt/top,228,303,RGB,7b96cd0a09da7acc60cbff90daba0bcb4241a113256b9e07ce79a287ad5ad0c1,True,ok,segmented,0.1868569958847736,False,True,segmented_crop,train
/Users/ashley/Desktop/python/CS156-Machine-Learning/final/data/retail_images/segmented/trouser/princess_polly_pants_bbf5cb0938f5_seg.jpg,/Users/ashley/Desktop/python/CS156-Machine-Learning/final/data/retail_images/raw/trouser/princess_polly_pants_bbf5cb0938f5.jpg,Trouser,1067,1820,RGB,8f9864c4f7b727b77fc340e09f1e564f821a3aad23f5deef1f65aa5f067e0e6d,True,ok,segmented,0.2998255647698027,False,True,segmented_crop,train
data/retail_images/raw/sandal/anthropologie_sandals_0132a973e475.jpg,data/retail_images/raw/sandal/anthropologie_sandals_0132a973e475.jpg,Sandal,349,523,RGB,e97c9f1948f237625cb1345469fc5bcaf4dfed465a0f8989be1905bf9f37305c,True,ok,not_used,0.0,False,True,raw_full_footwear,train
data/retail_images/raw/ankle_boot/princess_polly_boots_19114bdd35ad.jpg,data/retail_images/raw/ankle_boot/princess_polly_boots_19114bdd35ad.jpg,Ankle boot,2874,3891,RGB,71158bda4dbce70c8c16bbeba47c28d5ecca0a7dc065f34318afff4d501f1371,True,ok,not_used,0.0,False,True,raw_full_footwear,train
/Users/ashley/Desktop/python/CS156-Machine-Learning/final/data/retail_images/segmented/coat/reformation_outerwear_3c69163dc1e9_seg.jpg,/Users/ashley/Desktop/python/CS156-Machine-Learning/final/data/retail_images/raw/coat/reformation_outerwear_3c69163dc1e9.jpg,Coat,237,308,RGB,ce443845fc659e6d05726d8c368bf60a38303659b4844a6e4e69ebd8b6bc4a11,True,ok,segmented,0.0593020833333333,False,True,segmented_crop,train
/Users/ashley/Desktop/python/CS156-Machine-Learning/final/data/retail_images/segmented/pullover/reformation_sweaters_ce320d7369ef_seg.jpg,/Users/ashley/Desktop/python/CS156-Machine-Learning/final/data/retail_images/raw/pullover/reformation_sweaters_ce320d7369ef.jpg,Pullover,263,302,RGB,2407cf134725bd392b5c9624e09912d1d28e3168c94bd9f450c1dac9d382dd18,True,ok,segmented,0.08929375,False,True,segmented_crop,train
/Users/ashley/Desktop/python/CS156-Machine-Learning/final/data/retail_images/segmented/dress/princess_polly_dresses_c71d6fb7031e_seg.jpg,/Users/ashley/Desktop/python/CS156-Machine-Learning/final/data/retail_images/raw/dress/princess_polly_dresses_c71d6fb7031e.jpg,Dress,678,787,RGB,cd1e2199c7d273965f50f12fdbd2c1967f58b02cb5dbd3747b9b481894d2db21,True,ok,segmented,0.0993602008110936,False,True,segmented_crop,train
/Users/ashley/Desktop/python/CS156-Machine-Learning/final/data/retail_images/segmented/t_shirt_top/reformation_tops_ff03a6d1e56d_seg.jpg,/Users/ashley/Desktop/python/CS156-Machine-Learning/final/data/retail_images/raw/t_shirt_top/reformation_tops_ff03a6d1e56d.jpg,T-shirt/top,363,314,RGB,a865880a1507de5816c428ab5b1bc4317df9c3d4be3df2050f0fc68b09582f95,True,ok,segmented,0.0423,False,True,segmented_crop,train
/Users/ashley/Desktop/python/CS156-Machine-Learning/final/data/retail_images/segmented/pullover/princess_polly_sweaters_c6b4d84715de_seg.jpg,/Users/ashley/Desktop/python/CS156-Machine-Learning/final/data/retail_images/raw/pullover/princess_polly_sweaters_c6b4d84715de.jpg,Pullover,1038,1155,RGB,4073d2ead5d00325253ef6b2d8cea01608b89d2bb7c6960a06b4764c5ce57ad9,True,ok,segmented,0.2105781495290423,False,True,segmented_crop,train
/Users/ashley/Desktop/python/CS156-Machine-Learning/final/data/retail_images/segmented/t_shirt_top/reformation_tops_f7c1cc1a0140_seg.jpg,/Users/ashley/Desktop/python/CS156-Machine-Learning/final/data/retail_images/raw/t_shirt_top/reformation_tops_f7c1cc1a0140.jpg,T-shirt/top,600,421,RGB,2fcf06b3fcddb1fa6a56caa6f3debc8ab6a37e713f75166c92f310147e372927,True,ok,segmented,0.2243270833333333,False,True,segmented_crop,train
/Users/ashley/Desktop/python/CS156-Machine-Learning/final/data/retail_images/segmented/pullover/anthropologie_sweaters_1f0938d7aed4_seg.jpg,/Users/ashley/Desktop/python/CS156-Machine-Learning/final/data/retail_images/raw/pullover/anthropologie_sweaters_1f0938d7aed4.jpg,Pullover,215,221,RGB,b2d86ff04229072f9c51f1316e58bff41c121df44447fcff72d35cb3d99a6d40,True,ok,segmented,0.1119889112295715,False,True,segmented_crop,train
data/retail_images/raw/sneaker/anthropologie_sneakers_493fdd5dfdfb.jpg,data/retail_images/raw/sneaker/anthropologie_sneakers_493fdd5dfdfb.jpg,Sneaker,2880,500,RGB,ae9eafb63d3e400d1f47d07ffd9edb539558ac4472bcd6046bfeec2631b70d4b,True,ok,not_used,0.0,False,True,raw_full_footwear,train
data/retail_images/raw/sneaker/fashion_nova_sneakers_daa530edbabf.jpg,data/retail_images/raw/sneaker/fashion_nova_sneakers_daa530edbabf.jpg,Sneaker,700,1048,RGB,2bdaafebba5f1258f0974310c632d3da3ce22746aa59a36536bf9a1c95f36fd8,True,ok,not_used,0.0,False,True,raw_full_footwear,train
/Users/ashley/Desktop/python/CS156-Machine-Learning/final/data/retail_images/segmented/t_shirt_top/brandy_melville_tops_19014ea7fa64_seg.jpg,/Users/ashley/Desktop/python/CS156-Machine-Learning/final/data/retail_images/raw/t_shirt_top/brandy_melville_tops_19014ea7fa64.jpg,T-shirt/top,223,395,RGB,ba258fc808788756f9e30b853b60c9a0ebc5354ea0e3cdf9eaa86bfe90b73056,True,ok,segmented,0.100576923076923,False,True,segmented_crop,train
/Users/ashley/Desktop/python/CS156-Machine-Learning/final/data/retail_images/segmented/shirt/anthropologie_blouses_387c38398cea_seg.jpg,/Users/ashley/Desktop/python/CS156-Machine-Learning/final/data/retail_images/raw/shirt/anthropologie_blouses_387c38398cea.jpg,Shirt,296,420,RGB,daecdc047378bca875b2be1121193b81eced3c54cbfcfabb6eb65f1aab06297a,True,ok,segmented,0.2752250352002717,False,True,segmented_crop,train
data/retail_images/raw/sandal/urban_outfitters_sandals_5c386186514d.jpg,data/retail_images/raw/sandal/urban_outfitters_sandals_5c386186514d.jpg,Sandal,450,675,RGB,cdd2790100d60251120439bfd7439daaa7a3d634adbcf270d8ccabaa8c24975b,True,ok,not_used,0.0,False,True,raw_full_footwear,train
/Users/ashley/Desktop/python/CS156-Machine-Learning/final/data/retail_images/segmented/pullover/reformation_sweaters_46bf2361ab31_seg.jpg,/Users/ashley/Desktop/python/CS156-Machine-Learning/final/data/retail_images/raw/pullover/reformation_sweaters_46bf2361ab31.jpg,Pullover,212,464,RGB,1109faa358d1eb96b2134eecc7a604f8abe3ece118ace6d9d46c1c5b16937a1b,True,ok,segmented,0.10169375,False,True,segmented_crop,train
/Users/ashley/Desktop/python/CS156-Machine-Learning/final/data/retail_images/segmented/dress/reformation_dresses_c2ad3dcb2e08_seg.jpg,/Users/ashley/Desktop/python/CS156-Machine-Learning/final/data/retail_images/raw/dress/reformation_dresses_c2ad3dcb2e08.jpg,Dress,600,441,RGB,d84cdcf1253b91cc2f0a8abaf4914e9ae14f142df42206d9bba6f8b978516289,True,ok,segmented,0.0638291666666666,False,True,segmented_crop,train
/Users/ashley/Desktop/python/CS156-Machine-Learning/final/data/retail_images/segmented/pullover/reformation_sweaters_6230a7599957_seg.jpg,/Users/ashley/Desktop/python/CS156-Machine-Learning/final/data/retail_images/raw/pullover/reformation_sweaters_6230a7599957.jpg,Pullover,558,487,RGB,448c7eda424f397ac6f21242ba2fedfe52a6457dd281e2d49a9a28624da37872,True,ok,segmented,0.38609375,False,True,segmented_crop,train
/Users/ashley/Desktop/python/CS156-Machine-Learning/final/data/retail_images/segmented/bag/princess_polly_bags_42f963ca7128_seg.jpg,/Users/ashley/Desktop/python/CS156-Machine-Learning/final/data/retail_images/raw/bag/princess_polly_bags_42f963ca7128.jpg,Bag,908,1220,RGB,b05375370173ac0625a4bb33aa11ccadb6946ffe74d071c00afd1c2773643a35,True,ok,segmented,0.1248878630663017,False,True,segmented_crop,train
data/retail_images/raw/sandal/anthropologie_sandals_b0257f9660c3.jpg,data/retail_images/raw/sandal/anthropologie_sandals_b0257f9660c3.jpg,Sandal,349,523,RGB,0c47e3f301eaadbc4e9e81f765e7374a8f29d1c6eee12a9defa950fa36ddf455,True,ok,not_used,0.0,False,True,raw_full_footwear,train
/Users/ashley/Desktop/python/CS156-Machine-Learning/final/data/retail_images/segmented/t_shirt_top/brandy_melville_tops_page_4_8c4c0d9efec4_seg.jpg,/Users/ashley/Desktop/python/CS156-Machine-Learning/final/data/retail_images/raw/t_shirt_top/brandy_melville_tops_page_4_8c4c0d9efec4.jpg,T-shirt/top,279,321,RGB,5512d328226b0795d68fb4f176505c6bcd3cba7411956d70736eec0943637a30,True,ok,segmented,0.2170473251028806,False,True,segmented_crop,train
/Users/ashley/Desktop/python/CS156-Machine-Learning/final/data/retail_images/segmented/pullover/reformation_sweaters_c1c6c9b8963c_seg.jpg,/Users/ashley/Desktop/python/CS156-Machine-Learning/final/data/retail_images/raw/pullover/reformation_sweaters_c1c6c9b8963c.jpg,Pullover,555,617,RGB,d7b4e26fa0549f5ebd0904533fbd8985a1dec2193b8dbfa99d7e058af4714e12,True,ok,segmented,0.3328145833333333,False,True,segmented_crop,train
/Users/ashley/Desktop/python/CS156-Machine-Learning/final/data/retail_images/segmented/pullover/reformation_sweaters_3eafa1daace2_seg.jpg,/Users/ashley/Desktop/python/CS156-Machine-Learning/final/data/retail_images/raw/pullover/reformation_sweaters_3eafa1daace2.jpg,Pullover,418,560,RGB,5b2446ebb701d4b6c98dab566dcd49eea18fd1f85e1f847bb477abccf36df624,True,ok,segmented,0.1905333333333333,False,True,segmented_crop,train
/Users/ashley/Desktop/python/CS156-Machine-Learning/final/data/retail_images/segmented/pullover/anthropologie_sweaters_2f7c33036760_seg.jpg,/Users/ashley/Desktop/python/CS156-Machine-Learning/final/data/retail_images/raw/pullover/anthropologie_sweaters_2f7c33036760.jpg,Pullover,256,351,RGB,dc508ab94d1c7033c1e68fcede1417dbb897d0258322764e454236fd7720fcff,True,ok,segmented,0.2204331413982589,False,True,segmented_crop,train
/Users/ashley/Desktop/python/CS156-Machine-Learning/final/data/retail_images/segmented/coat/reformation_jackets_and_coats_a6b782f4d91c_seg.jpg,/Users/ashley/Desktop/python/CS156-Machine-Learning/final/data/retail_images/raw/coat/reformation_jackets_and_coats_a6b782f4d91c.jpg,Coat,598,646,RGB,9be229d311282d47446b394cd0f5ba55faa8dd0f10fc8ff33a14f31fac4f0da0,True,ok,segmented,0.55949375,False,True,segmented_crop,train
data/retail_images/raw/ankle_boot/anthropologie_boot_shop_fc0385c62303.jpg,data/retail_images/raw/ankle_boot/anthropologie_boot_shop_fc0385c62303.jpg,Ankle boot,349,523,RGB,20a41100cab16bdd34188e5721cd3bd4193c264be96a1c74852ecdac93d1c63b,True,ok,not_used,0.0,False,True,raw_full_footwear,train
/Users/ashley/Desktop/python/CS156-Machine-Learning/final/data/retail_images/segmented/coat/reformation_outerwear_76b2f66b7771_seg.jpg,/Users/ashley/Desktop/python/CS156-Machine-Learning/final/data/retail_images/raw/coat/reformation_outerwear_76b2f66b7771.jpg,Coat,600,616,RGB,ac20dcf463caf710d99a790b1e6c147185026c87c1aaef2f2e77dff6a1e573e2,True,ok,segmented,0.558775,False,True,segmented_crop,train
/Users/ashley/Desktop/python/CS156-Machine-Learning/final/data/retail_images/segmented/dress/princess_polly_dresses_eb57701c117a_seg.jpg,/Users/ashley/Desktop/python/CS156-Machine-Learning/final/data/retail_images/raw/dress/princess_polly_dresses_eb57701c117a.jpg,Dress,884,1359,RGB,c6429eaf9748bcaedf88279fc9dbaa209eceda5f18b7929879ec01e27522c72c,True,ok,segmented,0.2626876097879815,False,True,segmented_crop,train
data/retail_images/raw/ankle_boot/anthropologie_boot_shop_37b66327885e.jpg,data/retail_images/raw/ankle_boot/anthropologie_boot_shop_37b66327885e.jpg,Ankle boot,349,523,RGB,4570b5c332d9654bbb5c7e18c22a89e9494ca11d670b3364366f98ee92b9e50e,True,ok,not_used,0.0,False,True,raw_full_footwear,train
/Users/ashley/Desktop/python/CS156-Machine-Learning/final/data/retail_images/segmented/dress/anthropologie_dresses_1eb0f4c69358_seg.jpg,/Users/ashley/Desktop/python/CS156-Machine-Learning/final/data/retail_images/raw/dress/anthropologie_dresses_1eb0f4c69358.jpg,Dress,411,707,RGB,87eaedeb99b6f1e52651ab711666362623ce818a703205f523e26dec9455d888,True,ok,segmented,0.16574671144543,False,True,segmented_crop,train
data/retail_images/raw/sneaker/anthropologie_sneakers_d02bcab977be.jpg,data/retail_images/raw/sneaker/anthropologie_sneakers_d02bcab977be.jpg,Sneaker,349,523,RGB,40cd5565a7b66d54ca950e7fabdf2f1462e3b5da7ee27c21adc2055a0fcc0552,True,ok,not_used,0.0,False,True,raw_full_footwear,train
/Users/ashley/Desktop/python/CS156-Machine-Learning/final/data/retail_images/segmented/bag/anthropologie_bags_4edc3e6a25b3_seg.jpg,/Users/ashley/Desktop/python/CS156-Machine-Learning/final/data/retail_images/raw/bag/anthropologie_bags_4edc3e6a25b3.jpg,Bag,295,415,RGB,6f84b77d1b1c2cbb578611c4f9f408efcbad4bf6b260867d233f836dbfb09e30,True,ok,segmented,0.1888104225676201,False,True,segmented_crop,train
data/retail_images/raw/sneaker/fashion_nova_sneakers_68b76c8fea80.jpg,data/retail_images/raw/sneaker/fashion_nova_sneakers_68b76c8fea80.jpg,Sneaker,600,898,RGB,74ef84c1b01ba982af375356c9b4e6bf0908ed335bfc687b980275daa7d4c51d,True,ok,not_used,0.0,False,True,raw_full_footwear,train
/Users/ashley/Desktop/python/CS156-Machine-Learning/final/data/retail_images/segmented/trouser/princess_polly_pants_41814564b4f5_seg.jpg,/Users/ashley/Desktop/python/CS156-Machine-Learning/final/data/retail_images/raw/trouser/princess_polly_pants_41814564b4f5.jpg,Trouser,651,1195,RGB,1975c3ecda11b2762c81601eb04067f0914e3ff1b9baff77ba1b6e59766bdb91,True,ok,segmented,0.1200610773155416,False,True,segmented_crop,train
/Users/ashley/Desktop/python/CS156-Machine-Learning/final/data/retail_images/segmented/bag/princess_polly_bags_e4c88f3e1149_seg.jpg,/Users/ashley/Desktop/python/CS156-Machine-Learning/final/data/retail_images/raw/bag/princess_polly_bags_e4c88f3e1149.jpg,Bag,740,1348,RGB,962370ceb0c5a0eb1ff989d5ef7078f1ec60116367ddfad235928a303dfd3676,True,ok,segmented,0.1268314336445386,False,True,segmented_crop,train
data/retail_images/raw/ankle_boot/princess_polly_boots_006a4cc0d7ed.jpg,data/retail_images/raw/ankle_boot/princess_polly_boots_006a4cc0d7ed.jpg,Ankle boot,1344,1820,RGB,21a47977f8115c8ec2e2501865fd930e51de57e5baedfb39196557090dae8506,True,ok,not_used,0.0,False,True,raw_full_footwear,train
data/retail_images/raw/sneaker/anthropologie_sneakers_594c19660a3e.jpg,data/retail_images/raw/sneaker/anthropologie_sneakers_594c19660a3e.jpg,Sneaker,349,523,RGB,5aa7eec23781b8533bf3c4491077be3f68781a51bbb6f7a1602cb87b86fb47a7,True,ok,not_used,0.0,False,True,raw_full_footwear,train
/Users/ashley/Desktop/python/CS156-Machine-Learning/final/data/retail_images/segmented/bag/princess_polly_bags_a65d0b51a327_seg.jpg,/Users/ashley/Desktop/python/CS156-Machine-Learning/final/data/retail_images/raw/bag/princess_polly_bags_a65d0b51a327.jpg,Bag,801,1591,RGB,afbbf803175894f6a257208c6022cf96727c5b489a411df2307a2f72975f45fa,True,ok,segmented,0.1617531799552602,False,True,segmented_crop,train
/Users/ashley/Desktop/python/CS156-Machine-Learning/final/data/retail_images/segmented/bag/princess_polly_bags_9e74cada2cc9_seg.jpg,/Users/ashley/Desktop/python/CS156-Machine-Learning/final/data/retail_images/raw/bag/princess_polly_bags_9e74cada2cc9.jpg,Bag,798,931,RGB,22cf5308364f96b059ab3cc1854d7318c3515057d7901d794a2b4deac10472ed,True,ok,segmented,0.1187761942966097,False,True,segmented_crop,train
data/retail_images/raw/sneaker/urban_outfitters_sneakers_d3251c62f85d.jpg,data/retail_images/raw/sneaker/urban_outfitters_sneakers_d3251c62f85d.jpg,Sneaker,400,600,RGB,c30ce47c191ef0b591d8f2c669daa5e73e64289f0a2bfa09af2548fcb57877a4,True,ok,not_used,0.0,False,True,raw_full_footwear,train
/Users/ashley/Desktop/python/CS156-Machine-Learning/final/data/retail_images/segmented/dress/princess_polly_dresses_94f42d463585_seg.jpg,/Users/ashley/Desktop/python/CS156-Machine-Learning/final/data/retail_images/raw/dress/princess_polly_dresses_94f42d463585.jpg,Dress,359,1480,RGB,d882c411525f7c1643c7f163db856b22f5819421e9fcd2275672cca8eaab158f,True,ok,segmented,0.1118957679225536,False,True,segmented_crop,train
/Users/ashley/Desktop/python/CS156-Machine-Learning/final/data/retail_images/segmented/t_shirt_top/brandy_melville_tops_page_4_ed34a0f57d3e_seg.jpg,/Users/ashley/Desktop/python/CS156-Machine-Learning/final/data/retail_images/raw/t_shirt_top/brandy_melville_tops_page_4_ed34a0f57d3e.jpg,T-shirt/top,222,303,RGB,5119f946ec6d5cb46dd0a9df5ad8a0828f693ff70ffac869b882022228b54a71,True,ok,segmented,0.1518055555555555,False,True,segmented_crop,train
data/retail_images/raw/sandal/urban_outfitters_sandals_6d72fedfb434.jpg,data/retail_images/raw/sandal/urban_outfitters_sandals_6d72fedfb434.jpg,Sandal,450,675,RGB,d57b2569e55c6ea54d681bd41a4a737d316e011be94099146774ee3319cdd266,True,ok,not_used,0.0,False,True,raw_full_footwear,train
/Users/ashley/Desktop/python/CS156-Machine-Learning/final/data/retail_images/segmented/pullover/reformation_sweaters_60b5dd1e9aff_seg.jpg,/Users/ashley/Desktop/python/CS156-Machine-Learning/final/data/retail_images/raw/pullover/reformation_sweaters_60b5dd1e9aff.jpg,Pullover,600,573,RGB,ca42b7c55a556d59fdb9b9980225f6b118024647c4b406bb375dcfded2503bb1,True,ok,segmented,0.5359854166666667,False,True,segmented_crop,train
/Users/ashley/Desktop/python/CS156-Machine-Learning/final/data/retail_images/segmented/pullover/princess_polly_sweaters_f7d230314216_seg.jpg,/Users/ashley/Desktop/python/CS156-Machine-Learning/final/data/retail_images/raw/pullover/princess_polly_sweaters_f7d230314216.jpg,Pullover,1171,1357,RGB,9b436cd1cad9b6814778bc95f1a62ccc6a5ba2a4ddcbe2d9c8ffd475e42c4081,True,ok,segmented,0.2685898116753135,False,True,segmented_crop,train
/Users/ashley/Desktop/python/CS156-Machine-Learning/final/data/retail_images/segmented/coat/reformation_outerwear_164d3fdbe683_seg.jpg,/Users/ashley/Desktop/python/CS156-Machine-Learning/final/data/retail_images/raw/coat/reformation_outerwear_164d3fdbe683.jpg,Coat,185,371,RGB,f283b55a579b5ee538625067b7d518bb78364ab93fcef0fb6818937255426791,True,ok,segmented,0.0583875,False,True,segmented_crop,train
/Users/ashley/Desktop/python/CS156-Machine-Learning/final/data/retail_images/segmented/shirt/anthropologie_blouses_375842080d9c_seg.jpg,/Users/ashley/Desktop/python/CS156-Machine-Learning/final/data/retail_images/raw/shirt/anthropologie_blouses_375842080d9c.jpg,Shirt,315,314,RGB,01a5f1d4ad6fb9f4c6e60c846cc7b5040d38f65b308eab121dd52d797e0033db,True,ok,segmented,0.2242517545349455,False,True,segmented_crop,train
/Users/ashley/Desktop/python/CS156-Machine-Learning/final/data/retail_images/segmented/trouser/princess_polly_pants_a21002373cb8_seg.jpg,/Users/ashley/Desktop/python/CS156-Machine-Learning/final/data/retail_images/raw/trouser/princess_polly_pants_a21002373cb8.jpg,Trouser,419,1452,RGB,5d316962ae982e1d9155344bad29974f3047a5b2b2499adc2532c8c5f0f89baa,True,ok,segmented,0.1188632424123495,False,True,segmented_crop,train
data/retail_images/raw/sandal/anthropologie_sandals_65f575e88930.jpg,data/retail_images/raw/sandal/anthropologie_sandals_65f575e88930.jpg,Sandal,349,523,RGB,6b43408e067a8d8c2af9abc8ea1a282eaa3d37058871d7b7cde061e8044b7b15,True,ok,not_used,0.0,False,True,raw_full_footwear,train
/Users/ashley/Desktop/python/CS156-Machine-Learning/final/data/retail_images/segmented/coat/reformation_jackets_and_coats_89cd379bf09b_seg.jpg,/Users/ashley/Desktop/python/CS156-Machine-Learning/final/data/retail_images/raw/coat/reformation_jackets_and_coats_89cd379bf09b.jpg,Coat,422,479,RGB,f123d43a168574e15d23510d30637318796ea6ac753f49c4b1a9883aec3d75e0,True,ok,segmented,0.21774375,False,True,segmented_crop,train
/Users/ashley/Desktop/python/CS156-Machine-Learning/final/data/retail_images/segmented/shirt/anthropologie_blouses_a924291eb87c_seg.jpg,/Users/ashley/Desktop/python/CS156-Machine-Learning/final/data/retail_images/raw/shirt/anthropologie_blouses_a924291eb87c.jpg,Shirt,313,415,RGB,7ef79707cca78cdbe8f4519e74541206e955ac2707cb8c8ae4fd081dd44df86b,True,ok,segmented,0.3766456469453834,False,True,segmented_crop,train
/Users/ashley/Desktop/python/CS156-Machine-Learning/final/data/retail_images/segmented/t_shirt_top/brandy_melville_tops_a42a393423a9_seg.jpg,/Users/ashley/Desktop/python/CS156-Machine-Learning/final/data/retail_images/raw/t_shirt_top/brandy_melville_tops_a42a393423a9.jpg,T-shirt/top,390,461,RGB,34beb95bf5407065c063847937b7815650b20ccb85fcea635027bde8fb59a70f,True,ok,segmented,0.0682566666666666,False,True,segmented_crop,train
data/retail_images/raw/sneaker/anthropologie_sneakers_5d5f8c7acac3.jpg,data/retail_images/raw/sneaker/anthropologie_sneakers_5d5f8c7acac3.jpg,Sneaker,349,523,RGB,901a5da784bc66d9adc7b42148db3bca12da04788765230a2f57b0ce0189a047,True,ok,not_used,0.0,False,True,raw_full_footwear,train
/Users/ashley/Desktop/python/CS156-Machine-Learning/final/data/retail_images/segmented/t_shirt_top/brandy_melville_tops_b2b1364c2e7b_seg.jpg,/Users/ashley/Desktop/python/CS156-Machine-Learning/final/data/retail_images/raw/t_shirt_top/brandy_melville_tops_b2b1364c2e7b.jpg,T-shirt/top,410,434,RGB,9529f47eb0b3423ff8bdd57da7c7edc1a3a7fa46fb20ac276c7bef8a647ec565,True,ok,segmented,0.0651653333333333,False,True,segmented_crop,train
/Users/ashley/Desktop/python/CS156-Machine-Learning/final/data/retail_images/segmented/bag/princess_polly_bags_f9a1b3cff753_seg.jpg,/Users/ashley/Desktop/python/CS156-Machine-Learning/final/data/retail_images/raw/bag/princess_polly_bags_f9a1b3cff753.jpg,Bag,787,1321,RGB,0805eab355630a8cb121b509c7c21f13abba198ce622697941d7f4f694e94642,True,ok,segmented,0.1010842116652274,False,True,segmented_crop,train
data/retail_images/raw/ankle_boot/anthropologie_boot_shop_cd0a3d0795b3.jpg,data/retail_images/raw/ankle_boot/anthropologie_boot_shop_cd0a3d0795b3.jpg,Ankle boot,349,523,RGB,3af19db70e3dc9a3b909b89d680fa0adf8061a372b8d69aaaaa1e3e296cc7c5d,True,ok,not_used,0.0,False,True,raw_full_footwear,train
/Users/ashley/Desktop/python/CS156-Machine-Learning/final/data/retail_images/segmented/bag/anthropologie_bags_b9f4ccabef96_seg.jpg,/Users/ashley/Desktop/python/CS156-Machine-Learning/final/data/retail_images/raw/bag/anthropologie_bags_b9f4ccabef96.jpg,Bag,316,516,RGB,1e1a5b56ac1079a1a464bdd988049e596ccf9a1cfc518b389b4c4eae934ec88f,True,ok,segmented,0.0751998334492979,False,True,segmented_crop,train
/Users/ashley/Desktop/python/CS156-Machine-Learning/final/data/retail_images/segmented/shirt/urban_outfitters_shirts_blouses_255e70f648cb_seg.jpg,/Users/ashley/Desktop/python/CS156-Machine-Learning/final/data/retail_images/raw/shirt/urban_outfitters_shirts_blouses_255e70f648cb.jpg,Shirt,349,495,RGB,52f0e760ad7a56285fe1ad7765c3a6dce758f2ef353c2357e2f0fba14c775994,True,ok,segmented,0.5379204172533378,False,True,segmented_crop,train
/Users/ashley/Desktop/python/CS156-Machine-Learning/final/data/retail_images/segmented/pullover/reformation_sweaters_79d15457e890_seg.jpg,/Users/ashley/Desktop/python/CS156-Machine-Learning/final/data/retail_images/raw/pullover/reformation_sweaters_79d15457e890.jpg,Pullover,168,305,RGB,988c4b198bbf5e05ba7ed67a7ac3264e82874c9d2e69c140946e15e80676eb44,True,ok,segmented,0.04044375,False,True,segmented_crop,train
data/retail_images/raw/ankle_boot/anthropologie_boot_shop_0ad7593b8267.jpg,data/retail_images/raw/ankle_boot/anthropologie_boot_shop_0ad7593b8267.jpg,Ankle boot,349,523,RGB,8f24a9aa5d1e068ec6a1700ef30b1a325983ab5e8ffc326aa4b06f723a8335fa,True,ok,not_used,0.0,False,True,raw_full_footwear,train
/Users/ashley/Desktop/python/CS156-Machine-Learning/final/data/retail_images/segmented/dress/reformation_dresses_a66d477fb82c_seg.jpg,/Users/ashley/Desktop/python/CS156-Machine-Learning/final/data/retail_images/raw/dress/reformation_dresses_a66d477fb82c.jpg,Dress,248,623,RGB,3ccf2bbad2779389b4754698cc6247fee08e86c6f74755c25ba0fbf869113ce3,True,ok,segmented,0.1736395833333333,False,True,segmented_crop,train
data/retail_images/raw/sneaker/urban_outfitters_sneakers_9512fe19a02f.jpg,data/retail_images/raw/sneaker/urban_outfitters_sneakers_9512fe19a02f.jpg,Sneaker,450,675,RGB,9d6612e67201db51d47dd0a8ada4e6e691cdf796b7581b2d3abc75bba4b3ffae,True,ok,not_used,0.0,False,True,raw_full_footwear,train
/Users/ashley/Desktop/python/CS156-Machine-Learning/final/data/retail_images/segmented/dress/anthropologie_dresses_37e095016f9e_seg.jpg,/Users/ashley/Desktop/python/CS156-Machine-Learning/final/data/retail_images/raw/dress/anthropologie_dresses_37e095016f9e.jpg,Dress,245,445,RGB,93c9b0153a9ef090981e43b1b39edde6775048c5328b74afb1af4ed0b27cca42,True,ok,segmented,0.2784903055438373,False,True,segmented_crop,train
data/retail_images/raw/ankle_boot/anthropologie_boot_shop_38084c6c8f5b.jpg,data/retail_images/raw/ankle_boot/anthropologie_boot_shop_38084c6c8f5b.jpg,Ankle boot,349,523,RGB,95027b7011277a513ef5fcebf361cae6e5bac7b0d42fa729ddbaac82be9cf7a7,True,ok,not_used,0.0,False,True,raw_full_footwear,train
data/retail_images/raw/sneaker/anthropologie_sneakers_01e084fe282d.jpg,data/retail_images/raw/sneaker/anthropologie_sneakers_01e084fe282d.jpg,Sneaker,349,523,RGB,18ce0c5cb6632bb0c7ea28b08e1587c3f9282b104955ca24a3b121fe8a72340e,True,ok,not_used,0.0,False,True,raw_full_footwear,train
/Users/ashley/Desktop/python/CS156-Machine-Learning/final/data/retail_images/segmented/dress/reformation_dresses_4c596e7982a4_seg.jpg,/Users/ashley/Desktop/python/CS156-Machine-Learning/final/data/retail_images/raw/dress/reformation_dresses_4c596e7982a4.jpg,Dress,205,679,RGB,b5e86a282f5b26026b0a8963ef63d43d887ae956d4f775cf8d4f284323afbac4,True,ok,segmented,0.1515375,False,True,segmented_crop,train
/Users/ashley/Desktop/python/CS156-Machine-Learning/final/data/retail_images/segmented/bag/princess_polly_bags_bf88a75fcca9_seg.jpg,/Users/ashley/Desktop/python/CS156-Machine-Learning/final/data/retail_images/raw/bag/princess_polly_bags_bf88a75fcca9.jpg,Bag,1147,1074,RGB,0285b2bb3b172d4051f3d01509feb2c7dbbd05e2732e3de1b247cbd1d84a5898,True,ok,segmented,0.1961652845295968,False,True,segmented_crop,train
/Users/ashley/Desktop/python/CS156-Machine-Learning/final/data/retail_images/segmented/t_shirt_top/reformation_tops_d7625064970e_seg.jpg,/Users/ashley/Desktop/python/CS156-Machine-Learning/final/data/retail_images/raw/t_shirt_top/reformation_tops_d7625064970e.jpg,T-shirt/top,172,199,RGB,ab9a98aad716bc874b10a3549d2f1bc1a1a867c4cdc97afe1a190a6baf11289f,True,ok,segmented,0.0386625,False,True,segmented_crop,train
/Users/ashley/Desktop/python/CS156-Machine-Learning/final/data/retail_images/segmented/t_shirt_top/brandy_melville_tops_page_4_50d2e51ae671_seg.jpg,/Users/ashley/Desktop/python/CS156-Machine-Learning/final/data/retail_images/raw/t_shirt_top/brandy_melville_tops_page_4_50d2e51ae671.jpg,T-shirt/top,168,320,RGB,111d090933d0ec63630f038c3105ed98cac578e03e2e827b826524e483dd66d0,True,ok,segmented,0.1365020576131687,False,True,segmented_crop,train
/Users/ashley/Desktop/python/CS156-Machine-Learning/final/data/retail_images/segmented/shirt/anthropologie_blouses_73608be1a7ed_seg.jpg,/Users/ashley/Desktop/python/CS156-Machine-Learning/final/data/retail_images/raw/shirt/anthropologie_blouses_73608be1a7ed.jpg,Shirt,328,403,RGB,c5bb5315ed3127ae6eed525398bf05d244541f2beaa43e736784d87e9bb5d6e8,True,ok,segmented,0.3521068115949969,False,True,segmented_crop,train
/Users/ashley/Desktop/python/CS156-Machine-Learning/final/data/retail_images/segmented/pullover/reformation_sweaters_3bcc37187f06_seg.jpg,/Users/ashley/Desktop/python/CS156-Machine-Learning/final/data/retail_images/raw/pullover/reformation_sweaters_3bcc37187f06.jpg,Pullover,600,585,RGB,11e0e10a46ea54936b8be29ea274078eb335b06648dbe194663e8227a6e04fcf,True,ok,segmented,0.4903395833333333,False,True,segmented_crop,train
data/retail_images/raw/sneaker/princess_polly_sneakers_0f29396b2086.jpg,data/retail_images/raw/sneaker/princess_polly_sneakers_0f29396b2086.jpg,Sneaker,1345,1821,RGB,028beb103be5eb088e58c9c242d49a7ccc75109d7d0720a5261b11059d38c584,True,ok,not_used,0.0,False,True,raw_full_footwear,train
/Users/ashley/Desktop/python/CS156-Machine-Learning/final/data/retail_images/segmented/t_shirt_top/brandy_melville_tops_4319e2215464_seg.jpg,/Users/ashley/Desktop/python/CS156-Machine-Learning/final/data/retail_images/raw/t_shirt_top/brandy_melville_tops_4319e2215464.jpg,T-shirt/top,214,332,RGB,f73902837b461a2057bb958388d735d5247a184d98916487f99bc6479ff7fcbd,True,ok,segmented,0.1808899176954732,False,True,segmented_crop,train
data/retail_images/raw/sneaker/anthropologie_sneakers_cdb36aa5195f.jpg,data/retail_images/raw/sneaker/anthropologie_sneakers_cdb36aa5195f.jpg,Sneaker,349,523,RGB,b5dc42b5d9df5c34d3645bb7ecd45ee04b9a1d12e9487e169c333b388b7699fa,True,ok,not_used,0.0,False,True,raw_full_footwear,train
/Users/ashley/Desktop/python/CS156-Machine-Learning/final/data/retail_images/segmented/t_shirt_top/reformation_tops_fcee3831596b_seg.jpg,/Users/ashley/Desktop/python/CS156-Machine-Learning/final/data/retail_images/raw/t_shirt_top/reformation_tops_fcee3831596b.jpg,T-shirt/top,760,866,RGB,f68e85a3d0c040d6c1c0ea01899205bc2cb4ae2919a697600450cafb2f4e9863,True,ok,segmented,0.0596617798353909,False,True,segmented_crop,train
/Users/ashley/Desktop/python/CS156-Machine-Learning/final/data/retail_images/segmented/dress/princess_polly_dresses_a088d7e0db79_seg.jpg,/Users/ashley/Desktop/python/CS156-Machine-Learning/final/data/retail_images/raw/dress/princess_polly_dresses_a088d7e0db79.jpg,Dress,756,1470,RGB,62f6ecc53b750347c7112e9fea9a22d73637e78d7ee99697fb7f7c6780e95372,True,ok,segmented,0.234333845736135,False,True,segmented_crop,train
/Users/ashley/Desktop/python/CS156-Machine-Learning/final/data/retail_images/segmented/shirt/urban_outfitters_shirts_blouses_7b0c2d218d93_seg.jpg,/Users/ashley/Desktop/python/CS156-Machine-Learning/final/data/retail_images/raw/shirt/urban_outfitters_shirts_blouses_7b0c2d218d93.webp,Shirt,349,497,RGB,9910eb8a9ee9d92e5dcbfc0af48d59f02ada246614cee91e41caf9145f25bc43,True,ok,segmented,0.5370054841201576,False,True,segmented_crop,train
/Users/ashley/Desktop/python/CS156-Machine-Learning/final/data/retail_images/segmented/pullover/reformation_sweaters_61fd999d364f_seg.jpg,/Users/ashley/Desktop/python/CS156-Machine-Learning/final/data/retail_images/raw/pullover/reformation_sweaters_61fd999d364f.jpg,Pullover,293,368,RGB,1a1847230d3f9709b61bac46e7769107e982ae9ce70b883c3590d78fa3859b55,True,ok,segmented,0.1214125,False,True,segmented_crop,train
data/retail_images/raw/sandal/anthropologie_sandals_0c38f0f6d3d2.jpg,data/retail_images/raw/sandal/anthropologie_sandals_0c38f0f6d3d2.jpg,Sandal,349,523,RGB,5434ce6b1327ce81858dae35ef21675d795017207d4508c9bfac8524cfa8f7ef,True,ok,not_used,0.0,False,True,raw_full_footwear,train
/Users/ashley/Desktop/python/CS156-Machine-Learning/final/data/retail_images/segmented/pullover/anthropologie_sweaters_2b9f9aaeb369_seg.jpg,/Users/ashley/Desktop/python/CS156-Machine-Learning/final/data/retail_images/raw/pullover/anthropologie_sweaters_2b9f9aaeb369.jpg,Pullover,349,523,RGB,2d96e4cbf2372212124191749587782bbe07d1d8f3a4e169731d633eb095ff66,True,ok,segmented,0.6632443419329743,False,True,segmented_crop,train
/Users/ashley/Desktop/python/CS156-Machine-Learning/final/data/retail_images/segmented/shirt/anthropologie_blouses_18699e9259ad_seg.jpg,/Users/ashley/Desktop/python/CS156-Machine-Learning/final/data/retail_images/raw/shirt/anthropologie_blouses_18699e9259ad.jpg,Shirt,481,604,RGB,13f46e3a7c9b1d4380763dabe866ce63ea9e405d602b45665d263e457f722557,True,ok,segmented,0.0925191889419099,False,True,segmented_crop,train
/Users/ashley/Desktop/python/CS156-Machine-Learning/final/data/retail_images/segmented/pullover/anthropologie_sweaters_9974a1be3580_seg.jpg,/Users/ashley/Desktop/python/CS156-Machine-Learning/final/data/retail_images/raw/pullover/anthropologie_sweaters_9974a1be3580.jpg,Pullover,349,426,RGB,1c978fcfae806f0e082eb3346eea244fc10364fa6603510cda154b1a8ed00de1,True,ok,segmented,0.4155549589923683,False,True,segmented_crop,train
/Users/ashley/Desktop/python/CS156-Machine-Learning/final/data/retail_images/segmented/pullover/anthropologie_sweaters_a983badf9b1a_seg.jpg,/Users/ashley/Desktop/python/CS156-Machine-Learning/final/data/retail_images/raw/pullover/anthropologie_sweaters_a983badf9b1a.jpg,Pullover,274,299,RGB,c447e4d8f4c19fb49da69aa35106987e94da50782b5ca14d6d3256efbd9e9bb5,True,ok,segmented,0.1974557188799465,False,True,segmented_crop,train
data/retail_images/raw/sneaker/anthropologie_sneakers_d953e37de915.jpg,data/retail_images/raw/sneaker/anthropologie_sneakers_d953e37de915.jpg,Sneaker,349,523,RGB,a0d7d1b2fdd2fcc1487955e2bd0a1c4a9a99e8073c57d9d60d881117498b3a3c,True,ok,not_used,0.0,False,True,raw_full_footwear,train
/Users/ashley/Desktop/python/CS156-Machine-Learning/final/data/retail_images/segmented/t_shirt_top/brandy_melville_tops_ba1db65b9086_seg.jpg,/Users/ashley/Desktop/python/CS156-Machine-Learning/final/data/retail_images/raw/t_shirt_top/brandy_melville_tops_ba1db65b9086.jpg,T-shirt/top,177,276,RGB,0670dfcadb69359fbcff8892af1ee7c42fd305488199690d7990f3cafa5191b0,True,ok,segmented,0.1193055555555555,False,True,segmented_crop,train
/Users/ashley/Desktop/python/CS156-Machine-Learning/final/data/retail_images/segmented/shirt/anthropologie_blouses_f772e2b7bcf4_seg.jpg,/Users/ashley/Desktop/python/CS156-Machine-Learning/final/data/retail_images/raw/shirt/anthropologie_blouses_f772e2b7bcf4.jpg,Shirt,349,381,RGB,9e775d8c044223a39c0ea5929c2e9a178b6594ae2d6af4a27e736a0d9bc7449d,True,ok,segmented,0.3936403929281695,False,True,segmented_crop,train
data/retail_images/raw/sneaker/urban_outfitters_sneakers_361a76386571.webp,data/retail_images/raw/sneaker/urban_outfitters_sneakers_361a76386571.webp,Sneaker,349,523,RGB,30aad11d09e6850379e492e163ce22698e14fc36cba137226a8c4c1d3e7bbb7e,True,ok,not_used,0.0,False,True,raw_full_footwear,train
/Users/ashley/Desktop/python/CS156-Machine-Learning/final/data/retail_images/segmented/t_shirt_top/brandy_melville_tops_page_4_e0f8a1fd47c3_seg.jpg,/Users/ashley/Desktop/python/CS156-Machine-Learning/final/data/retail_images/raw/t_shirt_top/brandy_melville_tops_page_4_e0f8a1fd47c3.jpg,T-shirt/top,360,436,RGB,1ccbc065d03d01fdb52821286372a08d3eb1df413fccc12ef5861600d6f2729f,True,ok,segmented,0.4588786008230452,False,True,segmented_crop,train
data/retail_images/raw/sandal/urban_outfitters_sandals_4a42c33b40ed.jpg,data/retail_images/raw/sandal/urban_outfitters_sandals_4a42c33b40ed.jpg,Sandal,450,675,RGB,67f607f149c43d9853e1fb07a2db7a436d5bbeaf8c9fc0903a8ed8359bb23bf1,True,ok,not_used,0.0,False,True,raw_full_footwear,train
/Users/ashley/Desktop/python/CS156-Machine-Learning/final/data/retail_images/segmented/trouser/brandy_melville_pants_c7d695c8e2ed_seg.jpg,/Users/ashley/Desktop/python/CS156-Machine-Learning/final/data/retail_images/raw/trouser/brandy_melville_pants_c7d695c8e2ed.jpg,Trouser,227,597,RGB,2a6f4fb8845e847159bee9d5ffcc966bc1b4d28253c6d025e1d2820062dbdd71,True,ok,segmented,0.1535506566604127,False,True,segmented_crop,train
data/retail_images/raw/ankle_boot/princess_polly_boots_e6f29dab40bf.jpg,data/retail_images/raw/ankle_boot/princess_polly_boots_e6f29dab40bf.jpg,Ankle boot,1344,1820,RGB,908854834b017153821b5b468315e10ef8d1c3d49cc578b6171bfabab538c9b4,True,ok,not_used,0.0,False,True,raw_full_footwear,train
/Users/ashley/Desktop/python/CS156-Machine-Learning/final/data/retail_images/segmented/shirt/princess_polly_button_ups_1aa4a66995de_seg.jpg,/Users/ashley/Desktop/python/CS156-Machine-Learning/final/data/retail_images/raw/shirt/princess_polly_button_ups_1aa4a66995de.jpg,Shirt,918,1276,RGB,94ddbb313cda0b720c67eb7e7e6607a92d20d51fd8dfbb31cd29432377e53a1f,True,ok,segmented,0.2328085297602026,False,True,segmented_crop,train
/Users/ashley/Desktop/python/CS156-Machine-Learning/final/data/retail_images/segmented/trouser/princess_polly_pants_47ec8e3616de_seg.jpg,/Users/ashley/Desktop/python/CS156-Machine-Learning/final/data/retail_images/raw/trouser/princess_polly_pants_47ec8e3616de.jpg,Trouser,838,1691,RGB,bc2bdc786ee27d55d3eaa3a0774a2a5ec01807441ee454a2ba29f4ec5c096df9,True,ok,segmented,0.2431545406266596,False,True,segmented_crop,train
/Users/ashley/Desktop/python/CS156-Machine-Learning/final/data/retail_images/segmented/dress/princess_polly_dresses_2288645bbfe9_seg.jpg,/Users/ashley/Desktop/python/CS156-Machine-Learning/final/data/retail_images/raw/dress/princess_polly_dresses_2288645bbfe9.jpg,Dress,1126,1817,RGB,b8d69c8e0aaff9a1d7973b8746a9a598028b8d21b63bd0b5aa31a1fe6702ddcb,True,ok,segmented,0.2804851026949241,False,True,segmented_crop,train
/Users/ashley/Desktop/python/CS156-Machine-Learning/final/data/retail_images/segmented/bag/anthropologie_bags_0ebf2492d134_seg.jpg,/Users/ashley/Desktop/python/CS156-Machine-Learning/final/data/retail_images/raw/bag/anthropologie_bags_0ebf2492d134.jpg,Bag,264,390,RGB,5cb36005ca8b6cbeb9b55f171318f48db766d76edd2f151e54b9fe00dad5e6a3,True,ok,segmented,0.015668914735902,False,True,segmented_crop,train
/Users/ashley/Desktop/python/CS156-Machine-Learning/final/data/retail_images/segmented/coat/reformation_jackets_and_coats_6289a8e0b47d_seg.jpg,/Users/ashley/Desktop/python/CS156-Machine-Learning/final/data/retail_images/raw/coat/reformation_jackets_and_coats_6289a8e0b47d.jpg,Coat,489,605,RGB,b6039ae67b73d9bf1540c78fc3b855e0bb0015f3a210a1af24fbe5d985fd2324,True,ok,segmented,0.25419375,False,True,segmented_crop,train
/Users/ashley/Desktop/python/CS156-Machine-Learning/final/data/retail_images/segmented/bag/princess_polly_bags_090d1d621b5a_seg.jpg,/Users/ashley/Desktop/python/CS156-Machine-Learning/final/data/retail_images/raw/bag/princess_polly_bags_090d1d621b5a.jpg,Bag,765,1606,RGB,169894db1062f3fda87e5cbf8ea97327593848a387d5484877e1281b33933891,True,ok,segmented,0.1688900690387679,False,True,segmented_crop,train
/Users/ashley/Desktop/python/CS156-Machine-Learning/final/data/retail_images/segmented/dress/princess_polly_dresses_57f83e80ef51_seg.jpg,/Users/ashley/Desktop/python/CS156-Machine-Learning/final/data/retail_images/raw/dress/princess_polly_dresses_57f83e80ef51.jpg,Dress,626,1640,RGB,f62c5dbf62c52c01e04b3460ed1c3e7a57575fa6e5956a0d401bc1182878134f,True,ok,segmented,0.1754807692307692,False,True,segmented_crop,train
data/retail_images/raw/ankle_boot/anthropologie_boot_shop_e0d35fd15057.jpg,data/retail_images/raw/ankle_boot/anthropologie_boot_shop_e0d35fd15057.jpg,Ankle boot,349,523,RGB,73f94a126489faf00ed47b37d36ad4e97d7d7fcc0a100f9a5abef8cb643d6c5a,True,ok,not_used,0.0,False,True,raw_full_footwear,train
data/retail_images/raw/sandal/anthropologie_sandals_4c4a69af4a0c.jpg,data/retail_images/raw/sandal/anthropologie_sandals_4c4a69af4a0c.jpg,Sandal,349,523,RGB,fd0489141bf1c1b9d9886b1d06b3bbc3bfb6bedaf5c5c554215586f818963f6e,True,ok,not_used,0.0,False,True,raw_full_footwear,train
/Users/ashley/Desktop/python/CS156-Machine-Learning/final/data/retail_images/segmented/t_shirt_top/brandy_melville_tops_2b228eec5482_seg.jpg,/Users/ashley/Desktop/python/CS156-Machine-Learning/final/data/retail_images/raw/t_shirt_top/brandy_melville_tops_2b228eec5482.jpg,T-shirt/top,538,1355,RGB,57afbf78d8fb9963be3b06e3494572affc1b8474b254235293a6aa9a84f7a5e7,True,ok,segmented,0.162876,False,True,segmented_crop,train
data/retail_images/raw/ankle_boot/anthropologie_boot_shop_9c97f56ff385.jpg,data/retail_images/raw/ankle_boot/anthropologie_boot_shop_9c97f56ff385.jpg,Ankle boot,349,523,RGB,012e3bad249d38933f4008e89a876dfdef8f81cd1cc5f88a7550c71ae9a8c14c,True,ok,not_used,0.0,False,True,raw_full_footwear,train
/Users/ashley/Desktop/python/CS156-Machine-Learning/final/data/retail_images/segmented/dress/reformation_dresses_697b69729137_seg.jpg,/Users/ashley/Desktop/python/CS156-Machine-Learning/final/data/retail_images/raw/dress/reformation_dresses_697b69729137.jpg,Dress,201,633,RGB,804b2f23ffebdccc0c5f9a4e1f168e033447d53a15586134ae32be736cf43142,True,ok,segmented,0.1382,False,True,segmented_crop,train
data/retail_images/raw/sneaker/urban_outfitters_sneakers_b0c64fe69507.jpg,data/retail_images/raw/sneaker/urban_outfitters_sneakers_b0c64fe69507.jpg,Sneaker,450,675,RGB,d5879cfef6ec8c000c0e06b458df6ea32348d30626cf598dec7300076947d832,True,ok,not_used,0.0,False,True,raw_full_footwear,train
/Users/ashley/Desktop/python/CS156-Machine-Learning/final/data/retail_images/segmented/coat/reformation_outerwear_2e81dbd48580_seg.jpg,/Users/ashley/Desktop/python/CS156-Machine-Learning/final/data/retail_images/raw/coat/reformation_outerwear_2e81dbd48580.jpg,Coat,532,625,RGB,0ca8993b5836c85cdbbf066791432de59cab1e206e7b668016fdaf4f6dbe622f,True,ok,segmented,0.31740625,False,True,segmented_crop,train
data/retail_images/raw/sneaker/anthropologie_sneakers_2093a0382447.jpg,data/retail_images/raw/sneaker/anthropologie_sneakers_2093a0382447.jpg,Sneaker,349,523,RGB,3d3e62a06b5cdf85fe4c7dac2c38571ef6358f82edc427193de4f919b555e94a,True,ok,not_used,0.0,False,True,raw_full_footwear,train
/Users/ashley/Desktop/python/CS156-Machine-Learning/final/data/retail_images/segmented/bag/princess_polly_bags_0edb3f5012f0_seg.jpg,/Users/ashley/Desktop/python/CS156-Machine-Learning/final/data/retail_images/raw/bag/princess_polly_bags_0edb3f5012f0.jpg,Bag,1055,1409,RGB,df0adc2a8244968cde51c0a4c345d00e8c3a8bff3d92dfab594be65e864bfbc0,True,ok,segmented,0.0457906777237632,False,True,segmented_crop,train
/Users/ashley/Desktop/python/CS156-Machine-Learning/final/data/retail_images/segmented/trouser/princess_polly_pants_faf9ea488f8f_seg.jpg,/Users/ashley/Desktop/python/CS156-Machine-Learning/final/data/retail_images/raw/trouser/princess_polly_pants_faf9ea488f8f.jpg,Trouser,748,1366,RGB,98691025c19226e337a4387bd8465f22ddbdc153f4b66f80968050f674215856,True,ok,segmented,0.1668301936159079,False,True,segmented_crop,train
/Users/ashley/Desktop/python/CS156-Machine-Learning/final/data/retail_images/segmented/bag/anthropologie_bags_a4648918853b_seg.jpg,/Users/ashley/Desktop/python/CS156-Machine-Learning/final/data/retail_images/raw/bag/anthropologie_bags_a4648918853b.jpg,Bag,349,236,RGB,23acff540888a5d37614baa88ba7d35c4fc64b1e446c8a5dd123d74b05284bdd,True,ok,segmented,0.2630898442422217,False,True,segmented_crop,train
/Users/ashley/Desktop/python/CS156-Machine-Learning/final/data/retail_images/segmented/dress/reformation_dresses_6f3f6aeb1c79_seg.jpg,/Users/ashley/Desktop/python/CS156-Machine-Learning/final/data/retail_images/raw/dress/reformation_dresses_6f3f6aeb1c79.jpg,Dress,318,498,RGB,bef6bc373f3d05abc002996a99bf4e03890fb607699e06f9516289ba9486c239,True,ok,segmented,0.1787854166666666,False,True,segmented_crop,train
/Users/ashley/Desktop/python/CS156-Machine-Learning/final/data/retail_images/segmented/dress/princess_polly_dresses_5c9715103bfd_seg.jpg,/Users/ashley/Desktop/python/CS156-Machine-Learning/final/data/retail_images/raw/dress/princess_polly_dresses_5c9715103bfd.jpg,Dress,380,826,RGB,af5fad54cc57f59dee53d6ad728ddca156fea4c513965dd2e3e626dc5874f5fc,True,ok,segmented,0.0666420196903468,False,True,segmented_crop,train
data/retail_images/raw/ankle_boot/anthropologie_boot_shop_119f3a8b66e6.jpg,data/retail_images/raw/ankle_boot/anthropologie_boot_shop_119f3a8b66e6.jpg,Ankle boot,349,523,RGB,ce2b1221d85ccc239ffba42881d32f0b9226061276d6e3f9137846e7738fdd23,True,ok,not_used,0.0,False,True,raw_full_footwear,train
/Users/ashley/Desktop/python/CS156-Machine-Learning/final/data/retail_images/segmented/trouser/brandy_melville_pants_5952e07e939c_seg.jpg,/Users/ashley/Desktop/python/CS156-Machine-Learning/final/data/retail_images/raw/trouser/brandy_melville_pants_5952e07e939c.jpg,Trouser,220,537,RGB,8cbc261773043fcc9d1d939f4edd7cfde1a9401c8590be635c5920437178fe5a,True,ok,segmented,0.144155722326454,False,True,segmented_crop,train
/Users/ashley/Desktop/python/CS156-Machine-Learning/final/data/retail_images/segmented/shirt/anthropologie_blouses_b157b7bd8eee_seg.jpg,/Users/ashley/Desktop/python/CS156-Machine-Learning/final/data/retail_images/raw/shirt/anthropologie_blouses_b157b7bd8eee.webp,Shirt,202,261,RGB,f7e28d75de26a4471ee1120450c35fa60d5d037cb36345efa59f4fa1cf8b580e,True,ok,segmented,0.1192481112383373,False,True,segmented_crop,train
/Users/ashley/Desktop/python/CS156-Machine-Learning/final/data/retail_images/segmented/trouser/princess_polly_pants_585ba1ec21cc_seg.jpg,/Users/ashley/Desktop/python/CS156-Machine-Learning/final/data/retail_images/raw/trouser/princess_polly_pants_585ba1ec21cc.jpg,Trouser,685,1409,RGB,6fea15306de7e8449a99acdf70b97e1802f30aef94925a50d512d00263936ea0,True,ok,segmented,0.1589453076356183,False,True,segmented_crop,train
/Users/ashley/Desktop/python/CS156-Machine-Learning/final/data/retail_images/segmented/coat/reformation_outerwear_239dd220ab70_seg.jpg,/Users/ashley/Desktop/python/CS156-Machine-Learning/final/data/retail_images/raw/coat/reformation_outerwear_239dd220ab70.jpg,Coat,278,217,RGB,21b8ecf844b04754980a054b239c5e2566014333fad9265c49c2f13261febc8c,True,ok,segmented,0.0528166666666666,False,True,segmented_crop,train
data/retail_images/raw/ankle_boot/anthropologie_boot_shop_e0c929c478ed.jpg,data/retail_images/raw/ankle_boot/anthropologie_boot_shop_e0c929c478ed.jpg,Ankle boot,349,523,RGB,478d68f0c612ec9961f19b8cb7c0176d14983454b7799a502c9e8d811a77e705,True,ok,not_used,0.0,False,True,raw_full_footwear,train
data/retail_images/raw/sneaker/urban_outfitters_sneakers_ad16aa1dd1a8.jpg,data/retail_images/raw/sneaker/urban_outfitters_sneakers_ad16aa1dd1a8.jpg,Sneaker,450,675,RGB,30c5289f62c5da302464535f48ae626d3ecb204563749a53b022e5a4c12ad82d,True,ok,not_used,0.0,False,True,raw_full_footwear,train
/Users/ashley/Desktop/python/CS156-Machine-Learning/final/data/retail_images/segmented/dress/princess_polly_dresses_cc2b3cbecd36_seg.jpg,/Users/ashley/Desktop/python/CS156-Machine-Learning/final/data/retail_images/raw/dress/princess_polly_dresses_cc2b3cbecd36.jpg,Dress,406,1503,RGB,6aeffeac944b9928e83f3a9dfdb0e58b1f029f6644d156553e74ac7d38faa951,True,ok,segmented,0.1119595434327577,False,True,segmented_crop,train
data/retail_images/raw/sneaker/anthropologie_sneakers_fa8a142ac3fe.jpg,data/retail_images/raw/sneaker/anthropologie_sneakers_fa8a142ac3fe.jpg,Sneaker,349,523,RGB,4daa6ca85287c8e2c351ff6395ccac273c74c6bd51971d07d3df7763e6565af6,True,ok,not_used,0.0,False,True,raw_full_footwear,train
data/retail_images/raw/sandal/princess_polly_sandals_a2f118251332.jpg,data/retail_images/raw/sandal/princess_polly_sandals_a2f118251332.jpg,Sandal,1344,1820,RGB,3a6e6ebde4e04d744b78aec00302becb6e30070019f51710fa3889d66535fc05,True,ok,not_used,0.0,False,True,raw_full_footwear,train
/Users/ashley/Desktop/python/CS156-Machine-Learning/final/data/retail_images/segmented/t_shirt_top/brandy_melville_tops_680cd367d03b_seg.jpg,/Users/ashley/Desktop/python/CS156-Machine-Learning/final/data/retail_images/raw/t_shirt_top/brandy_melville_tops_680cd367d03b.jpg,T-shirt/top,404,476,RGB,a5f212493dd1eb4f460405d656b004c4802fff46d7406406418a1f370924628b,True,ok,segmented,0.238374765478424,False,True,segmented_crop,train
data/retail_images/raw/ankle_boot/princess_polly_boots_443c437d3810.jpg,data/retail_images/raw/ankle_boot/princess_polly_boots_443c437d3810.jpg,Ankle boot,1345,1820,RGB,3c3e544f55689b1bf48a9c4c26cbfa3ef1ea7e58464a372af3ed8d30596d8437,True,ok,not_used,0.0,False,True,raw_full_footwear,train
data/retail_images/raw/ankle_boot/anthropologie_boot_shop_d855ccc3d2a8.jpg,data/retail_images/raw/ankle_boot/anthropologie_boot_shop_d855ccc3d2a8.jpg,Ankle boot,349,523,RGB,9634dc9514a0de7cd9d78b60072d9f10da474428b1cf871fea9021d176e7b412,True,ok,not_used,0.0,False,True,raw_full_footwear,train
/Users/ashley/Desktop/python/CS156-Machine-Learning/final/data/retail_images/segmented/pullover/anthropologie_sweaters_e2bbfb111624_seg.jpg,/Users/ashley/Desktop/python/CS156-Machine-Learning/final/data/retail_images/raw/pullover/anthropologie_sweaters_e2bbfb111624.jpg,Pullover,265,463,RGB,9d23aac09783e3f51301caa209d5a3e99857abae2c8d72907c9acc7d8f7578ca,True,ok,segmented,0.4121198507618051,False,True,segmented_crop,train
/Users/ashley/Desktop/python/CS156-Machine-Learning/final/data/retail_images/segmented/trouser/princess_polly_pants_c5e3be308230_seg.jpg,/Users/ashley/Desktop/python/CS156-Machine-Learning/final/data/retail_images/raw/trouser/princess_polly_pants_c5e3be308230.jpg,Trouser,397,1115,RGB,278ebb6b84c89f2e0bf1079ba3f76db5a30a88a1543f1de4b64954cf62eba38a,True,ok,segmented,0.1129010498430141,False,True,segmented_crop,train
/Users/ashley/Desktop/python/CS156-Machine-Learning/final/data/retail_images/segmented/trouser/princess_polly_pants_9916e69b983b_seg.jpg,/Users/ashley/Desktop/python/CS156-Machine-Learning/final/data/retail_images/raw/trouser/princess_polly_pants_9916e69b983b.jpg,Trouser,575,1523,RGB,6c211669173b4c4927454550afc977e8e5aa8d4ccd2fed37151727491d3a7567,True,ok,segmented,0.1956522094819236,False,True,segmented_crop,train
data/retail_images/raw/sandal/princess_polly_sandals_56ccea296b6d.jpg,data/retail_images/raw/sandal/princess_polly_sandals_56ccea296b6d.jpg,Sandal,1345,1821,RGB,c80cfa482d4f6b7bba1ad0057f03b80b5ee0d9e09b983dee7022262c17bf2391,True,ok,not_used,0.0,False,True,raw_full_footwear,train
data/retail_images/raw/sandal/princess_polly_sandals_2a8312c1df1b.jpg,data/retail_images/raw/sandal/princess_polly_sandals_2a8312c1df1b.jpg,Sandal,1345,1820,RGB,51f8178fbecc2bf49b970c77bda1f6ceee6dd8ed833f66116f8b0bc578a469c6,True,ok,not_used,0.0,False,True,raw_full_footwear,train
/Users/ashley/Desktop/python/CS156-Machine-Learning/final/data/retail_images/segmented/dress/anthropologie_dresses_67f26adcc793_seg.jpg,/Users/ashley/Desktop/python/CS156-Machine-Learning/final/data/retail_images/raw/dress/anthropologie_dresses_67f26adcc793.jpg,Dress,349,845,RGB,18339566684a22cb037592ae2d38dc0a88f4071e947cd19ece497d5075b8cd22,True,ok,segmented,0.1851726046009631,False,True,segmented_crop,train
/Users/ashley/Desktop/python/CS156-Machine-Learning/final/data/retail_images/segmented/bag/princess_polly_bags_fa228ea833c1_seg.jpg,/Users/ashley/Desktop/python/CS156-Machine-Learning/final/data/retail_images/raw/bag/princess_polly_bags_fa228ea833c1.jpg,Bag,648,560,RGB,6870312806a9e504579a1e461cf737074f90fb385c34bb097a82499d49cbe341,True,ok,segmented,0.0593365742064626,False,True,segmented_crop,train
data/retail_images/raw/ankle_boot/princess_polly_boots_9138ec416303.jpg,data/retail_images/raw/ankle_boot/princess_polly_boots_9138ec416303.jpg,Ankle boot,1344,1820,RGB,ca8d9fb9b3dd7cebb47cffe9eeec900b756728d4b458e1331419c58a18b207e8,True,ok,not_used,0.0,False,True,raw_full_footwear,train
/Users/ashley/Desktop/python/CS156-Machine-Learning/final/data/retail_images/segmented/shirt/anthropologie_blouses_2d4c74520fb4_seg.jpg,/Users/ashley/Desktop/python/CS156-Machine-Learning/final/data/retail_images/raw/shirt/anthropologie_blouses_2d4c74520fb4.jpg,Shirt,336,382,RGB,9c4a2211b625f587a3ed5dde6c38134ba4e87129a53c737a2ed4a48f9543bfdb,True,ok,segmented,0.3132468073216565,False,True,segmented_crop,train
data/retail_images/raw/sneaker/fashion_nova_sneakers_6812e5efe696.jpg,data/retail_images/raw/sneaker/fashion_nova_sneakers_6812e5efe696.jpg,Sneaker,250,374,RGB,fb88de45b6a4dd131204ec042d999c82cc0227c675d70b02985757c75025ff2d,True,ok,not_used,0.0,False,True,raw_full_footwear,train
data/retail_images/raw/ankle_boot/princess_polly_boots_2e8cdd2e464a.jpg,data/retail_images/raw/ankle_boot/princess_polly_boots_2e8cdd2e464a.jpg,Ankle boot,1345,1820,RGB,4b8f1b706e46260d15ae3282b985b45125448725afbf8e17ef7dfa095679c0c6,True,ok,not_used,0.0,False,True,raw_full_footwear,train
/Users/ashley/Desktop/python/CS156-Machine-Learning/final/data/retail_images/segmented/trouser/princess_polly_pants_f97be6949c06_seg.jpg,/Users/ashley/Desktop/python/CS156-Machine-Learning/final/data/retail_images/raw/trouser/princess_polly_pants_f97be6949c06.jpg,Trouser,636,1393,RGB,606063b2b2ae10e234a1a23a217bb201e428943281f063472feffa496803aa80,True,ok,segmented,0.2136087127158555,False,True,segmented_crop,train
/Users/ashley/Desktop/python/CS156-Machine-Learning/final/data/retail_images/segmented/pullover/princess_polly_sweaters_b0189f669ce3_seg.jpg,/Users/ashley/Desktop/python/CS156-Machine-Learning/final/data/retail_images/raw/pullover/princess_polly_sweaters_b0189f669ce3.jpg,Pullover,1063,1032,RGB,89e4d1aa5ef07b473a78b4a3fb4dd2625ce0e3cd4e2f8d246892a48a74fd3b22,True,ok,segmented,0.1875591323174966,False,True,segmented_crop,train
/Users/ashley/Desktop/python/CS156-Machine-Learning/final/data/retail_images/segmented/trouser/princess_polly_pants_22edf54d8181_seg.jpg,/Users/ashley/Desktop/python/CS156-Machine-Learning/final/data/retail_images/raw/trouser/princess_polly_pants_22edf54d8181.jpg,Trouser,535,946,RGB,0a3e3428929a0c05456193ebfa92c72150846dc54f6d27adbba5604c77303b6e,True,ok,segmented,0.0818101229625393,False,True,segmented_crop,train
/Users/ashley/Desktop/python/CS156-Machine-Learning/final/data/retail_images/segmented/dress/anthropologie_dresses_3f289df22bfe_seg.jpg,/Users/ashley/Desktop/python/CS156-Machine-Learning/final/data/retail_images/raw/dress/anthropologie_dresses_3f289df22bfe.jpg,Dress,262,313,RGB,4f1c85ea8185aa5b21350b6e817b985181fe75484e3ba37dbea3c8be6b5fa5a8,True,ok,segmented,0.0250659722222222,False,True,segmented_crop,train
/Users/ashley/Desktop/python/CS156-Machine-Learning/final/data/retail_images/segmented/t_shirt_top/brandy_melville_tops_page_4_091459355b2d_seg.jpg,/Users/ashley/Desktop/python/CS156-Machine-Learning/final/data/retail_images/raw/t_shirt_top/brandy_melville_tops_page_4_091459355b2d.jpg,T-shirt/top,160,244,RGB,e2bfbd8230acc2381101cf4d26b2ea1d3a3a9591c59b14c653b34befeedde006,True,ok,segmented,0.09934670781893,False,True,segmented_crop,train
data/retail_images/raw/ankle_boot/princess_polly_boots_ee2b77ea1f47.jpg,data/retail_images/raw/ankle_boot/princess_polly_boots_ee2b77ea1f47.jpg,Ankle boot,1345,1820,RGB,9b0fe0da926b6a7fe27efd0b07cbf32de597b36fe57d6ab6360f8b8813e598ac,True,ok,not_used,0.0,False,True,raw_full_footwear,train
/Users/ashley/Desktop/python/CS156-Machine-Learning/final/data/retail_images/segmented/dress/reformation_dresses_e4aa13116d63_seg.jpg,/Users/ashley/Desktop/python/CS156-Machine-Learning/final/data/retail_images/raw/dress/reformation_dresses_e4aa13116d63.jpg,Dress,368,714,RGB,fcd2d7c8c58e681f8d08b3e6a433e4db21287913ffbf5a6ea88048f34b66e65e,True,ok,segmented,0.3323145833333333,False,True,segmented_crop,train
data/retail_images/raw/ankle_boot/princess_polly_boots_3df3d76848d6.jpg,data/retail_images/raw/ankle_boot/princess_polly_boots_3df3d76848d6.jpg,Ankle boot,1344,1820,RGB,6cd62e4624b51a3d5e05de504b370f4e772bbfa9bece11c0c4e6f5cea88dbf1f,True,ok,not_used,0.0,False,True,raw_full_footwear,train
/Users/ashley/Desktop/python/CS156-Machine-Learning/final/data/retail_images/segmented/shirt/princess_polly_shirts_blouses_79d7f7facc84_seg.jpg,/Users/ashley/Desktop/python/CS156-Machine-Learning/final/data/retail_images/raw/shirt/princess_polly_shirts_blouses_79d7f7facc84.jpg,Shirt,1061,1224,RGB,571d9292dd1c93d32c6be47b1a2749ede0cd4eaac36bec1e620137a3f1ff198c,True,ok,segmented,0.2181478001552351,False,True,segmented_crop,val
/Users/ashley/Desktop/python/CS156-Machine-Learning/final/data/retail_images/segmented/dress/reformation_dresses_0204ab59067f_seg.jpg,/Users/ashley/Desktop/python/CS156-Machine-Learning/final/data/retail_images/raw/dress/reformation_dresses_0204ab59067f.jpg,Dress,343,681,RGB,769e4203b1d40bca641c18c7eb34f99064e23f8b67aa36920b979520de1639b5,True,ok,segmented,0.2540958333333333,False,True,segmented_crop,val
data/retail_images/raw/sandal/urban_outfitters_sandals_29157a959ca2.jpg,data/retail_images/raw/sandal/urban_outfitters_sandals_29157a959ca2.jpg,Sandal,450,675,RGB,df19a97f66a3fa226dd73b7c412b86e1be03d073bf57aa97fbf48f1d89bad426,True,ok,not_used,0.0,False,True,raw_full_footwear,val
/Users/ashley/Desktop/python/CS156-Machine-Learning/final/data/retail_images/segmented/shirt/princess_polly_button_ups_ff33245f17bf_seg.jpg,/Users/ashley/Desktop/python/CS156-Machine-Learning/final/data/retail_images/raw/shirt/princess_polly_button_ups_ff33245f17bf.jpg,Shirt,627,889,RGB,a0715d78c6332357417c073371c9f92b636810025df28bd8ee0da7c33f54b5f9,True,ok,segmented,0.1177703337554638,False,True,segmented_crop,val
/Users/ashley/Desktop/python/CS156-Machine-Learning/final/data/retail_images/segmented/trouser/princess_polly_pants_91f23dcf74df_seg.jpg,/Users/ashley/Desktop/python/CS156-Machine-Learning/final/data/retail_images/raw/trouser/princess_polly_pants_91f23dcf74df.jpg,Trouser,364,1041,RGB,78336fbce454405c1359807dbe8c7eaef8a30e0c9c19689412f6b9c35f1e3768,True,ok,segmented,0.0916862899005756,False,True,segmented_crop,val
/Users/ashley/Desktop/python/CS156-Machine-Learning/final/data/retail_images/segmented/pullover/anthropologie_sweaters_7315d6ffcb29_seg.jpg,/Users/ashley/Desktop/python/CS156-Machine-Learning/final/data/retail_images/raw/pullover/anthropologie_sweaters_7315d6ffcb29.jpg,Pullover,274,430,RGB,09863c69b0fe594f3acb7b10b010232088208b84aa9bea77c78a794cc6fb6357,True,ok,segmented,0.2585151785763202,False,True,segmented_crop,val
data/retail_images/raw/ankle_boot/princess_polly_boots_bf77ebeeafa8.jpg,data/retail_images/raw/ankle_boot/princess_polly_boots_bf77ebeeafa8.jpg,Ankle boot,1345,1821,RGB,673030fd688743dfeddc60e6b2f99d6677d0e3af55edad00977b7c4977c00bbe,True,ok,not_used,0.0,False,True,raw_full_footwear,val
/Users/ashley/Desktop/python/CS156-Machine-Learning/final/data/retail_images/segmented/bag/princess_polly_bags_9bb62e318ed8_seg.jpg,/Users/ashley/Desktop/python/CS156-Machine-Learning/final/data/retail_images/raw/bag/princess_polly_bags_9bb62e318ed8.jpg,Bag,1132,835,RGB,83e93934f67a0a06c9eaae093947331d98b9cc406d50eceea68a915719b71f64,True,ok,segmented,0.081810972909874,False,True,segmented_crop,val
/Users/ashley/Desktop/python/CS156-Machine-Learning/final/data/retail_images/segmented/t_shirt_top/brandy_melville_tops_page_4_31f46c6d9e2d_seg.jpg,/Users/ashley/Desktop/python/CS156-Machine-Learning/final/data/retail_images/raw/t_shirt_top/brandy_melville_tops_page_4_31f46c6d9e2d.jpg,T-shirt/top,246,299,RGB,f8fd1627dbe3814d5e5c480bbb075585cda274aa449228fab172e6fd96fbdf90,True,ok,segmented,0.1899074074074074,False,True,segmented_crop,val
/Users/ashley/Desktop/python/CS156-Machine-Learning/final/data/retail_images/segmented/shirt/free_people_blouses_04efa75513e6_seg.jpg,/Users/ashley/Desktop/python/CS156-Machine-Learning/final/data/retail_images/raw/shirt/free_people_blouses_04efa75513e6.jpg,Shirt,586,678,RGB,f5e1c3821c6e6363ae5781589b78980231851792f6ec627013d8fd52c9c72fbe,True,ok,segmented,0.0427265555232924,False,True,segmented_crop,val
/Users/ashley/Desktop/python/CS156-Machine-Learning/final/data/retail_images/segmented/dress/reformation_dresses_0e1fe8b0e856_seg.jpg,/Users/ashley/Desktop/python/CS156-Machine-Learning/final/data/retail_images/raw/dress/reformation_dresses_0e1fe8b0e856.jpg,Dress,267,694,RGB,7ae7b76e3a9acee837989b3f51d530143cb581defb54937c030778294245147a,True,ok,segmented,0.2215375,False,True,segmented_crop,val
/Users/ashley/Desktop/python/CS156-Machine-Learning/final/data/retail_images/segmented/coat/princess_polly_jackets_3a662a388f42_seg.jpg,/Users/ashley/Desktop/python/CS156-Machine-Learning/final/data/retail_images/raw/coat/princess_polly_jackets_3a662a388f42.jpg,Coat,1332,1252,RGB,067e16b98743fbf4e9c05a9f363fbefdc66b283e1033e7fc58e730b7d6b058e7,True,ok,segmented,0.3392724375995751,False,True,segmented_crop,val
/Users/ashley/Desktop/python/CS156-Machine-Learning/final/data/retail_images/segmented/shirt/anthropologie_blouses_11c784ee44d0_seg.jpg,/Users/ashley/Desktop/python/CS156-Machine-Learning/final/data/retail_images/raw/shirt/anthropologie_blouses_11c784ee44d0.jpg,Shirt,258,315,RGB,ff56e481e20a4744bcd9685e24d03e7464b1839be230a7dcd73a398d6b8cb032,True,ok,segmented,0.2158639543738734,False,True,segmented_crop,val
/Users/ashley/Desktop/python/CS156-Machine-Learning/final/data/retail_images/segmented/bag/princess_polly_bags_c1acb4a8ab5a_seg.jpg,/Users/ashley/Desktop/python/CS156-Machine-Learning/final/data/retail_images/raw/bag/princess_polly_bags_c1acb4a8ab5a.jpg,Bag,959,1819,RGB,bd7d0001f180e7d4f6b07b8bd5cb1451832ee3383f7e4ad94ac57fd1fa729ece,True,ok,segmented,0.1046215215057985,False,True,segmented_crop,val
data/retail_images/raw/sneaker/anthropologie_sneakers_3faa1e86ad5b.jpg,data/retail_images/raw/sneaker/anthropologie_sneakers_3faa1e86ad5b.jpg,Sneaker,349,523,RGB,9ee020b2f6b82b680ec3734d694156a095e40fcb9bbcaf7f0c99bf44de48e6ff,True,ok,not_used,0.0,False,True,raw_full_footwear,val
/Users/ashley/Desktop/python/CS156-Machine-Learning/final/data/retail_images/segmented/bag/princess_polly_bags_817376033fd7_seg.jpg,/Users/ashley/Desktop/python/CS156-Machine-Learning/final/data/retail_images/raw/bag/princess_polly_bags_817376033fd7.jpg,Bag,789,1117,RGB,f043000617e077038ecf03426632b9b8c202896903778dfca7a02190d5ba0e2f,True,ok,segmented,0.0357690672422815,False,True,segmented_crop,val
/Users/ashley/Desktop/python/CS156-Machine-Learning/final/data/retail_images/segmented/bag/princess_polly_bags_917dd9795b8a_seg.jpg,/Users/ashley/Desktop/python/CS156-Machine-Learning/final/data/retail_images/raw/bag/princess_polly_bags_917dd9795b8a.jpg,Bag,1106,1416,RGB,01e24ae1c4bb7edb248bc122cc0cc2c8ba19eec834c5414605ab2433ca05a2b9,True,ok,segmented,0.1809524976064052,False,True,segmented_crop,val
/Users/ashley/Desktop/python/CS156-Machine-Learning/final/data/retail_images/segmented/dress/princess_polly_dresses_c29a48622ee9_seg.jpg,/Users/ashley/Desktop/python/CS156-Machine-Learning/final/data/retail_images/raw/dress/princess_polly_dresses_c29a48622ee9.jpg,Dress,381,1475,RGB,b6e69bc982b7182e3126977df65224668ff79636b40c824a9f8de00e7bba4d3e,True,ok,segmented,0.1347580618785976,False,True,segmented_crop,val
/Users/ashley/Desktop/python/CS156-Machine-Learning/final/data/retail_images/segmented/pullover/princess_polly_sweaters_d5faa8bab27b_seg.jpg,/Users/ashley/Desktop/python/CS156-Machine-Learning/final/data/retail_images/raw/pullover/princess_polly_sweaters_d5faa8bab27b.jpg,Pullover,1209,1722,RGB,ae3b0f1cfcfc08ee66d08cbb0661dab9ce4b0d3a45c225fccb5120c7f610511a,True,ok,segmented,0.3198500755749826,False,True,segmented_crop,val
data/retail_images/raw/ankle_boot/anthropologie_boot_shop_c5df640e04be.jpg,data/retail_images/raw/ankle_boot/anthropologie_boot_shop_c5df640e04be.jpg,Ankle boot,349,523,RGB,86203354632511fd126751efaac111a5ac3dc3b5bacbe6aa979318f9ee6027d6,True,ok,not_used,0.0,False,True,raw_full_footwear,val
/Users/ashley/Desktop/python/CS156-Machine-Learning/final/data/retail_images/segmented/pullover/princess_polly_sweaters_f26c6ff6e69b_seg.jpg,/Users/ashley/Desktop/python/CS156-Machine-Learning/final/data/retail_images/raw/pullover/princess_polly_sweaters_f26c6ff6e69b.jpg,Pullover,1235,1721,RGB,d4d5c5aef33c3efc08a488c474b1f99dd52b2ac859f2402298a1c60843653377,True,ok,segmented,0.3878606933427577,False,True,segmented_crop,val
/Users/ashley/Desktop/python/CS156-Machine-Learning/final/data/retail_images/segmented/t_shirt_top/brandy_melville_tops_7c13ad354e73_seg.jpg,/Users/ashley/Desktop/python/CS156-Machine-Learning/final/data/retail_images/raw/t_shirt_top/brandy_melville_tops_7c13ad354e73.jpg,T-shirt/top,611,727,RGB,323ea743ded66cd201fca89b56dcdc3e48883211f0cabcb35f7fff11347e6d19,True,ok,segmented,0.1486553333333333,False,True,segmented_crop,val
data/retail_images/raw/sandal/urban_outfitters_sandals_297d62913e70.jpg,data/retail_images/raw/sandal/urban_outfitters_sandals_297d62913e70.jpg,Sandal,450,675,RGB,543af5cc0c290f4524a46dde0db86542e6face7dd117401af5b84a4f962bdf86,True,ok,not_used,0.0,False,True,raw_full_footwear,val
/Users/ashley/Desktop/python/CS156-Machine-Learning/final/data/retail_images/segmented/dress/reformation_dresses_dd41ac870ebb_seg.jpg,/Users/ashley/Desktop/python/CS156-Machine-Learning/final/data/retail_images/raw/dress/reformation_dresses_dd41ac870ebb.jpg,Dress,243,624,RGB,7031cf68eba37825e6fbcad15513927b39be7aef4152cf19f1591b5188a260a6,True,ok,segmented,0.2015479166666666,False,True,segmented_crop,val
data/retail_images/raw/sandal/anthropologie_sandals_6e9b6bb0d5ad.jpg,data/retail_images/raw/sandal/anthropologie_sandals_6e9b6bb0d5ad.jpg,Sandal,349,523,RGB,fe52ab0cdb4dbf4354064b34b8fbc87655b56a750af4983876d3e816eb580d99,True,ok,not_used,0.0,False,True,raw_full_footwear,val
/Users/ashley/Desktop/python/CS156-Machine-Learning/final/data/retail_images/segmented/trouser/brandy_melville_pants_7ba1f7fe45bd_seg.jpg,/Users/ashley/Desktop/python/CS156-Machine-Learning/final/data/retail_images/raw/trouser/brandy_melville_pants_7ba1f7fe45bd.jpg,Trouser,252,637,RGB,a6e77c6941acdc897dcfb3615634bc00dd1bc437da1f54e97c084a4a664604d0,True,ok,segmented,0.2277110694183864,False,True,segmented_crop,val
/Users/ashley/Desktop/python/CS156-Machine-Learning/final/data/retail_images/segmented/t_shirt_top/brandy_melville_tops_page_4_1bffb93d424b_seg.jpg,/Users/ashley/Desktop/python/CS156-Machine-Learning/final/data/retail_images/raw/t_shirt_top/brandy_melville_tops_page_4_1bffb93d424b.jpg,T-shirt/top,352,380,RGB,314a29224f89c773bf6ad2f0ee170ae01d39fd20fd8f6ed5b1f37558a1e46ca1,True,ok,segmented,0.1767847091932457,False,True,segmented_crop,val
data/retail_images/raw/sneaker/urban_outfitters_sneakers_130b8cf06dd5.webp,data/retail_images/raw/sneaker/urban_outfitters_sneakers_130b8cf06dd5.webp,Sneaker,698,1046,RGB,ebbe13edc148e4256b412fe4f5f80d57f1147c0ea6298b963264834ed5c4696c,True,ok,not_used,0.0,False,True,raw_full_footwear,val
/Users/ashley/Desktop/python/CS156-Machine-Learning/final/data/retail_images/segmented/t_shirt_top/brandy_melville_tops_page_4_9dc56cbac77a_seg.jpg,/Users/ashley/Desktop/python/CS156-Machine-Learning/final/data/retail_images/raw/t_shirt_top/brandy_melville_tops_page_4_9dc56cbac77a.jpg,T-shirt/top,250,324,RGB,5869f9f3de8ce0d49de45f6f4295e3bfe037b1bca92b2b07a8885568eb5333ac,True,ok,segmented,0.1120520637898686,False,True,segmented_crop,val
/Users/ashley/Desktop/python/CS156-Machine-Learning/final/data/retail_images/segmented/coat/princess_polly_jackets_849e4ddc1e46_seg.jpg,/Users/ashley/Desktop/python/CS156-Machine-Learning/final/data/retail_images/raw/coat/princess_polly_jackets_849e4ddc1e46.jpg,Coat,1183,1132,RGB,514edcaf19e6774867706891b1fc9e4f42ffe8ddd112cc4d1cfd006053b58381,True,ok,segmented,0.2930160110564684,False,True,segmented_crop,val
data/retail_images/raw/sneaker/anthropologie_sneakers_67b9434d492a.jpg,data/retail_images/raw/sneaker/anthropologie_sneakers_67b9434d492a.jpg,Sneaker,349,523,RGB,9315bd402b99b9f9bf21e24fb4e17621929252cd90a17c594769794e502c811c,True,ok,not_used,0.0,False,True,raw_full_footwear,val
data/retail_images/raw/ankle_boot/anthropologie_boot_shop_ec78a37042df.jpg,data/retail_images/raw/ankle_boot/anthropologie_boot_shop_ec78a37042df.jpg,Ankle boot,349,523,RGB,e50a7dd544d813d5a1f5ace53d4f39db40759efd5c0912acb6286421d18be67f,True,ok,not_used,0.0,False,True,raw_full_footwear,val
data/retail_images/raw/sandal/urban_outfitters_sandals_758965d60842.jpg,data/retail_images/raw/sandal/urban_outfitters_sandals_758965d60842.jpg,Sandal,349,523,RGB,6451f799534f8d812442c19110f9af2789138ec958e450101d2deae44a0f49d0,True,ok,not_used,0.0,False,True,raw_full_footwear,val
/Users/ashley/Desktop/python/CS156-Machine-Learning/final/data/retail_images/segmented/pullover/princess_polly_sweaters_d9a9acb572d4_seg.jpg,/Users/ashley/Desktop/python/CS156-Machine-Learning/final/data/retail_images/raw/pullover/princess_polly_sweaters_d9a9acb572d4.jpg,Pullover,644,1303,RGB,30a096e5b8bd86fe01bf0ef78dfea8cdc0fa79262db2160cc69263d7b104e8b9,True,ok,segmented,0.1138699470172684,False,True,segmented_crop,val
data/retail_images/raw/ankle_boot/princess_polly_boots_ef8165a5a936.jpg,data/retail_images/raw/ankle_boot/princess_polly_boots_ef8165a5a936.jpg,Ankle boot,1344,1820,RGB,6f8141b53d0ae87aab28ed2cbdd616b7f4c38b75adc66848300fa53157fab5dd,True,ok,not_used,0.0,False,True,raw_full_footwear,val
/Users/ashley/Desktop/python/CS156-Machine-Learning/final/data/retail_images/segmented/trouser/princess_polly_pants_61fb93af03f1_seg.jpg,/Users/ashley/Desktop/python/CS156-Machine-Learning/final/data/retail_images/raw/trouser/princess_polly_pants_61fb93af03f1.jpg,Trouser,489,1127,RGB,871257a6f2608b85c2ba150139524cb5b80396982083780fb659ae745429c641,True,ok,segmented,0.1071032018576661,False,True,segmented_crop,val
data/retail_images/raw/sneaker/fashion_nova_sneakers_a56302c14f1c.jpg,data/retail_images/raw/sneaker/fashion_nova_sneakers_a56302c14f1c.jpg,Sneaker,200,299,RGB,3e971eef4be8f221fb8b631b9ebd5e8066a1747c400a1e56a5f11ba5ca246613,True,ok,not_used,0.0,False,True,raw_full_footwear,val
/Users/ashley/Desktop/python/CS156-Machine-Learning/final/data/retail_images/segmented/coat/reformation_jackets_and_coats_7401cfb697a4_seg.jpg,/Users/ashley/Desktop/python/CS156-Machine-Learning/final/data/retail_images/raw/coat/reformation_jackets_and_coats_7401cfb697a4.jpg,Coat,238,534,RGB,e405dd15905ecb4f7d064d452b2d05a16a24d54058208799c6ce5afeefa21e13,True,ok,segmented,0.1536395833333333,False,True,segmented_crop,val
/Users/ashley/Desktop/python/CS156-Machine-Learning/final/data/retail_images/segmented/t_shirt_top/brandy_melville_tops_page_4_49b800a8ac33_seg.jpg,/Users/ashley/Desktop/python/CS156-Machine-Learning/final/data/retail_images/raw/t_shirt_top/brandy_melville_tops_page_4_49b800a8ac33.jpg,T-shirt/top,533,645,RGB,fa3cc252d26dc4134a95a140e2b9aff5a45f6f9b4c81496c0484bcd96605fecf,True,ok,segmented,0.4605839587242026,False,True,segmented_crop,val
/Users/ashley/Desktop/python/CS156-Machine-Learning/final/data/retail_images/segmented/shirt/princess_polly_shirts_blouses_eff5af0890c4_seg.jpg,/Users/ashley/Desktop/python/CS156-Machine-Learning/final/data/retail_images/raw/shirt/princess_polly_shirts_blouses_eff5af0890c4.jpg,Shirt,713,894,RGB,53f80d533b1740df21a6f8ab4d889ac0baba3861042317fea6f5822a87d9db42,True,ok,segmented,0.1081653093929879,False,True,segmented_crop,val
data/retail_images/raw/sandal/anthropologie_sandals_6ad05c6dc538.jpg,data/retail_images/raw/sandal/anthropologie_sandals_6ad05c6dc538.jpg,Sandal,349,523,RGB,93ad5f17cd55010899d118f69d13c32a44a6368ac0997c4a075055b6c1cbce5d,True,ok,not_used,0.0,False,True,raw_full_footwear,val
/Users/ashley/Desktop/python/CS156-Machine-Learning/final/data/retail_images/segmented/shirt/anthropologie_blouses_7b619e0d16ad_seg.jpg,/Users/ashley/Desktop/python/CS156-Machine-Learning/final/data/retail_images/raw/shirt/anthropologie_blouses_7b619e0d16ad.jpg,Shirt,263,378,RGB,86d254ebbd0fcafa37da2887249cecb2d5d862db84d5fedfabc97c7237d254f1,True,ok,segmented,0.2555841053652336,False,True,segmented_crop,val
data/retail_images/raw/ankle_boot/princess_polly_boots_90c63268cade.jpg,data/retail_images/raw/ankle_boot/princess_polly_boots_90c63268cade.jpg,Ankle boot,1345,1820,RGB,310dfafd9df2b11591ccb4d06f967273f159e0e3ac58d1559e983c3233bfc7a0,True,ok,not_used,0.0,False,True,raw_full_footwear,val
/Users/ashley/Desktop/python/CS156-Machine-Learning/final/data/retail_images/segmented/t_shirt_top/brandy_melville_tops_ab7875d6832d_seg.jpg,/Users/ashley/Desktop/python/CS156-Machine-Learning/final/data/retail_images/raw/t_shirt_top/brandy_melville_tops_ab7875d6832d.jpg,T-shirt/top,280,361,RGB,578a9bdca92527cba2c573b99fb8729e770fec59d9b1d3e223c2192ee71dfec6,True,ok,segmented,0.230869341563786,False,True,segmented_crop,val
/Users/ashley/Desktop/python/CS156-Machine-Learning/final/data/retail_images/segmented/t_shirt_top/reformation_tops_45771e24bb64_seg.jpg,/Users/ashley/Desktop/python/CS156-Machine-Learning/final/data/retail_images/raw/t_shirt_top/reformation_tops_45771e24bb64.jpg,T-shirt/top,351,325,RGB,27298bbaf9f57c85bc6f1c4e00cd064c5152efcda3943c8dea18dd95c89e39cf,True,ok,segmented,0.12729375,False,True,segmented_crop,val
data/retail_images/raw/ankle_boot/princess_polly_boots_80249c5f41f8.jpg,data/retail_images/raw/ankle_boot/princess_polly_boots_80249c5f41f8.jpg,Ankle boot,1344,1820,RGB,530654e805c32751ce9642b1d7bbe4fc37a22adb1f6fea01f60c6c03810c42c1,True,ok,not_used,0.0,False,True,raw_full_footwear,val
/Users/ashley/Desktop/python/CS156-Machine-Learning/final/data/retail_images/segmented/trouser/brandy_melville_pants_f928af003d7f_seg.jpg,/Users/ashley/Desktop/python/CS156-Machine-Learning/final/data/retail_images/raw/trouser/brandy_melville_pants_f928af003d7f.jpg,Trouser,275,714,RGB,1989b1a99f7bfe4508841a3c392c622d0a744ce6d82240935923cc5c6343797c,True,ok,segmented,0.2376641651031895,False,True,segmented_crop,val
data/retail_images/raw/sneaker/urban_outfitters_sneakers_4d5b6324bd75.jpg,data/retail_images/raw/sneaker/urban_outfitters_sneakers_4d5b6324bd75.jpg,Sneaker,450,675,RGB,aa94b5f6952910a159483c1e4907c77684c00f8294dd0805a162773fd41464f4,True,ok,not_used,0.0,False,True,raw_full_footwear,val
/Users/ashley/Desktop/python/CS156-Machine-Learning/final/data/retail_images/segmented/dress/anthropologie_dresses_03739bd32419_seg.jpg,/Users/ashley/Desktop/python/CS156-Machine-Learning/final/data/retail_images/raw/dress/anthropologie_dresses_03739bd32419.jpg,Dress,251,377,RGB,99b2c1d21b0bf5d2c30870f45a84e5a5edabba8a5d364655e4641e080324e6aa,True,ok,segmented,0.2864452930251415,False,True,segmented_crop,val
/Users/ashley/Desktop/python/CS156-Machine-Learning/final/data/retail_images/segmented/trouser/princess_polly_pants_3fff30afac4f_seg.jpg,/Users/ashley/Desktop/python/CS156-Machine-Learning/final/data/retail_images/raw/trouser/princess_polly_pants_3fff30afac4f.jpg,Trouser,402,1448,RGB,5baad30d3d03e16337490e3d88e8e86fa2de7bac7795bfb4ee181781bc7a8e5b,True,ok,segmented,0.1500690901360544,False,True,segmented_crop,val
/Users/ashley/Desktop/python/CS156-Machine-Learning/final/data/retail_images/segmented/coat/reformation_outerwear_22fd2d4071e5_seg.jpg,/Users/ashley/Desktop/python/CS156-Machine-Learning/final/data/retail_images/raw/coat/reformation_outerwear_22fd2d4071e5.jpg,Coat,284,300,RGB,eb1024c71cdc20d9e0e95003a30b0d943bbbfc51487698320b5ed22bc3e4d75f,True,ok,segmented,0.0942291666666666,False,True,segmented_crop,val
/Users/ashley/Desktop/python/CS156-Machine-Learning/final/data/retail_images/segmented/t_shirt_top/brandy_melville_tops_page_4_9d98b57b6113_seg.jpg,/Users/ashley/Desktop/python/CS156-Machine-Learning/final/data/retail_images/raw/t_shirt_top/brandy_melville_tops_page_4_9d98b57b6113.jpg,T-shirt/top,180,221,RGB,a7464c6bed8060da2c2d0bb9c6690c1d7be135a9985dd7ed43984ab246cc2337,True,ok,segmented,0.1065329218106996,False,True,segmented_crop,val
/Users/ashley/Desktop/python/CS156-Machine-Learning/final/data/retail_images/segmented/bag/anthropologie_bags_dbf92f6af073_seg.jpg,/Users/ashley/Desktop/python/CS156-Machine-Learning/final/data/retail_images/raw/bag/anthropologie_bags_dbf92f6af073.jpg,Bag,273,523,RGB,73b7966c63fb6fd1ba4c468bf5701d40f3134747584ebe76708c9c6865bab9bf,True,ok,segmented,0.0887868644091011,False,True,segmented_crop,val
/Users/ashley/Desktop/python/CS156-Machine-Learning/final/data/retail_images/segmented/dress/princess_polly_dresses_ed7621507678_seg.jpg,/Users/ashley/Desktop/python/CS156-Machine-Learning/final/data/retail_images/raw/dress/princess_polly_dresses_ed7621507678.jpg,Dress,657,246,RGB,5e91aa96dc21d769d71e82638b9766ee2a33d7970a5cb1c99548c0c47d347193,True,ok,segmented,0.0477527803285379,False,True,segmented_crop,val
data/retail_images/raw/ankle_boot/princess_polly_boots_37ca5ac6417a.jpg,data/retail_images/raw/ankle_boot/princess_polly_boots_37ca5ac6417a.jpg,Ankle boot,1344,1820,RGB,675449d7e2a3fa73b7a2a8cc170eef3289d611714bba07d396244e5dc3c28e50,True,ok,not_used,0.0,False,True,raw_full_footwear,val
/Users/ashley/Desktop/python/CS156-Machine-Learning/final/data/retail_images/segmented/dress/princess_polly_dresses_b1c141c079e8_seg.jpg,/Users/ashley/Desktop/python/CS156-Machine-Learning/final/data/retail_images/raw/dress/princess_polly_dresses_b1c141c079e8.jpg,Dress,812,1035,RGB,d04e28dc46e5506f64cd86c1cef78195e59fd805153b8bb23465b26129de8bec,True,ok,segmented,0.1611312794348508,False,True,segmented_crop,val
/Users/ashley/Desktop/python/CS156-Machine-Learning/final/data/retail_images/segmented/bag/anthropologie_bags_100289650fa9_seg.jpg,/Users/ashley/Desktop/python/CS156-Machine-Learning/final/data/retail_images/raw/bag/anthropologie_bags_100289650fa9.jpg,Bag,288,416,RGB,2405268666ca4b9d693fa03538ae1964aaa0d74438f375b215f65ebe2ae45c28,True,ok,segmented,0.2567674919327004,False,True,segmented_crop,val
/Users/ashley/Desktop/python/CS156-Machine-Learning/final/data/retail_images/segmented/t_shirt_top/brandy_melville_tops_page_4_703501a2ce61_seg.jpg,/Users/ashley/Desktop/python/CS156-Machine-Learning/final/data/retail_images/raw/t_shirt_top/brandy_melville_tops_page_4_703501a2ce61.jpg,T-shirt/top,323,359,RGB,fa3fad028ccb1f30d174778fb31388cf436f472eb743dbc52bde2d7210738b80,True,ok,segmented,0.1363250469043151,False,True,segmented_crop,val
/Users/ashley/Desktop/python/CS156-Machine-Learning/final/data/retail_images/segmented/bag/princess_polly_bags_40e4560674cb_seg.jpg,/Users/ashley/Desktop/python/CS156-Machine-Learning/final/data/retail_images/raw/bag/princess_polly_bags_40e4560674cb.jpg,Bag,1097,1343,RGB,d8dd3858e3a893da00e6e6d3a0a803f60125f5fb79fad5ade95da70ded1341a2,True,ok,segmented,0.170356170983303,False,True,segmented_crop,val
/Users/ashley/Desktop/python/CS156-Machine-Learning/final/data/retail_images/segmented/pullover/reformation_sweaters_2544545bb673_seg.jpg,/Users/ashley/Desktop/python/CS156-Machine-Learning/final/data/retail_images/raw/pullover/reformation_sweaters_2544545bb673.jpg,Pullover,190,202,RGB,2bcf6d219309472c80ee9a762c0a7c8b46f084ab60d5a706db6ee82ae2dfe104,True,ok,segmented,0.04223125,False,True,segmented_crop,val
data/retail_images/raw/ankle_boot/princess_polly_boots_330f8ee1f06e.jpg,data/retail_images/raw/ankle_boot/princess_polly_boots_330f8ee1f06e.jpg,Ankle boot,1345,1820,RGB,ac716484cffbbec5bbaec46be90df3cb7b1166f843d04d9225563422441cd4ff,True,ok,not_used,0.0,False,True,raw_full_footwear,val
/Users/ashley/Desktop/python/CS156-Machine-Learning/final/data/retail_images/segmented/dress/reformation_dresses_c9949d97edfc_seg.jpg,/Users/ashley/Desktop/python/CS156-Machine-Learning/final/data/retail_images/raw/dress/reformation_dresses_c9949d97edfc.jpg,Dress,252,570,RGB,c119548a1dc073e1e5351c0787bc498a54b6c8cc53b402a446aa0e67df7828d8,True,ok,segmented,0.1397645833333333,False,True,segmented_crop,val
data/retail_images/raw/sneaker/urban_outfitters_sneakers_8f9c1349553b.jpg,data/retail_images/raw/sneaker/urban_outfitters_sneakers_8f9c1349553b.jpg,Sneaker,450,675,RGB,b5b942fa556cd6ab3eedc2437a3f476c8f930f8f40813825edded59b85fc6cc3,True,ok,not_used,0.0,False,True,raw_full_footwear,val
/Users/ashley/Desktop/python/CS156-Machine-Learning/final/data/retail_images/segmented/trouser/princess_polly_pants_9261cbc9e5d6_seg.jpg,/Users/ashley/Desktop/python/CS156-Machine-Learning/final/data/retail_images/raw/trouser/princess_polly_pants_9261cbc9e5d6.jpg,Trouser,1030,1321,RGB,05c8a7e65627c5e96a46052b51161049055e46481aa92b40b87432dcedb9ede5,True,ok,segmented,0.2370020604395604,False,True,segmented_crop,val
/Users/ashley/Desktop/python/CS156-Machine-Learning/final/data/retail_images/segmented/trouser/princess_polly_pants_a32d4cd39a31_seg.jpg,/Users/ashley/Desktop/python/CS156-Machine-Learning/final/data/retail_images/raw/trouser/princess_polly_pants_a32d4cd39a31.jpg,Trouser,695,1260,RGB,38fcdb963e3b7e31716ecfd257751d8c52172b07647f338e80e727e39174d167,True,ok,segmented,0.1619420727970913,False,True,segmented_crop,val
/Users/ashley/Desktop/python/CS156-Machine-Learning/final/data/retail_images/segmented/trouser/brandy_melville_pants_2b26b8ee22eb_seg.jpg,/Users/ashley/Desktop/python/CS156-Machine-Learning/final/data/retail_images/raw/trouser/brandy_melville_pants_2b26b8ee22eb.jpg,Trouser,221,760,RGB,279c2423ed5038a23eb0dad4a3502e15e9ba768728cb8cba936706709c7ab242,True,ok,segmented,0.1784333958724202,False,True,segmented_crop,val
data/retail_images/raw/sandal/anthropologie_sandals_9e41421fb996.webp,data/retail_images/raw/sandal/anthropologie_sandals_9e41421fb996.webp,Sandal,698,1046,RGB,20a8e2980b7e6540911996b3d839b36bf8ce39e71865294306155e38e73b35f8,True,ok,not_used,0.0,False,True,raw_full_footwear,val
/Users/ashley/Desktop/python/CS156-Machine-Learning/final/data/retail_images/segmented/shirt/anthropologie_blouses_2524442e9dd9_seg.jpg,/Users/ashley/Desktop/python/CS156-Machine-Learning/final/data/retail_images/raw/shirt/anthropologie_blouses_2524442e9dd9.jpg,Shirt,292,315,RGB,5c40098f2ce6ab27483334f2ccfd7134669d6f5cc30c722f28a28483e36f3474,True,ok,segmented,0.2074432823637051,False,True,segmented_crop,val
/Users/ashley/Desktop/python/CS156-Machine-Learning/final/data/retail_images/segmented/t_shirt_top/brandy_melville_tops_page_4_961c71b927e2_seg.jpg,/Users/ashley/Desktop/python/CS156-Machine-Learning/final/data/retail_images/raw/t_shirt_top/brandy_melville_tops_page_4_961c71b927e2.jpg,T-shirt/top,219,304,RGB,7ad2eeead67f136e0abbc2f9c86e29f95f8fcf3839edc7222ddbf6fde042a4ae,True,ok,segmented,0.0865032833020637,False,True,segmented_crop,val
/Users/ashley/Desktop/python/CS156-Machine-Learning/final/data/retail_images/segmented/bag/princess_polly_bags_c54010f6776f_seg.jpg,/Users/ashley/Desktop/python/CS156-Machine-Learning/final/data/retail_images/raw/bag/princess_polly_bags_c54010f6776f.jpg,Bag,2027,2657,RGB,8e2f4dc65c559eacfb9f338c9578cdd4ae5f441a5c6029cb6a241be5afa810af,True,ok,segmented,0.195862790782142,False,True,segmented_crop,val
/Users/ashley/Desktop/python/CS156-Machine-Learning/final/data/retail_images/segmented/pullover/princess_polly_sweaters_4f260925543d_seg.jpg,/Users/ashley/Desktop/python/CS156-Machine-Learning/final/data/retail_images/raw/pullover/princess_polly_sweaters_4f260925543d.jpg,Pullover,1345,1201,RGB,2ecf8303665d3ed21e4ddfc5ca51e6ecf05c1103f0c1c08cccfe562c6184435b,True,ok,segmented,0.2653188447240492,False,True,segmented_crop,val
/Users/ashley/Desktop/python/CS156-Machine-Learning/final/data/retail_images/segmented/bag/anthropologie_bags_11e52417ec25_seg.jpg,/Users/ashley/Desktop/python/CS156-Machine-Learning/final/data/retail_images/raw/bag/anthropologie_bags_11e52417ec25.jpg,Bag,632,1032,RGB,dac573dd3f11e79bed13aaee0de8469c19a340cc0aea64a635af348357296944,True,ok,segmented,0.1922564880812153,False,True,segmented_crop,val
/Users/ashley/Desktop/python/CS156-Machine-Learning/final/data/retail_images/segmented/trouser/brandy_melville_pants_f8dd69d3cfc2_seg.jpg,/Users/ashley/Desktop/python/CS156-Machine-Learning/final/data/retail_images/raw/trouser/brandy_melville_pants_f8dd69d3cfc2.jpg,Trouser,189,540,RGB,c677a57dd69e4fbd02f05195a8406ed9924340deba321c07abe31f8de9939290,True,ok,segmented,0.3103652263374485,False,True,segmented_crop,val
data/retail_images/raw/sandal/anthropologie_sandals_75513da258a3.jpg,data/retail_images/raw/sandal/anthropologie_sandals_75513da258a3.jpg,Sandal,349,523,RGB,de5b9c1f3bd47ca8d59b14b12d62528e5aeeac8e354a8cd66fc699db2ea10a20,True,ok,not_used,0.0,False,True,raw_full_footwear,val
/Users/ashley/Desktop/python/CS156-Machine-Learning/final/data/retail_images/segmented/trouser/brandy_melville_pants_c81fcb24df2e_seg.jpg,/Users/ashley/Desktop/python/CS156-Machine-Learning/final/data/retail_images/raw/trouser/brandy_melville_pants_c81fcb24df2e.jpg,Trouser,347,632,RGB,fedf77ca4469f3c8389bfe0eefd8613d0dfc2fda8a84f3b47b287266f41526aa,True,ok,segmented,0.2614516885553471,False,True,segmented_crop,val
data/retail_images/raw/sneaker/anthropologie_sneakers_89fc481b90c9.jpg,data/retail_images/raw/sneaker/anthropologie_sneakers_89fc481b90c9.jpg,Sneaker,349,523,RGB,7a513a30a7d99f2b667156573a125e5c15725109defeb112a836b18ba624b0a1,True,ok,not_used,0.0,False,True,raw_full_footwear,val
/Users/ashley/Desktop/python/CS156-Machine-Learning/final/data/retail_images/segmented/pullover/princess_polly_sweaters_57d981d8d2d4_seg.jpg,/Users/ashley/Desktop/python/CS156-Machine-Learning/final/data/retail_images/raw/pullover/princess_polly_sweaters_57d981d8d2d4.jpg,Pullover,1345,1408,RGB,6952163496a64e9ca2345fbfac451955b080428fabb48e03447cd5fa5252bc74,True,ok,segmented,0.2843016463090813,False,True,segmented_crop,val
/Users/ashley/Desktop/python/CS156-Machine-Learning/final/data/retail_images/segmented/pullover/anthropologie_sweaters_bc2256c37e2a_seg.jpg,/Users/ashley/Desktop/python/CS156-Machine-Learning/final/data/retail_images/raw/pullover/anthropologie_sweaters_bc2256c37e2a.jpg,Pullover,329,432,RGB,80f5c0bd17c6cafa85d5c2fd0496de3efee3c1fcb81e012fd989911370f5d2d3,True,ok,segmented,0.473425849326401,False,True,segmented_crop,val
/Users/ashley/Desktop/python/CS156-Machine-Learning/final/data/retail_images/segmented/t_shirt_top/brandy_melville_tops_27011dd95bb0_seg.jpg,/Users/ashley/Desktop/python/CS156-Machine-Learning/final/data/retail_images/raw/t_shirt_top/brandy_melville_tops_27011dd95bb0.jpg,T-shirt/top,352,458,RGB,98cdd491973df23c2f7ff47947de07a9bb6acd8d3b1308b4f71e2cf0f41b8bff,True,ok,segmented,0.1923334896810506,False,True,segmented_crop,val
/Users/ashley/Desktop/python/CS156-Machine-Learning/final/data/retail_images/segmented/pullover/anthropologie_sweaters_6c36c6cb5be3_seg.jpg,/Users/ashley/Desktop/python/CS156-Machine-Learning/final/data/retail_images/raw/pullover/anthropologie_sweaters_6c36c6cb5be3.jpg,Pullover,349,454,RGB,f435700ddcf40e86f889f153e1546c18c28e3200d28ac83b7e973d00fcb3d774,True,ok,segmented,0.5279164178450312,False,True,segmented_crop,val
/Users/ashley/Desktop/python/CS156-Machine-Learning/final/data/retail_images/segmented/coat/reformation_outerwear_6fa15881bfa7_seg.jpg,/Users/ashley/Desktop/python/CS156-Machine-Learning/final/data/retail_images/raw/coat/reformation_outerwear_6fa15881bfa7.jpg,Coat,436,590,RGB,874f8c900aa2618e7cade39ac60d0dbfebee90f1808e59ee8c68660d6566de73,True,ok,segmented,0.3427979166666666,False,True,segmented_crop,val
/Users/ashley/Desktop/python/CS156-Machine-Learning/final/data/retail_images/segmented/pullover/reformation_sweaters_391c6d4ec656_seg.jpg,/Users/ashley/Desktop/python/CS156-Machine-Learning/final/data/retail_images/raw/pullover/reformation_sweaters_391c6d4ec656.jpg,Pullover,600,463,RGB,3a24086c8994320f8b9d6316cfdae373d10331d727de8c211faafb6d4c560313,True,ok,segmented,0.41405625,False,True,segmented_crop,val
data/retail_images/raw/sneaker/urban_outfitters_sneakers_796766cbe3d0.jpg,data/retail_images/raw/sneaker/urban_outfitters_sneakers_796766cbe3d0.jpg,Sneaker,450,675,RGB,39ffb0728a5396f23b03d740b73e4291cc0f0466365302282231d7deede68417,True,ok,not_used,0.0,False,True,raw_full_footwear,val
/Users/ashley/Desktop/python/CS156-Machine-Learning/final/data/retail_images/segmented/bag/princess_polly_bags_e0117dc1876f_seg.jpg,/Users/ashley/Desktop/python/CS156-Machine-Learning/final/data/retail_images/raw/bag/princess_polly_bags_e0117dc1876f.jpg,Bag,945,1222,RGB,d26e7452809dee60c6bf481862c95a2765a96ddf9d05484cbc475c6da3c6a8d6,True,ok,segmented,0.1292333038984824,False,True,segmented_crop,val
data/retail_images/raw/sneaker/urban_outfitters_sneakers_64a4b3a6e642.jpg,data/retail_images/raw/sneaker/urban_outfitters_sneakers_64a4b3a6e642.jpg,Sneaker,450,675,RGB,3dd0f2f2a52f86a6745cc3dee8459c15dbedd105acb0e1c4d9be2fa2383d01c7,True,ok,not_used,0.0,False,True,raw_full_footwear,val
/Users/ashley/Desktop/python/CS156-Machine-Learning/final/data/retail_images/segmented/dress/reformation_dresses_4117f82e4f14_seg.jpg,/Users/ashley/Desktop/python/CS156-Machine-Learning/final/data/retail_images/raw/dress/reformation_dresses_4117f82e4f14.jpg,Dress,404,325,RGB,8818ec4a42f426d2bfc6d49e18cc6910524b5402288dc9d4c483170f82d0c0dd,True,ok,segmented,0.0353145833333333,False,True,segmented_crop,val
data/retail_images/raw/sneaker/fashion_nova_sneakers_39649d2144a2.jpg,data/retail_images/raw/sneaker/fashion_nova_sneakers_39649d2144a2.jpg,Sneaker,350,524,RGB,1886857bbef170dbcd85bf74eb66826180f85633c03f2837578b09bcea4b218f,True,ok,not_used,0.0,False,True,raw_full_footwear,val
/Users/ashley/Desktop/python/CS156-Machine-Learning/final/data/retail_images/segmented/pullover/princess_polly_sweaters_42da6d7bc1d2_seg.jpg,/Users/ashley/Desktop/python/CS156-Machine-Learning/final/data/retail_images/raw/pullover/princess_polly_sweaters_42da6d7bc1d2.jpg,Pullover,1344,1000,RGB,84e24bd2438718500e73497e01612b75b88b16f6c936660e3bfc4192b20ff7f5,True,ok,segmented,0.2522513572736787,False,True,segmented_crop,val
/Users/ashley/Desktop/python/CS156-Machine-Learning/final/data/retail_images/segmented/shirt/urban_outfitters_shirts_blouses_170a24b9f43a_seg.jpg,/Users/ashley/Desktop/python/CS156-Machine-Learning/final/data/retail_images/raw/shirt/urban_outfitters_shirts_blouses_170a24b9f43a.jpg,Shirt,387,462,RGB,d9b8a96903a38c24bd2774b501ab40def1b5c04455d12ce693d1c51d263e497e,True,ok,segmented,0.2359045267489712,False,True,segmented_crop,val
data/retail_images/raw/ankle_boot/princess_polly_boots_4cd64e1122d2.jpg,data/retail_images/raw/ankle_boot/princess_polly_boots_4cd64e1122d2.jpg,Ankle boot,1344,1820,RGB,54c8fff39dbadb67066a31bb64875f9fb5045e232be33e8c896e2129cd518ce1,True,ok,not_used,0.0,False,True,raw_full_footwear,val
data/retail_images/raw/sandal/anthropologie_sandals_8d47fff021d3.jpg,data/retail_images/raw/sandal/anthropologie_sandals_8d47fff021d3.jpg,Sandal,349,523,RGB,1370082843763e568c76a325820e6ee6f3c3aa584b9183981559d4ee10722e8d,True,ok,not_used,0.0,False,True,raw_full_footwear,val
data/retail_images/raw/sandal/urban_outfitters_sandals_4d37180b0161.jpg,data/retail_images/raw/sandal/urban_outfitters_sandals_4d37180b0161.jpg,Sandal,450,675,RGB,275f19b45130e7f5b61501b8e68dc9f0d5ee4c401e31044bbeb96d0a99c75e72,True,ok,not_used,0.0,False,True,raw_full_footwear,val
data/retail_images/raw/ankle_boot/princess_polly_boots_b590acd6708e.jpg,data/retail_images/raw/ankle_boot/princess_polly_boots_b590acd6708e.jpg,Ankle boot,1345,1820,RGB,f14e0ea26abc22012d4e76296ad10c3a81ae25e2cb3de21a81a16f50cfbc1097,True,ok,not_used,0.0,False,True,raw_full_footwear,val
data/retail_images/raw/sandal/princess_polly_sandals_590830a82ba8.jpg,data/retail_images/raw/sandal/princess_polly_sandals_590830a82ba8.jpg,Sandal,1344,1820,RGB,04b29851823c82e2388254c3121d81b6dd74904321a2cd816a7603feca697bf1,True,ok,not_used,0.0,False,True,raw_full_footwear,val
/Users/ashley/Desktop/python/CS156-Machine-Learning/final/data/retail_images/segmented/shirt/free_people_blouses_95c5e7c6a436_seg.jpg,/Users/ashley/Desktop/python/CS156-Machine-Learning/final/data/retail_images/raw/shirt/free_people_blouses_95c5e7c6a436.webp,Shirt,615,599,RGB,9a4da9bf95cdb3a072eb472c74bc8b7da69946a97187c45e621fcfecdfe21843,True,ok,segmented,0.2686219025130528,False,True,segmented_crop,val
/Users/ashley/Desktop/python/CS156-Machine-Learning/final/data/retail_images/segmented/coat/reformation_outerwear_eeb174e927f7_seg.jpg,/Users/ashley/Desktop/python/CS156-Machine-Learning/final/data/retail_images/raw/coat/reformation_outerwear_eeb174e927f7.jpg,Coat,600,594,RGB,02d776b896022537131632abdd220ce8131a26798cd8cd5f99b20d5660009755,True,ok,segmented,0.3622229166666666,False,True,segmented_crop,val
/Users/ashley/Desktop/python/CS156-Machine-Learning/final/data/retail_images/segmented/bag/anthropologie_bags_5175ad56e6cf_seg.jpg,/Users/ashley/Desktop/python/CS156-Machine-Learning/final/data/retail_images/raw/bag/anthropologie_bags_5175ad56e6cf.jpg,Bag,302,408,RGB,c7f96cab55bac02fc50853cd6ae13074fdc36ba8f13e464661ab7125be8a8447,True,ok,segmented,0.0687158612150531,False,True,segmented_crop,val
/Users/ashley/Desktop/python/CS156-Machine-Learning/final/data/retail_images/segmented/trouser/princess_polly_pants_6240f906b71c_seg.jpg,/Users/ashley/Desktop/python/CS156-Machine-Learning/final/data/retail_images/raw/trouser/princess_polly_pants_6240f906b71c.jpg,Trouser,783,1754,RGB,95691b12cad2f1ecbfc4a7588b56579466eef4c351a9df827b7886328f9e4ed2,True,ok,segmented,0.301470648310797,False,True,segmented_crop,val
/Users/ashley/Desktop/python/CS156-Machine-Learning/final/data/retail_images/segmented/coat/reformation_outerwear_69553f841cca_seg.jpg,/Users/ashley/Desktop/python/CS156-Machine-Learning/final/data/retail_images/raw/coat/reformation_outerwear_69553f841cca.jpg,Coat,418,535,RGB,50dd1c97a586092718aa50606475fbd3afdc9bbff32281a79bba5abefdf774cd,True,ok,segmented,0.2261270833333333,False,True,segmented_crop,val
data/retail_images/raw/ankle_boot/princess_polly_boots_bf08ba17c408.jpg,data/retail_images/raw/ankle_boot/princess_polly_boots_bf08ba17c408.jpg,Ankle boot,1344,1820,RGB,85ec616fb41a6563696f509ebb00b4faf2890d64e4bdad5f01a017aecf327b51,True,ok,not_used,0.0,False,True,raw_full_footwear,val
data/retail_images/raw/sneaker/urban_outfitters_sneakers_f2bc96c9c861.jpg,data/retail_images/raw/sneaker/urban_outfitters_sneakers_f2bc96c9c861.jpg,Sneaker,450,675,RGB,ecc7a8a21eebc142580adc1bf352da9faf75fb38f229bf60e5bdd5a364fff16b,True,ok,not_used,0.0,False,True,raw_full_footwear,val
/Users/ashley/Desktop/python/CS156-Machine-Learning/final/data/retail_images/segmented/bag/princess_polly_bags_fc2686a7edeb_seg.jpg,/Users/ashley/Desktop/python/CS156-Machine-Learning/final/data/retail_images/raw/bag/princess_polly_bags_fc2686a7edeb.jpg,Bag,1125,698,RGB,db0c9e090c6424854266dff1aa7fb8aa24e958000bf500d560b0fea0808d4f4c,True,ok,segmented,0.1153094489153968,False,True,segmented_crop,val
/Users/ashley/Desktop/python/CS156-Machine-Learning/final/data/retail_images/segmented/coat/reformation_outerwear_672804aa47a1_seg.jpg,/Users/ashley/Desktop/python/CS156-Machine-Learning/final/data/retail_images/raw/coat/reformation_outerwear_672804aa47a1.jpg,Coat,227,286,RGB,02d194d0cb4bd1dc68481afcd2048e9dbaf5a93ca52c6c7e75f8456d22d50164,True,ok,segmented,0.0713604166666666,False,True,segmented_crop,val
/Users/ashley/Desktop/python/CS156-Machine-Learning/final/data/retail_images/segmented/dress/reformation_dresses_1f7a4792ee1c_seg.jpg,/Users/ashley/Desktop/python/CS156-Machine-Learning/final/data/retail_images/raw/dress/reformation_dresses_1f7a4792ee1c.jpg,Dress,469,662,RGB,0b9017860ca60c7d30afa80e1f08622845b7550d6b5593f4cff8b72842ad52c8,True,ok,segmented,0.1931020833333333,False,True,segmented_crop,val
data/retail_images/raw/sneaker/anthropologie_sneakers_14986a377797.jpg,data/retail_images/raw/sneaker/anthropologie_sneakers_14986a377797.jpg,Sneaker,349,523,RGB,ea4cdd177a6ad2bad9acd990b0b4faf63e001035a0a119fc435723b32356bc4d,True,ok,not_used,0.0,False,True,raw_full_footwear,val
data/retail_images/raw/ankle_boot/anthropologie_boot_shop_5e0cdbbe05f7.webp,data/retail_images/raw/ankle_boot/anthropologie_boot_shop_5e0cdbbe05f7.webp,Ankle boot,349,523,RGB,3a2b40e46a44116899c9d8e65edc7e1923899c026794ac9852177149ddbc5352,True,ok,not_used,0.0,False,True,raw_full_footwear,val
data/retail_images/raw/ankle_boot/princess_polly_boots_e471e99cbee3.jpg,data/retail_images/raw/ankle_boot/princess_polly_boots_e471e99cbee3.jpg,Ankle boot,1344,1820,RGB,e2be33634183b8df6e675888420c2704ff6812911485c8e136a063a15919f203,True,ok,not_used,0.0,False,True,raw_full_footwear,val
/Users/ashley/Desktop/python/CS156-Machine-Learning/final/data/retail_images/segmented/trouser/princess_polly_pants_0bb8e0b870d2_seg.jpg,/Users/ashley/Desktop/python/CS156-Machine-Learning/final/data/retail_images/raw/trouser/princess_polly_pants_0bb8e0b870d2.jpg,Trouser,581,1808,RGB,f23e6b9f61d0d7a159d38fe0b7faf9725bcf8bbe41ad9f2da2432b8166529756,True,ok,segmented,0.2543967630841341,False,True,segmented_crop,val
/Users/ashley/Desktop/python/CS156-Machine-Learning/final/data/retail_images/segmented/coat/reformation_outerwear_f6f7e51a6a92_seg.jpg,/Users/ashley/Desktop/python/CS156-Machine-Learning/final/data/retail_images/raw/coat/reformation_outerwear_f6f7e51a6a92.jpg,Coat,502,691,RGB,ce36e4493f53bcd5fd45e23f964f1fc47e9fe8e0506d5448dbbb4ed4177a53cc,True,ok,segmented,0.3431708333333333,False,True,segmented_crop,val
/Users/ashley/Desktop/python/CS156-Machine-Learning/final/data/retail_images/segmented/bag/anthropologie_bags_b74447a71d2d_seg.jpg,/Users/ashley/Desktop/python/CS156-Machine-Learning/final/data/retail_images/raw/bag/anthropologie_bags_b74447a71d2d.jpg,Bag,349,407,RGB,59bd1cd17784be022bfd233fbe5ba875625177501b61d07566e93bbd560bc820,True,ok,segmented,0.0876089564831504,False,True,segmented_crop,val
/Users/ashley/Desktop/python/CS156-Machine-Learning/final/data/retail_images/segmented/pullover/princess_polly_sweaters_d04600d5482e_seg.jpg,/Users/ashley/Desktop/python/CS156-Machine-Learning/final/data/retail_images/raw/pullover/princess_polly_sweaters_d04600d5482e.jpg,Pullover,1256,1184,RGB,cd8c99613dd8507b75f76f58a24d719a0fbcd7711356030bc5feb72decea1af0,True,ok,segmented,0.2823664802459445,False,True,segmented_crop,val
/Users/ashley/Desktop/python/CS156-Machine-Learning/final/data/retail_images/segmented/shirt/princess_polly_shirts_blouses_c6c863c9b0b5_seg.jpg,/Users/ashley/Desktop/python/CS156-Machine-Learning/final/data/retail_images/raw/shirt/princess_polly_shirts_blouses_c6c863c9b0b5.jpg,Shirt,956,1169,RGB,798c979aabd7f7775be54bfa2e308d5d8abb142d50b27bb789d91b41e50f30ed,True,ok,segmented,0.1986183497363473,False,True,segmented_crop,val
/Users/ashley/Desktop/python/CS156-Machine-Learning/final/data/retail_images/segmented/coat/reformation_outerwear_295b67e25630_seg.jpg,/Users/ashley/Desktop/python/CS156-Machine-Learning/final/data/retail_images/raw/coat/reformation_outerwear_295b67e25630.jpg,Coat,394,533,RGB,df930188bfe4327538c79b80762876964dac058907d4e40e7a599ba4f3cd15ad,True,ok,segmented,0.23049375,False,True,segmented_crop,val
/Users/ashley/Desktop/python/CS156-Machine-Learning/final/data/retail_images/segmented/dress/reformation_dresses_d456450b8f5e_seg.jpg,/Users/ashley/Desktop/python/CS156-Machine-Learning/final/data/retail_images/raw/dress/reformation_dresses_d456450b8f5e.jpg,Dress,223,551,RGB,85488ce22e6e3c8466d2f6e4bab6773bd0c0e6ec682673437ac7e19059e4817c,True,ok,segmented,0.1337583333333333,False,True,segmented_crop,val
data/retail_images/raw/sandal/anthropologie_sandals_97a6493eea1e.webp,data/retail_images/raw/sandal/anthropologie_sandals_97a6493eea1e.webp,Sandal,349,523,RGB,7c6830d6ce01facde11371ed304e439938285b61af60a9c82863fb08c9c5a122,True,ok,not_used,0.0,False,True,raw_full_footwear,val
/Users/ashley/Desktop/python/CS156-Machine-Learning/final/data/retail_images/segmented/trouser/princess_polly_pants_d4c1af5dfa8c_seg.jpg,/Users/ashley/Desktop/python/CS156-Machine-Learning/final/data/retail_images/raw/trouser/princess_polly_pants_d4c1af5dfa8c.jpg,Trouser,802,1754,RGB,3e51129c88998e9efb380582d9198156dc81362d8fe46171571f8c9ee8a7ae9f,True,ok,segmented,0.391006017791732,False,True,segmented_crop,val
data/retail_images/raw/sneaker/urban_outfitters_sneakers_b3801ad12c4b.webp,data/retail_images/raw/sneaker/urban_outfitters_sneakers_b3801ad12c4b.webp,Sneaker,349,523,RGB,12f3cb2172faa48be559746795350670e4de9cb9c1e94b0893d24403d675e335,True,ok,not_used,0.0,False,True,raw_full_footwear,val
data/retail_images/raw/ankle_boot/anthropologie_boot_shop_0071265add5f.jpg,data/retail_images/raw/ankle_boot/anthropologie_boot_shop_0071265add5f.jpg,Ankle boot,349,523,RGB,441e04ec70fd9c6cf3d72f64e57f7198914ac86f192004c808d1522cf142b33c,True,ok,not_used,0.0,False,True,raw_full_footwear,val
/Users/ashley/Desktop/python/CS156-Machine-Learning/final/data/retail_images/segmented/coat/reformation_outerwear_bc2dd615a3a5_seg.jpg,/Users/ashley/Desktop/python/CS156-Machine-Learning/final/data/retail_images/raw/coat/reformation_outerwear_bc2dd615a3a5.jpg,Coat,474,578,RGB,43f2a6003eca9a0fe3078f96d88f2b2b7c7936b37c6d22833619e494a361f681,True,ok,segmented,0.2330875,False,True,segmented_crop,val
/Users/ashley/Desktop/python/CS156-Machine-Learning/final/data/retail_images/segmented/dress/princess_polly_dresses_786e71449fa8_seg.jpg,/Users/ashley/Desktop/python/CS156-Machine-Learning/final/data/retail_images/raw/dress/princess_polly_dresses_786e71449fa8.jpg,Dress,300,278,RGB,e641ba39df64798693dc8dcbcc0240e61cf2123f06540c40760eeae20608dfef,True,ok,segmented,0.0206371527777777,False,True,segmented_crop,val
/Users/ashley/Desktop/python/CS156-Machine-Learning/final/data/retail_images/segmented/t_shirt_top/brandy_melville_tops_531965ae670c_seg.jpg,/Users/ashley/Desktop/python/CS156-Machine-Learning/final/data/retail_images/raw/t_shirt_top/brandy_melville_tops_531965ae670c.jpg,T-shirt/top,788,751,RGB,211589b3063efcf7d6acf514ad0494a43e0678072a1f72dbdb25cf39b9ab3e1e,True,ok,segmented,0.2039226666666666,False,True,segmented_crop,val
/Users/ashley/Desktop/python/CS156-Machine-Learning/final/data/retail_images/segmented/dress/reformation_dresses_541de5b33a2c_seg.jpg,/Users/ashley/Desktop/python/CS156-Machine-Learning/final/data/retail_images/raw/dress/reformation_dresses_541de5b33a2c.jpg,Dress,303,623,RGB,b61a4066b9514303b34b61d4faf839ad2aac80e1d8b9aa9804d2b3dd5813cd84,True,ok,segmented,0.2220583333333333,False,True,segmented_crop,val
/Users/ashley/Desktop/python/CS156-Machine-Learning/final/data/retail_images/segmented/shirt/urban_outfitters_shirts_blouses_00b705ee9d87_seg.jpg,/Users/ashley/Desktop/python/CS156-Machine-Learning/final/data/retail_images/raw/shirt/urban_outfitters_shirts_blouses_00b705ee9d87.webp,Shirt,690,794,RGB,6d32db9a65ee101a92fd97355101b865d4820579f8bda4c3f637a145f7b81fc2,True,ok,segmented,0.3298785933040043,False,True,segmented_crop,val
/Users/ashley/Desktop/python/CS156-Machine-Learning/final/data/retail_images/segmented/shirt/urban_outfitters_shirts_blouses_294a66341a5a_seg.jpg,/Users/ashley/Desktop/python/CS156-Machine-Learning/final/data/retail_images/raw/shirt/urban_outfitters_shirts_blouses_294a66341a5a.jpg,Shirt,691,795,RGB,f23b49ba605c714766a02d3d0e7f46e041101b4aa1e686402710d9dfabd44e33,True,ok,segmented,0.3300456918702438,False,True,segmented_crop,val
/Users/ashley/Desktop/python/CS156-Machine-Learning/final/data/retail_images/segmented/t_shirt_top/brandy_melville_tops_43417f92a4a3_seg.jpg,/Users/ashley/Desktop/python/CS156-Machine-Learning/final/data/retail_images/raw/t_shirt_top/brandy_melville_tops_43417f92a4a3.jpg,T-shirt/top,375,453,RGB,133063e8c87285ba74b804300aa184bc74ab758f354652fe351d688993051904,True,ok,segmented,0.2004221388367729,False,True,segmented_crop,val
data/retail_images/raw/sandal/anthropologie_sandals_07835f4576eb.jpg,data/retail_images/raw/sandal/anthropologie_sandals_07835f4576eb.jpg,Sandal,349,523,RGB,b47a9461a61a6420d1e5171fc5ee45c0f7bb3ce61df894d1c4c2d745d01f62c7,True,ok,not_used,0.0,False,True,raw_full_footwear,val
/Users/ashley/Desktop/python/CS156-Machine-Learning/final/data/retail_images/segmented/bag/princess_polly_bags_7204be631b69_seg.jpg,/Users/ashley/Desktop/python/CS156-Machine-Learning/final/data/retail_images/raw/bag/princess_polly_bags_7204be631b69.jpg,Bag,909,1448,RGB,a7df2724c2367ff70b0a400b3b4e44dcf9072a48ee7d868395e90b41c3d52787,True,ok,segmented,0.1647529925431711,False,True,segmented_crop,val
data/retail_images/raw/sandal/urban_outfitters_sandals_3e9ed22301aa.webp,data/retail_images/raw/sandal/urban_outfitters_sandals_3e9ed22301aa.webp,Sandal,698,1046,RGB,14088af4e1861fed13f10efcc5dc3744285a132b1049472917c77bcd2abccc60,True,ok,not_used,0.0,False,True,raw_full_footwear,val
data/retail_images/raw/ankle_boot/princess_polly_boots_8de3d72b9c1e.jpg,data/retail_images/raw/ankle_boot/princess_polly_boots_8de3d72b9c1e.jpg,Ankle boot,1344,1820,RGB,eb991e0a16f1399bb9a72dfeccfeddd24ca17fe3184c815f08b80365f2783744,True,ok,not_used,0.0,False,True,raw_full_footwear,val
/Users/ashley/Desktop/python/CS156-Machine-Learning/final/data/retail_images/segmented/coat/reformation_jackets_and_coats_29301a8567d0_seg.jpg,/Users/ashley/Desktop/python/CS156-Machine-Learning/final/data/retail_images/raw/coat/reformation_jackets_and_coats_29301a8567d0.jpg,Coat,542,641,RGB,53f97dde5a7f51a2367469f5ae3e1638953d112e906bf237d719e4fc900c9f13,True,ok,segmented,0.3585833333333333,False,True,segmented_crop,val
/Users/ashley/Desktop/python/CS156-Machine-Learning/final/data/retail_images/segmented/shirt/anthropologie_blouses_3c008f61b908_seg.jpg,/Users/ashley/Desktop/python/CS156-Machine-Learning/final/data/retail_images/raw/shirt/anthropologie_blouses_3c008f61b908.jpg,Shirt,349,413,RGB,e8ff2c800ec9b51478cd21c7795398bc3f19d1fe3d020c89b7d2e9337e3a9aeb,True,ok,segmented,0.4478022429558366,False,True,segmented_crop,val
/Users/ashley/Desktop/python/CS156-Machine-Learning/final/data/retail_images/segmented/t_shirt_top/brandy_melville_tops_page_4_ef89a9a1122f_seg.jpg,/Users/ashley/Desktop/python/CS156-Machine-Learning/final/data/retail_images/raw/t_shirt_top/brandy_melville_tops_page_4_ef89a9a1122f.jpg,T-shirt/top,372,509,RGB,1b38ecfbc8b7761ecb75fd5a5e4978ae2ae02a63d955ce476992864f4f85248d,True,ok,segmented,0.2276454033771107,False,True,segmented_crop,val
/Users/ashley/Desktop/python/CS156-Machine-Learning/final/data/retail_images/segmented/shirt/princess_polly_shirts_blouses_c3907a7840ec_seg.jpg,/Users/ashley/Desktop/python/CS156-Machine-Learning/final/data/retail_images/raw/shirt/princess_polly_shirts_blouses_c3907a7840ec.jpg,Shirt,722,957,RGB,33e58307db64c4648a28a4b4c35a1d727af2a57d335897fd197a9f27d9c558f2,True,ok,segmented,0.1236831992412349,False,True,segmented_crop,val
/Users/ashley/Desktop/python/CS156-Machine-Learning/final/data/retail_images/segmented/trouser/brandy_melville_pants_063c4b34ec1d_seg.jpg,/Users/ashley/Desktop/python/CS156-Machine-Learning/final/data/retail_images/raw/trouser/brandy_melville_pants_063c4b34ec1d.jpg,Trouser,172,433,RGB,b281db01b8a3d41278d97a3863b58cd3da00e44da461b862b95b959d67ea464b,True,ok,segmented,0.2442438271604938,False,True,segmented_crop,val
/Users/ashley/Desktop/python/CS156-Machine-Learning/final/data/retail_images/segmented/dress/princess_polly_dresses_876c1dc77bb9_seg.jpg,/Users/ashley/Desktop/python/CS156-Machine-Learning/final/data/retail_images/raw/dress/princess_polly_dresses_876c1dc77bb9.jpg,Dress,609,1513,RGB,babebe9d6a7daf206a67b5ac2d84db4f120a83842e9b87a23df8a97bf8b33605,True,ok,segmented,0.1931858320251177,False,True,segmented_crop,val
/Users/ashley/Desktop/python/CS156-Machine-Learning/final/data/retail_images/segmented/pullover/princess_polly_sweaters_bbe6c20ecec5_seg.jpg,/Users/ashley/Desktop/python/CS156-Machine-Learning/final/data/retail_images/raw/pullover/princess_polly_sweaters_bbe6c20ecec5.jpg,Pullover,1024,1121,RGB,ef7aa897c0900c17073908e6fe0274aa69c93d7204b38a8dc2e2a6db270dca81,True,ok,segmented,0.2034345277830515,False,True,segmented_crop,val
data/retail_images/raw/sneaker/anthropologie_sneakers_6a89fd59c616.jpg,data/retail_images/raw/sneaker/anthropologie_sneakers_6a89fd59c616.jpg,Sneaker,349,523,RGB,c722596530605636afb84d3896e09f808ff0a6d2a30e28a8a8d03b54af81000d,True,ok,not_used,0.0,False,True,raw_full_footwear,val
/Users/ashley/Desktop/python/CS156-Machine-Learning/final/data/retail_images/segmented/shirt/anthropologie_blouses_50133ce31eaf_seg.jpg,/Users/ashley/Desktop/python/CS156-Machine-Learning/final/data/retail_images/raw/shirt/anthropologie_blouses_50133ce31eaf.jpg,Shirt,181,404,RGB,0d20116bfe40fcb9192e738ca48cab445695b6615cbc360197757d39acf037f4,True,ok,segmented,0.0358960592131575,False,True,segmented_crop,val
/Users/ashley/Desktop/python/CS156-Machine-Learning/final/data/retail_images/segmented/pullover/anthropologie_sweaters_9a31daed3150_seg.jpg,/Users/ashley/Desktop/python/CS156-Machine-Learning/final/data/retail_images/raw/pullover/anthropologie_sweaters_9a31daed3150.jpg,Pullover,349,362,RGB,5df9ecd404d17df421e83e5b18f6d0103ed34077e72b4dd759cbb08e2b340aa5,True,ok,segmented,0.3513836309148783,False,True,segmented_crop,val
/Users/ashley/Desktop/python/CS156-Machine-Learning/final/data/retail_images/segmented/coat/princess_polly_jackets_5edde275b0b7_seg.jpg,/Users/ashley/Desktop/python/CS156-Machine-Learning/final/data/retail_images/raw/coat/princess_polly_jackets_5edde275b0b7.jpg,Coat,954,1333,RGB,a73dee89b500cc2638b8167644caf73f791a25a0f159aa8fb340d948e3ad0424,True,ok,segmented,0.3069635197516238,False,True,segmented_crop,val
/Users/ashley/Desktop/python/CS156-Machine-Learning/final/data/retail_images/segmented/coat/reformation_outerwear_a2e6df7c65d4_seg.jpg,/Users/ashley/Desktop/python/CS156-Machine-Learning/final/data/retail_images/raw/coat/reformation_outerwear_a2e6df7c65d4.jpg,Coat,286,264,RGB,5b2a2100b35ba427f03e07fa340b8ed5b84fd9bd8c31e737682b838e1310733a,True,ok,segmented,0.0858541666666666,False,True,segmented_crop,val
data/retail_images/raw/sneaker/anthropologie_sneakers_51cec7e3ac2c.jpg,data/retail_images/raw/sneaker/anthropologie_sneakers_51cec7e3ac2c.jpg,Sneaker,349,523,RGB,b2b741388ab4cc8cf5161cd6616c325e64896c1d47cb878812de794db5a1891a,True,ok,not_used,0.0,False,True,raw_full_footwear,val
data/retail_images/raw/sandal/anthropologie_sandals_78a207c094d9.jpg,data/retail_images/raw/sandal/anthropologie_sandals_78a207c094d9.jpg,Sandal,349,523,RGB,142bf06bb4f68c5ee2d5266a5c10a1fb246b39bfc60d119ccacc8a7981657876,True,ok,not_used,0.0,False,True,raw_full_footwear,val
/Users/ashley/Desktop/python/CS156-Machine-Learning/final/data/retail_images/segmented/bag/anthropologie_bags_737179692ab7_seg.jpg,/Users/ashley/Desktop/python/CS156-Machine-Learning/final/data/retail_images/raw/bag/anthropologie_bags_737179692ab7.jpg,Bag,266,382,RGB,17a5ab7518406097f9e9c6012630f83c85178e9ff5ca00734d5602046311fb52,True,ok,segmented,0.1424556367003238,False,True,segmented_crop,val
/Users/ashley/Desktop/python/CS156-Machine-Learning/final/data/retail_images/segmented/dress/princess_polly_dresses_963ad7ba0253_seg.jpg,/Users/ashley/Desktop/python/CS156-Machine-Learning/final/data/retail_images/raw/dress/princess_polly_dresses_963ad7ba0253.jpg,Dress,982,1247,RGB,7feffb7d361f8a4802e699c086e99891e3fdba6a7cb280df43fba0831b910d11,True,ok,segmented,0.2183064331501831,False,True,segmented_crop,val
/Users/ashley/Desktop/python/CS156-Machine-Learning/final/data/retail_images/segmented/coat/reformation_jackets_and_coats_13afbe39d8ff_seg.jpg,/Users/ashley/Desktop/python/CS156-Machine-Learning/final/data/retail_images/raw/coat/reformation_jackets_and_coats_13afbe39d8ff.jpg,Coat,600,381,RGB,cd8f55273df6ffba9fac735d48273e8612e226d2dac9898ff0eaa41f71a97404,True,ok,segmented,0.3573708333333333,False,True,segmented_crop,val
/Users/ashley/Desktop/python/CS156-Machine-Learning/final/data/retail_images/segmented/trouser/princess_polly_pants_4bfe35c0b2ea_seg.jpg,/Users/ashley/Desktop/python/CS156-Machine-Learning/final/data/retail_images/raw/trouser/princess_polly_pants_4bfe35c0b2ea.jpg,Trouser,404,1473,RGB,4e001462116785841218142ab8c5111cb5b553844fb94b9e501bc1630f936a88,True,ok,segmented,0.1457425259823555,False,True,segmented_crop,val
data/retail_images/raw/sandal/princess_polly_sandals_439db7060fc0.jpg,data/retail_images/raw/sandal/princess_polly_sandals_439db7060fc0.jpg,Sandal,1344,1820,RGB,6ca57093b50eb4328b82eff4df485da08c4953f49a48a6ad29415127f4027ab2,True,ok,not_used,0.0,False,True,raw_full_footwear,val
/Users/ashley/Desktop/python/CS156-Machine-Learning/final/data/retail_images/segmented/t_shirt_top/brandy_melville_tops_page_4_df0c798918ba_seg.jpg,/Users/ashley/Desktop/python/CS156-Machine-Learning/final/data/retail_images/raw/t_shirt_top/brandy_melville_tops_page_4_df0c798918ba.jpg,T-shirt/top,360,446,RGB,f7910d7c8d6de0dd2b25be279ec375b839c45a81215bf5e91ecd65b6478a4796,True,ok,segmented,0.1896575984990619,False,True,segmented_crop,val
/Users/ashley/Desktop/python/CS156-Machine-Learning/final/data/retail_images/segmented/pullover/anthropologie_sweaters_a9fbf4edcdb1_seg.jpg,/Users/ashley/Desktop/python/CS156-Machine-Learning/final/data/retail_images/raw/pullover/anthropologie_sweaters_a9fbf4edcdb1.jpg,Pullover,349,400,RGB,64a21cf5bc24f6960f53ada3cb6f8ec0ff96cd5e49b1e62f81416296fc66018d,True,ok,segmented,0.3785193423438724,False,True,segmented_crop,val
/Users/ashley/Desktop/python/CS156-Machine-Learning/final/data/retail_images/segmented/bag/princess_polly_bags_c239e2a194eb_seg.jpg,/Users/ashley/Desktop/python/CS156-Machine-Learning/final/data/retail_images/raw/bag/princess_polly_bags_c239e2a194eb.jpg,Bag,448,1417,RGB,993ab780714e726ab6a17b9668fa896389921944066c87392f4729bbec077b2d,True,ok,segmented,0.0823037743134637,False,True,segmented_crop,test
/Users/ashley/Desktop/python/CS156-Machine-Learning/final/data/retail_images/segmented/shirt/urban_outfitters_shirts_blouses_34ee471abf91_seg.jpg,/Users/ashley/Desktop/python/CS156-Machine-Learning/final/data/retail_images/raw/shirt/urban_outfitters_shirts_blouses_34ee471abf91.jpg,Shirt,329,395,RGB,c5f2aad33a09e600898a59359c2449c6665e838ba79df8a851674c08aceda0eb,True,ok,segmented,0.2395125,False,True,segmented_crop,test
data/retail_images/raw/ankle_boot/princess_polly_boots_1a1ec0bc5909.jpg,data/retail_images/raw/ankle_boot/princess_polly_boots_1a1ec0bc5909.jpg,Ankle boot,1344,1820,RGB,864aa521713dfd92980b6f821f1e71773d51569d37afbabc0d934f6ddd207772,True,ok,not_used,0.0,False,True,raw_full_footwear,test
data/retail_images/raw/ankle_boot/princess_polly_boots_9a4b96c6f571.jpg,data/retail_images/raw/ankle_boot/princess_polly_boots_9a4b96c6f571.jpg,Ankle boot,1344,1820,RGB,d2388cb70b10d1a16624111de707633fc6276b8846ea6c6142f4ddbb9979c0d5,True,ok,not_used,0.0,False,True,raw_full_footwear,test
data/retail_images/raw/sneaker/urban_outfitters_sneakers_4022115c6198.jpg,data/retail_images/raw/sneaker/urban_outfitters_sneakers_4022115c6198.jpg,Sneaker,450,675,RGB,70a5d6e198ed9d2df1827f3b6315d05d28a6e2961abb928cbc7950fb3bf5ecd6,True,ok,not_used,0.0,False,True,raw_full_footwear,test
data/retail_images/raw/ankle_boot/anthropologie_boot_shop_52cde21d030a.jpg,data/retail_images/raw/ankle_boot/anthropologie_boot_shop_52cde21d030a.jpg,Ankle boot,349,523,RGB,503a961f5b0c868f5f39f0040b59e4ffea5bdc08791b789ceac29cfebbd9727d,True,ok,not_used,0.0,False,True,raw_full_footwear,test
data/retail_images/raw/ankle_boot/anthropologie_boot_shop_180f5e4f727e.jpg,data/retail_images/raw/ankle_boot/anthropologie_boot_shop_180f5e4f727e.jpg,Ankle boot,349,523,RGB,25e5fbd9764ed5e46940c5359bfba8575e25103583f3fb85ec6dcb1150cc95aa,True,ok,not_used,0.0,False,True,raw_full_footwear,test
/Users/ashley/Desktop/python/CS156-Machine-Learning/final/data/retail_images/segmented/t_shirt_top/brandy_melville_tops_6df539a63488_seg.jpg,/Users/ashley/Desktop/python/CS156-Machine-Learning/final/data/retail_images/raw/t_shirt_top/brandy_melville_tops_6df539a63488.jpg,T-shirt/top,648,685,RGB,c183094e11b58e32047124f0dfe3d6a5d70f355dd5897551ab251914894a4aa3,True,ok,segmented,0.1502706666666666,False,True,segmented_crop,test
data/retail_images/raw/sandal/anthropologie_sandals_2f2e6a6a08ad.webp,data/retail_images/raw/sandal/anthropologie_sandals_2f2e6a6a08ad.webp,Sandal,349,523,RGB,82ccf88ec4f2a2af1e2e3fd41ecee14f0193f9fc12c2bab76f47dfe4d3eaf082,True,ok,not_used,0.0,False,True,raw_full_footwear,test
/Users/ashley/Desktop/python/CS156-Machine-Learning/final/data/retail_images/segmented/dress/princess_polly_dresses_65f4a44bba20_seg.jpg,/Users/ashley/Desktop/python/CS156-Machine-Learning/final/data/retail_images/raw/dress/princess_polly_dresses_65f4a44bba20.jpg,Dress,751,1311,RGB,ecf420796f878a288fbfc0db2429047034d87b7a38132897c6a2108140910b22,True,ok,segmented,0.1753274627158556,False,True,segmented_crop,test
/Users/ashley/Desktop/python/CS156-Machine-Learning/final/data/retail_images/segmented/dress/anthropologie_dresses_90042e7bfb3b_seg.jpg,/Users/ashley/Desktop/python/CS156-Machine-Learning/final/data/retail_images/raw/dress/anthropologie_dresses_90042e7bfb3b.jpg,Dress,223,410,RGB,22bedcad7bb03e97113a742045af974c3ba68578af7ebac6a6fbfb6998dad142,True,ok,segmented,0.2528612205317569,False,True,segmented_crop,test
/Users/ashley/Desktop/python/CS156-Machine-Learning/final/data/retail_images/segmented/dress/princess_polly_dresses_16bd05f57460_seg.jpg,/Users/ashley/Desktop/python/CS156-Machine-Learning/final/data/retail_images/raw/dress/princess_polly_dresses_16bd05f57460.jpg,Dress,1056,1666,RGB,140d7ec6630aecbf96bbe4e21ff8db1dae6dadd5d147db90a0afa7aebcd84291,True,ok,segmented,0.2856664540816326,False,True,segmented_crop,test
data/retail_images/raw/sandal/princess_polly_sandals_9f56a8203726.jpg,data/retail_images/raw/sandal/princess_polly_sandals_9f56a8203726.jpg,Sandal,1345,1820,RGB,5fe5d491d0ff4e40d7f7f1c844dedab2442a572ca0e2e24f9a3ae2e7abbd34b8,True,ok,not_used,0.0,False,True,raw_full_footwear,test
/Users/ashley/Desktop/python/CS156-Machine-Learning/final/data/retail_images/segmented/shirt/anthropologie_blouses_34dcbc53fbeb_seg.jpg,/Users/ashley/Desktop/python/CS156-Machine-Learning/final/data/retail_images/raw/shirt/anthropologie_blouses_34dcbc53fbeb.jpg,Shirt,333,361,RGB,645f3eb3c7eb3ed65371dfbee15658d1267420d38d2ac9ed4af782a3c31225fe,True,ok,segmented,0.3141946123039331,False,True,segmented_crop,test
/Users/ashley/Desktop/python/CS156-Machine-Learning/final/data/retail_images/segmented/bag/princess_polly_bags_c46d030e418d_seg.jpg,/Users/ashley/Desktop/python/CS156-Machine-Learning/final/data/retail_images/raw/bag/princess_polly_bags_c46d030e418d.jpg,Bag,1056,1368,RGB,e04e99dfeb23e391d85251749cdf16966471e4b127c9bf5a2aefd87060123e45,True,ok,segmented,0.1575556624518966,False,True,segmented_crop,test
/Users/ashley/Desktop/python/CS156-Machine-Learning/final/data/retail_images/segmented/dress/anthropologie_dresses_38414873a0d9_seg.jpg,/Users/ashley/Desktop/python/CS156-Machine-Learning/final/data/retail_images/raw/dress/anthropologie_dresses_38414873a0d9.jpg,Dress,222,424,RGB,26dcf8ff6dcc53e04060c864fd6cb52c3217090aeb7ca7315ec1c83d86999308,True,ok,segmented,0.2612325847682809,False,True,segmented_crop,test
/Users/ashley/Desktop/python/CS156-Machine-Learning/final/data/retail_images/segmented/t_shirt_top/brandy_melville_tops_page_4_00351b9b74fe_seg.jpg,/Users/ashley/Desktop/python/CS156-Machine-Learning/final/data/retail_images/raw/t_shirt_top/brandy_melville_tops_page_4_00351b9b74fe.jpg,T-shirt/top,364,441,RGB,08f16822db52971d91d7e6d26edbfe307041dd664ab06e9050c0e03c2518ff6d,True,ok,segmented,0.1898874296435272,False,True,segmented_crop,test
/Users/ashley/Desktop/python/CS156-Machine-Learning/final/data/retail_images/segmented/bag/anthropologie_bags_7be381d0aa6a_seg.jpg,/Users/ashley/Desktop/python/CS156-Machine-Learning/final/data/retail_images/raw/bag/anthropologie_bags_7be381d0aa6a.jpg,Bag,333,449,RGB,6d4669be7d6af006ad8e4acf12463b147f04fae63904750e424f84323675fee6,True,ok,segmented,0.3598097815665627,False,True,segmented_crop,test
/Users/ashley/Desktop/python/CS156-Machine-Learning/final/data/retail_images/segmented/trouser/princess_polly_pants_04aae0a5b6d0_seg.jpg,/Users/ashley/Desktop/python/CS156-Machine-Learning/final/data/retail_images/raw/trouser/princess_polly_pants_04aae0a5b6d0.jpg,Trouser,401,817,RGB,32342a81f7618163bf93c0441ea8c9058258aaf23e3dded59b22e7021ba27c05,True,ok,segmented,0.0588243229984301,False,True,segmented_crop,test
/Users/ashley/Desktop/python/CS156-Machine-Learning/final/data/retail_images/segmented/trouser/princess_polly_pants_dbcf57a07922_seg.jpg,/Users/ashley/Desktop/python/CS156-Machine-Learning/final/data/retail_images/raw/trouser/princess_polly_pants_dbcf57a07922.jpg,Trouser,687,1325,RGB,bab68efed8d70f2c108d2216630f34f4566248f1c4479be2943687c8923b5b0d,True,ok,segmented,0.2274466445456687,False,True,segmented_crop,test
/Users/ashley/Desktop/python/CS156-Machine-Learning/final/data/retail_images/segmented/shirt/anthropologie_blouses_0a0a9b001e80_seg.jpg,/Users/ashley/Desktop/python/CS156-Machine-Learning/final/data/retail_images/raw/shirt/anthropologie_blouses_0a0a9b001e80.jpg,Shirt,349,407,RGB,d98c8df6e7d17d4b40ed936a2bd6bb6c3bc8fdb39f66fde93e7e1350f2893549,True,ok,segmented,0.4005763530874884,False,True,segmented_crop,test
/Users/ashley/Desktop/python/CS156-Machine-Learning/final/data/retail_images/segmented/coat/reformation_jackets_and_coats_aad096cd727e_seg.jpg,/Users/ashley/Desktop/python/CS156-Machine-Learning/final/data/retail_images/raw/coat/reformation_jackets_and_coats_aad096cd727e.jpg,Coat,265,552,RGB,7725f1193374fd2f824a46dd6c2d30db9b3f31a42e7c85a3d3d848be8868af75,True,ok,segmented,0.1506708333333333,False,True,segmented_crop,test
/Users/ashley/Desktop/python/CS156-Machine-Learning/final/data/retail_images/segmented/shirt/anthropologie_blouses_7f7f64750fce_seg.jpg,/Users/ashley/Desktop/python/CS156-Machine-Learning/final/data/retail_images/raw/shirt/anthropologie_blouses_7f7f64750fce.webp,Shirt,349,498,RGB,b988901938c16ec0cf7e0222ebdd525d9905244fe64379fd8a0a8011f65ac31b,True,ok,segmented,0.3446613377746854,False,True,segmented_crop,test
/Users/ashley/Desktop/python/CS156-Machine-Learning/final/data/retail_images/segmented/t_shirt_top/brandy_melville_tops_ff9555226b17_seg.jpg,/Users/ashley/Desktop/python/CS156-Machine-Learning/final/data/retail_images/raw/t_shirt_top/brandy_melville_tops_ff9555226b17.jpg,T-shirt/top,397,475,RGB,62e2c5b3b3abf65a83360b64c879ca9b23c4c9e2eb7075616cc65e0aa54e0b10,True,ok,segmented,0.0690053333333333,False,True,segmented_crop,test
/Users/ashley/Desktop/python/CS156-Machine-Learning/final/data/retail_images/segmented/bag/princess_polly_bags_23b33ea8061b_seg.jpg,/Users/ashley/Desktop/python/CS156-Machine-Learning/final/data/retail_images/raw/bag/princess_polly_bags_23b33ea8061b.jpg,Bag,727,894,RGB,8c80e87cfe4e5bab32990ed3ce3deec395de17c1169d822a76e3135edd29ede1,True,ok,segmented,0.0854567307692307,False,True,segmented_crop,test
data/retail_images/raw/ankle_boot/anthropologie_boot_shop_274f1c0a9c24.jpg,data/retail_images/raw/ankle_boot/anthropologie_boot_shop_274f1c0a9c24.jpg,Ankle boot,349,523,RGB,a3f7f72fce876fc0111159ba5f43286160b42ad8a29e0d8fee5d1365385528e1,True,ok,not_used,0.0,False,True,raw_full_footwear,test
/Users/ashley/Desktop/python/CS156-Machine-Learning/final/data/retail_images/segmented/dress/reformation_dresses_ee963964fbd9_seg.jpg,/Users/ashley/Desktop/python/CS156-Machine-Learning/final/data/retail_images/raw/dress/reformation_dresses_ee963964fbd9.jpg,Dress,262,664,RGB,2b8ac999bdf2ff14b7ff48b8534d2fb1280b5af1f313bb921d758746d2403996,True,ok,segmented,0.1930520833333333,False,True,segmented_crop,test
/Users/ashley/Desktop/python/CS156-Machine-Learning/final/data/retail_images/segmented/t_shirt_top/brandy_melville_tops_1f0a1b271868_seg.jpg,/Users/ashley/Desktop/python/CS156-Machine-Learning/final/data/retail_images/raw/t_shirt_top/brandy_melville_tops_1f0a1b271868.jpg,T-shirt/top,183,271,RGB,d1638de4a4e6d2388c239d3b0203539c77f9ce05e7666ada1b3c6de09bd3b147,True,ok,segmented,0.1361316872427983,False,True,segmented_crop,test
/Users/ashley/Desktop/python/CS156-Machine-Learning/final/data/retail_images/segmented/t_shirt_top/brandy_melville_tops_81f0c8f12128_seg.jpg,/Users/ashley/Desktop/python/CS156-Machine-Learning/final/data/retail_images/raw/t_shirt_top/brandy_melville_tops_81f0c8f12128.jpg,T-shirt/top,1030,1188,RGB,4bee606aab77b756adf90855216f8cfb0348d12edda1d8f9b672f30996b9faae,True,ok,segmented,0.069412064098946,False,True,segmented_crop,test
/Users/ashley/Desktop/python/CS156-Machine-Learning/final/data/retail_images/segmented/pullover/reformation_sweaters_fd4ec7b76057_seg.jpg,/Users/ashley/Desktop/python/CS156-Machine-Learning/final/data/retail_images/raw/pullover/reformation_sweaters_fd4ec7b76057.jpg,Pullover,200,203,RGB,e78884a7fcbd424af7392e609effa3f3600a590051ae5f57713e3310ff4adb52,True,ok,segmented,0.047475,False,True,segmented_crop,test
/Users/ashley/Desktop/python/CS156-Machine-Learning/final/data/retail_images/segmented/trouser/brandy_melville_pants_e7443c889ab2_seg.jpg,/Users/ashley/Desktop/python/CS156-Machine-Learning/final/data/retail_images/raw/trouser/brandy_melville_pants_e7443c889ab2.jpg,Trouser,276,524,RGB,20329f86492da166940062cb614e732cdc7b70269a3e28c841273fe5ea5d31ad,True,ok,segmented,0.1373968105065666,False,True,segmented_crop,test
/Users/ashley/Desktop/python/CS156-Machine-Learning/final/data/retail_images/segmented/dress/reformation_dresses_ed47b8ca26cd_seg.jpg,/Users/ashley/Desktop/python/CS156-Machine-Learning/final/data/retail_images/raw/dress/reformation_dresses_ed47b8ca26cd.jpg,Dress,216,685,RGB,2618c2541039f8db73086cb35710cbd923889a402f4175e3b6f111d135d6cb5f,True,ok,segmented,0.1458708333333333,False,True,segmented_crop,test
/Users/ashley/Desktop/python/CS156-Machine-Learning/final/data/retail_images/segmented/trouser/princess_polly_pants_73a33c3ef9a4_seg.jpg,/Users/ashley/Desktop/python/CS156-Machine-Learning/final/data/retail_images/raw/trouser/princess_polly_pants_73a33c3ef9a4.jpg,Trouser,711,446,RGB,7ca6b8dc73d79e044f9f52b52ad4e06657c644d77180e3a6bea4301b6875a392,True,ok,segmented,0.0270469485871271,False,True,segmented_crop,test
data/retail_images/raw/sandal/princess_polly_sandals_5e3d38691d31.jpg,data/retail_images/raw/sandal/princess_polly_sandals_5e3d38691d31.jpg,Sandal,1344,1820,RGB,a3049b974784721dd1e32ee464b648b83e13d6663e9e54c2926dd97000968b78,True,ok,not_used,0.0,False,True,raw_full_footwear,test
/Users/ashley/Desktop/python/CS156-Machine-Learning/final/data/retail_images/segmented/bag/anthropologie_bags_98b480ef37b7_seg.jpg,/Users/ashley/Desktop/python/CS156-Machine-Learning/final/data/retail_images/raw/bag/anthropologie_bags_98b480ef37b7.jpg,Bag,339,439,RGB,ef4b1ab207815ec361e8b966ee602493b1967d6a66059501bd0c11114e7b260a,True,ok,segmented,0.096944561626499,False,True,segmented_crop,test
/Users/ashley/Desktop/python/CS156-Machine-Learning/final/data/retail_images/segmented/t_shirt_top/brandy_melville_tops_bfbd5a908629_seg.jpg,/Users/ashley/Desktop/python/CS156-Machine-Learning/final/data/retail_images/raw/t_shirt_top/brandy_melville_tops_bfbd5a908629.jpg,T-shirt/top,213,255,RGB,ba899f637bfba29eff8201126c175f721632760aee17fbd13d16f96daaeb80e3,True,ok,segmented,0.0685272045028142,False,True,segmented_crop,test
/Users/ashley/Desktop/python/CS156-Machine-Learning/final/data/retail_images/segmented/dress/reformation_dresses_508374da0950_seg.jpg,/Users/ashley/Desktop/python/CS156-Machine-Learning/final/data/retail_images/raw/dress/reformation_dresses_508374da0950.jpg,Dress,301,696,RGB,6471734246df936fae8bd06be7b5e0fd7ddc4c7686ea72f3fb85919fa3640bba,True,ok,segmented,0.2364270833333333,False,True,segmented_crop,test
/Users/ashley/Desktop/python/CS156-Machine-Learning/final/data/retail_images/segmented/trouser/princess_polly_pants_47725178f295_seg.jpg,/Users/ashley/Desktop/python/CS156-Machine-Learning/final/data/retail_images/raw/trouser/princess_polly_pants_47725178f295.jpg,Trouser,683,1656,RGB,40f4a8c19e360c0dd4f99f481844313e9944ae469c49368e86086ddb147386af,True,ok,segmented,0.2627534667713239,False,True,segmented_crop,test
/Users/ashley/Desktop/python/CS156-Machine-Learning/final/data/retail_images/segmented/shirt/anthropologie_blouses_01523d8fc629_seg.jpg,/Users/ashley/Desktop/python/CS156-Machine-Learning/final/data/retail_images/raw/shirt/anthropologie_blouses_01523d8fc629.jpg,Shirt,405,382,RGB,1a168853fa1a441390c92af10af81a105027527c6fc72371806dcf9196363635,True,ok,segmented,0.1195247826348978,False,True,segmented_crop,test
/Users/ashley/Desktop/python/CS156-Machine-Learning/final/data/retail_images/segmented/trouser/princess_polly_pants_7e12f651b031_seg.jpg,/Users/ashley/Desktop/python/CS156-Machine-Learning/final/data/retail_images/raw/trouser/princess_polly_pants_7e12f651b031.jpg,Trouser,535,1525,RGB,38e2940e3a923dca2f7f1886670d580ed31755e98fc0c1297cfa10ae338cb4ae,True,ok,segmented,0.1873430141287284,False,True,segmented_crop,test
/Users/ashley/Desktop/python/CS156-Machine-Learning/final/data/retail_images/segmented/dress/princess_polly_dresses_23fad99c1afb_seg.jpg,/Users/ashley/Desktop/python/CS156-Machine-Learning/final/data/retail_images/raw/dress/princess_polly_dresses_23fad99c1afb.jpg,Dress,724,1564,RGB,23141f492d57a634a0897dccd7a8e17985f31397076f9e17ffaf6c6fe9614ef3,True,ok,segmented,0.2218230801936159,False,True,segmented_crop,test
/Users/ashley/Desktop/python/CS156-Machine-Learning/final/data/retail_images/segmented/bag/princess_polly_bags_d22b28ae9f44_seg.jpg,/Users/ashley/Desktop/python/CS156-Machine-Learning/final/data/retail_images/raw/bag/princess_polly_bags_d22b28ae9f44.jpg,Bag,1183,1204,RGB,bea1c169343ae1f45623a5bed17fe58ddae18ac8b85de89db2ca10fdbe23dfd0,True,ok,segmented,0.2053019525117739,False,True,segmented_crop,test
/Users/ashley/Desktop/python/CS156-Machine-Learning/final/data/retail_images/segmented/coat/reformation_outerwear_d0d64817c12e_seg.jpg,/Users/ashley/Desktop/python/CS156-Machine-Learning/final/data/retail_images/raw/coat/reformation_outerwear_d0d64817c12e.jpg,Coat,231,336,RGB,0118a02f59471cc2dd8180479c3f8bce98e05ebb1fd4868862b87602480e6046,True,ok,segmented,0.0833770833333333,False,True,segmented_crop,test
data/retail_images/raw/sandal/princess_polly_sandals_3b056c8a3b60.jpg,data/retail_images/raw/sandal/princess_polly_sandals_3b056c8a3b60.jpg,Sandal,1345,1821,RGB,b39781f89ba5dae8142d2bfdf46400a3fd03d16c0bb9ea501d5129d1fdb027de,True,ok,not_used,0.0,False,True,raw_full_footwear,test
/Users/ashley/Desktop/python/CS156-Machine-Learning/final/data/retail_images/segmented/bag/anthropologie_bags_c2155e21e6e9_seg.jpg,/Users/ashley/Desktop/python/CS156-Machine-Learning/final/data/retail_images/raw/bag/anthropologie_bags_c2155e21e6e9.jpg,Bag,220,349,RGB,18ebbbd4f3b6649a9dbaae2a129bbf21245f6ddb622150edb4904b7414024ebc,True,ok,segmented,0.0341264580034734,False,True,segmented_crop,test
/Users/ashley/Desktop/python/CS156-Machine-Learning/final/data/retail_images/segmented/shirt/princess_polly_button_ups_d656a55c5e98_seg.jpg,/Users/ashley/Desktop/python/CS156-Machine-Learning/final/data/retail_images/raw/shirt/princess_polly_button_ups_d656a55c5e98.jpg,Shirt,725,899,RGB,ad96156458a2bca0e07d7cde68d39fc86b29335b0abcc4a50d87a8b8ed14a485,True,ok,segmented,0.1141806482208268,False,True,segmented_crop,test
/Users/ashley/Desktop/python/CS156-Machine-Learning/final/data/retail_images/segmented/t_shirt_top/reformation_tops_90f6aac753ff_seg.jpg,/Users/ashley/Desktop/python/CS156-Machine-Learning/final/data/retail_images/raw/t_shirt_top/reformation_tops_90f6aac753ff.jpg,T-shirt/top,464,626,RGB,cfe78533f73d3d46be9facfd14c6194568e11ed6c344c3639309091815f74ce8,True,ok,segmented,0.23286875,False,True,segmented_crop,test
/Users/ashley/Desktop/python/CS156-Machine-Learning/final/data/retail_images/segmented/trouser/princess_polly_pants_bceaad4f8c52_seg.jpg,/Users/ashley/Desktop/python/CS156-Machine-Learning/final/data/retail_images/raw/trouser/princess_polly_pants_bceaad4f8c52.jpg,Trouser,464,1238,RGB,b3fb983eb0f91f59286ffc5f4c417d99bb6041cb910e1320a9e7809897de5728,True,ok,segmented,0.1247539547901496,False,True,segmented_crop,test
data/retail_images/raw/sandal/anthropologie_sandals_b97afcd02fce.jpg,data/retail_images/raw/sandal/anthropologie_sandals_b97afcd02fce.jpg,Sandal,349,523,RGB,a13c17ac39926fea63053e0b6e9df3865a0e69222748b069763bacddf270f8f5,True,ok,not_used,0.0,False,True,raw_full_footwear,test
/Users/ashley/Desktop/python/CS156-Machine-Learning/final/data/retail_images/segmented/pullover/princess_polly_sweaters_66867208a198_seg.jpg,/Users/ashley/Desktop/python/CS156-Machine-Learning/final/data/retail_images/raw/pullover/princess_polly_sweaters_66867208a198.jpg,Pullover,1344,1609,RGB,fb4da19bc2aa83bc72e1823406d6974629fa24f3e2ff44dfe6a7fde0577ac8c6,True,ok,segmented,0.4704384157509158,False,True,segmented_crop,test
/Users/ashley/Desktop/python/CS156-Machine-Learning/final/data/retail_images/segmented/coat/reformation_outerwear_dea0a031cd41_seg.jpg,/Users/ashley/Desktop/python/CS156-Machine-Learning/final/data/retail_images/raw/coat/reformation_outerwear_dea0a031cd41.jpg,Coat,599,542,RGB,5c651cd7e23f8e54fc71a767e439bef2aab4d9d4eb8dad2a6d314ff95a34c1b3,True,ok,segmented,0.4445458333333333,False,True,segmented_crop,test
data/retail_images/raw/sneaker/fashion_nova_sneakers_9f942963e92b.jpg,data/retail_images/raw/sneaker/fashion_nova_sneakers_9f942963e92b.jpg,Sneaker,450,674,RGB,20df73b4fb700d86de0f559bc1773d1022dd8eb270f5927eef1db64eb3b8063e,True,ok,not_used,0.0,False,True,raw_full_footwear,test
/Users/ashley/Desktop/python/CS156-Machine-Learning/final/data/retail_images/segmented/dress/princess_polly_dresses_48235fb927fe_seg.jpg,/Users/ashley/Desktop/python/CS156-Machine-Learning/final/data/retail_images/raw/dress/princess_polly_dresses_48235fb927fe.jpg,Dress,681,1311,RGB,67b9a33d9b9771cb8be04a10e84a1b5bce41f32771536dcee5a47e7cfc425169,True,ok,segmented,0.1667251275510204,False,True,segmented_crop,test
data/retail_images/raw/sneaker/urban_outfitters_sneakers_0c8c87867480.webp,data/retail_images/raw/sneaker/urban_outfitters_sneakers_0c8c87867480.webp,Sneaker,698,1046,RGB,fa791a1c7c92b32062e2f476d169bb6db074f37dc927c0ef3234775735e19a89,True,ok,not_used,0.0,False,True,raw_full_footwear,test
/Users/ashley/Desktop/python/CS156-Machine-Learning/final/data/retail_images/segmented/pullover/reformation_sweaters_0a4d6ee26d0f_seg.jpg,/Users/ashley/Desktop/python/CS156-Machine-Learning/final/data/retail_images/raw/pullover/reformation_sweaters_0a4d6ee26d0f.jpg,Pullover,495,595,RGB,4748d83d22def63bb3bcd307bc7c9d514109b346a929f8e0fa52cd34abc1b535,True,ok,segmented,0.2252458333333333,False,True,segmented_crop,test
/Users/ashley/Desktop/python/CS156-Machine-Learning/final/data/retail_images/segmented/trouser/princess_polly_pants_6b27ab62bda1_seg.jpg,/Users/ashley/Desktop/python/CS156-Machine-Learning/final/data/retail_images/raw/trouser/princess_polly_pants_6b27ab62bda1.jpg,Trouser,367,1201,RGB,ebb0b5d3423620546cf4c1ccfc82028c564966a6199336ce30b37869ad3b11b3,True,ok,segmented,0.0926718233578102,False,True,segmented_crop,test
/Users/ashley/Desktop/python/CS156-Machine-Learning/final/data/retail_images/segmented/dress/reformation_dresses_132b71e165fc_seg.jpg,/Users/ashley/Desktop/python/CS156-Machine-Learning/final/data/retail_images/raw/dress/reformation_dresses_132b71e165fc.jpg,Dress,393,668,RGB,11aea9f85f12d7dc8558ccf3ce67fe17de3dbc63f89e9e86c9e3b504612ef9bf,True,ok,segmented,0.1992104166666666,False,True,segmented_crop,test
/Users/ashley/Desktop/python/CS156-Machine-Learning/final/data/retail_images/segmented/trouser/princess_polly_pants_bcae99b5a43b_seg.jpg,/Users/ashley/Desktop/python/CS156-Machine-Learning/final/data/retail_images/raw/trouser/princess_polly_pants_bcae99b5a43b.jpg,Trouser,421,799,RGB,bdea38fb9e95863604540180008c1dde8f81fb06f145578d082cf734fcb7f587,True,ok,segmented,0.0785685668498168,False,True,segmented_crop,test
/Users/ashley/Desktop/python/CS156-Machine-Learning/final/data/retail_images/segmented/bag/princess_polly_bags_b17187275153_seg.jpg,/Users/ashley/Desktop/python/CS156-Machine-Learning/final/data/retail_images/raw/bag/princess_polly_bags_b17187275153.jpg,Bag,1292,1820,RGB,e9de50722d71c8bea9afc1a1d788c984d1a3a8a6b8d3e35d0e26876a0a0b6e57,True,ok,segmented,0.3587082805670166,False,True,segmented_crop,test
/Users/ashley/Desktop/python/CS156-Machine-Learning/final/data/retail_images/segmented/t_shirt_top/brandy_melville_tops_b7a1a40c76fb_seg.jpg,/Users/ashley/Desktop/python/CS156-Machine-Learning/final/data/retail_images/raw/t_shirt_top/brandy_melville_tops_b7a1a40c76fb.jpg,T-shirt/top,402,518,RGB,181ed1c58fe838bbd771edb14e961268af8679223a51008ab111284181e351e1,True,ok,segmented,0.0779406666666666,False,True,segmented_crop,test
data/retail_images/raw/sneaker/anthropologie_sneakers_f4befd961034.jpg,data/retail_images/raw/sneaker/anthropologie_sneakers_f4befd961034.jpg,Sneaker,349,523,RGB,64fa896402dd3b809262c6ad5117e4e19a275be2be53be4aac8985c5655f2875,True,ok,not_used,0.0,False,True,raw_full_footwear,test
/Users/ashley/Desktop/python/CS156-Machine-Learning/final/data/retail_images/segmented/pullover/reformation_sweaters_f6ce077f4290_seg.jpg,/Users/ashley/Desktop/python/CS156-Machine-Learning/final/data/retail_images/raw/pullover/reformation_sweaters_f6ce077f4290.jpg,Pullover,548,759,RGB,3865764fe7c415da39486f3f2ab8185ee7c55a2e3f13bfa868b44b56a915d6e2,True,ok,segmented,0.5014666666666666,False,True,segmented_crop,test
/Users/ashley/Desktop/python/CS156-Machine-Learning/final/data/retail_images/segmented/pullover/reformation_sweaters_2afdc11facd6_seg.jpg,/Users/ashley/Desktop/python/CS156-Machine-Learning/final/data/retail_images/raw/pullover/reformation_sweaters_2afdc11facd6.jpg,Pullover,223,309,RGB,10e66964e618b75d9f8b87abd33bbe24b678868f4ce5770076f15ffc09384047,True,ok,segmented,0.06440625,False,True,segmented_crop,test
data/retail_images/raw/ankle_boot/anthropologie_boot_shop_9112ea9a490a.jpg,data/retail_images/raw/ankle_boot/anthropologie_boot_shop_9112ea9a490a.jpg,Ankle boot,349,523,RGB,06d563988eb9745f675f416e07038a03116b2a514dfcb350479c4354ec505e9d,True,ok,not_used,0.0,False,True,raw_full_footwear,test
data/retail_images/raw/sneaker/anthropologie_sneakers_f559337d3877.jpg,data/retail_images/raw/sneaker/anthropologie_sneakers_f559337d3877.jpg,Sneaker,349,523,RGB,2bdc46b680791b0494e9e4117ae1c26f3f26f331eb763f9078e1973da323a3ee,True,ok,not_used,0.0,False,True,raw_full_footwear,test
data/retail_images/raw/sandal/urban_outfitters_sandals_efb25691edd1.jpg,data/retail_images/raw/sandal/urban_outfitters_sandals_efb25691edd1.jpg,Sandal,450,675,RGB,4a2f6896f997aae7fda73228ac1a7201092d8a1ccfea5b37160c30c2ee2b3127,True,ok,not_used,0.0,False,True,raw_full_footwear,test
/Users/ashley/Desktop/python/CS156-Machine-Learning/final/data/retail_images/segmented/pullover/reformation_sweaters_b85176d138ad_seg.jpg,/Users/ashley/Desktop/python/CS156-Machine-Learning/final/data/retail_images/raw/pullover/reformation_sweaters_b85176d138ad.jpg,Pullover,600,641,RGB,1faaaccba47afdf919351982e1445cc5df943d6b88ac86041a276758b8413272,True,ok,segmented,0.3849541666666666,False,True,segmented_crop,test
/Users/ashley/Desktop/python/CS156-Machine-Learning/final/data/retail_images/segmented/trouser/princess_polly_pants_51e89b93b331_seg.jpg,/Users/ashley/Desktop/python/CS156-Machine-Learning/final/data/retail_images/raw/trouser/princess_polly_pants_51e89b93b331.jpg,Trouser,1239,1660,RGB,e740409def7f322895f1d57afe6ed606476371cf54ea0005a6620881b7713ffe,True,ok,segmented,0.5006790456567243,False,True,segmented_crop,test
data/retail_images/raw/sneaker/urban_outfitters_sneakers_ad7fe2d025c1.jpg,data/retail_images/raw/sneaker/urban_outfitters_sneakers_ad7fe2d025c1.jpg,Sneaker,450,675,RGB,c5b28410fbc6eeef433ea3a8514e26b7016e23ecba3a6e9248567a360796d729,True,ok,not_used,0.0,False,True,raw_full_footwear,test
/Users/ashley/Desktop/python/CS156-Machine-Learning/final/data/retail_images/segmented/t_shirt_top/brandy_melville_tops_page_4_49b7d1b6b021_seg.jpg,/Users/ashley/Desktop/python/CS156-Machine-Learning/final/data/retail_images/raw/t_shirt_top/brandy_melville_tops_page_4_49b7d1b6b021.jpg,T-shirt/top,165,201,RGB,56fbbd93f7e75f9e12935ef3fb8bcace2d823f5cf78eb64b61d0d4d5e5f61835,True,ok,segmented,0.4545454545454545,False,True,segmented_crop,test
/Users/ashley/Desktop/python/CS156-Machine-Learning/final/data/retail_images/segmented/coat/princess_polly_jackets_87ef68ad0b70_seg.jpg,/Users/ashley/Desktop/python/CS156-Machine-Learning/final/data/retail_images/raw/coat/princess_polly_jackets_87ef68ad0b70.jpg,Coat,1129,1333,RGB,1e950448b8ce225ec1271925e23a4648b3280928f5b715a058679fc91bfb0202,True,ok,segmented,0.3250729196454103,False,True,segmented_crop,test
/Users/ashley/Desktop/python/CS156-Machine-Learning/final/data/retail_images/segmented/dress/princess_polly_dresses_644d2e36868a_seg.jpg,/Users/ashley/Desktop/python/CS156-Machine-Learning/final/data/retail_images/raw/dress/princess_polly_dresses_644d2e36868a.jpg,Dress,1133,1656,RGB,396d63576d0a1bb176d41f71770619e17bfe9d18056f3bbe2d7a7b9e59b3a2bd,True,ok,segmented,0.3723058935112506,False,True,segmented_crop,test
/Users/ashley/Desktop/python/CS156-Machine-Learning/final/data/retail_images/segmented/pullover/princess_polly_sweaters_9d1a6d05a60f_seg.jpg,/Users/ashley/Desktop/python/CS156-Machine-Learning/final/data/retail_images/raw/pullover/princess_polly_sweaters_9d1a6d05a60f.jpg,Pullover,1285,1556,RGB,ca8153aa0d4f9fa8dcd434f76330ef50bdc17177f08698df244040c3ab77752a,True,ok,segmented,0.3671973116169544,False,True,segmented_crop,test
/Users/ashley/Desktop/python/CS156-Machine-Learning/final/data/retail_images/segmented/shirt/princess_polly_shirts_blouses_e4bcb0b34dcd_seg.jpg,/Users/ashley/Desktop/python/CS156-Machine-Learning/final/data/retail_images/raw/shirt/princess_polly_shirts_blouses_e4bcb0b34dcd.jpg,Shirt,939,1060,RGB,7696ea80f18c8fe984333ec1983da6bb6c13cd9a10749663f47a60a78c4752f2,True,ok,segmented,0.141422193877551,False,True,segmented_crop,test
/Users/ashley/Desktop/python/CS156-Machine-Learning/final/data/retail_images/segmented/trouser/princess_polly_pants_acec45a617fc_seg.jpg,/Users/ashley/Desktop/python/CS156-Machine-Learning/final/data/retail_images/raw/trouser/princess_polly_pants_acec45a617fc.jpg,Trouser,598,1297,RGB,5e44aeb71efdbfe55b878d3f1b56b45e8fd98eddc02590efee000edcbe8818bc,True,ok,segmented,0.1279443027210884,False,True,segmented_crop,test
data/retail_images/raw/sneaker/urban_outfitters_sneakers_97adfc5f798c.jpg,data/retail_images/raw/sneaker/urban_outfitters_sneakers_97adfc5f798c.jpg,Sneaker,450,675,RGB,af3767318b01a83d0063ec57e6f2419c12bdbb2853d72e122f015f96261b77ea,True,ok,not_used,0.0,False,True,raw_full_footwear,test
/Users/ashley/Desktop/python/CS156-Machine-Learning/final/data/retail_images/segmented/pullover/princess_polly_sweaters_89d9636266ba_seg.jpg,/Users/ashley/Desktop/python/CS156-Machine-Learning/final/data/retail_images/raw/pullover/princess_polly_sweaters_89d9636266ba.jpg,Pullover,727,1159,RGB,5dc8cb8b31baa2421f2662cbfb95e7963e870cfcbe989ca57b71ccf6442df860,True,ok,segmented,0.1317901058049757,False,True,segmented_crop,test
/Users/ashley/Desktop/python/CS156-Machine-Learning/final/data/retail_images/segmented/dress/reformation_dresses_039fe2eae544_seg.jpg,/Users/ashley/Desktop/python/CS156-Machine-Learning/final/data/retail_images/raw/dress/reformation_dresses_039fe2eae544.jpg,Dress,266,611,RGB,4f5af92b7b264822f1904f1a05cce33debed2eca02e0ba684611a5af3ed9bc7f,True,ok,segmented,0.150975,False,True,segmented_crop,test
data/retail_images/raw/sandal/princess_polly_sandals_9ad0237266c5.jpg,data/retail_images/raw/sandal/princess_polly_sandals_9ad0237266c5.jpg,Sandal,1344,1820,RGB,0b6459c1e8443dcdee6e6b80b82b38b237f5c53216f25a90c8edecdf51c97935,True,ok,not_used,0.0,False,True,raw_full_footwear,test
data/retail_images/raw/sandal/urban_outfitters_sandals_e3c7fe4924b2.jpg,data/retail_images/raw/sandal/urban_outfitters_sandals_e3c7fe4924b2.jpg,Sandal,450,675,RGB,0b311fea1ed1c75bbd5baa393d7fa7d4b2080fb71a71baa54e062b3471f7dfa6,True,ok,not_used,0.0,False,True,raw_full_footwear,test
/Users/ashley/Desktop/python/CS156-Machine-Learning/final/data/retail_images/segmented/coat/reformation_jackets_and_coats_ed729dde31ec_seg.jpg,/Users/ashley/Desktop/python/CS156-Machine-Learning/final/data/retail_images/raw/coat/reformation_jackets_and_coats_ed729dde31ec.jpg,Coat,408,643,RGB,ee519faca9eb3236b8e1d3300372cd2dd7e26952e5c7ea85db9849030f79c8f9,True,ok,segmented,0.26953125,False,True,segmented_crop,test
/Users/ashley/Desktop/python/CS156-Machine-Learning/final/data/retail_images/segmented/t_shirt_top/brandy_melville_tops_6716b2eca1b7_seg.jpg,/Users/ashley/Desktop/python/CS156-Machine-Learning/final/data/retail_images/raw/t_shirt_top/brandy_melville_tops_6716b2eca1b7.jpg,T-shirt/top,662,856,RGB,11e69b5ea9ee8fc771104ea79d4059527fa586af74591ce087c226f198e66f68,True,ok,segmented,0.1923246666666666,False,True,segmented_crop,test
/Users/ashley/Desktop/python/CS156-Machine-Learning/final/data/retail_images/segmented/bag/anthropologie_bags_3dababfb28f1_seg.jpg,/Users/ashley/Desktop/python/CS156-Machine-Learning/final/data/retail_images/raw/bag/anthropologie_bags_3dababfb28f1.webp,Bag,237,279,RGB,874bbdfe60a6ef6ad5bf110f73cced296f95cf8b680fb4c7114769886fd71cf4,True,ok,segmented,0.0115599335988648,False,True,segmented_crop,test
/Users/ashley/Desktop/python/CS156-Machine-Learning/final/data/retail_images/segmented/trouser/princess_polly_pants_fa6e6c85c4e4_seg.jpg,/Users/ashley/Desktop/python/CS156-Machine-Learning/final/data/retail_images/raw/trouser/princess_polly_pants_fa6e6c85c4e4.jpg,Trouser,655,1252,RGB,e237e4c35818d70988181ef2a14e0352bcccd51424764dff7b5d6c8e3a69f07e,True,ok,segmented,0.1442720597854526,False,True,segmented_crop,test
data/retail_images/raw/ankle_boot/anthropologie_boot_shop_dcb3999324be.jpg,data/retail_images/raw/ankle_boot/anthropologie_boot_shop_dcb3999324be.jpg,Ankle boot,349,523,RGB,3441723310489d3ad400e6ead9bca12a698aa09824f653d713d731b2a7341a00,True,ok,not_used,0.0,False,True,raw_full_footwear,test
/Users/ashley/Desktop/python/CS156-Machine-Learning/final/data/retail_images/segmented/t_shirt_top/brandy_melville_tops_30813ac91552_seg.jpg,/Users/ashley/Desktop/python/CS156-Machine-Learning/final/data/retail_images/raw/t_shirt_top/brandy_melville_tops_30813ac91552.jpg,T-shirt/top,262,361,RGB,aa0f85572378d9e333f92cd563bd1bf4263a0e57e73a120dbdc43a01e047049a,True,ok,segmented,0.1301219512195122,False,True,segmented_crop,test
/Users/ashley/Desktop/python/CS156-Machine-Learning/final/data/retail_images/segmented/shirt/urban_outfitters_shirts_blouses_9e7dd594ce43_seg.jpg,/Users/ashley/Desktop/python/CS156-Machine-Learning/final/data/retail_images/raw/shirt/urban_outfitters_shirts_blouses_9e7dd594ce43.jpg,Shirt,287,343,RGB,62625ec4a3825fd779967709db36860c003809c62a0f2c561f5374ff839d97c5,True,ok,segmented,0.2402274731957464,False,True,segmented_crop,test
/Users/ashley/Desktop/python/CS156-Machine-Learning/final/data/retail_images/segmented/pullover/princess_polly_sweaters_0c9792ba1cbb_seg.jpg,/Users/ashley/Desktop/python/CS156-Machine-Learning/final/data/retail_images/raw/pullover/princess_polly_sweaters_0c9792ba1cbb.jpg,Pullover,933,1191,RGB,c2738e9c5aae953dc60529f3b96b816e8eb7d1a8f4f5e9dd51434980995456a3,True,ok,segmented,0.206680828465215,False,True,segmented_crop,test
data/retail_images/raw/sandal/princess_polly_sandals_1f4cf18b96eb.jpg,data/retail_images/raw/sandal/princess_polly_sandals_1f4cf18b96eb.jpg,Sandal,1344,1820,RGB,5947ccf3c9a81db9def07fafe8be83705310824bdc14e8edc24aa75a6b26806e,True,ok,not_used,0.0,False,True,raw_full_footwear,test
data/retail_images/raw/sneaker/anthropologie_sneakers_8024f57cef8c.jpg,data/retail_images/raw/sneaker/anthropologie_sneakers_8024f57cef8c.jpg,Sneaker,698,1046,RGB,45be2ab5fef9bfd2d2a8ac108523543495d4fbf118f05e2d1d64cc620e4264ce,True,ok,not_used,0.0,False,True,raw_full_footwear,test
/Users/ashley/Desktop/python/CS156-Machine-Learning/final/data/retail_images/segmented/pullover/reformation_sweaters_2bace5924092_seg.jpg,/Users/ashley/Desktop/python/CS156-Machine-Learning/final/data/retail_images/raw/pullover/reformation_sweaters_2bace5924092.jpg,Pullover,366,527,RGB,85b00509b757b7a5d7ae5c24177346d626ac1b41e39b7a96500b975c54cfb8f2,True,ok,segmented,0.21466875,False,True,segmented_crop,test
data/retail_images/raw/ankle_boot/anthropologie_boot_shop_f62188b51014.jpg,data/retail_images/raw/ankle_boot/anthropologie_boot_shop_f62188b51014.jpg,Ankle boot,349,523,RGB,65a1725e69aa74d0b844c5820d59642f140e485fc74f265529e74e9896f63406,True,ok,not_used,0.0,False,True,raw_full_footwear,test
data/retail_images/raw/ankle_boot/anthropologie_boot_shop_0f0a9cbe9f36.jpg,data/retail_images/raw/ankle_boot/anthropologie_boot_shop_0f0a9cbe9f36.jpg,Ankle boot,349,523,RGB,85e5ed62b42b20d169adaf0b654adfad84aa756c389eeafdf65f0ac568e6dc10,True,ok,not_used,0.0,False,True,raw_full_footwear,test
/Users/ashley/Desktop/python/CS156-Machine-Learning/final/data/retail_images/segmented/coat/reformation_jackets_and_coats_b7972cee35ce_seg.jpg,/Users/ashley/Desktop/python/CS156-Machine-Learning/final/data/retail_images/raw/coat/reformation_jackets_and_coats_b7972cee35ce.jpg,Coat,468,596,RGB,3dbf1efcb233eb136a7a357d8ee4bf679a7d14bdb9af10c29a5b0f226bda7354,True,ok,segmented,0.270825,False,True,segmented_crop,test
/Users/ashley/Desktop/python/CS156-Machine-Learning/final/data/retail_images/segmented/dress/anthropologie_dresses_c136ed4afdfe_seg.jpg,/Users/ashley/Desktop/python/CS156-Machine-Learning/final/data/retail_images/raw/dress/anthropologie_dresses_c136ed4afdfe.webp,Dress,174,421,RGB,34de93ac1d9b9cc8ad50ee3bd2ef36c12088c153da48b8b80920b1f6b5257571,True,ok,segmented,0.1832934305609581,False,True,segmented_crop,test
/Users/ashley/Desktop/python/CS156-Machine-Learning/final/data/retail_images/segmented/bag/princess_polly_bags_41e96bb78f42_seg.jpg,/Users/ashley/Desktop/python/CS156-Machine-Learning/final/data/retail_images/raw/bag/princess_polly_bags_41e96bb78f42.jpg,Bag,866,1434,RGB,b075e542bb16b2267499168c097d4e2e0f8358baf11833febd662d0b97e8192e,True,ok,segmented,0.144887218906254,False,True,segmented_crop,test
/Users/ashley/Desktop/python/CS156-Machine-Learning/final/data/retail_images/segmented/coat/princess_polly_jackets_5ee340a62e19_seg.jpg,/Users/ashley/Desktop/python/CS156-Machine-Learning/final/data/retail_images/raw/coat/princess_polly_jackets_5ee340a62e19.jpg,Coat,1299,1422,RGB,c9e3bddf6c6152c2df914d0ade2976e953c36171bf9cf41244905297b2d3f1fe,True,ok,segmented,0.3718933967817896,False,True,segmented_crop,test
/Users/ashley/Desktop/python/CS156-Machine-Learning/final/data/retail_images/segmented/coat/reformation_outerwear_3d6166fbba84_seg.jpg,/Users/ashley/Desktop/python/CS156-Machine-Learning/final/data/retail_images/raw/coat/reformation_outerwear_3d6166fbba84.jpg,Coat,421,592,RGB,aa2f3e5b9820beb04bdbdca43e6b3f00b87247a1800e88a43f269fb1714872c4,True,ok,segmented,0.2664229166666667,False,True,segmented_crop,test
/Users/ashley/Desktop/python/CS156-Machine-Learning/final/data/retail_images/segmented/dress/reformation_dresses_9c3f1e3b4183_seg.jpg,/Users/ashley/Desktop/python/CS156-Machine-Learning/final/data/retail_images/raw/dress/reformation_dresses_9c3f1e3b4183.jpg,Dress,395,307,RGB,b371a921461759b9da0661cfb6b05fdded4c4390676e2d2f74432843c3282120,True,ok,segmented,0.0565625,False,True,segmented_crop,test
data/retail_images/raw/sandal/urban_outfitters_sandals_a54d3ac26f00.jpg,data/retail_images/raw/sandal/urban_outfitters_sandals_a54d3ac26f00.jpg,Sandal,450,675,RGB,b1feffa88c2b0548ad90a9564da4189d4d7b730deddb70d2927089bfbbf46f62,True,ok,not_used,0.0,False,True,raw_full_footwear,test
/Users/ashley/Desktop/python/CS156-Machine-Learning/final/data/retail_images/segmented/trouser/princess_polly_pants_f0ff12ca438a_seg.jpg,/Users/ashley/Desktop/python/CS156-Machine-Learning/final/data/retail_images/raw/trouser/princess_polly_pants_f0ff12ca438a.jpg,Trouser,815,1759,RGB,3efddf979910839f432c128871b305195a63faba0b39467e18db3b024543cc1d,True,ok,segmented,0.2612181870174435,False,True,segmented_crop,test
/Users/ashley/Desktop/python/CS156-Machine-Learning/final/data/retail_images/segmented/pullover/princess_polly_sweaters_a571df3066f1_seg.jpg,/Users/ashley/Desktop/python/CS156-Machine-Learning/final/data/retail_images/raw/pullover/princess_polly_sweaters_a571df3066f1.jpg,Pullover,1266,1477,RGB,510bdcff2342795a226018c86e34ba9ac3d4a36065a3c93582479d56b513e581,True,ok,segmented,0.381941255770252,False,True,segmented_crop,test
data/retail_images/raw/ankle_boot/anthropologie_boot_shop_b3be3e3e7992.jpg,data/retail_images/raw/ankle_boot/anthropologie_boot_shop_b3be3e3e7992.jpg,Ankle boot,349,523,RGB,14db6eead2ebaad3dc42f1fbabf3623e73ac1da01c616cdb17fb1fd3e3b9525c,True,ok,not_used,0.0,False,True,raw_full_footwear,test
/Users/ashley/Desktop/python/CS156-Machine-Learning/final/data/retail_images/segmented/shirt/anthropologie_blouses_16653fdbfb32_seg.jpg,/Users/ashley/Desktop/python/CS156-Machine-Learning/final/data/retail_images/raw/shirt/anthropologie_blouses_16653fdbfb32.jpg,Shirt,323,307,RGB,8512e412da2951b3f37e321501bf542bb5acb143f234c4fae9c4751b843456c6,True,ok,segmented,0.2930580133350134,False,True,segmented_crop,test
/Users/ashley/Desktop/python/CS156-Machine-Learning/final/data/retail_images/segmented/coat/reformation_outerwear_2320834481eb_seg.jpg,/Users/ashley/Desktop/python/CS156-Machine-Learning/final/data/retail_images/raw/coat/reformation_outerwear_2320834481eb.jpg,Coat,563,566,RGB,7a2f8f55817167a23ece58f5d994f0e9352408fd30699e2fd450c92c42fdebe8,True,ok,segmented,0.31203125,False,True,segmented_crop,test
/Users/ashley/Desktop/python/CS156-Machine-Learning/final/data/retail_images/segmented/trouser/brandy_melville_pants_4d7510437310_seg.jpg,/Users/ashley/Desktop/python/CS156-Machine-Learning/final/data/retail_images/raw/trouser/brandy_melville_pants_4d7510437310.jpg,Trouser,245,655,RGB,8a402bd0a8ee2407ff35cd1bf131d2b4841a7553a0a060daa721624f1d1562d6,True,ok,segmented,0.1980323639774859,False,True,segmented_crop,test
/Users/ashley/Desktop/python/CS156-Machine-Learning/final/data/retail_images/segmented/bag/princess_polly_bags_20cf83fd9c98_seg.jpg,/Users/ashley/Desktop/python/CS156-Machine-Learning/final/data/retail_images/raw/bag/princess_polly_bags_20cf83fd9c98.jpg,Bag,1072,1767,RGB,9f3bcb9aa4f75c4a7d7f653f0a356b46c051c13923f6d1bb91bdb0434d8f8683,True,ok,segmented,0.1634061848931737,False,True,segmented_crop,test
data/retail_images/raw/sneaker/anthropologie_sneakers_444d45001421.jpg,data/retail_images/raw/sneaker/anthropologie_sneakers_444d45001421.jpg,Sneaker,267,400,RGB,052ed1318d3e64789de5308c6c95f59de7fb2d92f647f7d010d527f5a2a572b0,True,ok,not_used,0.0,False,True,raw_full_footwear,test
/Users/ashley/Desktop/python/CS156-Machine-Learning/final/data/retail_images/segmented/bag/anthropologie_bags_d331a89842fa_seg.jpg,/Users/ashley/Desktop/python/CS156-Machine-Learning/final/data/retail_images/raw/bag/anthropologie_bags_d331a89842fa.jpg,Bag,164,263,RGB,9acc9d0439710bf55d6b213a3446fa623957871c57625356772c7531bc8ced4a,True,ok,segmented,0.0275137376936014,False,True,segmented_crop,test
/Users/ashley/Desktop/python/CS156-Machine-Learning/final/data/retail_images/segmented/pullover/anthropologie_sweaters_45fba37cabea_seg.jpg,/Users/ashley/Desktop/python/CS156-Machine-Learning/final/data/retail_images/raw/pullover/anthropologie_sweaters_45fba37cabea.jpg,Pullover,338,386,RGB,5424ed216ba3c3b3c81a05a59737b462572c6b1a285cd92cdf86735bc08faeb3,True,ok,segmented,0.348923720874172,False,True,segmented_crop,test
/Users/ashley/Desktop/python/CS156-Machine-Learning/final/data/retail_images/segmented/trouser/princess_polly_pants_0b9209fb19f9_seg.jpg,/Users/ashley/Desktop/python/CS156-Machine-Learning/final/data/retail_images/raw/trouser/princess_polly_pants_0b9209fb19f9.jpg,Trouser,441,1444,RGB,651a273a42a49ed554d397d86830232dc1a646ffa8a3978c725c7acea09effa1,True,ok,segmented,0.0853966346153846,False,True,segmented_crop,test
/Users/ashley/Desktop/python/CS156-Machine-Learning/final/data/retail_images/segmented/t_shirt_top/brandy_melville_tops_d2ae4ba8280d_seg.jpg,/Users/ashley/Desktop/python/CS156-Machine-Learning/final/data/retail_images/raw/t_shirt_top/brandy_melville_tops_d2ae4ba8280d.jpg,T-shirt/top,261,357,RGB,e15dd4382bfadd58bef35f387d961a4b62f5c410507dfadaed2d8156a7130f13,True,ok,segmented,0.118468574108818,False,True,segmented_crop,test
data/retail_images/raw/sandal/anthropologie_sandals_62f982e7b463.jpg,data/retail_images/raw/sandal/anthropologie_sandals_62f982e7b463.jpg,Sandal,349,523,RGB,8c8646c5698dde3bf46113b0e11c41b1f795c00fec3b4f7fa500371aeecbe686,True,ok,not_used,0.0,False,True,raw_full_footwear,test
data/retail_images/raw/sandal/princess_polly_sandals_391346177b48.jpg,data/retail_images/raw/sandal/princess_polly_sandals_391346177b48.jpg,Sandal,1344,1820,RGB,7517482568b9a0878995f453ef3bd37094473126d6eaa9c040fb7d253f8bbf37,True,ok,not_used,0.0,False,True,raw_full_footwear,test
/Users/ashley/Desktop/python/CS156-Machine-Learning/final/data/retail_images/segmented/shirt/princess_polly_shirts_blouses_920d899bbcd1_seg.jpg,/Users/ashley/Desktop/python/CS156-Machine-Learning/final/data/retail_images/raw/shirt/princess_polly_shirts_blouses_920d899bbcd1.jpg,Shirt,710,850,RGB,df5a852fb2410ca9ccc26a3b9fa0ecaa6f81d6bcfa91e817b1d05418c9663c9f,True,ok,segmented,0.1070240012738619,False,True,segmented_crop,test
/Users/ashley/Desktop/python/CS156-Machine-Learning/final/data/retail_images/segmented/t_shirt_top/brandy_melville_tops_61227887ab6d_seg.jpg,/Users/ashley/Desktop/python/CS156-Machine-Learning/final/data/retail_images/raw/t_shirt_top/brandy_melville_tops_61227887ab6d.jpg,T-shirt/top,235,396,RGB,b6487b270c90c26734029efb0985f8961d05154c226f5ee682d457052e0de5a3,True,ok,segmented,0.2472633744855967,False,True,segmented_crop,test
data/retail_images/raw/sneaker/urban_outfitters_sneakers_a4d0613cf96f.jpg,data/retail_images/raw/sneaker/urban_outfitters_sneakers_a4d0613cf96f.jpg,Sneaker,698,1046,RGB,d20e4517a172287373ac23fa24c7fbdc021e7115c64042af6e3a620280f7686d,True,ok,not_used,0.0,False,True,raw_full_footwear,test
/Users/ashley/Desktop/python/CS156-Machine-Learning/final/data/retail_images/segmented/dress/anthropologie_dresses_3d72579929c8_seg.jpg,/Users/ashley/Desktop/python/CS156-Machine-Learning/final/data/retail_images/raw/dress/anthropologie_dresses_3d72579929c8.webp,Dress,349,845,RGB,346f93bc177bfb3251be360b41e86f651ad60845a5de12b0e3a5cc7af3ad2229,True,ok,segmented,0.1852862864124211,False,True,segmented_crop,test
data/retail_images/raw/sneaker/anthropologie_sneakers_e0998d59679d.jpg,data/retail_images/raw/sneaker/anthropologie_sneakers_e0998d59679d.jpg,Sneaker,349,523,RGB,5e5d05d512d0c9920751996e8ef0943c5cf7f500b7e30b4698bcc7819ae3d7bc,True,ok,not_used,0.0,False,True,raw_full_footwear,test
/Users/ashley/Desktop/python/CS156-Machine-Learning/final/data/retail_images/segmented/pullover/reformation_sweaters_b094837bf4d0_seg.jpg,/Users/ashley/Desktop/python/CS156-Machine-Learning/final/data/retail_images/raw/pullover/reformation_sweaters_b094837bf4d0.jpg,Pullover,183,190,RGB,f60cef9838fded7d3988f76db971f9f65305f873cf9d4c744cc2762c2ccd122f,True,ok,segmented,0.0430770833333333,False,True,segmented_crop,test
/Users/ashley/Desktop/python/CS156-Machine-Learning/final/data/retail_images/segmented/coat/princess_polly_jackets_c27920dc154e_seg.jpg,/Users/ashley/Desktop/python/CS156-Machine-Learning/final/data/retail_images/raw/coat/princess_polly_jackets_c27920dc154e.jpg,Coat,1142,1113,RGB,26928f85cb5c44d033c6696854ce154db89ca4dd3a340c2ff773d79d9c5cd8fb,True,ok,segmented,0.2426016319989534,False,True,segmented_crop,test
data/retail_images/raw/sneaker/anthropologie_sneakers_953872380bfd.jpg,data/retail_images/raw/sneaker/anthropologie_sneakers_953872380bfd.jpg,Sneaker,349,523,RGB,efa7426047df2566a61df9e9cd52106d1be69fd229ef25b3da23efca2618972c,True,ok,not_used,0.0,False,True,raw_full_footwear,test
/Users/ashley/Desktop/python/CS156-Machine-Learning/final/data/retail_images/segmented/coat/reformation_jackets_and_coats_d568a1aff60e_seg.jpg,/Users/ashley/Desktop/python/CS156-Machine-Learning/final/data/retail_images/raw/coat/reformation_jackets_and_coats_d568a1aff60e.jpg,Coat,600,648,RGB,9bee43645683afed135915fc2a657f37b5d35a3a25120f279045921509c66294,True,ok,segmented,0.4469541666666666,False,True,segmented_crop,test
/Users/ashley/Desktop/python/CS156-Machine-Learning/final/data/retail_images/segmented/pullover/anthropologie_sweaters_dc52bf4044df_seg.jpg,/Users/ashley/Desktop/python/CS156-Machine-Learning/final/data/retail_images/raw/pullover/anthropologie_sweaters_dc52bf4044df.jpg,Pullover,335,411,RGB,2b7883bddf982a788adb67d8401e5e9ea875b3956bb0e73fc6c9c1791bb8d5b0,True,ok,segmented,0.3680715729727656,False,True,segmented_crop,test
/Users/ashley/Desktop/python/CS156-Machine-Learning/final/data/retail_images/segmented/coat/princess_polly_jackets_901cd8cdc415_seg.jpg,/Users/ashley/Desktop/python/CS156-Machine-Learning/final/data/retail_images/raw/coat/princess_polly_jackets_901cd8cdc415.jpg,Coat,1049,1096,RGB,8885620854fc339fd73e9560a912cf638eff9b2f1719d858d198890a94e1ed0f,True,ok,segmented,0.1999771232484987,False,True,segmented_crop,test
data/retail_images/raw/sneaker/urban_outfitters_sneakers_5d74ec4c61b2.jpg,data/retail_images/raw/sneaker/urban_outfitters_sneakers_5d74ec4c61b2.jpg,Sneaker,450,675,RGB,1fc8179badc5c935d3394e1fdc553561aade1344d7f0e09a0dcfdef192051376,True,ok,not_used,0.0,False,True,raw_full_footwear,test
data/retail_images/raw/ankle_boot/anthropologie_boot_shop_3b844d245e92.jpg,data/retail_images/raw/ankle_boot/anthropologie_boot_shop_3b844d245e92.jpg,Ankle boot,349,523,RGB,0483609dcca37eb57f7f624ffeb8ae92c95d24028d0b3043f05d6e4057018ea2,True,ok,not_used,0.0,False,True,raw_full_footwear,test
data/retail_images/raw/sandal/princess_polly_sandals_fa57afe7d8ab.jpg,data/retail_images/raw/sandal/princess_polly_sandals_fa57afe7d8ab.jpg,Sandal,1344,1820,RGB,7a20f06a15aa9ba4effdca1cbf52393b33346276882d247980179c5384651b52,True,ok,not_used,0.0,False,True,raw_full_footwear,test
data/retail_images/raw/ankle_boot/princess_polly_boots_4ff27e01f510.jpg,data/retail_images/raw/ankle_boot/princess_polly_boots_4ff27e01f510.jpg,Ankle boot,1345,1820,RGB,f45637ffe41ab28cebfbe6b78b1445dd0f61af60d6e275b4d47b75a058ebfd13,True,ok,not_used,0.0,False,True,raw_full_footwear,test
/Users/ashley/Desktop/python/CS156-Machine-Learning/final/data/retail_images/segmented/coat/reformation_jackets_and_coats_99b871e6e7c0_seg.jpg,/Users/ashley/Desktop/python/CS156-Machine-Learning/final/data/retail_images/raw/coat/reformation_jackets_and_coats_99b871e6e7c0.jpg,Coat,358,716,RGB,d08335e4905fd76347297f8e17bd99175764571e9244078fa2e5c74382d416bb,True,ok,segmented,0.2158083333333333,False,True,segmented_crop,test
data/retail_images/raw/sandal/urban_outfitters_sandals_1130d71c2a10.webp,data/retail_images/raw/sandal/urban_outfitters_sandals_1130d71c2a10.webp,Sandal,349,523,RGB,474527c746b26b29ace8bb93659e415ecd1d4bc9edd8d7f5af05e11f9fa4d4f8,True,ok,not_used,0.0,False,True,raw_full_footwear,test
/Users/ashley/Desktop/python/CS156-Machine-Learning/final/data/retail_images/segmented/shirt/free_people_blouses_a4032379c6c4_seg.jpg,/Users/ashley/Desktop/python/CS156-Machine-Learning/final/data/retail_images/raw/shirt/free_people_blouses_a4032379c6c4.webp,Shirt,226,390,RGB,131df07c99dc78a39256089ab40de6f7111e76f368eb24f3d8f41bfca07f98b1,True,ok,segmented,0.0319363710574326,False,True,segmented_crop,test
data/retail_images/raw/ankle_boot/princess_polly_boots_aedc96140d71.jpg,data/retail_images/raw/ankle_boot/princess_polly_boots_aedc96140d71.jpg,Ankle boot,1345,1821,RGB,43952be3b6cef76030afa71fe9e8b8859c918981b467f032a236d995cafcd641,True,ok,not_used,0.0,False,True,raw_full_footwear,test
/Users/ashley/Desktop/python/CS156-Machine-Learning/final/data/retail_images/segmented/bag/anthropologie_bags_dd988c7b90ac_seg.jpg,/Users/ashley/Desktop/python/CS156-Machine-Learning/final/data/retail_images/raw/bag/anthropologie_bags_dd988c7b90ac.jpg,Bag,260,430,RGB,e9c21cab483ec6ec16ffd1ddcbaac1bf774a3bfae7670bc9e6af0c3517ff26c2,True,ok,segmented,0.1327036548017553,False,True,segmented_crop,test
/Users/ashley/Desktop/python/CS156-Machine-Learning/final/data/retail_images/segmented/shirt/princess_polly_shirts_blouses_1021926c25db_seg.jpg,/Users/ashley/Desktop/python/CS156-Machine-Learning/final/data/retail_images/raw/shirt/princess_polly_shirts_blouses_1021926c25db.jpg,Shirt,1131,1360,RGB,aa46347e528fcbd23b36179f70a6fdd8d9db7330b7ea84309596a59ce30c65d0,True,ok,segmented,0.2684639552188531,False,True,segmented_crop,test
/Users/ashley/Desktop/python/CS156-Machine-Learning/final/data/retail_images/segmented/bag/princess_polly_bags_8bd5ee63694e_seg.jpg,/Users/ashley/Desktop/python/CS156-Machine-Learning/final/data/retail_images/raw/bag/princess_polly_bags_8bd5ee63694e.jpg,Bag,510,900,RGB,28ada59939ec9ea1f232f6993aa9167eec6d0a1307edb3dfe59be98e0d712792,True,ok,segmented,0.0723272369695541,False,True,segmented_crop,test
/Users/ashley/Desktop/python/CS156-Machine-Learning/final/data/retail_images/segmented/coat/reformation_jackets_and_coats_b4605e8b3005_seg.jpg,/Users/ashley/Desktop/python/CS156-Machine-Learning/final/data/retail_images/raw/coat/reformation_jackets_and_coats_b4605e8b3005.jpg,Coat,426,661,RGB,43b93c4954c68f83b565e22004dc9f8eb47e2e9820e1b9870a1145c60449285a,True,ok,segmented,0.1984875,False,True,segmented_crop,test
/Users/ashley/Desktop/python/CS156-Machine-Learning/final/data/retail_images/segmented/bag/anthropologie_bags_724a902c503c_seg.jpg,/Users/ashley/Desktop/python/CS156-Machine-Learning/final/data/retail_images/raw/bag/anthropologie_bags_724a902c503c.jpg,Bag,331,523,RGB,60c18223077d00a93a4506ff40af5ceeaffa91aa123a88c0367bf009274c731e,True,ok,segmented,0.1224750310912906,False,True,segmented_crop,test
/Users/ashley/Desktop/python/CS156-Machine-Learning/final/data/retail_images/segmented/t_shirt_top/brandy_melville_tops_page_4_71b185967c23_seg.jpg,/Users/ashley/Desktop/python/CS156-Machine-Learning/final/data/retail_images/raw/t_shirt_top/brandy_melville_tops_page_4_71b185967c23.jpg,T-shirt/top,231,270,RGB,a5542e57581baf47a44bd3f34ac566652911667e19b2452071bd84c8abd6ac5f,True,ok,segmented,0.0651876172607879,False,True,segmented_crop,test
data/retail_images/raw/ankle_boot/princess_polly_boots_536762f7de23.jpg,data/retail_images/raw/ankle_boot/princess_polly_boots_536762f7de23.jpg,Ankle boot,1344,1820,RGB,aa099cf8f105a69038144d47313bae40293a6943a6f0bbf22e5a23070f5932b7,True,ok,not_used,0.0,False,True,raw_full_footwear,test
/Users/ashley/Desktop/python/CS156-Machine-Learning/final/data/retail_images/segmented/t_shirt_top/brandy_melville_tops_61b1a4dc86ca_seg.jpg,/Users/ashley/Desktop/python/CS156-Machine-Learning/final/data/retail_images/raw/t_shirt_top/brandy_melville_tops_61b1a4dc86ca.jpg,T-shirt/top,255,302,RGB,afabc9f57658a9cc2580d6463827c1094ec98dad892320f863e59cfdbf816d12,True,ok,segmented,0.2004835390946502,False,True,segmented_crop,test
data/retail_images/raw/sneaker/anthropologie_sneakers_48d18c7646a8.jpg,data/retail_images/raw/sneaker/anthropologie_sneakers_48d18c7646a8.jpg,Sneaker,349,523,RGB,bf04db63730aeb59c724e8a131813b16afb66d0ea06fd9d488cf71bf9b94f462,True,ok,not_used,0.0,False,True,raw_full_footwear,test
/Users/ashley/Desktop/python/CS156-Machine-Learning/final/data/retail_images/segmented/coat/princess_polly_jackets_954a65f9d13e_seg.jpg,/Users/ashley/Desktop/python/CS156-Machine-Learning/final/data/retail_images/raw/coat/princess_polly_jackets_954a65f9d13e.jpg,Coat,991,1134,RGB,44028fb80cfa39b799345d76f1741101d2401bba17fed9936b2046d76cdba7c2,True,ok,segmented,0.1972208594976452,False,True,segmented_crop,test
data/retail_images/raw/ankle_boot/anthropologie_boot_shop_7714bc4033cf.jpg,data/retail_images/raw/ankle_boot/anthropologie_boot_shop_7714bc4033cf.jpg,Ankle boot,349,523,RGB,a1e88918a40fe48e07ded91ad4510058e926fe01b8e5eded568e0af6eec8fd01,True,ok,not_used,0.0,False,True,raw_full_footwear,test
data/retail_images/raw/sandal/urban_outfitters_sandals_bc6fd9c41609.jpg,data/retail_images/raw/sandal/urban_outfitters_sandals_bc6fd9c41609.jpg,Sandal,450,675,RGB,fac726ea7d1665cfcb976d431e0693096a171c5cde99e5b981941a69df80d3db,True,ok,not_used,0.0,False,True,raw_full_footwear,test
/Users/ashley/Desktop/python/CS156-Machine-Learning/final/data/retail_images/segmented/pullover/reformation_sweaters_bb1738bd3d5a_seg.jpg,/Users/ashley/Desktop/python/CS156-Machine-Learning/final/data/retail_images/raw/pullover/reformation_sweaters_bb1738bd3d5a.jpg,Pullover,530,566,RGB,61462fb396679ad3fb0f5852d292bb73d9082b7607e4e8c3fb121100b8e4c918,True,ok,segmented,0.2191458333333333,False,True,segmented_crop,test
/Users/ashley/Desktop/python/CS156-Machine-Learning/final/data/retail_images/segmented/shirt/princess_polly_button_ups_ce3e54d55b33_seg.jpg,/Users/ashley/Desktop/python/CS156-Machine-Learning/final/data/retail_images/raw/shirt/princess_polly_button_ups_ce3e54d55b33.jpg,Shirt,589,806,RGB,66d629be754a8fd00638aee2c48d9e91a84a66e0d524c0b31ee040448d993306,True,ok,segmented,0.086764696875976,False,True,segmented_crop,test
data/retail_images/raw/sneaker/anthropologie_sneakers_bd36d83ea3d1.jpg,data/retail_images/raw/sneaker/anthropologie_sneakers_bd36d83ea3d1.jpg,Sneaker,349,523,RGB,8cf31abdbcfe621df2b289e0e88df223ea81ad03be7b77a2acf7b9f25826add0,True,ok,not_used,0.0,False,True,raw_full_footwear,test
/Users/ashley/Desktop/python/CS156-Machine-Learning/final/data/retail_images/segmented/shirt/anthropologie_blouses_5c64f839f0eb_seg.jpg,/Users/ashley/Desktop/python/CS156-Machine-Learning/final/data/retail_images/raw/shirt/anthropologie_blouses_5c64f839f0eb.jpg,Shirt,292,364,RGB,2271c3d81a0519aceec591f6d7160b0d050ab6296b45f149292e6ed4b3215909,True,ok,segmented,0.254082957589836,False,True,segmented_crop,test
/Users/ashley/Desktop/python/CS156-Machine-Learning/final/data/retail_images/segmented/shirt/anthropologie_blouses_c110cc4c0220_seg.jpg,/Users/ashley/Desktop/python/CS156-Machine-Learning/final/data/retail_images/raw/shirt/anthropologie_blouses_c110cc4c0220.jpg,Shirt,290,343,RGB,65ac7d40b5b8e88d9ee036667c710cefcabb75aae2334a0ad7faeb33ff2bd29a,True,ok,segmented,0.2254351411024122,False,True,segmented_crop,test
